"","x"
"1",3
"2",0.0282075846420701
"3",0.0373972724523661
"4",0.0282075846420701
"5",0.0282075846420701
"6",0.046586960262662
"7",0.046586960262662
"8",0.046586960262662
"9",0
"10",0.0364190116572656
"11",0.046586960262662
"12",0.046586960262662
"13",0
"14",0.531778475805791
"15",0
"16",0.00454915547641108
"17",0
"18",0
"19",0
"20",0
"21",0
"22",0
"23",0
"24",0
"25",0.0174678605596691
"26",0.0228459243180301
"27",0.0456086994675615
"28",0.046586960262662
"29",0
"30",0.921272809871399
"31",0
"32",0
"33",0
"34",0
"35",0
"36",0
"37",0
"38",0
"39",0
"40",0
"41",0
"42",0
"43",0
"44",0
"45",0
"46",0
"47",0
"48",0.0394387220240103
"49",0
"50",0
"51",0
"52",0
"53",0.0222268712528475
"54",0
"55",0
"56",0.985300220892579
"57",0.423618184254237
"58",0.399180165730503
"59",0
"60",0
"61",0
"62",0
"63",0
"64",0
"65",0
"66",0
"67",0
"68",0
"69",0
"70",0
"71",0
"72",0
"73",0
"74",0
"75",0
"76",0
"77",0.0495501347789217
"78",0.0113880948351051
"79",0
"80",0
"81",0
"82",0
"83",0
"84",0.600813504962816
"85",0
"86",0.119869360414054
"87",0.391962848236959
"88",0
"89",0
"90",0
"91",0.00181017714631072
"92",0
"93",0
"94",0
"95",0
"96",0
"97",0
"98",0.0811013683718218
"99",0
"100",0
"101",0
"102",0
"103",0
"104",0
"105",0
"106",0
"107",0
"108",0.023604357354738
"109",0.00360040745958601
"110",0
"111",0
"112",0
"113",0
"114",0.0112923929689798
"115",0.0608612212762894
"116",0.604796796974815
"117",0.0450432648552238
"118",0.0838591173899539
"119",0
"120",0
"121",0
"122",0
"123",0
"124",0.00162414684337186
"125",0
"126",0
"127",0
"128",0
"129",0
"130",0.0811013683718219
"131",0
"132",0.0811013683718219
"133",0
"134",0
"135",0
"136",0
"137",0
"138",0
"139",0
"140",0
"141",0.023604357354738
"142",0
"143",0.00936638956350326
"144",0
"145",0
"146",0
"147",0.0991930020436564
"148",0.498211871273384
"149",0.619125051118694
"150",0.47618878881026
"151",0
"152",0
"153",0
"154",0
"155",0
"156",0
"157",0.0136763298470603
"158",0
"159",6.66921575780896e-05
"160",0
"161",0
"162",0
"163",0.242789261964465
"164",0
"165",0
"166",0.0811013683718219
"167",0
"168",0
"169",0
"170",0
"171",0
"172",0
"173",0
"174",0
"175",0.0494366044173628
"176",0
"177",0
"178",0.00593222746773918
"179",0
"180",0
"181",0
"182",0
"183",0.0779456793322873
"184",1.42877284058935
"185",0
"186",0
"187",0
"188",0
"189",0
"190",0
"191",0
"192",0.0179593944855657
"193",0.0542590864818764
"194",0
"195",0.0374109934198165
"196",0.0214419291739572
"197",0.0250143997759794
"198",0
"199",0.1852252168993
"200",0.44307142002859
"201",0.124054040352889
"202",0
"203",0.0811013683718218
"204",0.0128143022933122
"205",0
"206",0
"207",0
"208",0
"209",0
"210",0
"211",0
"212",0
"213",0.521349871635616
"214",0.0578073844895824
"215",0.00457937993118263
"216",0.0136616488432223
"217",0.200577752100234
"218",0
"219",0.636031088136182
"220",0
"221",0
"222",0.0601899203080434
"223",0
"224",0
"225",0
"226",0
"227",0
"228",0
"229",0.0750978360565399
"230",0.0371247459776855
"231",0
"232",0
"233",0.116159037972704
"234",0.572113498612627
"235",0.600302170301408
"236",0.548609379889398
"237",0.148214561579225
"238",0.311406521922835
"239",0.0793702605385193
"240",0.0128143022933122
"241",0.654913364044364
"242",0.0125398224620536
"243",0
"244",0
"245",0
"246",0
"247",0
"248",0
"249",0.0820459953284236
"250",0.236528752934934
"251",0.129821675209529
"252",0.0526410441188229
"253",0.682049334967522
"254",0.143874614614846
"255",0.874011371556123
"256",0
"257",0.234708290899008
"258",0.212761450980097
"259",0.0485167983929567
"260",0.643320518313028
"261",0.1513774670812
"262",0
"263",0
"264",0
"265",0.0304870819217178
"266",0.656912489645264
"267",0.103321541021785
"268",0
"269",0
"270",0
"271",0.0209112730074851
"272",0.043823528986279
"273",0.162096582489406
"274",0.45146417229364
"275",0.974339837867524
"276",0
"277",0
"278",0.200107360915552
"279",0.131545815005784
"280",0
"281",0
"282",0
"283",0
"284",0
"285",0
"286",0
"287",0.109439966147441
"288",0.178717874711404
"289",0.174472446262259
"290",0.194025216934123
"291",0.765722299302758
"292",0.70187151979002
"293",1.11052352843002
"294",0.324126370458438
"295",0.250772869975687
"296",0.600665836145619
"297",0.246451221770891
"298",0.155097044973376
"299",0.313632792554119
"300",0
"301",0.21576004240604
"302",0
"303",0
"304",0.131078352930986
"305",0.0857445660034836
"306",0.0751202763329798
"307",0
"308",0
"309",0
"310",0
"311",0
"312",0.501011937620823
"313",0
"314",0.102107353623981
"315",0
"316",1.67681286711697
"317",0
"318",0.0802808122826575
"319",0.0781614652749413
"320",0.10313632430679
"321",0
"322",0
"323",0
"324",0
"325",0
"326",0
"327",0.101170908930131
"328",0.0577611828556196
"329",0.153659615089242
"330",0.13322280861469
"331",0.501381336853771
"332",0.681620618850823
"333",0.719232238634771
"334",0.718326232999651
"335",0.285571300129142
"336",0.109956397381243
"337",0.0609404012253513
"338",0.0623633913821027
"339",0.00678945280666582
"340",0.305017615496929
"341",0
"342",0
"343",0
"344",0.0218381958454197
"345",0.106820631341211
"346",0
"347",0.00183269363580358
"348",0.0574713924925061
"349",0.184052882638597
"350",0.051193729272327
"351",0.179654166232713
"352",0
"353",0
"354",0
"355",0
"356",0
"357",0
"358",0.0746951332442719
"359",0.0785162117809805
"360",0
"361",0
"362",0
"363",0.084453049646557
"364",0.0781343857455572
"365",0
"366",0
"367",0
"368",0.00992264884619524
"369",0
"370",0
"371",0
"372",0
"373",0.0211130866941862
"374",0.0211130866941862
"375",0.15895291147086
"376",0.604299426324369
"377",0.235993381820752
"378",0.0667640375003609
"379",0
"380",0.0881981822994298
"381",0.690144537099969
"382",0.605283838693865
"383",0.174002018411851
"384",0.0594759274371979
"385",0.107677174633935
"386",0.58410821762089
"387",0
"388",0.0718211903290777
"389",0
"390",0.08775753350974
"391",0
"392",0
"393",0
"394",0
"395",0
"396",0.0032173836469227
"397",0.0202058527663099
"398",0.148416310640424
"399",0.0507014619729475
"400",0
"401",0
"402",0
"403",0
"404",0
"405",0
"406",0
"407",0.0820191011665138
"408",0.0864379206117844
"409",0.0915558435975022
"410",0.0924823944899652
"411",0
"412",0
"413",0.114056658515574
"414",0
"415",0
"416",0
"417",0.0287234781264846
"418",0.533454012346336
"419",0.0129414739448506
"420",0
"421",0
"422",0
"423",0
"424",0.0211130866941862
"425",0.0121676699656826
"426",0.0121676699656826
"427",0.0211130866941862
"428",0.0855000669630081
"429",0.248779736121311
"430",0.0629694401407201
"431",0.223095718012137
"432",0.0216293721043481
"433",0.0539919768216147
"434",0.0871964378303501
"435",0.188877812471179
"436",0.126000237320451
"437",0.180092537344733
"438",0.226490754808491
"439",0.102960598297917
"440",0.538722819805483
"441",0
"442",1.19942236417314
"443",0
"444",0.083869367533066
"445",0
"446",0.511283757786449
"447",0
"448",0
"449",0.0610581263417846
"450",0
"451",0.00387698722888357
"452",0.0111490271931179
"453",0
"454",0
"455",0
"456",0
"457",0
"458",0
"459",0
"460",0
"461",0
"462",0.0896742115438223
"463",0.211495359277559
"464",0
"465",0
"466",0.112051046382741
"467",0
"468",0.10909896228039
"469",0
"470",0
"471",0
"472",0.0123813708492565
"473",0
"474",0
"475",0
"476",0
"477",0
"478",0
"479",0.0166403783299344
"480",0.0121676699656826
"481",0.131173662509413
"482",0.0121676699656826
"483",0.0166403783299344
"484",0.0211130866941862
"485",0
"486",0
"487",0
"488",0.0354033058574552
"489",0.019449100085483
"490",0.0273350383273137
"491",0.0230656099357449
"492",0.238382378583064
"493",0.561132029277336
"494",0.115767331969332
"495",0.577698466266252
"496",0.0526274917288855
"497",0
"498",0
"499",0.357548575108273
"500",0.642226299918746
"501",0.251337438348919
"502",0
"503",0.09124036543214
"504",0
"505",0.143221357595472
"506",0
"507",0
"508",0
"509",0
"510",0.0850479698424892
"511",0.496513083786269
"512",0.0155415521727439
"513",0.00222165910089854
"514",0.0240697254850454
"515",0
"516",0
"517",0
"518",0
"519",0
"520",0
"521",0
"522",0
"523",0
"524",0.0921530200854435
"525",0
"526",0.0908597594094993
"527",0
"528",0
"529",0.10909996167488
"530",0
"531",0
"532",0
"533",0
"534",0
"535",0
"536",0
"537",0
"538",0
"539",0
"540",0
"541",0
"542",0.0166403783299344
"543",0.131173662509413
"544",0.0121676699656826
"545",0.131173662509413
"546",0.0121676699656826
"547",0.0121676699656826
"548",0.0211130866941862
"549",0
"550",0
"551",0
"552",0.448110839206337
"553",0.0354033058574552
"554",0.118969305097337
"555",0
"556",0.00172910343355874
"557",0.00187483476208761
"558",0
"559",0.0507001812235217
"560",0.0482578297678875
"561",0.598897967915713
"562",0.074289553550702
"563",0
"564",0.0500596969044174
"565",0.229821951665317
"566",0.334357394865539
"567",0.000304729727983372
"568",0.0872645819292434
"569",0.161424651862334
"570",0.0661891768581709
"571",0
"572",0.501392429179463
"573",0
"574",0
"575",0.0207080091130852
"576",0.176465104608617
"577",0.544657571182813
"578",0.504059143873505
"579",0
"580",0
"581",0
"582",0
"583",0
"584",0.0338464786463735
"585",0.0338464786463736
"586",0.18613630899224
"587",0.114014396066407
"588",0
"589",0.0774222346951669
"590",0
"591",0
"592",0
"593",0
"594",0
"595",0.09250202696055
"596",0
"597",0
"598",0
"599",0
"600",0
"601",0
"602",0
"603",0
"604",0
"605",0
"606",0
"607",0
"608",0
"609",0
"610",0
"611",0
"612",0
"613",0
"614",0.0166403783299344
"615",0.0121676699656826
"616",0.131173662509413
"617",0.131173662509413
"618",0.0121676699656826
"619",0.0121676699656826
"620",0.0166403783299344
"621",0
"622",0
"623",0
"624",0
"625",0
"626",0
"627",0.0354033058574552
"628",0.118969305097337
"629",0
"630",0.118969305097337
"631",0
"632",0
"633",0
"634",0
"635",0.00169541883159158
"636",0.0635706354865228
"637",0
"638",0.0328575886485105
"639",0.103278586108667
"640",0.612728546674063
"641",0.0498095335686554
"642",0.125756678152816
"643",0.426398299058024
"644",0
"645",0.0672534421605838
"646",0.490306595667516
"647",0
"648",0
"649",0
"650",0.207478819046712
"651",1.14205578167349
"652",0.174136448869103
"653",0
"654",0
"655",0
"656",0
"657",0
"658",0
"659",0.0252010467870932
"660",0.0239292704436717
"661",0.185722458757648
"662",0.221981779438372
"663",0.671748404930579
"664",0
"665",0.104876965459248
"666",0.110607831529379
"667",0
"668",0
"669",0
"670",0
"671",0
"672",0
"673",0
"674",0
"675",0
"676",0
"677",0
"678",0
"679",0
"680",0.0726093878855544
"681",0
"682",0
"683",0
"684",0
"685",0
"686",0
"687",0
"688",0
"689",0
"690",0
"691",0
"692",0.0166403783299344
"693",0.0121676699656826
"694",0.131173662509413
"695",0.0121676699656826
"696",0.131173662509413
"697",0.0121676699656826
"698",0.0166403783299344
"699",0
"700",0
"701",0.0147307048159395
"702",0
"703",0
"704",0
"705",0
"706",0
"707",0
"708",0.170415051875792
"709",0
"710",0
"711",0
"712",0
"713",0
"714",0.0175936978978991
"715",0
"716",0.480115138441809
"717",0
"718",0
"719",0.605332537268056
"720",0.23077556911299
"721",0.472881546280151
"722",0.501579297889491
"723",0.0769586615129404
"724",0
"725",0.0998086532179539
"726",0
"727",0
"728",0
"729",0.0895555888974083
"730",0.218318656972651
"731",0.0386237337813082
"732",0
"733",0
"734",0
"735",0
"736",0.163252874546156
"737",0
"738",0
"739",0
"740",0.0338473000839904
"741",0.0113349693267156
"742",0.0561833073779194
"743",0.212774895007617
"744",0.15132007960113
"745",0.0703746541297017
"746",0.796086818601827
"747",0.0411499909172754
"748",0.10909896228039
"749",0
"750",0
"751",0
"752",0
"753",0
"754",0.567991073733872
"755",0
"756",0
"757",0.109325785314986
"758",0
"759",0
"760",0
"761",0.0726093878855544
"762",0
"763",0.0726093878855544
"764",0
"765",0
"766",0
"767",0
"768",0
"769",0
"770",0
"771",0
"772",0
"773",0
"774",0.0166403783299344
"775",0.0121676699656826
"776",0.0121676699656826
"777",0.250179655053143
"778",0.0121676699656826
"779",0.0121676699656826
"780",0.0166403783299344
"781",0.0184232360802866
"782",0
"783",0.00713133566117373
"784",0
"785",0
"786",0.803531265326174
"787",0.895800868370636
"788",0.598559542950696
"789",0
"790",0.0494219053431425
"791",0.567661800765875
"792",0.0514090593320619
"793",0
"794",0
"795",0
"796",0
"797",0.0100801385150275
"798",0
"799",0
"800",0
"801",0
"802",0
"803",0.299467125661855
"804",0.994797616672095
"805",0.530883714044991
"806",0.0250246031554533
"807",0.607156232255038
"808",0
"809",0.617022630280844
"810",0
"811",0.0331827262834126
"812",0.000341395457981508
"813",0.117659561429728
"814",0
"815",0
"816",0
"817",0.543218985160881
"818",0.174971054093639
"819",0.512550188134454
"820",0.279572235091497
"821",0
"822",0
"823",0.0260661909150496
"824",0.0252010467870932
"825",0.02520186822471
"826",0.0148223111818866
"827",0.0250376494825708
"828",0.240642901394641
"829",0.705492368502579
"830",0.357808153121619
"831",0.0892456681899341
"832",0
"833",0.22810495482412
"834",0
"835",0
"836",0
"837",0
"838",0
"839",0
"840",0
"841",0
"842",0.110714510873404
"843",0
"844",0.0676935979848942
"845",0
"846",0
"847",0
"848",0.0726093878855544
"849",0
"850",0
"851",0
"852",0
"853",0
"854",0
"855",0
"856",0
"857",0.159437157928651
"858",0
"859",0
"860",0.0166403783299344
"861",0.0121676699656826
"862",0.131173662509413
"863",0.0121676699656826
"864",0.0635891894003633
"865",0.0121676699656826
"866",0.0121676699656826
"867",0.0211130866941862
"868",0.0608957282021442
"869",0
"870",0
"871",0.214271094275975
"872",0.0807784635633073
"873",0.326071811029406
"874",1.00706176723584
"875",0.622730110016745
"876",0.482376399595146
"877",0
"878",0
"879",0.0432266722489997
"880",0.290194036534476
"881",0.118969305097337
"882",0
"883",0
"884",0.00812497099261986
"885",0
"886",0
"887",0
"888",0.034392018428935
"889",0.0855897515990732
"890",0.0953370858495286
"891",0.463403833777221
"892",0.343345722939265
"893",0.516910983482039
"894",0.0470222012098858
"895",0
"896",0.173694647175227
"897",0
"898",0.553246356580214
"899",0.430002095631923
"900",0.0428139949259592
"901",0.00169421553348571
"902",0
"903",0
"904",0.732818068207401
"905",0.0234365869322433
"906",0.617628531537026
"907",0.322417654335387
"908",0.0864597413387103
"909",0
"910",0.0144452646175102
"911",0.0166594056907933
"912",0.0165556149278129
"913",0.019756297277855
"914",0
"915",1.44503979454709
"916",0.193536233503089
"917",0.296139155604441
"918",0.237344847186902
"919",0.541950018862652
"920",0.0403279011231074
"921",0
"922",0
"923",0
"924",0
"925",0
"926",0
"927",0
"928",0
"929",0
"930",0
"931",0.0991965118932444
"932",0
"933",0
"934",0
"935",0
"936",0
"937",0
"938",0
"939",0
"940",0
"941",0
"942",0
"943",0
"944",0.159437157928651
"945",0.0404311653849212
"946",0.159437157928651
"947",0
"948",0.0211130866941862
"949",0.0121676699656826
"950",0.0121676699656826
"951",0.0635891894003633
"952",0.580237911298473
"953",0.236507396884731
"954",0.0150389240453091
"955",0.0208662885258013
"956",0.0461909709803445
"957",0.0175579414698082
"958",0.591352266970819
"959",0.426828806110581
"960",0.339016264644746
"961",0.559450287473046
"962",1.11014568516446
"963",0.287473407244315
"964",0.742453887275986
"965",0
"966",0
"967",0.326367948643305
"968",0.66587108410251
"969",0.409206110368597
"970",0.112341074021038
"971",0
"972",0.545669045643504
"973",0
"974",0.465735890197489
"975",0
"976",0.483613532570684
"977",0
"978",0.307049384827929
"979",1.06741179761098
"980",0.281605370475342
"981",0.0530194693341172
"982",0.543780868966955
"983",0.0922391853626132
"984",0.541405534247834
"985",0.658259361526737
"986",0
"987",0.2606787666641
"988",0
"989",0
"990",0.00272974830172044
"991",0.328636768652036
"992",0.473659661163951
"993",0.513471028063923
"994",0.240555364571372
"995",0.0822520495800507
"996",0
"997",0.239399414818788
"998",0.0197584193810122
"999",0
"1000",0.017799517287351
"1001",0.04246302149244
"1002",0.471744466091588
"1003",0.0748014870073283
"1004",0.606907563643942
"1005",0.642428615169303
"1006",0.296313751113778
"1007",0
"1008",0
"1009",0
"1010",0
"1011",0
"1012",0
"1013",0
"1014",0
"1015",0
"1016",0
"1017",0
"1018",0
"1019",0
"1020",0
"1021",0
"1022",0
"1023",0
"1024",0
"1025",0
"1026",0
"1027",0
"1028",0
"1029",0
"1030",0
"1031",0
"1032",0.0404311653849212
"1033",0.159437157928651
"1034",0.0404311653849212
"1035",0
"1036",0.0166403783299344
"1037",0.0121676699656826
"1038",0
"1039",0.356869015739102
"1040",0.578725338125439
"1041",0.312491029290937
"1042",0.0243743028338103
"1043",0.0300285104612029
"1044",0.758250747707549
"1045",0.00829811852575982
"1046",0.159376500061109
"1047",0.0934569245301996
"1048",0.722356015113577
"1049",0.161758457508879
"1050",0.508236578986725
"1051",0.238382763718534
"1052",0.461251520086136
"1053",0.187059660033051
"1054",0.118109164804367
"1055",0.0847031386933196
"1056",0.407195537969069
"1057",0.1119463845845
"1058",0.146119272018603
"1059",0.6978627480198
"1060",0.569488829605059
"1061",0.496952438908289
"1062",0
"1063",0
"1064",0
"1065",0.491806709182189
"1066",0
"1067",0.117865576445614
"1068",0.476574413856771
"1069",0.536732306886414
"1070",0.00257237601077429
"1071",0.216883751311865
"1072",0.413005608940348
"1073",0.121379063193289
"1074",0.393408516182561
"1075",0
"1076",0.285182051490472
"1077",0
"1078",0
"1079",0.230933255522971
"1080",0.265654075764171
"1081",0.271318095102664
"1082",0.467249951148194
"1083",0.031367405791399
"1084",0.247037102782289
"1085",0.11969970230409
"1086",0.00531040883379271
"1087",0.529216505181768
"1088",0
"1089",0.116148538036734
"1090",0.130646611856179
"1091",0.4385154391154
"1092",0.175758379224552
"1093",0.119426698045733
"1094",0.0150024867693708
"1095",0
"1096",0
"1097",0
"1098",0
"1099",0
"1100",0
"1101",0
"1102",0
"1103",0
"1104",0
"1105",0.0801227902841226
"1106",0
"1107",0
"1108",0
"1109",0
"1110",0
"1111",0
"1112",0
"1113",0
"1114",0
"1115",0
"1116",0
"1117",0
"1118",0
"1119",0.0384385065890005
"1120",0
"1121",0.040342784255472
"1122",0
"1123",0
"1124",0.0449694079892765
"1125",0
"1126",0.0166403783299344
"1127",0
"1128",0.70051854260445
"1129",0.00121738263366635
"1130",0.522674736406489
"1131",0.0294709270966868
"1132",0.030723444250555
"1133",0.0182871143490675
"1134",0.0173216337665942
"1135",0.147574143434443
"1136",0.0491225367239087
"1137",0.316443187162968
"1138",0
"1139",0.294074948241584
"1140",0.417671241641109
"1141",0.782625344206385
"1142",0.250364550735987
"1143",0.118373583368531
"1144",0.113561885808427
"1145",0.236929171103049
"1146",0.596210191881826
"1147",0.17096555081676
"1148",0.174949222210451
"1149",0.238059692419072
"1150",0.142536373338886
"1151",0.0234313893965703
"1152",0.793069347765671
"1153",0.00995370095354919
"1154",0
"1155",0
"1156",0.407384690948781
"1157",0.158336036953893
"1158",0.0824318819159984
"1159",0
"1160",0.478689349031828
"1161",0.242246814307423
"1162",0.0917703375829182
"1163",0.254045789600806
"1164",0.966154380504141
"1165",0.455603086067696
"1166",0.0114035860171054
"1167",0.209486479473722
"1168",0
"1169",0
"1170",0
"1171",0
"1172",0
"1173",0
"1174",0.102886005316484
"1175",0.124227940571284
"1176",0.14705134868706
"1177",0.125799636474046
"1178",0.593872466990506
"1179",0
"1180",0
"1181",0.136188829532994
"1182",0.166410905434489
"1183",0.280687927154306
"1184",0.0657065350544397
"1185",0.188908682218081
"1186",0.0116690267928359
"1187",0
"1188",0
"1189",0
"1190",0
"1191",0
"1192",0
"1193",0
"1194",0
"1195",0
"1196",0.11280443411398
"1197",0
"1198",0.042433996734598
"1199",0
"1200",0
"1201",0
"1202",0
"1203",0
"1204",0
"1205",0
"1206",0
"1207",0
"1208",0
"1209",0
"1210",0.0754236570436916
"1211",0
"1212",0.0470826986454712
"1213",0.0391503183758082
"1214",0
"1215",0
"1216",0
"1217",0
"1218",0
"1219",0.161706279230829
"1220",0.0211130866941862
"1221",0.0121676699656826
"1222",0
"1223",0.790381830545418
"1224",2.5913473856688
"1225",0.117876746015897
"1226",0.257568337485085
"1227",0.00665114051633695
"1228",0.00264740340757429
"1229",0.0128077765230396
"1230",1.44015908544031
"1231",0.144371235998769
"1232",0.197240969381768
"1233",0.0200506766217085
"1234",0.297333722524153
"1235",0.178319372484571
"1236",0.428758292520602
"1237",0.66566925821059
"1238",0.160794580252282
"1239",0
"1240",0.273038102217118
"1241",0.776756754266238
"1242",0.1343307213031
"1243",0.486443616079971
"1244",0.216075605858718
"1245",0.184605431477381
"1246",0.110287765520968
"1247",0.115486434516829
"1248",0
"1249",1.02166213127964
"1250",0.875573877001551
"1251",0.689206801332566
"1252",0.380277524377789
"1253",0.202111403635602
"1254",1.05792196535328
"1255",0.533673970100242
"1256",0.451472123147569
"1257",0.978700313183748
"1258",0.668329208079798
"1259",0.522536916257671
"1260",0.500568531696093
"1261",0
"1262",0
"1263",0.00365396484133078
"1264",0.0179256123329412
"1265",0
"1266",0
"1267",0
"1268",0.0513357595565129
"1269",1.02135508529052
"1270",0.585895155851609
"1271",0.666885451629192
"1272",0
"1273",0
"1274",0.203359901475927
"1275",0.0273044851962156
"1276",0.380418632566004
"1277",0.293903387234073
"1278",0.676306123613848
"1279",0.0080844313742465
"1280",0
"1281",0
"1282",0
"1283",0
"1284",0
"1285",0
"1286",0
"1287",0
"1288",0
"1289",0.153284276066769
"1290",0
"1291",0.106139059595349
"1292",0.0938648958128619
"1293",0
"1294",0
"1295",0
"1296",0
"1297",0
"1298",0.52730367355958
"1299",0
"1300",0
"1301",0.0497029653494103
"1302",0
"1303",0.133938999395621
"1304",0
"1305",0.192000753021412
"1306",0.31812903609349
"1307",0
"1308",0.0397832420918261
"1309",0
"1310",0
"1311",0.494567245410602
"1312",0.091229816713958
"1313",0
"1314",0.0449694079892765
"1315",0.0166403783299344
"1316",0.0104024957519606
"1317",0.336850862129983
"1318",0.665069676037354
"1319",0.534586845889819
"1320",0
"1321",0.232297576875124
"1322",0
"1323",0.00355427531291976
"1324",0.492544425820253
"1325",0.181219086333156
"1326",0.606388872553646
"1327",0
"1328",0
"1329",0.433657209904924
"1330",0.335480292809778
"1331",0.772630912062824
"1332",0.453551326694375
"1333",0.177598750823308
"1334",0.593606998460742
"1335",0.123954711711789
"1336",0.132539774778481
"1337",0.556138843070082
"1338",0.672544827493155
"1339",0.925318746150122
"1340",0.155696873348018
"1341",1.06331804649509
"1342",0.673360356771649
"1343",0.363429065608046
"1344",0.733288534462461
"1345",1.30846659440378
"1346",1.31207064490509
"1347",0.834509947015362
"1348",0.869353041508369
"1349",0.256794283115491
"1350",0.723911309924934
"1351",0.186054359549712
"1352",0.442689864576292
"1353",0.74866352399071
"1354",0.191958044234942
"1355",0.122352125510487
"1356",0
"1357",0.00643389218497895
"1358",0
"1359",0.00831336026824279
"1360",0.305370164448421
"1361",0
"1362",0
"1363",0.000682477691071246
"1364",0
"1365",0
"1366",0.509620972351548
"1367",0.0185443669215964
"1368",0.090063434888186
"1369",0
"1370",0.896148854528039
"1371",0.686034407563256
"1372",0.185953851329779
"1373",0.244599980520949
"1374",0.0436164393099098
"1375",0
"1376",0
"1377",0
"1378",0
"1379",0.0855991594700898
"1380",0
"1381",0
"1382",0
"1383",0.208589894008735
"1384",0
"1385",0.136967485311049
"1386",0.0201319568420342
"1387",0.210505179293029
"1388",0.180024964987251
"1389",0.0940888461446034
"1390",0.156926333194114
"1391",0.0946671720387506
"1392",0
"1393",0
"1394",0
"1395",0
"1396",0
"1397",0.828968297452165
"1398",0
"1399",0.179463022444281
"1400",0.19115531738834
"1401",0.0681120518170431
"1402",0.273798904724563
"1403",0
"1404",0
"1405",0
"1406",0
"1407",0
"1408",0.0404311653849212
"1409",0
"1410",0.0199377537852093
"1411",0.0514246742168228
"1412",0.180648914128729
"1413",0.396256465043972
"1414",0
"1415",0.826908897320052
"1416",0.0890216223782046
"1417",0
"1418",0
"1419",0.180946890542554
"1420",0.190525482659372
"1421",0.660732552656561
"1422",0.30786332727611
"1423",0
"1424",0.837878330332223
"1425",0.277132518366479
"1426",1.29434246766687
"1427",1.94656945908142
"1428",0.934590427679006
"1429",0.394097829470339
"1430",0.144425034546199
"1431",0.0999211986781442
"1432",0.153101225433218
"1433",0.0290752541373414
"1434",0.570805362331341
"1435",0.0689615034708271
"1436",0.655079774580485
"1437",1.40760196574186
"1438",1.03454695181444
"1439",0.694864333720954
"1440",0.363184170464717
"1441",1.32062501494043
"1442",0.813326506204651
"1443",1.75275999906845
"1444",0.595258824738788
"1445",1.79578307425062
"1446",0.235395552404757
"1447",0.448883511538035
"1448",0.101224402347845
"1449",0.587232843473837
"1450",0.438101595451749
"1451",0.0310237125653815
"1452",0.171533532116567
"1453",0
"1454",0.553029574955672
"1455",0.235139523500393
"1456",0.559312999330884
"1457",0.314458108508042
"1458",0
"1459",0
"1460",0
"1461",0.00886420573924862
"1462",0.576091753279015
"1463",0
"1464",0
"1465",0.557268362564583
"1466",0.48879030667708
"1467",0.1227946396756
"1468",0.698207473989616
"1469",0.00530510873461977
"1470",0
"1471",0
"1472",0
"1473",0
"1474",0.0832995056009394
"1475",0
"1476",0.07848881171903
"1477",0
"1478",0
"1479",0.481522258470372
"1480",0.208713679759923
"1481",0
"1482",0
"1483",0.199630432321777
"1484",0.1565888824575
"1485",0.174997912654173
"1486",0.178371866905217
"1487",0
"1488",0
"1489",0.0724065362717826
"1490",0
"1491",0
"1492",0.152051720873619
"1493",0.0133978820623286
"1494",0.207872897843284
"1495",0
"1496",0.308409581814989
"1497",0.170324567099588
"1498",0
"1499",0
"1500",0
"1501",0.159437157928651
"1502",0
"1503",0
"1504",0
"1505",0
"1506",0.652706500484369
"1507",0.614950356090752
"1508",0.27048079636911
"1509",0.307171347822325
"1510",0.151061023937644
"1511",0.221508953872109
"1512",0.0796298056514032
"1513",0
"1514",0.472732392276823
"1515",0.0189389787022267
"1516",0.0794344229514624
"1517",0.633967097460253
"1518",0.325141180808791
"1519",0.088826423364764
"1520",0.136947837543882
"1521",1.19150261377271
"1522",0.54717401087035
"1523",2.50779808257711
"1524",3
"1525",1.36982281054532
"1526",0.289896290848128
"1527",0.174174408199523
"1528",0
"1529",0
"1530",0.251949656404729
"1531",0
"1532",0.23341201518448
"1533",0.640942054442931
"1534",1.04960827169146
"1535",0.751847245293817
"1536",0.369540595289454
"1537",0.313689357784331
"1538",0.486070389456847
"1539",0.706304652497265
"1540",0.134511078352517
"1541",0.983334343572293
"1542",0.738813561468635
"1543",0.528260092027847
"1544",0.457559521715823
"1545",0.96901528035039
"1546",0.328825211070915
"1547",0.367835536772551
"1548",0.304173488071452
"1549",0.399700583027918
"1550",0.590690047804835
"1551",0
"1552",0.0120982309091136
"1553",0.314283973040039
"1554",0
"1555",0
"1556",0
"1557",0.076326415276227
"1558",0
"1559",0.00886420573924862
"1560",0.0781560675849751
"1561",0
"1562",0.451481161914592
"1563",0
"1564",0.0786642736880738
"1565",0
"1566",0
"1567",0
"1568",0
"1569",0
"1570",0
"1571",0
"1572",0.0841359604961193
"1573",0
"1574",0
"1575",0
"1576",0.022725798855208
"1577",0
"1578",0
"1579",0
"1580",0.170269013486632
"1581",0.158321785872595
"1582",0.16815917292419
"1583",0.0930486017767977
"1584",0.133797152914394
"1585",0.132876717093272
"1586",0
"1587",0.0670863851279383
"1588",0
"1589",0.120259734932411
"1590",0.340884483606408
"1591",0.534594996829065
"1592",0.239972142505983
"1593",0
"1594",0.228761357940361
"1595",0
"1596",0
"1597",0.157025392657324
"1598",0
"1599",0.732579230498063
"1600",0
"1601",0.494567245410602
"1602",0
"1603",0.19786442979928
"1604",0.301323303426905
"1605",0.196811021204636
"1606",0.259891352624501
"1607",0.427085687888066
"1608",1.11367081838945
"1609",0.342093103947575
"1610",0.586647762065923
"1611",0.11677787244044
"1612",0.226712949926038
"1613",0.0128289957972496
"1614",0.00426328238006903
"1615",0
"1616",0.0186400673819086
"1617",0.0907800330865343
"1618",0.730817744322208
"1619",0.184859318647039
"1620",0.634022784150208
"1621",0.274144555079177
"1622",0.92593168412179
"1623",1.87636954403555
"1624",2.03959662164246
"1625",1.18142823858704
"1626",0.685088517848881
"1627",0.244930179101724
"1628",0.228831513840742
"1629",0.776949268890926
"1630",0
"1631",1.11124794853902
"1632",0.303449815041159
"1633",0.47072329096832
"1634",0.563468970351686
"1635",0.0829422061665434
"1636",0.00945983066800651
"1637",0.0029080078013636
"1638",0.679234822192846
"1639",0
"1640",0.982149906869492
"1641",0.720577049051606
"1642",0.726068611732931
"1643",0.261811726416569
"1644",0.298117979042156
"1645",1.02345009887355
"1646",1.01317831549822
"1647",0.336236078686777
"1648",0.330527646069556
"1649",0.58504099965063
"1650",0
"1651",1.0643008210675
"1652",0
"1653",0
"1654",0
"1655",0
"1656",0
"1657",0
"1658",0.076326415276227
"1659",0.076326415276227
"1660",0
"1661",0.0779616871268191
"1662",0
"1663",0
"1664",0.453127048816693
"1665",0.483255935898167
"1666",0
"1667",0
"1668",0
"1669",0
"1670",0
"1671",0.0143732847358421
"1672",0
"1673",0
"1674",0
"1675",0.0835164288194278
"1676",0.480717287814468
"1677",0
"1678",0
"1679",0
"1680",0.0177359184545651
"1681",0.188034628743522
"1682",0.152197601523634
"1683",0.431797212649693
"1684",0.166901836196229
"1685",0.739125554705097
"1686",0.128734686308124
"1687",0
"1688",0.0413539345575995
"1689",0.259824740019167
"1690",0.700550728684473
"1691",0.18864834295779
"1692",0.0463033707953463
"1693",0.280072279140285
"1694",0.548122539071762
"1695",0.0602325474891266
"1696",0
"1697",0
"1698",0.174227781371646
"1699",0
"1700",0
"1701",0
"1702",0
"1703",0.0989800995298628
"1704",0.0426166340391172
"1705",0.0825075158648227
"1706",0.657124415190148
"1707",0.546551969306229
"1708",0.235972533692514
"1709",0.952041991277843
"1710",0.0861029114674935
"1711",0.311430251021114
"1712",0.151979438637223
"1713",0.229743654442497
"1714",0.0456274533663306
"1715",0.00601301122873362
"1716",0
"1717",0.00394022986261199
"1718",1.02827585574744
"1719",0.620739586067025
"1720",0.278534469390921
"1721",0.406599926306753
"1722",0.0965436023106784
"1723",1.411251095151
"1724",0.508678598325123
"1725",1.50656760279549
"1726",0.859705977048979
"1727",0.53650303594351
"1728",0.322239082689716
"1729",0.241204619641784
"1730",0.136294176633367
"1731",0.0129144955586506
"1732",0.863601382274375
"1733",0.830755883887053
"1734",0.703436726680042
"1735",0.668243752277783
"1736",0.572105158271795
"1737",0.307436637607236
"1738",0.0287026783932781
"1739",0.02053271282706
"1740",0.0951179221118215
"1741",0.354821680998588
"1742",0
"1743",1.02041281101632
"1744",0.25978110293315
"1745",0.652332412370538
"1746",0.373626002551857
"1747",0.325038353406737
"1748",0.579340518329747
"1749",0.651002321533952
"1750",0.16800198803224
"1751",0
"1752",0.370441872317118
"1753",0
"1754",0
"1755",0.504714551872398
"1756",0
"1757",0
"1758",0
"1759",0
"1760",0.0745858357448074
"1761",0
"1762",0.637321143560515
"1763",0
"1764",0
"1765",0
"1766",0
"1767",0
"1768",0
"1769",0.608847296125045
"1770",0.071888449349275
"1771",0
"1772",0.0183437756772455
"1773",0.532628171970939
"1774",0.0154656668683915
"1775",0
"1776",0.0879176808773069
"1777",0
"1778",0.07902559956195
"1779",0.0336544370611682
"1780",0
"1781",0
"1782",0
"1783",0.131152901788193
"1784",0.168351244491887
"1785",0.215440802483048
"1786",0.883543624088592
"1787",0.0906009687136507
"1788",0
"1789",0.0469514525894754
"1790",0.115233467649212
"1791",0.194372598605491
"1792",0.390480607513507
"1793",0.265550422877622
"1794",0
"1795",0.156197598447672
"1796",0.227411679318629
"1797",0
"1798",0.136734268135452
"1799",0.0207021500952183
"1800",0
"1801",0
"1802",0
"1803",0
"1804",0
"1805",0.0571523637962537
"1806",0
"1807",1.04837124060553
"1808",0.146761604658794
"1809",0.126845368332096
"1810",0.630177175166083
"1811",0.363905115597639
"1812",1.51912099701891
"1813",0.566974519556409
"1814",0.0896606851983202
"1815",0.200737462935607
"1816",0
"1817",0
"1818",0.0860506228876907
"1819",0.417230600902554
"1820",0.427777936078241
"1821",0.477790593556934
"1822",0.24379737106844
"1823",0.185011601477399
"1824",0.333760550344458
"1825",0.280485775790736
"1826",0.734969882343058
"1827",0.554845773653394
"1828",0.540661332013231
"1829",0.147742198373344
"1830",0.110145880900708
"1831",0.06102595487657
"1832",0
"1833",1.92589857970413
"1834",0.31787020860863
"1835",0.276982786992712
"1836",0.539225667499291
"1837",0.477963124034513
"1838",1.01831105533425
"1839",0.281488418447582
"1840",0.263016643835352
"1841",0.266534081486677
"1842",0.390001975844479
"1843",0.0603851243357983
"1844",0.644513754823469
"1845",0.251384710778134
"1846",0.292461520376738
"1847",0.363922976903276
"1848",0.143684543560943
"1849",1.14553127269853
"1850",1.13528317533669
"1851",0.699047111972683
"1852",0.496968888753281
"1853",0.18971082003747
"1854",0.426656460249277
"1855",0
"1856",0
"1857",0
"1858",0
"1859",0
"1860",0.643263510248477
"1861",0.178928426929231
"1862",0.01564251751449
"1863",0.153084134692054
"1864",0
"1865",0.00652682928570247
"1866",0.383847707956584
"1867",0.143221386489105
"1868",0
"1869",0
"1870",0
"1871",0
"1872",0.705664867935828
"1873",0.0251268385933852
"1874",0
"1875",0
"1876",0
"1877",0
"1878",0
"1879",0.103889806776656
"1880",0.0662099836815775
"1881",0.320245619951551
"1882",0.0525426080495372
"1883",0
"1884",0
"1885",0
"1886",0.220867384853694
"1887",1.18978376548359
"1888",0.66039833804206
"1889",0.405369929444227
"1890",0.640696718168924
"1891",0.490283517100759
"1892",0.50073361068234
"1893",0.390171787013572
"1894",0.917891502776346
"1895",0.0905115081206599
"1896",0.23149622533501
"1897",0.190536225169561
"1898",0
"1899",1.2463716466512
"1900",0
"1901",0.101050757928555
"1902",0
"1903",0
"1904",0
"1905",0
"1906",0
"1907",0
"1908",0.0593037218498598
"1909",0
"1910",0.769675991000495
"1911",0.248982662786223
"1912",0.963534036792319
"1913",0.335833578284486
"1914",0.326486064149189
"1915",0.0206926054041459
"1916",0.305532022040083
"1917",0.0253780534346311
"1918",0.284267377280396
"1919",0.131294677644184
"1920",0.258656112236662
"1921",0.942782618311147
"1922",0.0289364900010527
"1923",0.221475475408929
"1924",0.608023945984955
"1925",0.638020309876123
"1926",0.0371464369195369
"1927",0.663503246290139
"1928",0.560091738422394
"1929",0.804976845338952
"1930",0.323865171543276
"1931",0.593987654311014
"1932",0.258280880295148
"1933",0.221720585472843
"1934",0.391568802048163
"1935",0.416915336320657
"1936",0.873290012837102
"1937",0.220983155344454
"1938",0.810140832086394
"1939",0.422860359647567
"1940",0.119474071419406
"1941",0.324524588928597
"1942",0.232462906422131
"1943",0.340271045121212
"1944",0.750120540461194
"1945",0.315860422381303
"1946",0.377067241087624
"1947",0.285473225430713
"1948",0.665573727757617
"1949",0.358721952085809
"1950",0.583858692620516
"1951",0.170276966823299
"1952",1.00706034684792
"1953",1.49381124391241
"1954",2.01036212744155
"1955",1.49439395979755
"1956",0.0751751611419425
"1957",0.702531261796641
"1958",0.00151314495362451
"1959",0.518532673256016
"1960",0.420690477365263
"1961",0
"1962",0.0265423665140998
"1963",0.211011788853434
"1964",0.553735120203885
"1965",0.701199817630889
"1966",0.882910855556553
"1967",0.505018911886927
"1968",0.0575029418683224
"1969",0.202726253527004
"1970",0.494547109041116
"1971",0.249498772591586
"1972",0.0705759369220355
"1973",0
"1974",0
"1975",0.846803814083836
"1976",0.0453130377559801
"1977",0.273107589941367
"1978",0
"1979",0.48518384131791
"1980",0
"1981",0
"1982",0.00458708554096993
"1983",0
"1984",0.385836610435285
"1985",0.58449911336583
"1986",0.45515188177049
"1987",0
"1988",0
"1989",0.0228301261713044
"1990",0.0526832853101665
"1991",0.651260131174773
"1992",0.996774004738082
"1993",0.101600326995446
"1994",0.483098223326177
"1995",0.138764343544096
"1996",0.059465627685315
"1997",0
"1998",0.211944022023282
"1999",0.169792729976669
"2000",0.0399955355597764
"2001",0.586256764647831
"2002",0.164704408348533
"2003",0
"2004",0.00439127643432495
"2005",0
"2006",0
"2007",0
"2008",0
"2009",0
"2010",0
"2011",0
"2012",0
"2013",0.351136873462879
"2014",0.676137826577458
"2015",0.297322892835819
"2016",0.339839420612266
"2017",0.499380735253961
"2018",0
"2019",0.622461413138728
"2020",0.942819464934968
"2021",0.8436146200753
"2022",0.553330775553307
"2023",0.119024004733392
"2024",0.00441421880773227
"2025",1.06555040706608
"2026",0.602232694279331
"2027",0.444823582862816
"2028",0.0497443215860126
"2029",0.22609789487481
"2030",0.757923347891628
"2031",0.322664931239015
"2032",0.40250294624167
"2033",0.698128782299309
"2034",0.604481078665811
"2035",0.0127201310506708
"2036",0.408270868866636
"2037",0.398589863105704
"2038",0.655594973417482
"2039",0.267097019977738
"2040",0.832428758733638
"2041",0.136734533342435
"2042",0.769405583193328
"2043",0.246754056526501
"2044",0.230749668834336
"2045",0.120958494530801
"2046",0.104165749712313
"2047",0.184807571070112
"2048",0.64338134597727
"2049",0.693416991843147
"2050",0.31121440746634
"2051",0.239985762090824
"2052",0.253955399494309
"2053",0.712581227615904
"2054",1.10951548663379
"2055",0.695884403797023
"2056",0.382637425675062
"2057",0.471061141993313
"2058",3
"2059",2.32611065595826
"2060",1.71127253830328
"2061",0.39910100850404
"2062",0.199903426366065
"2063",0.0787923085718039
"2064",0
"2065",0
"2066",0
"2067",0.694127778095129
"2068",0.619632481017371
"2069",0.455382531161159
"2070",1.63380256107582
"2071",0.0903041989800103
"2072",0.0382359387639522
"2073",0.0951331793808907
"2074",0.027905397343178
"2075",0.260067420882333
"2076",0.0312193434218508
"2077",0.179469783704893
"2078",0.218940507939942
"2079",0.243655047568169
"2080",0.363661461174538
"2081",0.563747913159435
"2082",0
"2083",0.148833127696732
"2084",0.326035402235029
"2085",0
"2086",0.628120236124603
"2087",1.52430731959411
"2088",0.57682241615038
"2089",0
"2090",0.397760134201159
"2091",0.0315538135953457
"2092",0.0467962848205123
"2093",0
"2094",0.0200607060700456
"2095",0.0187229810815297
"2096",0.0360152996753918
"2097",0
"2098",0
"2099",0.101317078500111
"2100",0.132364524638997
"2101",0
"2102",0.221610062785984
"2103",0.741702400628492
"2104",0.764590632439463
"2105",0
"2106",0.028074329370688
"2107",0.00553807732200458
"2108",0
"2109",0.70995410417499
"2110",0
"2111",0
"2112",0
"2113",0
"2114",0
"2115",0
"2116",0.000913692630500534
"2117",0
"2118",0.166141372166086
"2119",0.690256468072669
"2120",0.295007496557629
"2121",0.235702914145817
"2122",0.321268002832301
"2123",0.250557665245894
"2124",0.408717594701928
"2125",0.145903124313023
"2126",0.496614699526084
"2127",0.20774868531828
"2128",0.94389362162362
"2129",0
"2130",0.0187225126529812
"2131",0.387680490890773
"2132",0.188945374282478
"2133",0.635333947994843
"2134",0.838067512919061
"2135",0.0536816861897911
"2136",0.179089898237632
"2137",0.385485508993251
"2138",0.382899459447782
"2139",0.398480385582653
"2140",0.588002563502937
"2141",0.581673511829188
"2142",0.580986608263837
"2143",1.27611142723237
"2144",1.00223092297342
"2145",0.589009519188901
"2146",0
"2147",3
"2148",2.05070276042035
"2149",0.544219873928589
"2150",0
"2151",0.182330469501691
"2152",0.100308397194895
"2153",0.740589926780462
"2154",0.0726626384532377
"2155",0.140521791155435
"2156",0.0749356766041879
"2157",0.0749356766041879
"2158",0.142004965360675
"2159",0.170812265961113
"2160",1.10407228379407
"2161",0.430684175287057
"2162",0.857593467688872
"2163",0.554595254515703
"2164",0.316400356769261
"2165",1.71011988521326
"2166",1.60714007866753
"2167",3
"2168",1.10141674647115
"2169",0.827068161867088
"2170",0.413597558529348
"2171",0.140968788265226
"2172",0.572924795204509
"2173",0.00439675430884567
"2174",0.0927320663302703
"2175",0.681965641597672
"2176",0.49166327726245
"2177",0.596912347383681
"2178",0.316438013310696
"2179",0
"2180",0.0701308132910689
"2181",0
"2182",0.169004052762383
"2183",0.106120271458657
"2184",0.172652700798401
"2185",0.833528585552683
"2186",0.527964854763338
"2187",0.256987261368298
"2188",0.82846835815759
"2189",0.305770685132056
"2190",0.640298953010194
"2191",0.316697433036986
"2192",0.240950867009035
"2193",0.37679431711423
"2194",0.52201786998991
"2195",0.00178681705774276
"2196",0
"2197",0
"2198",0.49139716683419
"2199",0.0934008021318666
"2200",0.0266066311185118
"2201",0.0352040604367381
"2202",0.0280031558877308
"2203",0.0313807182730535
"2204",0.0215696219851235
"2205",0
"2206",0.464691013851565
"2207",0.193971253158767
"2208",0.00799640099016756
"2209",0.303583868049168
"2210",0.704556069257325
"2211",0.782098643287485
"2212",1.30503146148668
"2213",1.17374924904607
"2214",0.0263224414413557
"2215",0.122131324805025
"2216",0.327594214420035
"2217",0.0768555263479847
"2218",0.271409077098453
"2219",0
"2220",0
"2221",0
"2222",0.00210404140420229
"2223",0.00464423119564959
"2224",0.00464423119564961
"2225",0
"2226",0.140191443120968
"2227",0.119062649580584
"2228",0.226884606834458
"2229",0.37811242553532
"2230",0.347023832534732
"2231",0.904875880326667
"2232",0.487820762589488
"2233",0.0385742448953287
"2234",0.418131541131914
"2235",0.0403990384349581
"2236",0
"2237",0.469787837814496
"2238",0.593832817628639
"2239",0.187783546825387
"2240",0.0955146531796187
"2241",0.892470075157797
"2242",0.717198000242614
"2243",0.205417268061695
"2244",0.215631016637803
"2245",0.0697714253228106
"2246",0.620972574924811
"2247",0.42407035842999
"2248",0.235553400163612
"2249",0.222256557259189
"2250",0.551234785500887
"2251",0.259605236097186
"2252",0.800350241720402
"2253",0.59876252493742
"2254",0.620816868935685
"2255",0.401528048632954
"2256",1.24087561752255
"2257",0
"2258",0.0881558625672942
"2259",0.401259738134218
"2260",0.090383401818276
"2261",0.439541392167225
"2262",0.111230748332684
"2263",0.129951947741094
"2264",0.14145946735771
"2265",0.1423654891117
"2266",0.1423654891117
"2267",0.1423654891117
"2268",0.598099907493114
"2269",0.422916762140725
"2270",0.799150757480729
"2271",0.511213630050205
"2272",0.772173766759872
"2273",0.903450584141597
"2274",1.50874187644708
"2275",2.87770140636842
"2276",1.57222022953157
"2277",1.2837060777779
"2278",1.33512721724978
"2279",0.489093453165486
"2280",0.645328717473706
"2281",0.187675806464924
"2282",0.827146793945529
"2283",0.0231246142095799
"2284",0.299014539154174
"2285",0.134026304272292
"2286",0.400316114632948
"2287",0.0563534746701245
"2288",0.0173544554227962
"2289",0
"2290",0.775891488339709
"2291",0.127440749662854
"2292",0.476709166489282
"2293",0.406705733105521
"2294",0.609996270023181
"2295",0.666474586625175
"2296",0.223170208051872
"2297",1.36492022665086
"2298",0.445487493919376
"2299",0.59023430824648
"2300",0.240144062765115
"2301",0.37785091042841
"2302",0.332085607615674
"2303",0.748358729056131
"2304",0.589570834993301
"2305",0
"2306",0
"2307",0.502737454356842
"2308",0
"2309",0.149922012815595
"2310",0.0397632403465977
"2311",0
"2312",0
"2313",0
"2314",0
"2315",0.0240436264200149
"2316",0.0182159630630846
"2317",0.143399577424565
"2318",0.13482298620084
"2319",0.287678454533606
"2320",0.145390200325555
"2321",1.37770292846497
"2322",1.53454687902074
"2323",0.811321972532047
"2324",0.486495999361823
"2325",0.66790130493322
"2326",0.415652946684115
"2327",0.268823965282288
"2328",0
"2329",0
"2330",0.00359618858982123
"2331",0.00464423119564959
"2332",0.00464423119564959
"2333",0.00464423119564961
"2334",0
"2335",0.109979772061625
"2336",0.0319341890465796
"2337",0.267431578129041
"2338",0.294307716437213
"2339",0.895322508708691
"2340",0.14263154241514
"2341",0.681864251044436
"2342",0.293707957713028
"2343",0.18329702895589
"2344",0
"2345",0.697499505332012
"2346",0.663311835994306
"2347",0.706704618062341
"2348",0.448861861350876
"2349",0.457396061042813
"2350",0.0839493365554093
"2351",0.199490637852476
"2352",0.124667287692144
"2353",0.222798133342779
"2354",0.445485706528092
"2355",0.0954618649196051
"2356",0.315467848737933
"2357",0
"2358",0.14033766560687
"2359",0.209378061111686
"2360",0.095202543054235
"2361",0.55696221769276
"2362",0.209355696865789
"2363",0.671937406362484
"2364",0.359987237465217
"2365",1.26286538755045
"2366",0.197254287004267
"2367",0.466898891842543
"2368",0.584342776273815
"2369",0.601048581404118
"2370",0.176023965325586
"2371",0.775745067438371
"2372",0.202025511123932
"2373",0.141825977802506
"2374",0.1423654891117
"2375",0.1423654891117
"2376",0.499383466742891
"2377",0.364568318362213
"2378",0.700324849886744
"2379",0.624353007233667
"2380",0.289637972657296
"2381",0.516439962090575
"2382",0.556951411382929
"2383",0.897494322019678
"2384",0.823291422869805
"2385",0.99156782649984
"2386",0.631567848650579
"2387",0.488110794078319
"2388",1.37719801926269
"2389",0.27665078356858
"2390",0.454194157923667
"2391",0.17524718958682
"2392",0.448089746876475
"2393",0.00363781729246443
"2394",0.246505530611224
"2395",0
"2396",0.0121441354905225
"2397",0.0115984153428428
"2398",0
"2399",0.0925465769306415
"2400",0.120707107550317
"2401",0.849284357573657
"2402",0.501033004966966
"2403",0.96531492148493
"2404",0.699018443239672
"2405",0.181940860631662
"2406",0
"2407",1.12660319717762
"2408",0
"2409",0.238151846663596
"2410",0.236228054663804
"2411",0.240236311468399
"2412",0.0207280888447844
"2413",0.149150424435953
"2414",0
"2415",0.00482805887615623
"2416",0.116212756044386
"2417",0.150122055366947
"2418",0.949872174478666
"2419",0.0920535801857431
"2420",0.583421646826656
"2421",0
"2422",0
"2423",0
"2424",0
"2425",0
"2426",0.135439475012045
"2427",0.130429732044027
"2428",0.121739396747087
"2429",0.177722590448869
"2430",0.459303394652493
"2431",1.08647565287761
"2432",0.298567763712194
"2433",0.181135569925787
"2434",0.542398655627948
"2435",0.108272422494195
"2436",0
"2437",0.545171233842107
"2438",0
"2439",0.00464423119564959
"2440",0.00464423119564959
"2441",0.00464423119564959
"2442",0.00464423119564958
"2443",0
"2444",0.713871545486839
"2445",0.116906059739396
"2446",0
"2447",0.151618665348336
"2448",1.0465913604641
"2449",0.513874284119463
"2450",0.575337472659947
"2451",0
"2452",0.115887183426079
"2453",0.113788218213865
"2454",0.0768868375304721
"2455",0.0947808073852236
"2456",1.31630673696725
"2457",0.437601374886106
"2458",0.379383062091703
"2459",0.906595176572426
"2460",0.196912611490112
"2461",0.134018336391753
"2462",0.133392798897388
"2463",0.260768730207519
"2464",0.0876619300659058
"2465",0.326605799931128
"2466",0.0598651986521421
"2467",0.488398875480739
"2468",0.0291562855559119
"2469",0.145881246168308
"2470",0.597918794387461
"2471",0.294004297921807
"2472",0.188833486020006
"2473",0.388498757637407
"2474",0.407375583430494
"2475",0.438360261730623
"2476",0.636884296405879
"2477",0.140360881878489
"2478",0.247843982880187
"2479",0.274830629922368
"2480",0.3838197995407
"2481",0.200287402356584
"2482",0.139524771655149
"2483",0.143380063202332
"2484",0.1423654891117
"2485",0.261371481655431
"2486",0.261379455049179
"2487",0.486132492442279
"2488",0.551668276358188
"2489",0.157277649146511
"2490",0.52884766549031
"2491",0.149286195703385
"2492",0.48792411745918
"2493",0.536085137731815
"2494",0.570011105561329
"2495",0.588001509311956
"2496",0.392349162954175
"2497",0.405344899228469
"2498",0.29376075344583
"2499",0.47789629255036
"2500",0.121984924508521
"2501",0.51981381937323
"2502",0.565732348436267
"2503",1.1996565370823
"2504",0
"2505",0.559343988804104
"2506",0
"2507",0
"2508",0.956350925929237
"2509",0.0398465921023637
"2510",0.166001865649739
"2511",0.244254642043081
"2512",0.11453336897885
"2513",0.260777819213957
"2514",0.188884182068152
"2515",0.0147103126332099
"2516",0.117081568406741
"2517",0
"2518",0.253259694980039
"2519",0.0576165318471505
"2520",0.00973031113549994
"2521",0
"2522",0.209743164494032
"2523",0
"2524",0
"2525",0.073991122234136
"2526",0.102214960089
"2527",0.540577945855669
"2528",1.18358201113525
"2529",0
"2530",0
"2531",0.0373007072671097
"2532",0
"2533",0
"2534",0.450274231439583
"2535",0.574370287106108
"2536",0
"2537",0.132671304175659
"2538",0.122780994169645
"2539",0.304461991536433
"2540",0.130806941075536
"2541",0.398664250075664
"2542",0.201212966256981
"2543",0.221320329737393
"2544",0.490881055959849
"2545",0.0570320707102614
"2546",0
"2547",0
"2548",0.000528314685656832
"2549",0.00464423119564959
"2550",0.00464423119564959
"2551",0.00464423119564959
"2552",0.00464423119564961
"2553",0
"2554",0
"2555",0
"2556",0.402397690762097
"2557",0.0920663578389128
"2558",0.920948773555309
"2559",0.530682332427318
"2560",0.466074413881722
"2561",0.676003437859526
"2562",0.111861496921894
"2563",0.0442953332694821
"2564",0.044550873261404
"2565",0.564954535343246
"2566",0.539265155338314
"2567",0.0232275243185968
"2568",0.193925087049806
"2569",0.171761033568819
"2570",0.464649228276085
"2571",0.189391985002279
"2572",0.0885353629107924
"2573",0.00512732908760599
"2574",0.208036629322004
"2575",0.0423010663077101
"2576",0.211907689578074
"2577",0.155053258328792
"2578",0.550992749084801
"2579",0.509336861916015
"2580",0
"2581",0.584231452981429
"2582",0.0437624762716105
"2583",0.0995127250012183
"2584",0.275743644301141
"2585",0.13285627279405
"2586",0.86086563629359
"2587",0.454502321905873
"2588",1.40948362838267
"2589",0.355094366703905
"2590",0.777142111560516
"2591",0.219725655675162
"2592",0.397839021684543
"2593",0.146019666194357
"2594",0.146068565077293
"2595",0.145795503788035
"2596",0.381098382019784
"2597",0.144159507396663
"2598",0.269398205290823
"2599",0.294818579989561
"2600",0.147841410610274
"2601",0.246245442078068
"2602",0.036505109495679
"2603",0.452946958122725
"2604",2.01413389948039
"2605",1.34108987572737
"2606",0.278008989940651
"2607",0.76192116959078
"2608",0.543302700597634
"2609",0.519712525233723
"2610",0.234285893037459
"2611",0.147341228222781
"2612",0.268993970364517
"2613",0.214770585393087
"2614",0.66786278081129
"2615",0.123426975791849
"2616",0.498301218686663
"2617",0.15493857614127
"2618",0
"2619",0.00577052217894401
"2620",0
"2621",0.192068410329363
"2622",0.162340664327183
"2623",0.42706830458229
"2624",0.377641263372822
"2625",0.893037042644276
"2626",0.237258583408997
"2627",0.124913990240031
"2628",0
"2629",0.00322739946219358
"2630",0.0980203040556406
"2631",0.566118295729455
"2632",0.146885621884486
"2633",0
"2634",0
"2635",0
"2636",0
"2637",0.0827176054358958
"2638",0.215630423660646
"2639",0.0967347834838838
"2640",0
"2641",0.0713510754529136
"2642",0
"2643",0.0221384894336362
"2644",0
"2645",0.0817344014834669
"2646",0
"2647",0
"2648",0.128511327367426
"2649",0.0122030701784556
"2650",0.143215920713224
"2651",0.132504077463578
"2652",0.797333993985647
"2653",0.162875056082228
"2654",0.156104424454339
"2655",0.1107588107873
"2656",0.373237814124113
"2657",0.0615629947235938
"2658",0
"2659",0
"2660",0.00464423119564959
"2661",0.00464423119564959
"2662",0.00464423119564959
"2663",0.00464423119564961
"2664",0.00464423119564959
"2665",0
"2666",0
"2667",0
"2668",0
"2669",0
"2670",0.173330935247504
"2671",0.710358950743223
"2672",1.37527559228198
"2673",0.968921793496308
"2674",0.978180734650521
"2675",0.288613438422611
"2676",0.483010308978502
"2677",0.111217855477746
"2678",0.023056752581611
"2679",0.0301143588289444
"2680",0
"2681",0.562286778084699
"2682",0.0569351698369318
"2683",0.432605155399077
"2684",0.448557863918338
"2685",0.187187971611572
"2686",0.474355433253515
"2687",0.0485976515372142
"2688",0.762560453663181
"2689",0.173778639850958
"2690",0.0181014081385672
"2691",0.191233702618748
"2692",0.462662992820028
"2693",0.100884366247683
"2694",0.369217889672753
"2695",0
"2696",1.0933020781637
"2697",0.267565242481269
"2698",0.991888456698246
"2699",0
"2700",0.103859656280025
"2701",0.597583337975667
"2702",0.683994998647984
"2703",0.625470550875542
"2704",0.205715424172804
"2705",0.526964357600708
"2706",0.279349709413122
"2707",0.214839036246168
"2708",0.157996457483917
"2709",0.274486625355191
"2710",0.16191185435997
"2711",0.412025204782189
"2712",0.185920364591009
"2713",0.671941422351756
"2714",0.174862923637486
"2715",0.206920399315043
"2716",0
"2717",3
"2718",2.87004454091204
"2719",0.409303987245848
"2720",0.00928673305529068
"2721",0.553596123400141
"2722",0.86374032775785
"2723",0.46465746223997
"2724",0.609307168875025
"2725",0.112764983108845
"2726",0.212833215808588
"2727",0.418435118138466
"2728",0.383772849546809
"2729",0.462899719447472
"2730",0.723885940803068
"2731",0.0233518917023435
"2732",0.281013755446344
"2733",0.0607647010611289
"2734",0.0555352155597519
"2735",0.197923335414823
"2736",0.408928581822693
"2737",0.137766914155591
"2738",0.749977872440612
"2739",1.35325047781746
"2740",0.994292442241176
"2741",0
"2742",0.490758707600019
"2743",0
"2744",0.25638212088912
"2745",0.118660528010196
"2746",0.0445311239361873
"2747",0
"2748",0.348168815045041
"2749",0.408689649162504
"2750",0
"2751",0.828683515646646
"2752",0.675913104947639
"2753",0.199424701333416
"2754",0.0813763937277732
"2755",0.141770792157852
"2756",0.507391715779385
"2757",0.506012113740266
"2758",0.350812222752985
"2759",0
"2760",0.689046394844875
"2761",0.317607527925971
"2762",0.103710723354974
"2763",0
"2764",0.0364640310110869
"2765",0.164738275627652
"2766",0.106367196405896
"2767",0.077671186450821
"2768",0.68866107543109
"2769",0.31995046963961
"2770",0.0444858062784947
"2771",0.17843561759121
"2772",0.0728955319925245
"2773",0.00450481744459354
"2774",0.00348936184046042
"2775",0.00464423119564959
"2776",0.00464423119564959
"2777",0.00464423119564959
"2778",0
"2779",0
"2780",0
"2781",0
"2782",0
"2783",0.166000553133462
"2784",0.410118829312208
"2785",1.02814022222652
"2786",1.27920712499435
"2787",0.670442693341886
"2788",0.346713931460549
"2789",0.116442398736374
"2790",0.0593515144636168
"2791",0.208793762223966
"2792",0
"2793",0.627720013419887
"2794",0
"2795",0.593813850272518
"2796",0.126870036374498
"2797",0.843513112544637
"2798",0.0095249800825089
"2799",0.644635724288734
"2800",0.425423784851147
"2801",0.181303535999451
"2802",0.702447072050672
"2803",1.69138981788104
"2804",0.944454676363619
"2805",0.307851527838265
"2806",0.291098582999817
"2807",0.291982336213697
"2808",0.184638004368692
"2809",0.56877243065089
"2810",0.21904421432688
"2811",0.0941815570264994
"2812",0.427146664225057
"2813",0.203672292492937
"2814",0.0932650646011294
"2815",0.456229983431648
"2816",0.664940950840825
"2817",0.349908306575971
"2818",0.395502657867639
"2819",0.329111888360192
"2820",0.714244558494902
"2821",0.102004519246589
"2822",0.161987060014111
"2823",0.216558737081796
"2824",0.0299451407138827
"2825",0.0215068683380734
"2826",0.0823385652111545
"2827",1.03612615503152
"2828",0.0977102041855081
"2829",0.134238022003409
"2830",1.29317794213735
"2831",0
"2832",0.117895756185416
"2833",0.387813806638546
"2834",0.304988019668099
"2835",1.29000942852519
"2836",0.467668371537057
"2837",1.39223522103117
"2838",0.353075397594678
"2839",0.260631419616655
"2840",0.270222316512148
"2841",1.26807785725537
"2842",0.942908193635127
"2843",0
"2844",0.74782712725997
"2845",0.513062051016969
"2846",0.307652266388939
"2847",0.107857730667216
"2848",0.162916396646634
"2849",0.126349814876871
"2850",0.979025394309975
"2851",0.110789997086525
"2852",0.567382689546834
"2853",0.603484110615543
"2854",0
"2855",0
"2856",0.240281423117675
"2857",0
"2858",0.259659171919015
"2859",0
"2860",0.45241932609775
"2861",1.46553616200492
"2862",0
"2863",0.317590673294428
"2864",0.366316869694008
"2865",0.283308918589219
"2866",0.225780639964368
"2867",0.138900365515692
"2868",0.0281023895031159
"2869",0.109248836909586
"2870",0.225657152201979
"2871",0.0303271431004251
"2872",0.371286751837656
"2873",0.851219428450077
"2874",0.30592751882403
"2875",0.397395975968104
"2876",0.0702745601260945
"2877",0
"2878",0.0163712572299335
"2879",0.153834077214539
"2880",0.103571754679176
"2881",0.191644039475029
"2882",0.447427869720042
"2883",0.778982562093289
"2884",0
"2885",0.0162037443698166
"2886",0.00706094093421652
"2887",0.00241454934648194
"2888",0.00464423119564959
"2889",0.00464423119564959
"2890",0.00464423119564959
"2891",0
"2892",0
"2893",0
"2894",0
"2895",0
"2896",0
"2897",0.439662167997932
"2898",0.351533260830583
"2899",0.491374492354025
"2900",0.687120277663359
"2901",0.479105975370626
"2902",0
"2903",0
"2904",0.0718882278636508
"2905",0.0541350066181576
"2906",0.31855349349489
"2907",0.473210855737757
"2908",0.535979171003917
"2909",0.186349244596356
"2910",1.33572767783497
"2911",0.106456130323202
"2912",0.704872822705782
"2913",0.205963254517986
"2914",0.934243198913703
"2915",0.478956581458859
"2916",0.0255754218365435
"2917",0.0198422780117687
"2918",0.33673796044844
"2919",0.0586469754081058
"2920",0.309996146265203
"2921",0.0263757784455101
"2922",0.764276055064065
"2923",0.650729226736361
"2924",0.893006221930236
"2925",1.11185203188693
"2926",0.484036840947936
"2927",0.165731452083922
"2928",0.201231791793511
"2929",0.223269584344336
"2930",0.228527769683161
"2931",0.581924650471532
"2932",0.319126733586269
"2933",0.331448519835659
"2934",0.206868090008067
"2935",0.0754660861897304
"2936",0.0151015222449696
"2937",0.0134658894041473
"2938",0.201295551414878
"2939",0.115012399352403
"2940",0.0195873799330542
"2941",0.0318238943608339
"2942",0.604973535191364
"2943",0.397450249968432
"2944",0.532463016628883
"2945",0.392752491123387
"2946",0.66015859633214
"2947",0.920746675937118
"2948",0.359550051285401
"2949",0.913897236326143
"2950",0.544395648454886
"2951",0.335325737777663
"2952",1.1414316742889
"2953",0.217547433501207
"2954",0.634969368130698
"2955",0.0607867803234855
"2956",0.259526764435269
"2957",0.00911120921842691
"2958",0.0958957985901819
"2959",1.01517407484083
"2960",0.311574033662557
"2961",0.679604119056246
"2962",0.512823217187736
"2963",0.165450716217806
"2964",0.649661812579345
"2965",0.20766961240542
"2966",0.10752566317083
"2967",0
"2968",0.485306461258092
"2969",0
"2970",0
"2971",0.770610670039528
"2972",0.0538850452706935
"2973",0.172121897862439
"2974",0.593978218032322
"2975",0.602349483839642
"2976",0.333384533690472
"2977",0.363052287118021
"2978",0.361224334671117
"2979",0.967767319416928
"2980",0
"2981",0.0862767672163803
"2982",0.132046802983405
"2983",0.0108850302380109
"2984",0
"2985",0.193592279286043
"2986",0.0793483979764199
"2987",0.169843078779384
"2988",0.852006909313317
"2989",0.13610254450545
"2990",0
"2991",0
"2992",0.158600766559691
"2993",0.0967152583035993
"2994",0.184709963512986
"2995",0.716718484646885
"2996",0.259450394218199
"2997",0.906201127433967
"2998",0.106911674454709
"2999",0.645920537344494
"3000",0
"3001",0
"3002",0.00464423119564959
"3003",0.00464423119564959
"3004",0.00464423119564959
"3005",0
"3006",0
"3007",0
"3008",0
"3009",0.0227195759827848
"3010",0.616872987361348
"3011",0
"3012",0
"3013",0
"3014",0
"3015",0
"3016",0.0555616039817149
"3017",0.840659872530928
"3018",0.356767073762014
"3019",0.399197324092262
"3020",0.225863827365366
"3021",0.178108178257234
"3022",0.132175047934754
"3023",0.195619498624346
"3024",0.0912641880785391
"3025",0.686957980895569
"3026",0.161934748195152
"3027",0.567065666847008
"3028",0.409694034666473
"3029",1.41782333000302
"3030",0.555866995241815
"3031",1.32371799130812
"3032",0.287619093865757
"3033",1.37964899981993
"3034",0.578245615040842
"3035",0
"3036",0.0525141991204146
"3037",0.0673632349799361
"3038",0.165433593198089
"3039",0.256173130946649
"3040",0.169057515636375
"3041",0.0450992274824709
"3042",1.09487177954988
"3043",0.846374100197537
"3044",0.425861030943721
"3045",0.261183609025055
"3046",0.0714003846900186
"3047",0.335297169005626
"3048",0.539349444139801
"3049",0.453825090372517
"3050",1.20989584634518
"3051",0.829504193378361
"3052",0.0542518016920415
"3053",0.0221991320075467
"3054",0
"3055",0.341453009278694
"3056",0.146379104092245
"3057",0.347845024300805
"3058",0.559165197772973
"3059",0.0935054641992213
"3060",0.283163084353051
"3061",0.717917997341771
"3062",0.591607253187772
"3063",0.4520284657526
"3064",0.490395742494012
"3065",0.845607227555444
"3066",1.37458627965286
"3067",0.343801407641639
"3068",0.813266326789655
"3069",0.564309272529895
"3070",0.43262663961869
"3071",0.686865148252069
"3072",0.616253680244266
"3073",0.253837853710213
"3074",0.0578895811055838
"3075",0.024549770004319
"3076",0.562411648360401
"3077",0.721182812039621
"3078",0.752424494323773
"3079",0.57125222678835
"3080",0.514568347496149
"3081",0
"3082",0.215688040583379
"3083",0
"3084",0.689872785893732
"3085",0
"3086",0
"3087",0
"3088",0.089251406493327
"3089",0.603599456816681
"3090",0.0706553091934252
"3091",0.421598225721937
"3092",0.951402958971197
"3093",0.341533285833899
"3094",0.105582480553007
"3095",0.551770413385412
"3096",0.756974953960293
"3097",0.641946093075416
"3098",0.249276820238347
"3099",0.0331615038889449
"3100",0.0923782166201013
"3101",0
"3102",0.505660341223118
"3103",0
"3104",0.0749352237209227
"3105",0.0718201410895103
"3106",0.0499300727513742
"3107",0
"3108",0
"3109",0
"3110",0.00365461981687653
"3111",0.206837220673243
"3112",0.422230947207221
"3113",0.108932615687639
"3114",1.31497897915501
"3115",0.254866509139486
"3116",0.303196567103063
"3117",0
"3118",0
"3119",0.00179670928682266
"3120",0.00464423119564959
"3121",0.00464423119564959
"3122",0.00464423119564959
"3123",0.00464423119564959
"3124",0.00464423119564961
"3125",0.00464423119564959
"3126",0
"3127",0
"3128",0.0222813003127404
"3129",0.787233733287729
"3130",0.021783767601839
"3131",0.616855508989321
"3132",0
"3133",0
"3134",0
"3135",0
"3136",0.00494491500580466
"3137",0.441951618229933
"3138",1.07519840219757
"3139",0.347494428592015
"3140",0.957193421171388
"3141",0.475477705636312
"3142",0.127326831889072
"3143",0.434874383043263
"3144",1.05003299494874
"3145",0.233643648068217
"3146",0.640802475226749
"3147",0.614871886043653
"3148",0.975833916899143
"3149",0.778440242762908
"3150",0.416890146402408
"3151",0.529231854496501
"3152",2.25398068271312
"3153",0.79025992501806
"3154",1.72002277837089
"3155",0.301164181951203
"3156",1.01611632007034
"3157",0.114086627193903
"3158",0.0470304669383355
"3159",0.258709308814961
"3160",0.170340416241459
"3161",0.773702854111894
"3162",0.43860071821174
"3163",0.768468442165415
"3164",0.508676219249462
"3165",0.34805382395502
"3166",0.336200605062654
"3167",0.597400004787586
"3168",0.904687674292444
"3169",1.50675429430741
"3170",0.401178786663077
"3171",0.993248978352955
"3172",0
"3173",0
"3174",1.14483909544937
"3175",0
"3176",0.534305629440992
"3177",0.55481739393887
"3178",0.274715205896563
"3179",0.263543029802896
"3180",0.275259620090704
"3181",0.36005793720361
"3182",0.509889724943745
"3183",0.431350947986171
"3184",0.137857168202632
"3185",0.714506695604243
"3186",0.220557820784937
"3187",0.151714953229857
"3188",0
"3189",0.282226543381144
"3190",0.454518857910174
"3191",1.1657672269863
"3192",0.336854971023303
"3193",0.0976105242051132
"3194",0.0209276266642796
"3195",0.145812734169588
"3196",0.0269417360868347
"3197",0.650372223506847
"3198",0.0674185247820288
"3199",0.307692771533321
"3200",0.083837225193569
"3201",0.0411786054167841
"3202",0.479833525672854
"3203",0.276682047068917
"3204",0
"3205",0.1916009257101
"3206",0
"3207",0
"3208",0.0227924071725288
"3209",0.239017126130919
"3210",0.371681291678981
"3211",0.932579054354119
"3212",1.6743412726253
"3213",1.34037755971561
"3214",0.872019533376613
"3215",0.550543718408708
"3216",0.422055449175605
"3217",0.414324082689012
"3218",0.0019926643988136
"3219",0.212168087236044
"3220",0.0786144756855416
"3221",0
"3222",0
"3223",0
"3224",0.0869661563941376
"3225",0
"3226",0
"3227",0
"3228",0
"3229",0
"3230",0
"3231",0.015226176201727
"3232",0.157881632574458
"3233",0.959879855396234
"3234",0.115269269015241
"3235",0.617767313710629
"3236",0.657316506006505
"3237",0.0628015638128777
"3238",0.00279840486220303
"3239",0
"3240",0
"3241",0.00464423119564959
"3242",0.00464423119564959
"3243",0.00464423119564959
"3244",0.00464423119564959
"3245",0
"3246",0.152225824233104
"3247",0.12820555383321
"3248",0.13924864441661
"3249",0.349763903212326
"3250",0
"3251",0.0218430246426961
"3252",0.0730425841745884
"3253",0.589708107628007
"3254",0.784980877991662
"3255",0
"3256",0
"3257",0
"3258",0
"3259",0
"3260",0.139672189079129
"3261",2.52238887541247
"3262",1.82498503797277
"3263",1.83213755288058
"3264",0.740542688085352
"3265",0.52443150534658
"3266",0.677326414342203
"3267",0.0165094553592728
"3268",0.0596867276439052
"3269",0.369138815529047
"3270",0.173732141331565
"3271",0.406329926654119
"3272",0.229487593353282
"3273",0.721705027530183
"3274",0.0235933223660431
"3275",0.0546969251990939
"3276",0.683287336736578
"3277",0.698579714809439
"3278",0.699739251595115
"3279",0.149920130953062
"3280",0.563481489108581
"3281",0.601621417943043
"3282",0.908474518358356
"3283",0.192847547129511
"3284",0.243179574001529
"3285",0.150001931641464
"3286",0.458152652628644
"3287",0.512727830023369
"3288",0.292486969425749
"3289",0.143764668884551
"3290",0.432439883771331
"3291",0.477061059042381
"3292",0.464255363563243
"3293",0.562605470667277
"3294",1.08939688009889
"3295",0.416173132533375
"3296",0.167335213803317
"3297",0.294760697173122
"3298",0.0859731744567394
"3299",0.179150503425255
"3300",0.276082681823973
"3301",0.730729638901242
"3302",0.550997854509111
"3303",0.132792683117093
"3304",0.38537670409178
"3305",0.661748000779776
"3306",0.135415643846693
"3307",0.0196136440303661
"3308",0.444458579918602
"3309",0.287540136377795
"3310",0.324632468463192
"3311",0.415312926535631
"3312",0
"3313",0.176679278052605
"3314",0.127879997069856
"3315",0.294307756872836
"3316",0.0942669836144938
"3317",0.236601304186991
"3318",0.1338472546228
"3319",0.0577673547441379
"3320",0.183279297565548
"3321",0.516620451935347
"3322",0.421659919983908
"3323",0.156703466930866
"3324",0.362265585554658
"3325",0.582447245680166
"3326",0
"3327",0.0979071021960126
"3328",0.198262865320896
"3329",0
"3330",0.168993363068512
"3331",0.0144594544671529
"3332",0.129972832934513
"3333",0.122734619243022
"3334",0.362257795672444
"3335",0.994228941234491
"3336",3
"3337",0.439497545913487
"3338",0.20327051188319
"3339",0.601540469447977
"3340",0.713212261352603
"3341",0.0126486107039503
"3342",0.665155607749092
"3343",0.524003560563362
"3344",0.0745356307594616
"3345",0.072736051002344
"3346",0
"3347",0.0652832207564415
"3348",0
"3349",0
"3350",0
"3351",0
"3352",0
"3353",0.0516862277706601
"3354",0
"3355",0
"3356",0.286665467493484
"3357",0.229632645298815
"3358",0.268232802051773
"3359",0.164185825421885
"3360",0.34663177984698
"3361",0.0704103884285467
"3362",0.072029863307944
"3363",0.0894566761811238
"3364",0.0193481351159526
"3365",0
"3366",0.00464423119564959
"3367",0.00464423119564961
"3368",0.00464423119564959
"3369",0
"3370",0.152225824233103
"3371",0.122198711053813
"3372",0.0498225803478171
"3373",0.22024469167448
"3374",0.170616668766922
"3375",0.122315663807163
"3376",0.00391842211383606
"3377",0
"3378",0.0218343543180509
"3379",0
"3380",0.0136558014724132
"3381",0.0644595916210081
"3382",0
"3383",0
"3384",0
"3385",0
"3386",0
"3387",0
"3388",0.472670220685774
"3389",2.37840510201645
"3390",3
"3391",1.6615734718435
"3392",0.753032698234864
"3393",0.79708962230311
"3394",0.468189973913675
"3395",0
"3396",0.505926985457873
"3397",0.0707110127063207
"3398",0.2735781973188
"3399",0.575209767239166
"3400",0.324242068560438
"3401",0.5089045360935
"3402",0.00711645669695278
"3403",0
"3404",0
"3405",1.01210745964093
"3406",0.346557886218124
"3407",0.585837651141482
"3408",0.610651945355864
"3409",0.362160698768544
"3410",0.206177339618809
"3411",1.14823299506897
"3412",0.920048439930598
"3413",0.339444200794496
"3414",0.725504984680183
"3415",0.0707034792928132
"3416",0.367157812445322
"3417",0.364279428366593
"3418",0.844114069796969
"3419",0.381829980047508
"3420",0.655998355470139
"3421",0.312283020150204
"3422",0.75432695464315
"3423",0.630417492078464
"3424",0.328443941187268
"3425",1.35153578745611
"3426",0.303743986359579
"3427",0.218006511842834
"3428",0.159642392257859
"3429",0.321190315724968
"3430",0.110463048427606
"3431",0.454431650743528
"3432",0.529333140588613
"3433",0.335475468604176
"3434",0.0500430594393203
"3435",1.0603351779195
"3436",0.869657227768669
"3437",0.635834556854013
"3438",0.0842913105259771
"3439",0.0772272406098443
"3440",0.104490829481283
"3441",0.67246159274368
"3442",0.704033790628722
"3443",0.436786541684962
"3444",0.32593674742049
"3445",0.0933436426970671
"3446",0.350369840839516
"3447",0.616115593158001
"3448",0.230107454511506
"3449",0.120551136845629
"3450",0.165362006291473
"3451",0.568651409276199
"3452",0.406178630151771
"3453",0.697907108939767
"3454",0.759089364961504
"3455",0
"3456",0
"3457",1.09836566133699
"3458",0
"3459",0
"3460",0.0567891022960958
"3461",0.619137250561442
"3462",0.774760915397694
"3463",1.2371977742172
"3464",2.66460251985178
"3465",0.725189680650553
"3466",0.227068031304966
"3467",0.488349456611354
"3468",0.0702449872811422
"3469",0.339082900915862
"3470",0.415118443764732
"3471",0.0528222774972867
"3472",0.0640618387108737
"3473",0
"3474",0.0956416446381008
"3475",0
"3476",0
"3477",0
"3478",0
"3479",0
"3480",0.0595934914017498
"3481",0
"3482",0.123337026831981
"3483",0.666092090880969
"3484",0.679630217000796
"3485",0.319303878082457
"3486",0.282486001085115
"3487",0.606873998791441
"3488",0.0525875337298335
"3489",0.234904964317674
"3490",0.0646888738939529
"3491",0.0690213798908622
"3492",0.0678944556156397
"3493",0
"3494",0.00464013948145581
"3495",0.00464423119564959
"3496",0
"3497",0.152225824233104
"3498",0.177062485297568
"3499",0.761205435218983
"3500",0.328350837250775
"3501",0.514401803320114
"3502",0.0632684795537754
"3503",0
"3504",0.0204366280013907
"3505",0
"3506",0.0357872814087206
"3507",0
"3508",0
"3509",0.0266874713945254
"3510",0
"3511",0
"3512",0
"3513",0
"3514",0.765206613887575
"3515",0.868107024287423
"3516",3
"3517",2.25030476508228
"3518",2.34651910861665
"3519",0.992656410678894
"3520",0.706050424858096
"3521",0.308845722212906
"3522",2.36649193751036
"3523",0.321455219361548
"3524",0.0556147300534189
"3525",0.15840744914375
"3526",0.0140453450083444
"3527",0.00508592316475626
"3528",0
"3529",0.450714659367348
"3530",0.372763080314927
"3531",0.663596949628002
"3532",0
"3533",0.460415636630928
"3534",1.08233118360219
"3535",0.545566286767297
"3536",0.282582361841293
"3537",0.623287055190379
"3538",0.664138668760322
"3539",0.188772888675283
"3540",0.840847326161354
"3541",0.14267367388087
"3542",1.38879047610796
"3543",0.850698095258903
"3544",0.366527364364598
"3545",0.0732518774943292
"3546",0.355823641935817
"3547",0.112187012331075
"3548",1.06478603441323
"3549",0.233403305259626
"3550",0.165577108617496
"3551",0.448575801490097
"3552",0.335121608337455
"3553",0.265655794387634
"3554",0.122319125612413
"3555",0.0759302028602268
"3556",0.0858741306612779
"3557",0.92183158392889
"3558",0.508026927718114
"3559",0.761546290426785
"3560",0.292574219652754
"3561",0.746877773003507
"3562",0.340998882345858
"3563",0.280060771352239
"3564",0.505223916615486
"3565",0.278132614304715
"3566",0.0990041726814259
"3567",0.394074832366958
"3568",0.227097456564381
"3569",0.520930250987894
"3570",0.189057765249276
"3571",0.176313069910614
"3572",0.915444322082287
"3573",0.524098436178524
"3574",0.258875211580901
"3575",0.113072599992611
"3576",0.462358812899043
"3577",0.174692572316143
"3578",1.0213822857906
"3579",0.440529990129146
"3580",0.741427290189734
"3581",1.21133853086802
"3582",0.566078063315699
"3583",0.130598242369807
"3584",0.110700109063916
"3585",0
"3586",0.447451900154392
"3587",0.592808064153464
"3588",0.543982836608669
"3589",1.16838022276732
"3590",2.09315043451172
"3591",2.10097728298308
"3592",1.01244522509182
"3593",0.145542697406579
"3594",0.0737452102190011
"3595",0.45561383249451
"3596",0.082904692749164
"3597",0.00372478860945104
"3598",0
"3599",0
"3600",0.0816391681655946
"3601",0.128149030499938
"3602",0.104001304875602
"3603",0
"3604",0.00217510690822178
"3605",0
"3606",0
"3607",0
"3608",0.677989279414067
"3609",0.0864828358179737
"3610",0.0673195024320145
"3611",0.338881971880268
"3612",0.436529260454419
"3613",0.588901432473607
"3614",0.65738724419339
"3615",0.513025179966504
"3616",0.559942442137628
"3617",0.115110119684383
"3618",0.0648376637244975
"3619",0.073318376627617
"3620",0.028064903458934
"3621",0
"3622",0.00217885527969442
"3623",0
"3624",0.269682403499855
"3625",0.175932099713036
"3626",0.341441694991205
"3627",1.07858358605597
"3628",0.385978239806919
"3629",0.868974202493544
"3630",0.586929118344676
"3631",0
"3632",0
"3633",0
"3634",0
"3635",0
"3636",0
"3637",0.0209011654826162
"3638",0
"3639",0
"3640",0
"3641",0.154823094040294
"3642",0.859731788222083
"3643",0.850821168932637
"3644",1.46120859603002
"3645",0.67148501152674
"3646",0.949115834014425
"3647",0.208748999614518
"3648",1.3943554141754
"3649",2.79442288266985
"3650",0.444260661301961
"3651",0
"3652",0.549567651556392
"3653",0.185589111810685
"3654",0
"3655",0.027628913446829
"3656",0
"3657",0.163738100942787
"3658",0
"3659",0.658692068910845
"3660",0.315097962170853
"3661",0.560856991014208
"3662",0.70204817600004
"3663",0.662016829149559
"3664",0.462014912509943
"3665",0.647590827653301
"3666",1.01557305970006
"3667",0.0526797739670647
"3668",0.821992117729815
"3669",0.93764660700712
"3670",0.462254989981315
"3671",1.00032040049997
"3672",1.2623575854233
"3673",0.936836280627653
"3674",0.410767969255923
"3675",0
"3676",0.493411509643987
"3677",0.731998578351508
"3678",0.25145863726263
"3679",0.951405367386344
"3680",0.90827419518779
"3681",0.140904665052943
"3682",0.139335976601363
"3683",0.495803376168574
"3684",0.107606129349656
"3685",0.382853071431835
"3686",0.753487395523293
"3687",0.67792458572919
"3688",0.354550538859539
"3689",0.182623898423428
"3690",0.333895084719361
"3691",0.262517064312417
"3692",0.151584255481792
"3693",0.171503215154381
"3694",0.622445500456846
"3695",0.672716497889877
"3696",0.669929584272783
"3697",0.47895209831942
"3698",1.28553849343537
"3699",0.508736122006225
"3700",0.461251776721058
"3701",0.552743803447768
"3702",1.08597651221166
"3703",0.344377817331295
"3704",0.40480937315989
"3705",0.0452567478521372
"3706",0.847187280813184
"3707",0.465164889306732
"3708",0.624583932219619
"3709",0.59726687398295
"3710",0.183070361826262
"3711",0.0412028619343221
"3712",0.297633522655259
"3713",0
"3714",0
"3715",0.343214973604357
"3716",0.367602496742752
"3717",1.24092333412421
"3718",1.8464628565411
"3719",0.388752062838165
"3720",0.542959624307031
"3721",0.732863646293227
"3722",0
"3723",0.216878897834228
"3724",0
"3725",0.48716245726723
"3726",0
"3727",0.122473704545098
"3728",0.111806487326817
"3729",0.107311147727343
"3730",0.547485135913348
"3731",0.562685377355201
"3732",0.14436432785948
"3733",0
"3734",0
"3735",0
"3736",0
"3737",0.200011348868089
"3738",0.19667598087766
"3739",0.412639215097419
"3740",1.02426771800786
"3741",0.485912776599801
"3742",0
"3743",0.611848811885369
"3744",0
"3745",0.0655595708833249
"3746",0.0784068285028605
"3747",0.0132832813796993
"3748",0
"3749",0
"3750",0.00281950416770419
"3751",0.0699187432880196
"3752",0.633438009228198
"3753",0.255262980579919
"3754",0.410021816447266
"3755",0.477785350632947
"3756",0.0767776195008165
"3757",0
"3758",0.448905439852347
"3759",0
"3760",0
"3761",0.0729872554262031
"3762",0.092432737814454
"3763",0.0485718869105326
"3764",0
"3765",0
"3766",0
"3767",0.331634293395009
"3768",0.303374235069847
"3769",0.552996765835215
"3770",1.2174623343066
"3771",0.398603769627444
"3772",0.763253456380561
"3773",0.299923603743784
"3774",0.83051832604741
"3775",0.89151052324388
"3776",0.706432987303609
"3777",0
"3778",1.06816812078056
"3779",0.608857671207329
"3780",0
"3781",0
"3782",0
"3783",0
"3784",0
"3785",1.22456116282802
"3786",0
"3787",0
"3788",0.380123757307117
"3789",0.36804073111471
"3790",0.930263007293561
"3791",0.715424511042436
"3792",1.24059995920523
"3793",0.787483104546706
"3794",1.10387729972166
"3795",0.443745668232529
"3796",1.19886815673712
"3797",1.04632636342039
"3798",0.919321012379137
"3799",0.691611879483626
"3800",1.28500146250231
"3801",0.478758459390621
"3802",0.0667650404697412
"3803",0.221300779759307
"3804",0.255697927813786
"3805",0.421058925906317
"3806",0.552088886309432
"3807",0.127188660665715
"3808",0.50136090552761
"3809",0.351190228345798
"3810",0.240299106941057
"3811",0.120936706847621
"3812",0.163273988793986
"3813",0.187171994104575
"3814",0.456946688094748
"3815",0.141003154000067
"3816",0.248955874866238
"3817",0.948825132168191
"3818",0.0203849208565034
"3819",0.519527132283215
"3820",0.0895602526242616
"3821",0.0939718340329277
"3822",0.347565134611237
"3823",0.430748419968265
"3824",0.331506190321907
"3825",0.13612481832548
"3826",0.42573588938988
"3827",0.510247426376125
"3828",0.474398246739598
"3829",0.658737552991677
"3830",1.08102725486559
"3831",0
"3832",1.67045631879979
"3833",0.181299229651236
"3834",0.229910617097045
"3835",0.19075184464902
"3836",0.435649769577838
"3837",0.107200333776163
"3838",0.310187053266758
"3839",0.0710738757141707
"3840",0.0635314276527802
"3841",0
"3842",0.0182582186792772
"3843",0.341718163110333
"3844",0.40616896672389
"3845",0.326824830263586
"3846",0.0374075848970187
"3847",1.2338267480341
"3848",0
"3849",0.210831468322349
"3850",0.0182173997224247
"3851",0.0377968928214762
"3852",0
"3853",0
"3854",0
"3855",0.137816813713467
"3856",0.490117697558996
"3857",0.0516144454104802
"3858",0.135128675571101
"3859",0
"3860",0.124379351600898
"3861",0
"3862",0
"3863",0
"3864",0
"3865",0.762212011882375
"3866",0.465527097176129
"3867",0.797006604923232
"3868",0.499905116777454
"3869",0.0972338458554684
"3870",0.792151499811578
"3871",0
"3872",0.0805429082011216
"3873",0
"3874",0
"3875",0.00896449496473796
"3876",0.00775608068457776
"3877",0
"3878",0.123310666292482
"3879",0.118942577533646
"3880",0.109508436607579
"3881",0
"3882",0.915777916163413
"3883",0
"3884",0.164572368834258
"3885",0.315301633362332
"3886",0.529667055614821
"3887",0.0599362227716672
"3888",0
"3889",0.0245934717161473
"3890",0.192742895020406
"3891",0.150090943535429
"3892",0.713555725060664
"3893",0.472019955268665
"3894",0.017765228031131
"3895",0
"3896",0.320965097790691
"3897",0.148929486842326
"3898",0.147674152730474
"3899",1.21995394472869
"3900",0.15583331568757
"3901",0.355651261664873
"3902",0.141340011558001
"3903",0.654536206311339
"3904",0.352504446604281
"3905",0.247170696763461
"3906",0.00190394381807651
"3907",0.467155990405556
"3908",0
"3909",0
"3910",0
"3911",0
"3912",0
"3913",0.467109078961268
"3914",0.528436110129763
"3915",0
"3916",0
"3917",0.16228380329106
"3918",0.44410173160927
"3919",0.61620857595286
"3920",0.789009256778826
"3921",0.695123623153428
"3922",0.876620045576825
"3923",2.06363835989909
"3924",0.923917730929603
"3925",2.26535964053509
"3926",0.634548245987506
"3927",1.15422629909844
"3928",0.462451180294629
"3929",0.706153449927726
"3930",0.894461512710292
"3931",0.565101269375956
"3932",0.319857807093794
"3933",0.25100367512851
"3934",0.416545215437764
"3935",0.619921796045553
"3936",0.217453987213149
"3937",0.531427259588344
"3938",0.358258058517707
"3939",0.253347420936722
"3940",0.215284963236698
"3941",0.355746649300752
"3942",0.124514098728149
"3943",0.0958363588542154
"3944",0.0125597924547574
"3945",0.0220476032899766
"3946",0.600674990053625
"3947",0
"3948",0.048013342503586
"3949",0.0420803874439473
"3950",0.664617784096469
"3951",0.481082852314112
"3952",0.817373060775677
"3953",0.556322285047583
"3954",0.172722504185128
"3955",0.152009693848512
"3956",0.173516911301576
"3957",0.691444040215205
"3958",0.540906067140875
"3959",0.378542161027951
"3960",0.200311514932603
"3961",0.591834023025906
"3962",0.463835132021287
"3963",0.274736774803555
"3964",0.13472999376016
"3965",0.0907456062855536
"3966",0.31755644816539
"3967",0.184217400534546
"3968",0.16728038268912
"3969",0.14814148074123
"3970",0.791856862850064
"3971",0
"3972",0.0238280492182368
"3973",0.278701437699961
"3974",0.673235869911031
"3975",0.326719685729317
"3976",0.221540583005035
"3977",0.371469923427664
"3978",0.0654282943559272
"3979",0
"3980",0.0351479552793607
"3981",0
"3982",0
"3983",0.205802142875053
"3984",0
"3985",0
"3986",7.41737501417511e-05
"3987",0.165960826470851
"3988",0.0510771450730557
"3989",0.168299005039799
"3990",0.342422118832713
"3991",0
"3992",0.0292661491087691
"3993",0
"3994",0
"3995",0.0273287234212566
"3996",0.282268674014289
"3997",0.574420263566042
"3998",0.525248979994365
"3999",0.609374325612722
"4000",0.463996298532578
"4001",0.280522336174894
"4002",0.0292831665406006
"4003",0.00865629787311813
"4004",0.00247835869554438
"4005",0
"4006",0
"4007",0
"4008",0.123310666292483
"4009",0.120524525465788
"4010",0.117738384639094
"4011",0.236744377182824
"4012",0.116156436706952
"4013",0.142184875666726
"4014",0
"4015",0.0909013462064645
"4016",0
"4017",0
"4018",0.629629350395665
"4019",0.586487284834694
"4020",0.759675837580933
"4021",0.0343981205882542
"4022",0.0212624371853346
"4023",0.208121667295243
"4024",0.256707128968208
"4025",0.796118895219844
"4026",0.624457601692852
"4027",0.382762469132022
"4028",0.655415802336858
"4029",0.209100541778212
"4030",0.435184268159076
"4031",1.03898728666527
"4032",0.752345631836573
"4033",0.626621869725039
"4034",0.35701302044593
"4035",1.31456093970898
"4036",0.25719261888954
"4037",0
"4038",0.0288162564204299
"4039",0.519760205483938
"4040",0
"4041",0
"4042",0.464567770891919
"4043",0
"4044",0
"4045",0.413689836335213
"4046",0
"4047",0
"4048",0
"4049",0.00273858398190967
"4050",0.320658150294086
"4051",0.409238454834256
"4052",0.449526957307147
"4053",0.874611628837245
"4054",2.48917618189089
"4055",1.93889817611367
"4056",2.91857775907435
"4057",0.960348762330308
"4058",1.15251979088662
"4059",0.72369674126865
"4060",0.830140972372527
"4061",0.114307252475644
"4062",0.113733827282952
"4063",0.079978740976661
"4064",0.284937444988234
"4065",0.315928970609558
"4066",0.407253109553558
"4067",0.240760403796462
"4068",0.764019332481958
"4069",0.806787641129491
"4070",0.501960995417627
"4071",0.334335197045487
"4072",0.550413953549073
"4073",0.478998075160968
"4074",0.129896090507212
"4075",0.241275906190475
"4076",0.0101534942005269
"4077",0.109522644206735
"4078",0.673794670311139
"4079",0.133458353391286
"4080",0.222733058881817
"4081",0.585063036782523
"4082",0.352167525543156
"4083",0.761127107936658
"4084",1.00532557750854
"4085",0.378757407105643
"4086",0.157577501310724
"4087",0.909351703379245
"4088",0.143451929863115
"4089",0.531978645681793
"4090",0.26330611145165
"4091",0.298680837721797
"4092",0.0791822117957768
"4093",0.54237194633929
"4094",0.00857813039323146
"4095",0.371667377443797
"4096",0.461826396018082
"4097",0.551042557179915
"4098",0.120626692251641
"4099",0.84028128012348
"4100",0.178088322615656
"4101",0.851900388065206
"4102",0.419296034823689
"4103",0.313076048044309
"4104",0.0467106016002884
"4105",0
"4106",0.331736512080183
"4107",0.170944691465706
"4108",1.13280829986352
"4109",0.518448802189768
"4110",0.274358452337253
"4111",0.0474581430807826
"4112",0
"4113",0.00360136133352385
"4114",0.680171145228499
"4115",0
"4116",0.198791659584828
"4117",0
"4118",0.164212117136757
"4119",0.172236440158424
"4120",0.39216070431258
"4121",0
"4122",1.13523701489796
"4123",0.448241034462428
"4124",0.0628326566430284
"4125",0.0187557251598843
"4126",0
"4127",0.152175898094134
"4128",0.20862416397352
"4129",0.510580392242677
"4130",0.387967581677416
"4131",1.21045115492912
"4132",0.786992737507558
"4133",0.267455117696409
"4134",0
"4135",0
"4136",0
"4137",0
"4138",0
"4139",0
"4140",0.123310666292483
"4141",0.117738384639094
"4142",0.116086726191685
"4143",0.231089374664347
"4144",0.0485670591466715
"4145",0.280504410294818
"4146",0.876272500352962
"4147",0.229604574629707
"4148",0.123131935979115
"4149",1.41517200329438
"4150",0.0235562836003664
"4151",0.517808352650536
"4152",0.197200102546992
"4153",0.0182635240459357
"4154",1.50258048310877
"4155",0
"4156",0.17307899271839
"4157",1.29672892262397
"4158",1.04987446925928
"4159",1.28135017215317
"4160",1.29356603526726
"4161",0.0743700444401257
"4162",0.73804112279633
"4163",0
"4164",0.909528736401075
"4165",0.470051711499604
"4166",0.707318945606336
"4167",0.0959988696313348
"4168",0.10591384776474
"4169",0.0138920603082552
"4170",0
"4171",0
"4172",0.0170366725549168
"4173",0
"4174",0
"4175",0
"4176",0
"4177",0
"4178",0
"4179",0
"4180",0
"4181",0.480386448997412
"4182",0.190919708312352
"4183",0
"4184",0.202588998771464
"4185",0.288656262116269
"4186",0.413869246405055
"4187",0.94564763399674
"4188",1.82377356022549
"4189",0.224156505837189
"4190",0.734525018794132
"4191",0.323509011366076
"4192",0.473225035011481
"4193",0
"4194",0.336420340044022
"4195",1.45000927811817
"4196",1.94902042924727
"4197",0.599900774899649
"4198",0.763332003921012
"4199",0.627918397130545
"4200",0.252159302635103
"4201",1.02533898718681
"4202",0.807615017596669
"4203",0.546225784444593
"4204",0.49064327870152
"4205",0.261120214630144
"4206",1.04770923517937
"4207",0.648568794709334
"4208",0.338209070093605
"4209",0.737354088192947
"4210",0.233762901565125
"4211",0.343417181719775
"4212",0.637622955719114
"4213",0.508396987410702
"4214",0.893520300344406
"4215",0.158993107171422
"4216",0.521071158083284
"4217",0.707311825372744
"4218",0.0401105524408672
"4219",0.353608696497592
"4220",0.0651841562618705
"4221",0.595380075556188
"4222",0.76826961157106
"4223",0.402859630604906
"4224",0.593698230259826
"4225",0.466087759764571
"4226",0.12509802769879
"4227",1.08092703751492
"4228",0.135601084921542
"4229",1.13094320410547
"4230",0
"4231",0.283951272873358
"4232",0.480677792804476
"4233",0.175328426567097
"4234",0.0512541678339847
"4235",1.66061039780565
"4236",0.0449422936854886
"4237",0.173141183889957
"4238",0.25776958612421
"4239",0.5278617573413
"4240",0.676593591953324
"4241",0.216425355444184
"4242",0.649099640705526
"4243",0
"4244",0
"4245",0.0659023467265558
"4246",0.0461075513419149
"4247",0.436086351929446
"4248",0.269359200581623
"4249",0
"4250",0.467855899323636
"4251",1.09863277732883
"4252",0.514486435319364
"4253",0.25945680866649
"4254",0.23335956004708
"4255",0.582993229561448
"4256",0
"4257",1.13293155913354
"4258",0.0983403506355595
"4259",0.275897903866545
"4260",0.110004320141456
"4261",0.813254222154022
"4262",0.376128881011691
"4263",1.13465103037471
"4264",0.29176008757393
"4265",0.908459422006493
"4266",0.801042758113697
"4267",0
"4268",0
"4269",0
"4270",0
"4271",0
"4272",0
"4273",0.156229563367057
"4274",0.13340792740939
"4275",0.133943995854576
"4276",0.129505649801504
"4277",0.142293789040144
"4278",0.109782349367303
"4279",0.0350820677104436
"4280",0.0961656684387232
"4281",0.0960904638906036
"4282",0.0610797676934463
"4283",0.837299539717453
"4284",0.325826578085465
"4285",0.126986314486356
"4286",0.803580350576092
"4287",0.0957281982473319
"4288",0.727013706247702
"4289",0.728640092030806
"4290",0.0753789835081032
"4291",0.051812237308278
"4292",0.519157956503509
"4293",0.173151490603556
"4294",0.402514484439182
"4295",0.3116912603079
"4296",0.851212197633499
"4297",1.13576654169363
"4298",1.76372367069632
"4299",0.219500722685384
"4300",0.931293075681328
"4301",0.56959921351133
"4302",0.142110971144572
"4303",0.366779412610848
"4304",0.0757649785386165
"4305",0.441356259763102
"4306",0
"4307",0.497754923972645
"4308",0
"4309",0
"4310",0
"4311",0
"4312",0.126662943502818
"4313",0.0200566742782716
"4314",0.0212068548703572
"4315",0
"4316",0.525008924632623
"4317",0
"4318",0
"4319",0
"4320",0.20616045552839
"4321",0
"4322",0.270587507353664
"4323",0.030899811253329
"4324",0.141489974518378
"4325",0.699401768388059
"4326",0.187284400339116
"4327",0.3699881372137
"4328",0.93736328273097
"4329",0.129344133556235
"4330",0.613057379293879
"4331",0.40458279016894
"4332",0.0374382840761377
"4333",2.90751650637199
"4334",3
"4335",1.66941324324432
"4336",1.43151459615
"4337",0.888627863272937
"4338",0.340737455166719
"4339",0.319766931566939
"4340",0.844716798073119
"4341",0.285557992471617
"4342",0.328133929878467
"4343",0.125541485266293
"4344",1.41700466828239
"4345",0.340584064361513
"4346",0.906977936271693
"4347",0.872538819937384
"4348",0.593610401838401
"4349",0.163569763518205
"4350",0.564143656565389
"4351",0.150407833889364
"4352",0.486801135501332
"4353",0.0289156528705975
"4354",0.416770005145621
"4355",0.367961999795215
"4356",0.140096502385493
"4357",0.380050748838859
"4358",0.158273161099602
"4359",0.447079931464898
"4360",0.25669938407212
"4361",0.197259676297604
"4362",0.266591883383775
"4363",0.851856340317329
"4364",0.557640434117316
"4365",0.589212566276486
"4366",0.502600842381478
"4367",2.50132394831858
"4368",0.642101916165254
"4369",0.0245923542579935
"4370",1.49786488549446
"4371",0.178170848921319
"4372",0.427783049824203
"4373",0.711616080512089
"4374",0.115191320032771
"4375",0.55545983351522
"4376",0.5510339629683
"4377",0.0665477579042868
"4378",0.497188776623263
"4379",0.0763621050452764
"4380",0.381677566921565
"4381",0.0287730649544884
"4382",0
"4383",0
"4384",0.110127778645915
"4385",0.111792776987356
"4386",0.21750866955434
"4387",0.0368134652417705
"4388",0.155246095337857
"4389",0.0141052152915559
"4390",0.055160631362532
"4391",0.156890565913078
"4392",0.173362189572295
"4393",0.106226608928234
"4394",0.00995031649857103
"4395",0.616635088489519
"4396",0
"4397",0.212486742781323
"4398",0.923162805424157
"4399",0.763695577449704
"4400",0
"4401",0.274480000564343
"4402",1.1986711311349
"4403",1.15739727842343
"4404",0.361336621309158
"4405",0.161694586541747
"4406",0.0813591996743222
"4407",0
"4408",0.108417933346829
"4409",0
"4410",0
"4411",0.25241391995312
"4412",0.110586291451722
"4413",0.111025775616222
"4414",0.1078214286387
"4415",0.105192912174513
"4416",0.0537047492494923
"4417",0.692579006652422
"4418",0.0546748264679021
"4419",0.0471583172754887
"4420",0.249139810070635
"4421",0.719241078306723
"4422",0.278718298567577
"4423",0.515643972855199
"4424",0.135222333043586
"4425",0
"4426",0.813547880147614
"4427",0.270926110950407
"4428",0.0611371418354755
"4429",0
"4430",0.0410794328596135
"4431",0.507365166818802
"4432",0.736045914627746
"4433",0.417252550459069
"4434",0.320971367263447
"4435",0.32648030215998
"4436",0.209735692600022
"4437",0.283963237137446
"4438",0.206364684316284
"4439",0.0909695212968713
"4440",0.182277789606254
"4441",0.0555133553842662
"4442",0.353043408340393
"4443",0.166266499248852
"4444",0
"4445",0
"4446",0
"4447",0
"4448",0.086272271535918
"4449",0
"4450",0
"4451",0.138506929692478
"4452",0.0205310420748721
"4453",0.0263894329558139
"4454",0.00827720674699486
"4455",0
"4456",0
"4457",0
"4458",0
"4459",0.273813666682567
"4460",0
"4461",0
"4462",0.104175445010849
"4463",0.168867404517997
"4464",0
"4465",0.516754434650161
"4466",0
"4467",0.347124127107192
"4468",0.467164738601555
"4469",0.428741963933661
"4470",1.13312201980392
"4471",2.28918771919041
"4472",0
"4473",0.709258295272731
"4474",1.03978957372971
"4475",1.03457837463298
"4476",0.262083531664796
"4477",0.1777482030207
"4478",0.173674717791639
"4479",0.123837513009894
"4480",0.311590500931555
"4481",0.63971197090538
"4482",0.504253156160229
"4483",1.36092612991091
"4484",0.536767002433233
"4485",0.539072200921257
"4486",0.326776304141693
"4487",0.352239969276176
"4488",0.0160018555756656
"4489",1.3253283885662
"4490",0.579774904663376
"4491",0.261302946976302
"4492",0.24796071378609
"4493",0.423234326231467
"4494",0.405759671482776
"4495",0.131114411993635
"4496",0.0840220757009723
"4497",0.631515984320431
"4498",0.493491085492737
"4499",0.485781287955786
"4500",0.875149918029878
"4501",0.426925945960488
"4502",0.590093395164311
"4503",0.887072053330023
"4504",0.986351117744551
"4505",0.898407041117341
"4506",0.135605245487029
"4507",0.250914411026078
"4508",0.190397126117146
"4509",0.471345173009381
"4510",0.787452412055312
"4511",0.181215793972858
"4512",0.674098942432607
"4513",1.03964210212123
"4514",0.211933752026557
"4515",0.920984683231431
"4516",0.835674919078194
"4517",0.795856721633868
"4518",0.0447796794400433
"4519",0
"4520",0
"4521",0.235123406275865
"4522",0.287013207365421
"4523",0.409599095934673
"4524",0.38971633561123
"4525",0.130599836903825
"4526",0.0746656011718271
"4527",0.232853248807879
"4528",0.0478397299123251
"4529",0
"4530",1.12668516975508
"4531",0.00464405167453963
"4532",0.133621821461701
"4533",0.00616309649266886
"4534",0.496261042714627
"4535",0.439246251870828
"4536",0.60829584387644
"4537",0.977318533864467
"4538",0.224843962088459
"4539",0.626249262421371
"4540",0.250999449264768
"4541",0.0929734259307916
"4542",0.0225884833478532
"4543",0.0668932720398816
"4544",0
"4545",0.231163377727021
"4546",0.0439083229984293
"4547",0.134006522251142
"4548",0
"4549",0.156229563367057
"4550",0.25241391995312
"4551",0.229592283995452
"4552",0.229592283995452
"4553",0.105248949703885
"4554",0.112266821533797
"4555",0.338970284939195
"4556",0.093103623986874
"4557",0.137477841276659
"4558",0.180952424120989
"4559",0.262921266166497
"4560",0.215530295341778
"4561",0.935245681513951
"4562",0.407352267555633
"4563",0.471303626826553
"4564",0.271341140837767
"4565",0.50053449622567
"4566",0.682174208982173
"4567",0
"4568",0
"4569",0.58939258608484
"4570",0.0189407465615564
"4571",0.204970727313766
"4572",0.541147779131264
"4573",1.48542540773048
"4574",0.144460636752687
"4575",0.968044810270357
"4576",0.302061774663262
"4577",0.121324226991943
"4578",0.0216281457301483
"4579",0.34273261830777
"4580",0.792550806299182
"4581",0.183113156903846
"4582",0.0609542858939395
"4583",0
"4584",0.20519770683674
"4585",0
"4586",0
"4587",0.0970877856535931
"4588",0
"4589",0.083244555516395
"4590",0.0848276182712158
"4591",0
"4592",0.121118056467535
"4593",0.181401087892414
"4594",0.1773552479428
"4595",0
"4596",0
"4597",0
"4598",0
"4599",0
"4600",0
"4601",0
"4602",0.118527625345818
"4603",0
"4604",0.263558773644449
"4605",0
"4606",0
"4607",1.05815691006987
"4608",0.307123084703874
"4609",0.627716584730757
"4610",1.78460227614363
"4611",0.199986728946615
"4612",0.417007748022084
"4613",0.160092420476189
"4614",0.925100814168981
"4615",0.811365416393066
"4616",0.955163747776389
"4617",0.198625219034374
"4618",0
"4619",0.669770308288948
"4620",0.588599410662577
"4621",0.266167219279924
"4622",1.17614920373762
"4623",0.74485464533316
"4624",0.329221519857722
"4625",0.259136962995557
"4626",0.628764800726574
"4627",0.373105246530031
"4628",0.796809625171555
"4629",0.639127780662055
"4630",0.57808537921839
"4631",0.305883814599189
"4632",0.379375309195705
"4633",0.517206162108202
"4634",0.327656932722101
"4635",0.0317076003451092
"4636",0.0217473442748854
"4637",0.00619067333841034
"4638",0.419176884123813
"4639",0.762324992884615
"4640",0.29922807231665
"4641",0.433742536264037
"4642",1.47454160697231
"4643",0.640350659647092
"4644",0.484257868819256
"4645",0.64949008603378
"4646",0.237338845130556
"4647",0.238417928450683
"4648",0.525850965740445
"4649",0.329122120677083
"4650",0.335941316191562
"4651",0.380218073610865
"4652",0.221988769431765
"4653",0.163694566746153
"4654",0.353631393618076
"4655",0.243449608416234
"4656",0.418314406735068
"4657",0.556243728441204
"4658",0.128037221350236
"4659",0.0012895837923924
"4660",0.672428425772658
"4661",0.187842150459164
"4662",0.44867744159827
"4663",0.475700091312149
"4664",0.198890277431593
"4665",0.758592078651379
"4666",0.318770771971234
"4667",0.245334493401574
"4668",0.196658836111861
"4669",0.51313680022951
"4670",0.0422518092063158
"4671",0.186121567470225
"4672",0.0643445412560107
"4673",0.135474666326791
"4674",0.0700679135022898
"4675",0.37970030029465
"4676",0.950959792638309
"4677",1.4173503836081
"4678",0.441511510341005
"4679",0.122763975058604
"4680",0.401305363824792
"4681",0.168671572209231
"4682",0
"4683",0.0475963919704973
"4684",0.174931684141603
"4685",0.0484356614409357
"4686",0.194421895284189
"4687",0.0753955070902966
"4688",0.0745925765104258
"4689",0.0812240710203609
"4690",0.0552483850079201
"4691",0.673173286524504
"4692",0.148261345885111
"4693",0.240294654451753
"4694",0.234480662407599
"4695",0.147570214707577
"4696",0.131481437105088
"4697",0.319488609853417
"4698",0.151093402133701
"4699",0.342026255177891
"4700",0.197629730712826
"4701",0.313085228850382
"4702",0.100095841533504
"4703",0.584488316361005
"4704",0.276776207565259
"4705",0.262548408671511
"4706",0.925435702066181
"4707",1.09313940300512
"4708",0.233679348190285
"4709",0.281642099027689
"4710",0.0201018744561847
"4711",0.0315343138346331
"4712",0
"4713",0.0233533506604556
"4714",0.660072449054722
"4715",1.13699661314309
"4716",0.477037041045305
"4717",0.980110588919725
"4718",0.781052084193691
"4719",0.541811882170379
"4720",0.352876916776654
"4721",0.323935258421786
"4722",0.808106863708148
"4723",0.442641504701925
"4724",0.139786569044829
"4725",0.0759925220278828
"4726",0.203022491076366
"4727",0
"4728",0.0756567491009848
"4729",0.00601646715329158
"4730",0.00213906728993454
"4731",0.11702475115789
"4732",0
"4733",0
"4734",0.198490176885103
"4735",0
"4736",0.0804811578750484
"4737",0.000725048608158377
"4738",0.743174053212612
"4739",0.1367861334047
"4740",0.0181921512187621
"4741",0
"4742",0
"4743",0
"4744",0
"4745",0
"4746",0.95172825791537
"4747",0.391427059344945
"4748",0.58849621082935
"4749",0.239949108913524
"4750",0.154494429767229
"4751",0.525185327264832
"4752",1.4563852745773
"4753",0.307497059026023
"4754",0.263687646363162
"4755",0.096314747292268
"4756",0.143983115291555
"4757",0.326668377286585
"4758",0.304679449390598
"4759",0.756356690164154
"4760",0.0991715859123027
"4761",0.481745211859508
"4762",0
"4763",0
"4764",0.675500998158684
"4765",0.878448576230656
"4766",1.21843432548387
"4767",0.586589445183086
"4768",1.14206667508912
"4769",0.226636655757433
"4770",0.101678027748193
"4771",0.79763882927705
"4772",0.90951933243125
"4773",0.384014956773124
"4774",0.326766667611933
"4775",1.11801566760824
"4776",1.19828327287649
"4777",0.368814956631391
"4778",0.045145863365066
"4779",0
"4780",0.215797205988917
"4781",0.568646640147525
"4782",0.63189630294278
"4783",0.473686286587432
"4784",0.347799310366905
"4785",0.81696335294613
"4786",0.546794543524459
"4787",1.72511928104288
"4788",0.372820678409943
"4789",0.858011409571175
"4790",0.527740225931243
"4791",1.07185002258503
"4792",0.659388428310981
"4793",0.362083272931879
"4794",0.111697539051608
"4795",0.48367277885113
"4796",0.588719089267158
"4797",0.314745806490844
"4798",0.328497727947313
"4799",0.354959889137422
"4800",0.163275699633535
"4801",0.80126987851919
"4802",0.200797461822844
"4803",0
"4804",0.385032169761825
"4805",0.0859922651534123
"4806",0.261100579867595
"4807",0.500550379753904
"4808",0.123430497358441
"4809",0.34348312642407
"4810",0.239261256454826
"4811",0.0379872556583433
"4812",0.268980457943979
"4813",0.191126733077304
"4814",0.701467931039074
"4815",0.631754468101247
"4816",0.14058010420777
"4817",0.978112847795409
"4818",0.269028280460243
"4819",0.275411856333252
"4820",2.04819655244362
"4821",0.509981090262714
"4822",0.220392304312445
"4823",0.454095914817793
"4824",0.796727087501351
"4825",0.248848794048295
"4826",0.62585493440898
"4827",0.12555365799899
"4828",0.00602466769292728
"4829",0.0710234299069517
"4830",0.0710234299069517
"4831",0.0711577447491875
"4832",0.0784210897917512
"4833",0
"4834",0
"4835",0.11309724906622
"4836",0.0394128810788556
"4837",0.0864648983708106
"4838",0.0986818326351004
"4839",0.15731425051327
"4840",0.764991066425372
"4841",0.288932471366256
"4842",0.40122292793034
"4843",0.373719207142171
"4844",0.203098134768478
"4845",0.868255193949716
"4846",0.125642717750408
"4847",1.02502930566619
"4848",0.312254514537697
"4849",0.252961494278518
"4850",0.968702107372489
"4851",0.743100504539685
"4852",0.962702243507054
"4853",0.869490306836233
"4854",0.271698621859596
"4855",0.10188701163738
"4856",0
"4857",0.263662523053879
"4858",0.0820011474649586
"4859",0.524614306504326
"4860",0.850873325196205
"4861",0.556656007296377
"4862",0.171113136727446
"4863",0.66767503721349
"4864",0.33826775148971
"4865",0.0960037219164523
"4866",0
"4867",0.304515501910215
"4868",0.70199308237286
"4869",0.594739783867124
"4870",0
"4871",0
"4872",0.634552159819341
"4873",0.171535801589933
"4874",0
"4875",0
"4876",0
"4877",0.00398010713645202
"4878",0.103800676640398
"4879",0
"4880",0.0550272444249208
"4881",0
"4882",0.051459381857978
"4883",0.0856420413055438
"4884",0.127896995653611
"4885",0.202356484446394
"4886",0.0164928645084356
"4887",0.611622804291837
"4888",0
"4889",0.115873272600441
"4890",0.153962222674575
"4891",0
"4892",0.217406385394565
"4893",0.363093113988604
"4894",0.416990603178244
"4895",0.399895672016871
"4896",0.688450769300981
"4897",0.184308156961762
"4898",1.26535005844174
"4899",0.816111834715603
"4900",0.040399427749321
"4901",1.49236162783169
"4902",0.555873969402887
"4903",1.03979346341738
"4904",0.597484896854066
"4905",0.518615308878176
"4906",0.270873108312972
"4907",0.0397051298001296
"4908",0.0478354571963845
"4909",0.0849222239113427
"4910",0.331125105896681
"4911",1.06435722579488
"4912",0.631653012176163
"4913",0.397683815688714
"4914",0.811277612328092
"4915",0.210288464533636
"4916",0.490570290894978
"4917",0.358199153559002
"4918",0.425189745408367
"4919",0.463743048172114
"4920",0.111330281795347
"4921",0.441054976170889
"4922",0.809568991218605
"4923",0
"4924",0
"4925",0
"4926",0.433490416164673
"4927",0.971828588725067
"4928",1.03606851961232
"4929",0.390193754413444
"4930",0.527503328653484
"4931",0.494688283614044
"4932",0.102086465995928
"4933",0.237877329129139
"4934",0.536238665921574
"4935",0.15250569414746
"4936",1.28937980988368
"4937",0.269103886228241
"4938",0.461083817189386
"4939",1.10028512176635
"4940",0
"4941",0.803933390181406
"4942",0.347186431375793
"4943",0.531802600694883
"4944",0.312029181369988
"4945",0.593689047909598
"4946",0.396641870491274
"4947",0.334533594290877
"4948",1.03183519451419
"4949",0
"4950",0.664877946781053
"4951",0.267431528798129
"4952",0.0714563897498326
"4953",0.864746060268728
"4954",0.154552812255367
"4955",0.0546702275126689
"4956",0.222547030707032
"4957",0.166646286708018
"4958",0.604405409545061
"4959",0.189934879804515
"4960",0.118138981973857
"4961",0.0615756437338661
"4962",0.102908689207935
"4963",0
"4964",1.5191429897484
"4965",1.32877181805255
"4966",1.22364609592956
"4967",0.387205210212526
"4968",0.264475477244941
"4969",0.452585262178064
"4970",0.0618890877355807
"4971",0.107446703794492
"4972",0.116093754425783
"4973",0.61722299955274
"4974",0
"4975",0.065324960446176
"4976",0.0731398567021475
"4977",0
"4978",0
"4979",0
"4980",0
"4981",0.120964535513338
"4982",0.105229962619102
"4983",0.224235955162832
"4984",0.462147009215464
"4985",0.0352618330594355
"4986",0.0915111097214974
"4987",0
"4988",0.24798217926358
"4989",0.806753414648953
"4990",0.150564499184086
"4991",1.13761106004543
"4992",0.557577889368152
"4993",1.89863956669992
"4994",0.917113949808268
"4995",0.805521098021567
"4996",0.544709922394879
"4997",0.0832861748081097
"4998",0.524523683768511
"4999",0.722251303299864
"5000",0.347193438438261
"5001",0.100558431092337
"5002",0.122677774768746
"5003",0.677016073262433
"5004",0.490407657933633
"5005",0.251801175499145
"5006",0.264076769399441
"5007",0.932886463845697
"5008",1.03480955322419
"5009",0.889991326534429
"5010",0.590581469616604
"5011",1.42463994752674
"5012",1.11748802073552
"5013",1.16571758322665
"5014",0
"5015",0.0273334204635539
"5016",0
"5017",0.102468094791336
"5018",0
"5019",0.157693907135036
"5020",0
"5021",0.229325481194598
"5022",0
"5023",0
"5024",0
"5025",0
"5026",0
"5027",0
"5028",0
"5029",0
"5030",0
"5031",0.671219548402076
"5032",0.119619119266146
"5033",0.0805741344247609
"5034",0.0132129020781092
"5035",0.0579319209110942
"5036",0.0979538510550905
"5037",0.428047138291082
"5038",0.548379898117614
"5039",0
"5040",0
"5041",0.236952814944707
"5042",0.229263069495438
"5043",0.24959804795426
"5044",1.34691820010401
"5045",0.449874511612661
"5046",0.344188758837452
"5047",1.23549275580972
"5048",0.669837503475482
"5049",0.491941949367126
"5050",0.193674908131632
"5051",0.688370716910697
"5052",1.15891276510787
"5053",0.650907403054566
"5054",0.0714378477148087
"5055",0
"5056",0.086711447696438
"5057",0.531515068143235
"5058",0.769653747050513
"5059",0.765626238238549
"5060",0.318604882328992
"5061",0.652832358076553
"5062",0.36288591939188
"5063",0.695838343109096
"5064",1.12107807187467
"5065",0.372063312316252
"5066",0.259225657373669
"5067",0.384814423851394
"5068",0.150928992993234
"5069",0.0274397279043959
"5070",0
"5071",0.794285980489383
"5072",0
"5073",0.170894712922464
"5074",0.342848462307773
"5075",0.716890913291131
"5076",0.636770899475148
"5077",0.411471379350928
"5078",0.240622235622814
"5079",0.334567698840515
"5080",0.134126480448289
"5081",0.912431232814417
"5082",0.182761504260146
"5083",0.29148289614217
"5084",0.623040846983001
"5085",0.305488187303458
"5086",0.0906639859027673
"5087",0.266940509669472
"5088",0.237977116611488
"5089",0.370869144570799
"5090",0.174384003181626
"5091",0.140172887526597
"5092",0.395457946254573
"5093",0.58250944265792
"5094",0.666339493442345
"5095",0.00646528358978778
"5096",0.679030757190434
"5097",0
"5098",0.170765893572651
"5099",0.678243944411479
"5100",0.702072451262188
"5101",0
"5102",0.605928474651575
"5103",0.0898127568863809
"5104",0.68397558957314
"5105",0.369644518978705
"5106",0.277541658750764
"5107",0.203047229984108
"5108",0.0525676951221867
"5109",0.00801559074454603
"5110",0.22098426733565
"5111",1.48775776614087
"5112",2.20591713262906
"5113",1.07735061241598
"5114",1.17465683518339
"5115",0.292903520040239
"5116",0.191201641808191
"5117",0.117328511927645
"5118",0.16459009723193
"5119",0.0329173581868171
"5120",0.0754642617162982
"5121",0.0191299453974432
"5122",0.0602090516100063
"5123",0.0470814704666465
"5124",0
"5125",0
"5126",0
"5127",0
"5128",0.11309724906622
"5129",0.224235955162832
"5130",0.462247940250293
"5131",0.158519804657415
"5132",1.13360640755498
"5133",0
"5134",0.653753170065678
"5135",0.044046798569594
"5136",0.274747096683259
"5137",0.405978116409135
"5138",0
"5139",2.31108225500111
"5140",0.934063060910463
"5141",1.36032178781621
"5142",0.513287403588179
"5143",0.228854558170353
"5144",0.357759789074562
"5145",0.10853437761311
"5146",0.302058574702775
"5147",0.176712298553085
"5148",0.198578618782062
"5149",0.0921333985525698
"5150",0.238463847571445
"5151",0.85613064104846
"5152",0.111704522977145
"5153",0.297285028671778
"5154",0.456708140030508
"5155",0.632242320439628
"5156",0.632636104551657
"5157",1.4999835314796
"5158",1.87868387511137
"5159",2.26426201956346
"5160",0
"5161",0.749309372722137
"5162",0
"5163",0.811436572808968
"5164",0.988851996610758
"5165",0.830696633434271
"5166",0
"5167",0.229325481194598
"5168",0
"5169",0
"5170",0
"5171",0
"5172",0
"5173",0.485222005350999
"5174",0
"5175",0
"5176",0
"5177",0
"5178",0
"5179",0.116187142659257
"5180",0.0672204614267494
"5181",0.197774830380095
"5182",0.0673807154019878
"5183",0.394863933277148
"5184",0.97109864394352
"5185",1.18458010256495
"5186",0.269987399159823
"5187",0.414573950066976
"5188",0.46000369657909
"5189",1.01307381252612
"5190",0.713193158318533
"5191",0.415270107727773
"5192",0.890043723815956
"5193",0.57149238598797
"5194",0.270755006392076
"5195",0.0303554743980456
"5196",0.799747036586773
"5197",0.309383385188787
"5198",0.421698240237958
"5199",1.22523563629715
"5200",1.47259379250341
"5201",0.155510140169684
"5202",0.200260881896897
"5203",0.444927024566015
"5204",0.20369066739562
"5205",0.743926008163436
"5206",0.430311579279233
"5207",0.830435257890102
"5208",0.331164569019204
"5209",0.828857242866193
"5210",0.707315120463914
"5211",0.329318601199863
"5212",0.158812898465706
"5213",0.21932665234203
"5214",0
"5215",0.154068437350822
"5216",0.560211486054151
"5217",1.21286546732442
"5218",0
"5219",0.522923268840979
"5220",0.0888450140830405
"5221",0.502215955719604
"5222",1.47806380463984
"5223",0.354468728836897
"5224",0.387451543827015
"5225",0.239182756977347
"5226",0.329923238849703
"5227",0.234922514299904
"5228",0
"5229",0.408520225697624
"5230",0.703304154501302
"5231",0.251360450840475
"5232",0.304528383538283
"5233",0.544488325317107
"5234",0.201048726237642
"5235",0.366494721941949
"5236",0.0922149526972712
"5237",0
"5238",0
"5239",0.139066886097398
"5240",0.158351227275515
"5241",0.331439960354817
"5242",0.00644217501909731
"5243",0
"5244",1.20107448564362
"5245",0.354586497584905
"5246",0.469951603119214
"5247",0.279429613910545
"5248",0.790714162598934
"5249",0
"5250",0.307290539862861
"5251",0.639425652369849
"5252",0.489856630132451
"5253",0.269630444675816
"5254",0.11204375370142
"5255",0.0992271674316804
"5256",0.0642749270833548
"5257",0.170396116541146
"5258",0.832869723740904
"5259",2.13333735604111
"5260",1.1531177880407
"5261",1.05222370179626
"5262",0.769540081385251
"5263",0.178750234665844
"5264",0.769058755522698
"5265",0.0910059574217796
"5266",0.131422521477404
"5267",0.0107166276793276
"5268",0.885621062381939
"5269",0.164326536719019
"5270",0.209217039773889
"5271",0
"5272",0
"5273",0
"5274",0
"5275",0.11309724906622
"5276",0.105229962619102
"5277",0.224235955162832
"5278",0.581397656543812
"5279",0.0396024455371174
"5280",0.337684349785689
"5281",0.0337529619997229
"5282",0.131908728492964
"5283",0.234097854664284
"5284",0.662259117876538
"5285",0.480757889791943
"5286",0.268806395645556
"5287",1.24541900473291
"5288",0.332860254802739
"5289",0.179159210698933
"5290",0.25933955498501
"5291",0.251691628101083
"5292",0.360450735157737
"5293",0.233072581045255
"5294",0.354112871538339
"5295",0.7701747639758
"5296",1.17391637667681
"5297",0.372287487363546
"5298",0.337154873583618
"5299",0.536130353414125
"5300",0.135283667632983
"5301",0.689962703012341
"5302",0.459782690258959
"5303",0.661808769949279
"5304",1.11784330174204
"5305",2.58271935905008
"5306",1.08147917355053
"5307",1.92160675050173
"5308",1.17809786707649
"5309",0.173765135387748
"5310",0.0892964109818977
"5311",0.289236064430438
"5312",0.457968115089856
"5313",0.189290971671963
"5314",0
"5315",0
"5316",0
"5317",0
"5318",0
"5319",0
"5320",0
"5321",0
"5322",0
"5323",0
"5324",0
"5325",0.133225360894896
"5326",0.364879836721966
"5327",0.261471683548862
"5328",0.0628713831710032
"5329",0.29607030795313
"5330",0.255526852748836
"5331",0.886812999115168
"5332",0.717076547250671
"5333",0.845459919473974
"5334",0.662714533803684
"5335",1.37344469885969
"5336",1.57953654571109
"5337",1.01478209987966
"5338",1.21369063758226
"5339",0.140741026694354
"5340",0
"5341",0
"5342",0
"5343",0.15826466804643
"5344",0.188254326671004
"5345",0.679483155497828
"5346",1.41609396409562
"5347",1.52491614625535
"5348",0.556299803034676
"5349",0.745274745789895
"5350",0.559958436298902
"5351",0.520295347602105
"5352",0.69712578809142
"5353",0.786264312917092
"5354",0.410801968267205
"5355",0.423480515848693
"5356",0.625011654221441
"5357",0.568974344643659
"5358",0.181991466789612
"5359",0.564600819162857
"5360",0
"5361",1.0881788351846
"5362",0
"5363",0
"5364",0.886764193205292
"5365",0.054448421834948
"5366",0.474697272178966
"5367",0.16120168141108
"5368",0.140026474231342
"5369",0.157937678374561
"5370",0.474456025314614
"5371",0.908172428659057
"5372",0.448773463763256
"5373",0.232413268457792
"5374",0.277082126342353
"5375",0.778097312078006
"5376",1.03120551318582
"5377",1.25648985704897
"5378",0.430371850594735
"5379",0.173928733582148
"5380",0.216768702447906
"5381",0.400170199631978
"5382",0.266364452387603
"5383",0.194307206110399
"5384",0.0254449657956567
"5385",0.503763273198736
"5386",0.00455164846869197
"5387",0.281251243740533
"5388",0.104754419670877
"5389",0.127952566364451
"5390",0.071021091855713
"5391",0.328406285945932
"5392",0.336009814840804
"5393",0.434164615523544
"5394",0.567952345733809
"5395",0
"5396",0
"5397",0.454661530697226
"5398",0.0787681956074356
"5399",0.237398270510868
"5400",0.591477845815482
"5401",0.06090947410994
"5402",0.13039192059836
"5403",0.122767194676491
"5404",0.0773254486958975
"5405",0.316811035162806
"5406",0.586012245986077
"5407",0.169748570660918
"5408",0.573107392257147
"5409",0.041455897352495
"5410",0.265624667485698
"5411",0.555363648752015
"5412",0.0732273851193341
"5413",0.0648595436594912
"5414",0.741780101789294
"5415",0.214472113212661
"5416",0.58207025711326
"5417",0.2063059419203
"5418",0.00158370801432557
"5419",0
"5420",0
"5421",0
"5422",0.11309724906622
"5423",0.0977162992761042
"5424",0.0806972027837018
"5425",0.183757641237982
"5426",0.304424149847569
"5427",0.0665343373178506
"5428",0.311366624450372
"5429",0.21679674278381
"5430",0.56745360656824
"5431",0.720303560651092
"5432",0.676157340947427
"5433",0.675199223647851
"5434",0.776033610174864
"5435",0.140842857835097
"5436",0.623569329550579
"5437",0.1351605431649
"5438",0.358441504105527
"5439",0.183065129496911
"5440",0.501178006454335
"5441",0.307581332017373
"5442",0.668579318418115
"5443",0.649050170667064
"5444",0.580894196517113
"5445",1.26424469237017
"5446",0.383682253888361
"5447",0.612943439884199
"5448",0.16385400297664
"5449",0.968623530471865
"5450",0.324317371227382
"5451",0.785171340896682
"5452",1.36102642290927
"5453",1.5224205087385
"5454",0.793557042491262
"5455",0.531120917356574
"5456",0.796940559776935
"5457",0.33897105732239
"5458",0.166288129668983
"5459",0.367192038646792
"5460",0.336384708550919
"5461",0
"5462",0
"5463",0.0962120781448382
"5464",0
"5465",0
"5466",0
"5467",0
"5468",0
"5469",0
"5470",0.268681128076955
"5471",0.111025402327673
"5472",1.13276640576765
"5473",0.429616064569444
"5474",0.0198061572623172
"5475",0.396170952119127
"5476",0
"5477",0.667890559607383
"5478",0.481701804197883
"5479",0.589676247608769
"5480",0.30133184398001
"5481",0.602762841556888
"5482",0.744554426818726
"5483",1.12860202801176
"5484",2.07634785304405
"5485",0.349469796494114
"5486",0.41172613931674
"5487",0.0121271470706116
"5488",0.824604736645348
"5489",0
"5490",0
"5491",0.576873046267572
"5492",1.07350887674597
"5493",1.62798052248306
"5494",2.03765497709652
"5495",0.726564081919351
"5496",0.234714456032034
"5497",0.78486011420632
"5498",0.589717447607192
"5499",0.510493110409742
"5500",0.977870497523014
"5501",0.519663774832932
"5502",0.505642848762562
"5503",0.379350652239538
"5504",0.420234737210368
"5505",0.314705405037566
"5506",0.0715067033235857
"5507",0
"5508",0.37788503412916
"5509",0.0660429182804732
"5510",0.500586833700221
"5511",0
"5512",0.204242267825192
"5513",0.283248089688391
"5514",0.129619711338655
"5515",0.185672000758231
"5516",0.0985988155634057
"5517",0.072456992645505
"5518",0.231701875155099
"5519",0.306917450088103
"5520",0.359645590793712
"5521",0.291495872413486
"5522",0.238730224280894
"5523",1.25675016503726
"5524",0.944165659101195
"5525",0.924633443325727
"5526",0.367018629844756
"5527",0.0550176566238478
"5528",0.499314239047154
"5529",0.499089449769211
"5530",0.123208790972702
"5531",0.215322290766123
"5532",0.161801420904449
"5533",0.326473895802567
"5534",0.577492831081286
"5535",0.160089510854797
"5536",0.157140753600926
"5537",0.363388464187354
"5538",0.230810089995576
"5539",0.467401368051144
"5540",0.300571938529238
"5541",0.131121094790997
"5542",0.662860553389504
"5543",0.388618777195548
"5544",0.369110282115776
"5545",1.59168761907861
"5546",0.493446174662437
"5547",0.899636298370404
"5548",0.280750802556428
"5549",0.260683012865699
"5550",0
"5551",0
"5552",0.159357705347751
"5553",0.206041348504753
"5554",0
"5555",0.459732971422015
"5556",0
"5557",0.00875187401791241
"5558",0.0819049256770423
"5559",0.136305204023078
"5560",7.76470734080159e-05
"5561",0.123294298262513
"5562",0.855888322971062
"5563",0.126620762534948
"5564",0.284282656260521
"5565",0
"5566",0
"5567",0
"5568",0.0560426804662593
"5569",0.143525824955359
"5570",0.109750716882328
"5571",0.0512043350900392
"5572",0.0926314491582869
"5573",0.337359916861045
"5574",0.370980440569905
"5575",0.345846599054705
"5576",0.12502776716162
"5577",0.276835260837872
"5578",0.210898278409079
"5579",0.548511336338959
"5580",0.225719194738537
"5581",0
"5582",0.446888453723644
"5583",0.276624476655422
"5584",0.405369963775689
"5585",0.0245518770423828
"5586",0.239027926679769
"5587",0.187238758576848
"5588",0.408251488281602
"5589",0.1735788138435
"5590",0.291822096558899
"5591",0.236714417239082
"5592",0.385949466924733
"5593",0.84893121579174
"5594",0.648952759093388
"5595",0.721099589025374
"5596",0.0579368468508506
"5597",0.139677297170302
"5598",1.37944511916885
"5599",0.623321207417951
"5600",0.349318902607187
"5601",0.7086217989222
"5602",0.797203475132153
"5603",0.329347868801099
"5604",0.910442188379405
"5605",0.586696682280598
"5606",0.689347073970266
"5607",0.243185584317897
"5608",0.682012776253875
"5609",1.21248655480573
"5610",0.179889444126496
"5611",0.118096290970981
"5612",0
"5613",0.0859757225893815
"5614",0
"5615",0
"5616",0
"5617",0.485222005350999
"5618",0.200275139289484
"5619",0.0100621012294077
"5620",0.920797398967022
"5621",0.547161097248654
"5622",0.230121684538608
"5623",0.272535258900044
"5624",0.213486423145579
"5625",0.225703896841651
"5626",0.00126844597788592
"5627",0.558681453758884
"5628",0.783976709469173
"5629",0.814807244922648
"5630",0.569426268422289
"5631",0.412188146941415
"5632",0.404479220811336
"5633",0.308747366636332
"5634",0.793368358811135
"5635",0.231878214838643
"5636",0.397241858434268
"5637",0.972801857143277
"5638",0.268850425559988
"5639",0
"5640",0.300054078143211
"5641",0.919436840602087
"5642",0.960041573143039
"5643",0.728762816176837
"5644",0.832907465404993
"5645",0.179822990656124
"5646",0.152260937849392
"5647",0.881415215656749
"5648",0.716636906568357
"5649",0.581506079539387
"5650",0.278200899750238
"5651",0.463505107293445
"5652",0.51684155826151
"5653",0.176648108824298
"5654",0.236134532823501
"5655",0.561262697734247
"5656",0.471148317765146
"5657",0.00275268546092362
"5658",0.45126907941281
"5659",0.251850972991464
"5660",0.17113832855493
"5661",0.78873211150381
"5662",0.254427828576311
"5663",0.330774252823831
"5664",0.00590119788428817
"5665",0.11196407239572
"5666",0.0358601562910009
"5667",0.107078962870924
"5668",0.331687503582814
"5669",0.0356287376134618
"5670",0.262773379459794
"5671",0.785107997704015
"5672",0.427510933089431
"5673",1.63631295300956
"5674",0.933847991153363
"5675",0.00655393188426362
"5676",0.730003863536821
"5677",0.710125559258518
"5678",0.612023261821284
"5679",0.470623316496539
"5680",0.257565971092686
"5681",0.55864947452167
"5682",0.333683061682215
"5683",0.356500738479898
"5684",0.550218503303729
"5685",0.248795346741152
"5686",0.710286871817857
"5687",0.520692896020499
"5688",0.227317015534682
"5689",0.186259534875437
"5690",0.533469542388225
"5691",0
"5692",1.13855258288666
"5693",0
"5694",0
"5695",0.556813275874956
"5696",0.810370720755424
"5697",0.676319283670849
"5698",0.216960311500518
"5699",0.581696683570825
"5700",0.529058979906755
"5701",0.284683782615624
"5702",0.0723154725279342
"5703",0
"5704",0.0744650175251962
"5705",0.0216864044986257
"5706",0.0942472769636361
"5707",0.128887552159589
"5708",0.014751286423624
"5709",0.130869975082176
"5710",0
"5711",0.00108768292639782
"5712",0.590240058103646
"5713",0.508227195749846
"5714",1.64256319658151
"5715",0.0975532447056275
"5716",0.123468806092149
"5717",0.111469459370496
"5718",0.111509790256582
"5719",0.252880676819619
"5720",0.0971119695605487
"5721",0.110832687787057
"5722",0.732170041855985
"5723",0.431728336206068
"5724",0.431911519688223
"5725",0.422271878463243
"5726",0.416276328525632
"5727",0.399357074956241
"5728",0.50457885719952
"5729",0.438883573609512
"5730",0.280946616256466
"5731",0.294171528836593
"5732",1.23656223875134
"5733",0.227233069215426
"5734",0.10201034978972
"5735",0.218317937636148
"5736",0.48507298161689
"5737",0.310962715870221
"5738",0.381745990456857
"5739",0.369219291423493
"5740",0.115739304920608
"5741",0.169964743661515
"5742",0.16979959889029
"5743",0.169799688464487
"5744",0.283499889065713
"5745",0.466071372669825
"5746",0.22619991293281
"5747",0.186062848574483
"5748",0.530785134586662
"5749",0.412020486468657
"5750",0.665362344599597
"5751",0.111896287094334
"5752",0.326935428985528
"5753",1.71239708266634
"5754",0.97729878100391
"5755",0.156528438460844
"5756",0.159002699177048
"5757",1.06161525212157
"5758",0.48313678594967
"5759",0.457281558264199
"5760",0.522700381094715
"5761",0.72734937439881
"5762",0.502253333754054
"5763",0.978501621921415
"5764",0.00751639732173892
"5765",0.509038861139392
"5766",0.090355432518352
"5767",0
"5768",0
"5769",0
"5770",0
"5771",0
"5772",0
"5773",1.07613757875783
"5774",0.715621792983302
"5775",0.174317744028718
"5776",1.40284997792546
"5777",0.18741844808934
"5778",0.472700116471787
"5779",0.699142854503338
"5780",0.419117129039538
"5781",0.262187949492142
"5782",0.101616864071107
"5783",0.0889020496247427
"5784",0.916791729015171
"5785",0.300619583608269
"5786",0.906376063056531
"5787",1.78341827932549
"5788",0.861855570058871
"5789",0.314775606120634
"5790",0.0234949489806144
"5791",0.306419368662505
"5792",0
"5793",0.63797151223515
"5794",0.0804584759415673
"5795",0.450563590667508
"5796",0.573681843416208
"5797",1.36265195586513
"5798",0.297750845844285
"5799",0.243243679265057
"5800",0.624251176464628
"5801",0.480126700937243
"5802",1.16544157666817
"5803",0.956788632764003
"5804",0.737631958663999
"5805",0.400158971236088
"5806",0.179482598130724
"5807",0.909730268445343
"5808",0.656282960226909
"5809",0.406277967377562
"5810",0.0711862373951652
"5811",1.92554366741474
"5812",0.445272318156361
"5813",0.823176418279194
"5814",0.676602440678939
"5815",0.399664607113796
"5816",0.675355567500361
"5817",0.276824591859192
"5818",0.501022152687971
"5819",0.421259209863985
"5820",0.0261993225469861
"5821",0.497851007805642
"5822",0.0687277451060633
"5823",0.576780375324218
"5824",0.209946161389563
"5825",0.518340921260205
"5826",0.462806296715224
"5827",1.29675315189694
"5828",0.150450163358806
"5829",0.231015702990745
"5830",0.957073992983209
"5831",0.699552026122278
"5832",0.961515554705955
"5833",0.143941316292079
"5834",0.941930203895395
"5835",0.733381147717075
"5836",0.962415131183051
"5837",0.23301336040369
"5838",0.560006084701853
"5839",1.12739395498305
"5840",1.26247842580738
"5841",0.658307797047972
"5842",1.35750180998229
"5843",0.501758254154134
"5844",0.213272753567835
"5845",1.91515451073515
"5846",0.0939141976575733
"5847",0.595450491421176
"5848",0.0679733869693362
"5849",0.598204652608316
"5850",0.572744619636984
"5851",0.353386565075915
"5852",0.429502451503876
"5853",0.144775242314116
"5854",0.392047361838029
"5855",0.132315276446968
"5856",0.561709985956889
"5857",0.667119857770272
"5858",0.0699039375391117
"5859",0.281223305064062
"5860",0.101040111816042
"5861",0
"5862",0.0894495907203491
"5863",0.0515620769787098
"5864",0.041891668997458
"5865",0.00614917352042692
"5866",0
"5867",0
"5868",0.0655233979886992
"5869",0.636217266751858
"5870",0.169308860724616
"5871",0.0919911256411448
"5872",0.35640434470352
"5873",0.632622724952558
"5874",0.237267235402242
"5875",0.385529003987479
"5876",0.199147346313059
"5877",0.494158056768524
"5878",0.431728336206068
"5879",0.431728336206068
"5880",0.669740321293528
"5881",0.369298615643611
"5882",0.607310600731072
"5883",0.369298615643611
"5884",0.369481799125767
"5885",0.369327400676302
"5886",0.369298615643611
"5887",0.419874150039283
"5888",0.947791764828946
"5889",0.458005900022094
"5890",0.263168570835555
"5891",0.243246368897705
"5892",0.776805864312768
"5893",0.352128612130563
"5894",0.547666678516943
"5895",0.668108563845007
"5896",0.898032446891245
"5897",0.413146057605187
"5898",0.301871954350074
"5899",0.694551152497748
"5900",0.195554545073843
"5901",0.168719387599998
"5902",0.165651882400702
"5903",0.498682157568145
"5904",0.770075711489879
"5905",0.548190296030926
"5906",0.112956549172228
"5907",0.318935523013421
"5908",0.146176516263134
"5909",0.114602712938081
"5910",0.108366786376684
"5911",0.740842297108474
"5912",0.487864883484619
"5913",0.851267066921242
"5914",0.502360365305057
"5915",0.559731455011702
"5916",0.237570411545566
"5917",0.594317839935987
"5918",0.489509095874582
"5919",0.545930732570216
"5920",1.85025937940902
"5921",0.764007233474896
"5922",0.381081565543236
"5923",1.062270776705
"5924",0.549576808722015
"5925",0.489156796658804
"5926",0
"5927",0.582996540605096
"5928",0.41110537011284
"5929",0
"5930",0.44536936716514
"5931",0.154979788051715
"5932",0.174520397014561
"5933",0.11680476941116
"5934",0.539751419412446
"5935",0.058070832178773
"5936",0.210508464319636
"5937",0.131360450572092
"5938",0.159252259553684
"5939",0.129755394563281
"5940",0.840226588642243
"5941",0.312726459021282
"5942",0.460392512463599
"5943",0.741090297348527
"5944",0.718984528950919
"5945",1.63956843496029
"5946",1.70106533186711
"5947",1.64696728790554
"5948",0.495006157196533
"5949",0.0399776105577651
"5950",0.492141446127726
"5951",0.364648659930017
"5952",1.02925514458933
"5953",0.318479434586791
"5954",0.342394288612441
"5955",0.138228646296848
"5956",0.356714420496671
"5957",0.204008971525123
"5958",0.123841915875602
"5959",0.209328807077771
"5960",0.803852075935914
"5961",0.605393124227192
"5962",1.24538323226404
"5963",0.460657879680496
"5964",0.412290612489007
"5965",0.207733477315729
"5966",0.233696053792024
"5967",0.628493807022554
"5968",0.254432325014517
"5969",0.497112985189237
"5970",0.880042672871245
"5971",1.23526053206312
"5972",0.827998628692393
"5973",0.548892118660147
"5974",0.613589362579184
"5975",0.334162983814124
"5976",0
"5977",0.69882665474109
"5978",0
"5979",0.0449086850834455
"5980",0
"5981",0.0618627293452449
"5982",0.26688662128599
"5983",0.210550797254679
"5984",0.50933045562533
"5985",0.0283654502271139
"5986",2.49931140102351
"5987",2.7338201597685
"5988",1.84032001517467
"5989",0.0899362679494495
"5990",1.04357400524585
"5991",0.340241496738502
"5992",0.911872307567002
"5993",0.252952885613487
"5994",0.854654141587565
"5995",0.804149873545059
"5996",0.272298024631849
"5997",0
"5998",1.18853579770244
"5999",0.115546799010236
"6000",1.12936581097664
"6001",0.0787159770122409
"6002",0.718583342956685
"6003",1.68993273285175
"6004",1.06137833019182
"6005",0.669094738164409
"6006",0.206477901930858
"6007",0
"6008",0.31707570355043
"6009",0.0299207645041589
"6010",0.153236475673055
"6011",0.193652158410887
"6012",0.186817731088184
"6013",0.0623542623751694
"6014",0.568367577213214
"6015",0.0721956389101956
"6016",0.233570812850439
"6017",0.125876156577516
"6018",0
"6019",0
"6020",0
"6021",0.539753996491719
"6022",1.00575129472847
"6023",1.04384778565492
"6024",0.0517366164699951
"6025",0
"6026",0.194375898535451
"6027",0.396496381066923
"6028",0.189756012786602
"6029",0.106932509677383
"6030",0.29990361576459
"6031",0.657859537587517
"6032",0.867482945540255
"6033",1.63524155467522
"6034",0.197225533458616
"6035",0.371304318537418
"6036",0.195048307814932
"6037",0.494158056768524
"6038",0.431728336206068
"6039",0.369298615643611
"6040",0.369298615643611
"6041",0.369298615643611
"6042",0.369298615643611
"6043",0.607310600731072
"6044",0.369298615643611
"6045",0.369298615643611
"6046",0.369298615643611
"6047",0.369298615643611
"6048",0.369298615643611
"6049",0.369298615643611
"6050",0.419874150039283
"6051",0.373399154640705
"6052",0.377358388572022
"6053",0.301551152331411
"6054",0.722066790505289
"6055",0.479699521254267
"6056",0.644207031571372
"6057",0.763213024115103
"6058",0.638831900269266
"6059",0.655548414700322
"6060",0.321600281256469
"6061",0.606798453269073
"6062",0.334921066918903
"6063",0.265837986735593
"6064",0.173588586706172
"6065",0.284806913290769
"6066",0.936113821206482
"6067",0.313461876343813
"6068",0.344304541407941
"6069",0.169958727762528
"6070",0.337627419170899
"6071",0.0629853734078153
"6072",0.0326040799488439
"6073",0.0917449552350732
"6074",0.227224765199029
"6075",0.139519943326759
"6076",0.0803284369205021
"6077",0.113731461124419
"6078",0.57540797137367
"6079",0.0517905452125723
"6080",0.233492169528082
"6081",1.11856752836932
"6082",2.11278009402434
"6083",2.27131053037333
"6084",0.719981139908348
"6085",0.904100569596263
"6086",0.711587570073044
"6087",0.111420469085275
"6088",0.18207570119852
"6089",0.385728838231427
"6090",0.141898723035764
"6091",0
"6092",0
"6093",0.297366089955009
"6094",1.28074717152527
"6095",0.106216526754394
"6096",0.108292721473781
"6097",0.255696873556414
"6098",0.0610512210695058
"6099",0.477823419294167
"6100",0
"6101",0.384726616131001
"6102",0.503578951536796
"6103",1.48105200823298
"6104",0.224129219889426
"6105",0.714324504745431
"6106",0.650683952617089
"6107",0.877287479343306
"6108",1.75245507364139
"6109",0.875501929134544
"6110",0.554872553855023
"6111",0.355713285566164
"6112",0.598339810908267
"6113",0.126264039157333
"6114",0.92573835337036
"6115",0.294904290726965
"6116",0.207832585376287
"6117",0.0175674263351158
"6118",0.595635550884027
"6119",0.154899059451031
"6120",1.10184506996809
"6121",0.374994661190066
"6122",0.350217839516667
"6123",0.631302009108466
"6124",0.649446448192827
"6125",0.824112055392271
"6126",0.204971489108921
"6127",0.251306206290037
"6128",0.398196964655143
"6129",0.662128085712976
"6130",0.400290968082494
"6131",0.352134949955606
"6132",0.379757417500274
"6133",0.765298053309458
"6134",0.599064885977954
"6135",1.5105558007839
"6136",0.559448052086335
"6137",0.0914574108647154
"6138",0.660744533322468
"6139",0
"6140",0.951928180879036
"6141",0.133553636127182
"6142",0.19506852272047
"6143",0.571275126384228
"6144",0.2972405193531
"6145",0.326094559412717
"6146",0.272916128742469
"6147",0.872053902391669
"6148",0.31286119380123
"6149",0.99360477116789
"6150",1.8435003196253
"6151",0.16551318178422
"6152",0.174306030049378
"6153",0.550152020580838
"6154",1.62025647439375
"6155",0.536028658271953
"6156",0.320506931400095
"6157",1.48338730622356
"6158",0.102854561063585
"6159",1.14407491923236
"6160",0.0279442808889252
"6161",0.623245861361517
"6162",0.579743250928253
"6163",0.266662327482229
"6164",0.167211390208853
"6165",0.391078026259625
"6166",1.06825327446683
"6167",0.370182284605673
"6168",0
"6169",1.43435353049359
"6170",0.977128407421611
"6171",0.24883286775992
"6172",0.128767437485421
"6173",0.0621740885018711
"6174",0.136325007241788
"6175",0.0636833209003549
"6176",0.0791081678587156
"6177",0.171791177520405
"6178",0.0407004889634489
"6179",0
"6180",0.502479871745382
"6181",0
"6182",0.0634302743214802
"6183",0.00977079539829329
"6184",0.0248413018946205
"6185",1.02295030769463
"6186",0.646011131003952
"6187",0.893196564765921
"6188",1.12079686973871
"6189",1.3125188135963
"6190",0.360480565998681
"6191",0.281095392194694
"6192",0.12510746318178
"6193",0.554419303441175
"6194",0.805805121374513
"6195",0.146775011198997
"6196",0.931559710843472
"6197",0.209417380549093
"6198",0.177343871238171
"6199",0.291340583196588
"6200",0.330583249063929
"6201",0.494158056768524
"6202",0.369298615643611
"6203",0.369298615643611
"6204",0.369298615643611
"6205",0.369298615643611
"6206",0.369298615643611
"6207",0.369298615643611
"6208",0.369298615643611
"6209",0.369298615643611
"6210",0.369298615643611
"6211",0.369298615643611
"6212",0.369298615643611
"6213",0.369298615643611
"6214",0.369298615643611
"6215",0.369298615643611
"6216",0.369298615643611
"6217",0.373720320099786
"6218",0.41649603723262
"6219",0.652850168426744
"6220",0.28093065242622
"6221",0.297759809441965
"6222",0.762336464178994
"6223",0.5198302841067
"6224",0.252898910131578
"6225",0.542446715562771
"6226",0.292387748528097
"6227",0.685842346600605
"6228",0.211232159294609
"6229",0.225085404619486
"6230",0.481614125019301
"6231",0.533687184144535
"6232",0.218151051972098
"6233",0.287223503391585
"6234",0.599932106496592
"6235",0.502098396275101
"6236",0.160809254754958
"6237",0.206889852290821
"6238",0.103093449650467
"6239",0.321997244982601
"6240",0
"6241",0.0634945856226546
"6242",0.203790808891611
"6243",0.173179624412729
"6244",0.273779370436903
"6245",0
"6246",0.771881481378602
"6247",1.85515681024788
"6248",1.20086168267992
"6249",1.52057747640455
"6250",0.39785145357752
"6251",1.01888874497069
"6252",0.561402712442706
"6253",0.28448156504802
"6254",0.583442069509955
"6255",0.710142096598261
"6256",0.0285715850841378
"6257",0.753452230473065
"6258",0.0946211562200847
"6259",0.45085867358808
"6260",0.561281536235178
"6261",0.530768128449297
"6262",0.0243444208609691
"6263",0.420863692030167
"6264",0.0687805297582956
"6265",0.618911423929535
"6266",0.845706313063807
"6267",1.64460433753259
"6268",1.3673872606109
"6269",0.98306256436975
"6270",0.871600357061714
"6271",0.641988082375426
"6272",1.30820057510824
"6273",0.651751013377016
"6274",1.43745122717039
"6275",0.953584759002407
"6276",0.598615687964042
"6277",0.852371400404943
"6278",0.935183271241866
"6279",1.53302711791464
"6280",1.15945011334882
"6281",0.105546578566302
"6282",0.363273510800269
"6283",0.448292275631261
"6284",0.231870194147823
"6285",0.779263468816508
"6286",0.889783050099553
"6287",0.631506943203001
"6288",0.539210235905139
"6289",0.514748155858779
"6290",1.12198720038009
"6291",1.3063171336544
"6292",0.392816367737002
"6293",0.813546137388486
"6294",0.842529203498159
"6295",0.754798724990371
"6296",0.545434757985354
"6297",2.25060974828276
"6298",0.49429748913278
"6299",1.42588476297523
"6300",1.22629653312165
"6301",1.17522115998003
"6302",0.141570796204299
"6303",0
"6304",0.249821433376687
"6305",0.256927440177718
"6306",1.54502883186447
"6307",1.06514464189608
"6308",0.648286978359886
"6309",0.600196699083641
"6310",0.232586719072074
"6311",0.926136834165326
"6312",0.222047346308267
"6313",0.462367844331884
"6314",1.06272085106703
"6315",1.10840537866682
"6316",1.02660607512204
"6317",0.3286961683059
"6318",0.463499717173237
"6319",0.0899554333170755
"6320",0.211030975254149
"6321",0.54079638385342
"6322",0.672088342677374
"6323",0.140229328163188
"6324",1.10417703870643
"6325",0.659969738810128
"6326",0.379929711486816
"6327",0.619438630967536
"6328",0.14120384903824
"6329",0.733259994484071
"6330",0.777139462641528
"6331",0.333311270699703
"6332",0.171838867676005
"6333",0.241003084017333
"6334",0
"6335",0.254635714698498
"6336",0.267033696424786
"6337",0.0602465236635125
"6338",0.331163851208765
"6339",0.537070884497583
"6340",0.159521647622341
"6341",0
"6342",0.516595281494424
"6343",0.505548430862448
"6344",0.117690506430856
"6345",0.0825052325349348
"6346",0.159255467134897
"6347",0.149441533735763
"6348",0.136376181412421
"6349",0.991546995588212
"6350",0.93816901178601
"6351",1.45623613104109
"6352",1.47760845644627
"6353",1.42758156110532
"6354",0.663012733720623
"6355",0.250021435317706
"6356",0.432589830827888
"6357",0.847025525238789
"6358",0.117672568151078
"6359",0.670717690434538
"6360",0.196490114682802
"6361",0.307594844591197
"6362",0
"6363",0.253754379221761
"6364",0.519226137394883
"6365",0.313511862572533
"6366",0.494158056768524
"6367",0.369298615643612
"6368",0.369298615643611
"6369",0.369298615643611
"6370",0.369298615643611
"6371",0.369298615643611
"6372",0.369298615643611
"6373",0.369298615643611
"6374",0.369298615643611
"6375",0.369298615643611
"6376",0.369298615643611
"6377",0.369298615643611
"6378",0.369298615643611
"6379",0.369298615643611
"6380",0.369298615643611
"6381",0.369298615643611
"6382",0.369298615643611
"6383",0.369298615643611
"6384",0.607631766190153
"6385",0.418068813578494
"6386",0.42467841133464
"6387",0.339000871742439
"6388",0.545385074357752
"6389",0.369507107744442
"6390",0.826077580259739
"6391",0.443749095241186
"6392",0.368790418951491
"6393",0.842348688769151
"6394",0.219735726806665
"6395",0.668990862282977
"6396",0.598926709834676
"6397",1.30946326875338
"6398",1.27165629415064
"6399",1.01211523743109
"6400",0.60690613259439
"6401",0.64949804758573
"6402",0.0677213442962274
"6403",0.181613289669928
"6404",0.357110868066731
"6405",0.140890877252377
"6406",0.831226841852506
"6407",1.2079625366317
"6408",0.381923290430571
"6409",0.308806499170363
"6410",0.0899847201677428
"6411",0.179390804846343
"6412",0.425492402079818
"6413",1.20805551054409
"6414",1.88525323051026
"6415",0.391905265971085
"6416",0.559887625449537
"6417",0.220291812347406
"6418",0.742595685490815
"6419",0.165189493761693
"6420",0.653554740333752
"6421",0.888208750776973
"6422",1.6828173924957
"6423",0.660157900157605
"6424",1.20922710231253
"6425",0.177436929385472
"6426",0.759305066655067
"6427",0.019024429143762
"6428",0.22049639986237
"6429",0.0901046625499413
"6430",0.305519791107802
"6431",0.84927871596797
"6432",0.636769941328038
"6433",1.78177249705424
"6434",1.86871348632217
"6435",1.07220058679033
"6436",0.80740455856444
"6437",0
"6438",0.569555776315845
"6439",0.825764920003395
"6440",1.26075631031329
"6441",1.28135807826612
"6442",0.726417273677898
"6443",0.903772392742291
"6444",1.09435961055363
"6445",2.03723314142977
"6446",0.845563149429784
"6447",0.436250402372761
"6448",1.0046124582042
"6449",0.403981143611144
"6450",0.59718130874587
"6451",1.12304580063663
"6452",1.30310605432703
"6453",1.46724312360984
"6454",0.546669200424048
"6455",0.263604430430674
"6456",1.82619333740193
"6457",1.700560146177
"6458",1.9854487633909
"6459",0.340955589707799
"6460",1.21605763121846
"6461",0.583476968914497
"6462",0.102163125461523
"6463",1.45616020974861
"6464",1.11680396425422
"6465",0.548376346613006
"6466",1.04040202395249
"6467",0.600420798718593
"6468",0.45181741971586
"6469",0.567682426821132
"6470",0.445440432316663
"6471",0.289479249896902
"6472",0.378829117369154
"6473",0.394929678875863
"6474",0.663042664288481
"6475",0.543845480707409
"6476",0.426223055668382
"6477",0.25288452674886
"6478",0.673970679343925
"6479",0
"6480",1.46832115043464
"6481",1.69455458296212
"6482",1.39324570514428
"6483",0.289642773854154
"6484",0.954941736493356
"6485",0.309420880851627
"6486",0.162437658958351
"6487",0.0894051864334756
"6488",0.476333337776487
"6489",0.768422398583699
"6490",0.632387767591204
"6491",0.694461078039801
"6492",0.494726866647675
"6493",0.311282251360836
"6494",0.803174089110738
"6495",0.929090381885825
"6496",0.213851609703722
"6497",0.22585480594578
"6498",0.299135003277175
"6499",0
"6500",0
"6501",0.0820177442316011
"6502",0
"6503",0.374710892601938
"6504",0.510977784201692
"6505",0.213271299388564
"6506",0.0125462936928434
"6507",0.168694552897942
"6508",0.0849875499099003
"6509",0.171434255706557
"6510",0.225293600082018
"6511",1.22872766601016
"6512",0.968153654466024
"6513",0.743745072515838
"6514",0.811598893565708
"6515",0.870895361542423
"6516",1.01854987153343
"6517",1.75472139628962
"6518",1.42866583432943
"6519",0.957223543912616
"6520",0.702250081463074
"6521",0.588249322669623
"6522",0.664255972311975
"6523",1.00694382237463
"6524",0.111655670319679
"6525",0.655820631101277
"6526",0.19748417566811
"6527",0.0829821766136522
"6528",1.58834231953808
"6529",0.401836752751628
"6530",0.382302699829322
"6531",0.294064528350079
"6532",0.431728336206068
"6533",0.369298615643611
"6534",0.369298615643611
"6535",0.369298615643611
"6536",0.300868157495553
"6537",0.369298615643611
"6538",0.369298615643611
"6539",0.369298615643611
"6540",0.369298615643611
"6541",0.369298615643611
"6542",0.369298615643611
"6543",0.369298615643611
"6544",0.369298615643611
"6545",0.369298615643611
"6546",0.369298615643611
"6547",0.369298615643611
"6548",0.369298615643611
"6549",0.369298615643611
"6550",0.369298615643611
"6551",0.642067531063217
"6552",0.16531528266755
"6553",0.315221216395074
"6554",0.245021095340568
"6555",0.667942185459164
"6556",0.475380476177676
"6557",0.667778842637232
"6558",0.632577727515783
"6559",0.0734434039377016
"6560",0.388606101162614
"6561",0.138989805542307
"6562",0.448973987773356
"6563",0.810561389187167
"6564",0.316496291207756
"6565",2.02790899040813
"6566",2.05997099281229
"6567",1.4437806084362
"6568",0.425224439618796
"6569",0.799340259367526
"6570",0.124338666837353
"6571",0.246148766745041
"6572",0.882278013586739
"6573",0.935582519808112
"6574",1.06523112528608
"6575",0.744004925073379
"6576",0.268453079381224
"6577",0.0623073817944784
"6578",0.180084600771538
"6579",0
"6580",0.41605093662626
"6581",0.537943641000274
"6582",0
"6583",0.392266844976579
"6584",0.144944294465819
"6585",0.417930359280868
"6586",0.138542746524947
"6587",1.24765252353577
"6588",0.742843269702496
"6589",0.895226176586251
"6590",0.689745375312262
"6591",0.940046597701969
"6592",0
"6593",0.618165942882838
"6594",0.622054178025087
"6595",0.131043081804226
"6596",0.712482338615486
"6597",0.102656987041029
"6598",0.991231671523839
"6599",0.892442303461041
"6600",0.347541022306592
"6601",0.130022406145178
"6602",0
"6603",0.930063623890881
"6604",1.24160528181537
"6605",0.54328887973924
"6606",0.614390932196056
"6607",1.13176935670792
"6608",1.17131580186662
"6609",0.588659883393777
"6610",0.713042344134168
"6611",0.838655726817838
"6612",0.524424830858997
"6613",0.674750537176353
"6614",0.635324749506986
"6615",0.792015800169484
"6616",0.491527519500578
"6617",0.661800547021725
"6618",0.756822071544132
"6619",0.432002529965443
"6620",0.356512924421058
"6621",1.12615695304676
"6622",0.600063513532574
"6623",2.04574378841939
"6624",1.64107251940891
"6625",0.548395432515719
"6626",0.247396113494901
"6627",1.44436775130581
"6628",3
"6629",0
"6630",0.0123373240390329
"6631",0.829536460092394
"6632",0.804436026529058
"6633",0.696858982287594
"6634",1.2221856633172
"6635",0.494833043496387
"6636",0.429402468619486
"6637",0.93549731196976
"6638",0.627026424582433
"6639",0.565253800037597
"6640",0.653489781912742
"6641",0.495248523712063
"6642",0.321533792247474
"6643",0.129479136442918
"6644",0.282850185357292
"6645",0.89385218262827
"6646",1.15292134874648
"6647",1.97913676622784
"6648",0.626583650278274
"6649",1.62328563750701
"6650",0.953931615394627
"6651",0.213478165676248
"6652",0.320263379620189
"6653",0.416933259109697
"6654",0.172463836926852
"6655",0.319374703815174
"6656",1.71867510154812
"6657",0.597281474034467
"6658",0.160439313107415
"6659",0.69878413709985
"6660",0.11385507944182
"6661",0.534411894688583
"6662",0.128078246577336
"6663",0.253221029724071
"6664",0.0388547908453471
"6665",0.0952651174802141
"6666",0.01747928615062
"6667",0.0279178321267297
"6668",0.153073434711572
"6669",0.959796439121946
"6670",0.125897804062629
"6671",0.150815974955719
"6672",0.362544065960887
"6673",0.583329878181207
"6674",2.12162105982853
"6675",0.599235267435278
"6676",0.767435306968996
"6677",0.746904764283885
"6678",0.492269862865544
"6679",0.918041356198407
"6680",0.495720947258735
"6681",0.870875355372925
"6682",0.521748486203433
"6683",0.381816521674147
"6684",0.248487395533237
"6685",0.922730808187346
"6686",0.338451764235953
"6687",0.219531424539451
"6688",0
"6689",0.520842169078093
"6690",0.0639424238301049
"6691",0.486221458425267
"6692",0.157636761847219
"6693",0.583704770403308
"6694",0.178104968061725
"6695",0.570374756030054
"6696",0.314909761091513
"6697",0.358383491580629
"6698",0.109262989023919
"6699",0.431728336206068
"6700",0.369298615643611
"6701",0.369298615643611
"6702",0.300868157495553
"6703",0.94431552601401
"6704",0.300868157495553
"6705",0.369298615643611
"6706",0.369298615643611
"6707",0.369298615643611
"6708",0.369298615643611
"6709",0.369298615643611
"6710",0.369298615643611
"6711",0.369298615643611
"6712",0.369298615643611
"6713",0.369298615643611
"6714",0.369298615643611
"6715",0.369298615643611
"6716",0.369298615643611
"6717",0.369298615643611
"6718",0.421706546790885
"6719",0.166413030486142
"6720",0.0918109957164146
"6721",0.65384775112668
"6722",1.12110427302276
"6723",0.332100540329393
"6724",0.638651558971214
"6725",0.249364795715934
"6726",0.736066158611702
"6727",0.0868050914238415
"6728",0.725185040452416
"6729",0.478517763763936
"6730",0.123192338458895
"6731",0.574517841248794
"6732",0.333249240932701
"6733",0.930121501005358
"6734",1.64262883448927
"6735",0.349997997439494
"6736",0.535824480546837
"6737",0.610893278175691
"6738",0.210199093048896
"6739",0.372792639141896
"6740",0.987768274004645
"6741",1.84844291648458
"6742",0.3613733507955
"6743",0.0644725988573189
"6744",0.184903666683403
"6745",0.0621444416219359
"6746",0.0036966321256082
"6747",0
"6748",0
"6749",0.0681068914828628
"6750",0.192026839813657
"6751",0.689541205925973
"6752",0.181718538319509
"6753",0.290706688960677
"6754",0.0867337900612983
"6755",0.302765978885732
"6756",0.616813136463349
"6757",0.821831836068971
"6758",0.62790254115766
"6759",0.441544678511142
"6760",0.17784102161841
"6761",0
"6762",0
"6763",0.113312364143528
"6764",0.494095700498333
"6765",0.550791111850501
"6766",0.210295420460586
"6767",0.211675162152247
"6768",0.739602597264503
"6769",0.4183604364081
"6770",0.127409381975774
"6771",0.846624176099399
"6772",0.475152741600146
"6773",0.937997500707037
"6774",1.17482516617587
"6775",0.905658648119755
"6776",0.962566135210885
"6777",0.794710057536854
"6778",0.583279672770833
"6779",0.674404831490166
"6780",0.540612985485449
"6781",0.732176958385474
"6782",0.635595285895336
"6783",0.939559032379867
"6784",0.535249055760648
"6785",0.345536869782857
"6786",0.28536899088979
"6787",1.136914334156
"6788",0.612088852438291
"6789",1.28810073761171
"6790",0.752858891436918
"6791",0.889904865547833
"6792",0.305284182222806
"6793",0.453912106813236
"6794",3
"6795",2.88709968598305
"6796",0.319728788978486
"6797",0.244176573540903
"6798",0.0344721242838712
"6799",0.239327239024477
"6800",0.675153408943741
"6801",1.11449377505031
"6802",0.753566180067824
"6803",0.595998783799055
"6804",0.575248847941583
"6805",0.60276028460199
"6806",0.720731347097268
"6807",0.661867360966203
"6808",0.287107473697524
"6809",0.372928694771307
"6810",0.529298430734533
"6811",0.911014841679055
"6812",0.215991266125051
"6813",1.54065596112571
"6814",0.217591436165762
"6815",0.198497023078799
"6816",0.439458342392435
"6817",0.460531682972012
"6818",0.804063775713025
"6819",0.327687286116414
"6820",0.43602094000497
"6821",0.192440299451277
"6822",1.58617211718615
"6823",0.140400925714334
"6824",0.701505603831074
"6825",0.754431361732718
"6826",0.564136567662358
"6827",0.861432720031043
"6828",0
"6829",0.141827516832
"6830",0.0705451362336624
"6831",0.251107837710246
"6832",0.156071488886903
"6833",0.0426479400462078
"6834",0.0551930699902478
"6835",0.173633923931851
"6836",0.0622734196042824
"6837",0.167131796441546
"6838",0.0391751248499056
"6839",0.305766370608391
"6840",1.38378408643366
"6841",0.611657852944056
"6842",0.633438483112636
"6843",0.342781768903594
"6844",0.222998330071865
"6845",0.679780378725055
"6846",0.136230892776832
"6847",0.208497896185764
"6848",0.161421247604765
"6849",0.403094645994388
"6850",0.381391630546302
"6851",0.0290178483438544
"6852",0.248536028744492
"6853",0.242617573799119
"6854",0.140378245659976
"6855",0.033390353267302
"6856",0
"6857",0.038629551178599
"6858",0.0225343961575328
"6859",0.153824842718215
"6860",0.193436364360789
"6861",0.333765256035068
"6862",0.0856518059584808
"6863",0.355830289463192
"6864",0.120371506493168
"6865",0.114817247758544
"6866",0.494158056768524
"6867",0.369298615643611
"6868",0.369298615643611
"6869",0.369298615643611
"6870",0.300868157495553
"6871",0.369298615643611
"6872",0.369298615643611
"6873",0.369298615643611
"6874",0.369298615643611
"6875",0.369298615643611
"6876",0.369298615643611
"6877",0.372175838831652
"6878",0.376413781687006
"6879",0.49601019376541
"6880",0.377594469907619
"6881",0.497190580288557
"6882",0.381411917217559
"6883",0.381809536334019
"6884",0.39855453466971
"6885",0.305463478032961
"6886",0.136864844669908
"6887",0.234212678367903
"6888",0.440425273763003
"6889",0.437337037161216
"6890",0.126897086267064
"6891",0.30602339449688
"6892",0.263608212917321
"6893",0.296794156854896
"6894",0.256543412842577
"6895",0.257613959529414
"6896",0.650798671509126
"6897",0.0607303382689909
"6898",0.135109642477728
"6899",0.609175149359239
"6900",0.383753565170576
"6901",0.441217459439823
"6902",0.312307764294827
"6903",0.692917573092497
"6904",0.648860962631784
"6905",0.540910018216762
"6906",0.295830562591191
"6907",1.96229810295136
"6908",2.22832658681458
"6909",0.36816229854425
"6910",0.111335209264967
"6911",0.107372539184683
"6912",0.185362466468997
"6913",0.00620203560964103
"6914",0
"6915",0
"6916",0.170937655725849
"6917",0.766867239021893
"6918",0.659173766500382
"6919",0.317766688242081
"6920",0.81160484071035
"6921",0.641356373974892
"6922",0
"6923",0.628060922454818
"6924",1.10223749412414
"6925",0.0997013825747081
"6926",0.359916793963053
"6927",0.186230105256757
"6928",0.278792641637671
"6929",0.813909718031088
"6930",0
"6931",0.0767512124621225
"6932",0.133422217442829
"6933",0.145277074071443
"6934",1.484102958556
"6935",0.668448865395326
"6936",0.997942497837536
"6937",1.35967276957645
"6938",0.827710714868876
"6939",0.723800355064574
"6940",1.19862292051044
"6941",0.957667506560752
"6942",0.679976498968587
"6943",0.518611902489202
"6944",0.640615284227869
"6945",0.855970028607763
"6946",1.00492484664517
"6947",1.39194886946808
"6948",0.56750250772456
"6949",0.725866503708481
"6950",0.753641016119637
"6951",1.11198761680479
"6952",0.732708403568689
"6953",1.04636958170612
"6954",0.716407742194519
"6955",1.1023157528091
"6956",0.497764201421347
"6957",0.80031657290587
"6958",0.453407174076733
"6959",0.328936976854502
"6960",0.468906581089951
"6961",0.296512417636661
"6962",2.45617881419154
"6963",1.27543639082167
"6964",0.154549688990534
"6965",0.546812646927129
"6966",0.682846161921704
"6967",0.993204541088764
"6968",1.5003891213337
"6969",0.76281565237875
"6970",1.00687741393985
"6971",0.654269987625476
"6972",0.510533571684975
"6973",0.327980363417706
"6974",0.407407582862767
"6975",0.20546683754002
"6976",0.404221917830801
"6977",0.847553213865507
"6978",0.376854325020013
"6979",1.13586310486547
"6980",0.389947399464261
"6981",0.605338198590157
"6982",0.143229941236425
"6983",0.17832729243796
"6984",0.263596612969085
"6985",0.238208500448725
"6986",0.226557889982975
"6987",0.135063864289285
"6988",0.183063695648338
"6989",0
"6990",0.177332003409207
"6991",0.349130691415443
"6992",0.336686342144255
"6993",0.523118366247178
"6994",0.00340665429269171
"6995",0.636311765535271
"6996",0
"6997",0.0760689670997444
"6998",0.364878681955083
"6999",0.146624381390793
"7000",0.268838221161271
"7001",0.162360218490458
"7002",0.0601064199631603
"7003",0.160433898619846
"7004",0.0719019452637974
"7005",0.182162034531948
"7006",0.0819045732497476
"7007",0.406106888816749
"7008",0.526594147743394
"7009",0.802217688010308
"7010",0.105133552852101
"7011",0.215233954680923
"7012",0.0462988314456132
"7013",0.452788167971798
"7014",0.0556502213545319
"7015",0.406575802403247
"7016",0.746826779451933
"7017",0.0888689086162646
"7018",0.313362331969413
"7019",0.507895835765251
"7020",0.275767854409929
"7021",0.258018582783464
"7022",0.0501472073114682
"7023",0.0513630170602902
"7024",0.063592361556826
"7025",0.25375875911033
"7026",0.171979469120085
"7027",0.231798895395417
"7028",0.190379379151626
"7029",0
"7030",0.120371506493168
"7031",0.120371506493168
"7032",0.114817247758544
"7033",0.431728336206068
"7034",0.369298615643611
"7035",0.369298615643611
"7036",0.369298615643611
"7037",0.369298615643611
"7038",0.419874150039283
"7039",0.488304608187342
"7040",0.369298615643611
"7041",0.488304608187342
"7042",0.372175838831652
"7043",0.371269299200876
"7044",0.597815820585556
"7045",0.29433361463339
"7046",0.528895541223987
"7047",0.651970091774271
"7048",0.504368655606539
"7049",0.559474641480247
"7050",0.362201221025883
"7051",0.0635558606042663
"7052",0.105591001933535
"7053",0.489358704329548
"7054",0.294962467205181
"7055",0.329409626966985
"7056",0.104875712176316
"7057",0.101060687436221
"7058",0.331465265081217
"7059",0.092342930802217
"7060",0.460530105413409
"7061",0.452007285448331
"7062",0.228747721564339
"7063",0.301524833108713
"7064",1.06226522562089
"7065",0.329705321196873
"7066",0.66517841378183
"7067",0.40596126700241
"7068",0.07261201311296
"7069",0.104894232736003
"7070",0.770886251369959
"7071",0.390385289610689
"7072",0.773877247556569
"7073",1.00088682764609
"7074",0.329962954712562
"7075",0.695379659894441
"7076",0.0282242158135112
"7077",0.820138130087501
"7078",0.0807547713846772
"7079",0.132392064172979
"7080",0
"7081",0
"7082",0.12413539539163
"7083",0.149463484421437
"7084",0.284937862337801
"7085",0.610707459609055
"7086",0.135638028780357
"7087",0.450670055243704
"7088",1.12719543616679
"7089",0
"7090",1.15755817733912
"7091",0.0910584394893872
"7092",0.976096120783604
"7093",0.867949973855716
"7094",0.0902653168478767
"7095",0.624665762378411
"7096",0.803447307800105
"7097",0.0598202543106059
"7098",0.335352230074051
"7099",0.799437866874865
"7100",0.295901414757998
"7101",1.20353088674958
"7102",1.54806525868685
"7103",1.39664937575704
"7104",1.19535571271224
"7105",0.89567100810072
"7106",0.632368554757769
"7107",1.8190280480579
"7108",0.984593861640952
"7109",0.829812913457954
"7110",0.86617020891256
"7111",0.38815670959648
"7112",0.455227747885554
"7113",0.10874098566249
"7114",0.820576780871193
"7115",0.534230646554118
"7116",1.0196631198094
"7117",0.86966514173901
"7118",1.31773123468922
"7119",0.857687738764604
"7120",0.820535372590371
"7121",0.818267004741005
"7122",1.24374404481697
"7123",0.778657246653865
"7124",0.669694108569883
"7125",0.577377000263769
"7126",0.656708766826905
"7127",1.0450681132501
"7128",1.67573056055709
"7129",1.06316884337405
"7130",0.453808318183734
"7131",0.58298917933509
"7132",0.982200079753986
"7133",1.70751943053339
"7134",1.4254358293886
"7135",0.953030388859855
"7136",0.601652666279427
"7137",0.804624539620322
"7138",0.257998673281683
"7139",0.331968503291132
"7140",0.276030065401276
"7141",0.848943312201929
"7142",0.632826718643656
"7143",0.702122782278416
"7144",1.03580833605323
"7145",0.391183885960907
"7146",0.756810217877268
"7147",0.140434965901665
"7148",0
"7149",0.608864394013563
"7150",0.590010659901622
"7151",0.677419110857963
"7152",0.0360932571675169
"7153",0.104578774037634
"7154",0.0625589855187359
"7155",0
"7156",1.02001930687556
"7157",0.220397214158991
"7158",0.146678442038742
"7159",0.199513626877097
"7160",0.266224799679877
"7161",0
"7162",0.969779733536466
"7163",0.492232711142241
"7164",0.277984134095595
"7165",0.496178208820541
"7166",1.10047287902969
"7167",0.0667315366447581
"7168",0.16472121976846
"7169",0.0556548630553693
"7170",0.052239662687971
"7171",0
"7172",0.164521916003101
"7173",0.549084746011083
"7174",0.155159396126519
"7175",0.639930006310578
"7176",0.356353106805652
"7177",0.436970024740899
"7178",0.0989908501548202
"7179",0
"7180",0.205248498437557
"7181",0.0355625882759132
"7182",0.166031883383049
"7183",0.312499299294993
"7184",0.00920995311578858
"7185",0.0490905083710964
"7186",0.227059532642331
"7187",0.0992138414542522
"7188",0.257691467452344
"7189",0.455990210268682
"7190",0.294109899939185
"7191",0.155611712770409
"7192",0.295559631859804
"7193",0.296439051865362
"7194",0.0412807517723564
"7195",1.33345976771801
"7196",0
"7197",0.112619640206125
"7198",0.105621671715228
"7199",0.431728336206068
"7200",0.369298615643611
"7201",0.369298615643611
"7202",0.369298615643611
"7203",0.419874150039283
"7204",1.06332151855774
"7205",0.555706773215158
"7206",0.630203787064664
"7207",0.370899226234161
"7208",0.505736181590415
"7209",0.411154405142706
"7210",0.0536567875986719
"7211",0.928034061333812
"7212",0.986844325048586
"7213",0.852347482859547
"7214",1.20335702018439
"7215",0.256034124221969
"7216",0.311257453701001
"7217",0.114573391182703
"7218",0.23363777513285
"7219",0.132224434838752
"7220",0.62700343367984
"7221",0.0988119281860221
"7222",0.12738808017479
"7223",0.205578087649057
"7224",0.0866897396756628
"7225",0.292889130201297
"7226",0.312598377763022
"7227",0.685140908058209
"7228",0.321359571681525
"7229",0.182648368362002
"7230",0.424684078373822
"7231",0.0591886758696216
"7232",0.0904305682888844
"7233",0.619565553146745
"7234",0.0777192938757404
"7235",0.74539406449017
"7236",0.918562374502602
"7237",0.604515560288557
"7238",0.258075593899345
"7239",0.251465285186501
"7240",1.27190133213125
"7241",0.263885699441426
"7242",0.263215427400769
"7243",0.0767120764003015
"7244",0.414824535851618
"7245",0.390716026574206
"7246",0.0143724054661427
"7247",0
"7248",0.0283018334276065
"7249",0.611270491618107
"7250",0.601349396473628
"7251",0.207337395408285
"7252",0.0431575534386845
"7253",0.318929552188623
"7254",0
"7255",0.533714930499385
"7256",0.175229787202624
"7257",0.185065925039648
"7258",0.09982865664765
"7259",0.00353079281931991
"7260",0.259515193806915
"7261",0.151807444852291
"7262",0
"7263",0.0891380080722967
"7264",0.364375842797746
"7265",0.180572094357452
"7266",1.34734456732058
"7267",0.416675441637789
"7268",1.25635144587837
"7269",1.98416668883827
"7270",1.31994527635935
"7271",0.516084860440246
"7272",1.23209337481731
"7273",1.66425935220035
"7274",1.59829305044687
"7275",1.10653119818058
"7276",0.715245971420174
"7277",1.30738846460597
"7278",0.451525142796019
"7279",0.0115462316275332
"7280",0
"7281",0.735974291029117
"7282",1.54355668229327
"7283",0.988156893046467
"7284",0.591350771139021
"7285",1.04049569838133
"7286",0.444327882609912
"7287",0.56738329479474
"7288",0.408554611638018
"7289",0.634573072060817
"7290",0.462793333904948
"7291",0.912786837726765
"7292",1.1817955892313
"7293",1.50740547360232
"7294",0.960467445690276
"7295",1.0032933259058
"7296",0.694494221905686
"7297",0.385048224933624
"7298",0.415420280400131
"7299",0.985480667451338
"7300",0.503825589978165
"7301",1.10800322340907
"7302",0.74781915901082
"7303",0.468581409852889
"7304",0.867616690029646
"7305",0.635975340031231
"7306",0.575143302428348
"7307",0.542861660753089
"7308",0.663929736796568
"7309",1.29194179202199
"7310",1.12615466331971
"7311",0.998443581269629
"7312",0.314311542889382
"7313",0.343816719209822
"7314",0.601628143838475
"7315",0.0909024055166239
"7316",0.0304710197505392
"7317",0
"7318",0.115624747103256
"7319",0.165704997867259
"7320",0.123706082630627
"7321",0.0937594168959139
"7322",0.108638990000863
"7323",0.144491091170696
"7324",0.908301078045646
"7325",0.566226529465455
"7326",0.036935680679083
"7327",0.582938989724537
"7328",0.585208993664221
"7329",0.720197827251061
"7330",0.759996974644354
"7331",0.268320119803719
"7332",0.53314567441336
"7333",0.56561241921294
"7334",0
"7335",0.0325287063719141
"7336",0.0523677767085046
"7337",1.15981557352973
"7338",0
"7339",0.115628100993826
"7340",0.0649085502975965
"7341",0.0049928087008841
"7342",0.124777546331048
"7343",0.257415441003239
"7344",0.0443861150302727
"7345",0.045378462914595
"7346",0.0510506518199401
"7347",0.175437725755406
"7348",0.133162510151882
"7349",0.489188931036342
"7350",0.0809666426656969
"7351",0.324094891563139
"7352",0.371275982041874
"7353",0.630562650780235
"7354",0.135071865109804
"7355",1.05980321637322
"7356",0.0246932944722177
"7357",0.209164277634186
"7358",0.599228208081359
"7359",0.285640129873617
"7360",0.721197911578971
"7361",0.00274341476715684
"7362",0.0865416424895626
"7363",0.084809966337636
"7364",0.0872243636267207
"7365",0.494158056768524
"7366",0.369298615643612
"7367",0.369298615643611
"7368",0.369298615643611
"7369",0.369298615643611
"7370",0.60628230761083
"7371",0.376643644770258
"7372",0.341489681492741
"7373",0.542261188253302
"7374",0.42946254977655
"7375",0.241980583178955
"7376",0.894808953922593
"7377",0.100605837783294
"7378",0.168099701192625
"7379",0.546404112614836
"7380",0.306307297318202
"7381",0.430544131826861
"7382",0.114846647982799
"7383",0.116297547675214
"7384",0.115251511565833
"7385",0.317821666004802
"7386",0.609512985177929
"7387",0.11125852601433
"7388",0.415010498395085
"7389",0.197014226911439
"7390",0.513278967843359
"7391",0.140915452163798
"7392",0.182339378392094
"7393",0.409336084462695
"7394",0.203512474845491
"7395",0.654951855626129
"7396",0.639460318112707
"7397",0.00579663622293076
"7398",0.547562377650066
"7399",0
"7400",0
"7401",0.267006482133794
"7402",0.91484068324737
"7403",1.37670588849966
"7404",0.0798021914992589
"7405",0.51237384890128
"7406",0.331010857628853
"7407",0.21515265820515
"7408",0.313094020882056
"7409",0.502585900012443
"7410",0.613059757327772
"7411",0.648014018940382
"7412",0.772861074836501
"7413",0.0143724054661427
"7414",0
"7415",0.127175849130547
"7416",0.200778315126616
"7417",0.0730124259240064
"7418",0.289709858460359
"7419",0.269211463461298
"7420",0.668994891712253
"7421",0.617884363489885
"7422",0.7493749493204
"7423",0.369628128244159
"7424",0.126319538100776
"7425",0.581273257861484
"7426",0.137075176359714
"7427",0.138089884304939
"7428",0.0657669843296113
"7429",0.809088865097472
"7430",0.385215834495582
"7431",0.488347219581971
"7432",1.114687199845
"7433",1.31225428910406
"7434",1.09376806318128
"7435",1.45197753705424
"7436",1.61398405246907
"7437",1.87447393553435
"7438",0.790582939176498
"7439",0.820147144332707
"7440",0.979392916023258
"7441",0.581010138247483
"7442",0.66315988363841
"7443",0.371327313744417
"7444",0.357225151616784
"7445",0.468420105748155
"7446",0.599705358421938
"7447",0.159889234758992
"7448",2.10157270786118
"7449",0.862696963283531
"7450",0.923065017760157
"7451",1.26861625832687
"7452",1.40272707737827
"7453",0.594866856616357
"7454",0.517966114182132
"7455",0.459902819619759
"7456",1.0334515485048
"7457",0.669298443863759
"7458",1.69079895210667
"7459",0.933748788572282
"7460",0.765220860016625
"7461",0.607657235476181
"7462",0.41793272124233
"7463",0.717429545157055
"7464",0.383467827234657
"7465",0.279668223994943
"7466",0.416354944643717
"7467",0.472777606017119
"7468",0.469699177355666
"7469",0.461935241284693
"7470",0.506876516975735
"7471",0.65453254990785
"7472",0.253848187539029
"7473",1.2756454014128
"7474",1.13956243788452
"7475",1.48869713699449
"7476",1.71194509478604
"7477",0.994275478890906
"7478",1.35983293307391
"7479",1.33363467541602
"7480",0.988065658646474
"7481",0.315645787206632
"7482",0.143697235432457
"7483",0.547465686142497
"7484",0.106835228721998
"7485",0.748989206844618
"7486",0.294699889960686
"7487",0.158280647686533
"7488",1.89633899312611
"7489",0.551318847323304
"7490",0.369300627894743
"7491",0.342474109117597
"7492",0.442470311994678
"7493",0.72208557814418
"7494",0.571450733113364
"7495",0.594716867113853
"7496",0.783633029230394
"7497",0.0557833870165981
"7498",0.0851104537172977
"7499",0.250419508166825
"7500",0.0649343701591936
"7501",0.229702257372926
"7502",0.320374332883545
"7503",0.0368919567089411
"7504",0.684743355357097
"7505",0.0865160089405154
"7506",0.0549962718141646
"7507",0.0381681956491899
"7508",0.183004682973075
"7509",0.0908429585625251
"7510",0.21130578404218
"7511",0
"7512",0
"7513",0
"7514",0.0702389540339174
"7515",0.119745437683398
"7516",0
"7517",0.430804518534262
"7518",0.738546016457492
"7519",0.430392369738955
"7520",0.82959226459255
"7521",0.248425702391145
"7522",0.122535086115263
"7523",0.107860890391964
"7524",0.233273346451242
"7525",0.156640396535171
"7526",0.366503425563705
"7527",0.0563206801702908
"7528",0.0632888607405767
"7529",0.0631224064657567
"7530",0.180684689253214
"7531",0.0730568589171882
"7532",0.431728336206068
"7533",0.369298615643611
"7534",0.369298615643611
"7535",0.419874150039283
"7536",0.969434961749104
"7537",0.398792929690567
"7538",0.021448276020107
"7539",0.0733957046284995
"7540",0.160682936884936
"7541",0
"7542",0.105890305886877
"7543",0.238787992604863
"7544",0.100605837783294
"7545",0.366773532916895
"7546",0.0433340739143552
"7547",0.111189077892648
"7548",0.123830915550222
"7549",0.116748321649851
"7550",0.116870289425667
"7551",0.119514947396149
"7552",0.0946652033846447
"7553",0.708676780377195
"7554",0.143591086408677
"7555",0.480717579111385
"7556",0.320455660412735
"7557",0.558983797367318
"7558",0.0994243364856483
"7559",0.175219707391792
"7560",1.72574951684167
"7561",0.11323328891614
"7562",0.491741019789711
"7563",0
"7564",0
"7565",0.0392930401573559
"7566",0.174123125258764
"7567",0.0429259908389923
"7568",0.23014832263586
"7569",0.470296328088672
"7570",0.438870752191455
"7571",0.0738110833444307
"7572",0.463370648076487
"7573",2.19445166824777
"7574",0.112530394761285
"7575",0.704753201002703
"7576",1.43249581880346
"7577",0.662892043138567
"7578",0.641002888515686
"7579",0.66506795623947
"7580",0.015336980341291
"7581",1.09424101566639
"7582",0.63438288344547
"7583",0.097302526058884
"7584",0.42996019359536
"7585",0.393357903586631
"7586",0.717099931020748
"7587",0.158100457567801
"7588",0.414811647508077
"7589",0.467569414457783
"7590",0.194500872538393
"7591",0.787048403763069
"7592",0.678583647517705
"7593",0.253451880184047
"7594",0.207441383376158
"7595",0.783267179231183
"7596",1.07156402977769
"7597",0.616736994419253
"7598",1.04748460709111
"7599",1.19624209783208
"7600",0.954277209153002
"7601",2.12966543318835
"7602",1.124871748489
"7603",0.71407735520654
"7604",0.613800014408424
"7605",3
"7606",2.05443785891925
"7607",0.408917760606094
"7608",0.465895447008072
"7609",0.296635364568929
"7610",0.621992832434897
"7611",0
"7612",0.227007888844973
"7613",0.642791777789927
"7614",1.9833481731774
"7615",1.20589935831565
"7616",1.07325226464021
"7617",1.16884399910617
"7618",1.3542400264969
"7619",1.72318142705067
"7620",1.14772461697134
"7621",2.16099803318313
"7622",0.690668015675705
"7623",0.895886761102992
"7624",0.629745528278381
"7625",0.777163180899779
"7626",0.723160276656066
"7627",0.566622226682323
"7628",0.697161499986019
"7629",0.427579754082407
"7630",0.653493556310297
"7631",0.406554531385548
"7632",0.624420967500655
"7633",0.89567646042181
"7634",0.559042333302846
"7635",0.710228288715668
"7636",0.558492126688018
"7637",0.484204112890327
"7638",0.300476356276761
"7639",0.340204494028021
"7640",1.0996180611469
"7641",0.992009983271317
"7642",1.25696925066291
"7643",0.957032369161175
"7644",1.68447015392008
"7645",1.95312798733678
"7646",1.71864641078107
"7647",0.745931026648589
"7648",0.288955767784337
"7649",0.163460899407117
"7650",0.260450725288694
"7651",0.162364340777439
"7652",0.257089982332476
"7653",0.587636734526036
"7654",0.297197707131643
"7655",0.642003614856243
"7656",1.05383525029291
"7657",0.274425706009016
"7658",1.1149819925508
"7659",0.0647915557298159
"7660",0.929226439818633
"7661",0.911474617226972
"7662",0.320095852080907
"7663",0.584575265014613
"7664",0.958428636823967
"7665",0.225027402310208
"7666",0.670194146016617
"7667",0.721367106072282
"7668",0.339071394839052
"7669",0.223185013722842
"7670",0.110792790005242
"7671",0.572729375007762
"7672",0.103070700246309
"7673",0.100138359167202
"7674",0.170001846609389
"7675",0.189692772043438
"7676",0.0599087174075571
"7677",0.518734212182515
"7678",0
"7679",0.0252472688162867
"7680",0.0396970786235396
"7681",0.0297526366193439
"7682",0.0355292244163998
"7683",0
"7684",0.247189358364542
"7685",0.848949694791947
"7686",0.689705292350034
"7687",0.577368541969932
"7688",0.393282845770555
"7689",1.24656158388548
"7690",0.107874232622637
"7691",0.518326202684515
"7692",0.0877357648698149
"7693",0.174371825984166
"7694",0.0575831691191613
"7695",0.176589161662892
"7696",0.176589161662892
"7697",0.176589161662892
"7698",0.0730568589171882
"7699",0.494158056768524
"7700",0.369298615643611
"7701",0.369298615643611
"7702",0.369298615643611
"7703",0.449343545011424
"7704",0.200531529108486
"7705",0.0607179016904038
"7706",0.0774952777850441
"7707",0.00290759553990556
"7708",0.634339744286213
"7709",0.00270748084710778
"7710",0.115930665584432
"7711",1.45561869843896
"7712",0
"7713",1.25035197425665
"7714",0.00608738767533754
"7715",0.123102775300232
"7716",0.117923468321223
"7717",0.113690555754992
"7718",0.237451335601014
"7719",0.0943896898990783
"7720",0.14654566580446
"7721",0.777982844176966
"7722",0.353857414307076
"7723",0.127527433036857
"7724",0.0695894364042298
"7725",0.14878956853966
"7726",0.328433722328203
"7727",0.158814865955302
"7728",0.330769642842817
"7729",0.110416680450059
"7730",0.142998370102368
"7731",0.127997555210518
"7732",0.24307918240748
"7733",0.121004084936999
"7734",0.235579659444508
"7735",0.0236678336768891
"7736",1.90556245436507
"7737",0.574541904391476
"7738",1.40720058248397
"7739",0.316254761101194
"7740",0.123701171611406
"7741",0.686255626390728
"7742",0.635079342688755
"7743",0.402807324041996
"7744",1.28382424634016
"7745",0.85458568846353
"7746",0.596276625206621
"7747",1.02487907591245
"7748",0.835532735031926
"7749",0.360332132512918
"7750",0.385709023750722
"7751",0.127480468928423
"7752",0.300484020777093
"7753",0.0584130426893126
"7754",0.603504163877322
"7755",0.525804225589676
"7756",0.34081896036021
"7757",0.315975584126814
"7758",0.276406368122412
"7759",1.01980955296736
"7760",0.414407599996471
"7761",1.04508143389269
"7762",0.979444059264973
"7763",0.872723510624235
"7764",3
"7765",0.717753297781224
"7766",0.724172877215645
"7767",1.58805276516729
"7768",0.936950346153922
"7769",1.64958170912829
"7770",0.924815896281571
"7771",0.804806088163113
"7772",1.74518705844579
"7773",3
"7774",0.872863265383692
"7775",0.800976501710168
"7776",1.22118571339193
"7777",0.203845008093696
"7778",1.25654736649209
"7779",0.214249672688624
"7780",1.52578523107943
"7781",0.666839002204764
"7782",1.04039176639651
"7783",1.02120670779573
"7784",1.17805321439556
"7785",1.77419680610527
"7786",2.10139345311078
"7787",2.1809580615239
"7788",0.891176467502187
"7789",0.952942484183678
"7790",0.306061793545981
"7791",0.598922484418055
"7792",0.883144099896502
"7793",0.378401529580519
"7794",0.767105774167754
"7795",0.512050526434882
"7796",1.03475537140726
"7797",0.389472536971647
"7798",0.675374788402735
"7799",1.2120978092018
"7800",0.758641517213618
"7801",1.00382420497499
"7802",1.32416719053164
"7803",0.606649717986751
"7804",0.514322493537055
"7805",0.608379029034119
"7806",0.503151673262044
"7807",0.247007123684966
"7808",0.56534923647611
"7809",0.860936192713358
"7810",0.758610758467113
"7811",2.15701053178488
"7812",1.99205332203008
"7813",1.6368335963037
"7814",0.879754283735627
"7815",0.853650141555995
"7816",0.478607647040721
"7817",0.188155482493071
"7818",0.472879199123492
"7819",0.240707283118824
"7820",0.097030530444801
"7821",0.518204025378055
"7822",0.507635731547537
"7823",0.484891538681409
"7824",0.206035506481608
"7825",0.60499406185004
"7826",0.306920975461404
"7827",0.0932540614728166
"7828",0.435097609726494
"7829",0.584218227437316
"7830",0.621723141532136
"7831",0.502983316612592
"7832",0.762273430159137
"7833",0.529997995957482
"7834",1.01139349915484
"7835",0.12043591658969
"7836",0.165347975605093
"7837",0.0306152278828496
"7838",0.165206811403625
"7839",0.133863986432517
"7840",0.180256146957832
"7841",0.11147383443155
"7842",0.828420402043661
"7843",0.0277348868992305
"7844",0
"7845",0.664999654353956
"7846",0
"7847",0.0743748423097659
"7848",0.39196729452678
"7849",0.232012750357808
"7850",0.0442962265432048
"7851",0.0885308064055453
"7852",0.4790146953672
"7853",0.175941445227213
"7854",0.420356240628658
"7855",0.369726543183349
"7856",1.11758410618803
"7857",0.804795656056857
"7858",0.12287603844639
"7859",0.384978963883175
"7860",0.0611579200721201
"7861",0.0653200140181747
"7862",0.176589161662892
"7863",0.176589161662892
"7864",0.176589161662892
"7865",0.0653200140181747
"7866",0.494158056768525
"7867",0.418201761693813
"7868",0.419330302128204
"7869",0.452735722196163
"7870",0.181485703589418
"7871",0.0663719363945505
"7872",0.0839799789923068
"7873",0.0835084864979532
"7874",0.0158657943689801
"7875",0.202507865974236
"7876",0.247722572855852
"7877",0.229357680923771
"7878",0.307900628368529
"7879",0.167218908604585
"7880",0.0653955094552276
"7881",0.113566022896374
"7882",0.1233997698206
"7883",0.202417553907105
"7884",0.110432081810454
"7885",0.329019528727055
"7886",0.346015403069734
"7887",0.500349831105442
"7888",0.247306562707531
"7889",0.208481990167775
"7890",0.111329393222507
"7891",0.289149663739559
"7892",0.518322839377192
"7893",0.248813580856386
"7894",0.140015810527204
"7895",0.167742652199346
"7896",0.131459446064814
"7897",0.107895576104937
"7898",0.107841191911802
"7899",0.226847184455532
"7900",0.107841191911802
"7901",0.107841191911802
"7902",0.0252372394118787
"7903",0.0406378768972506
"7904",0.0948974735305098
"7905",0.0428085210385077
"7906",0.323312288426352
"7907",1.14478763551939
"7908",0.129192516681353
"7909",0.723617080938444
"7910",0.937638225960585
"7911",0.915322071933115
"7912",0.907313895525707
"7913",0.366782818382498
"7914",1.78948110694797
"7915",0.883619381294311
"7916",0.647401292682013
"7917",0.322827451564598
"7918",0.712088616477948
"7919",0.835846757737243
"7920",0.447849865741323
"7921",0.803062692477893
"7922",0.471468007315237
"7923",0.382398076756624
"7924",0.6020443729006
"7925",1.11012525859252
"7926",1.40523323972391
"7927",1.41407978493975
"7928",1.45705106535488
"7929",1.82533138930311
"7930",0.319329198671181
"7931",0.44333812074664
"7932",0.764737035053906
"7933",1.13273442229283
"7934",2.27555137631073
"7935",0.998123002521149
"7936",1.1156935571709
"7937",0.938218399511147
"7938",1.0831701544562
"7939",0.238280903103613
"7940",1.06103896167191
"7941",3
"7942",2.15761681240444
"7943",2.07016353054036
"7944",0.188715136525894
"7945",1.00784555519109
"7946",1.02061023787764
"7947",0.984176903692144
"7948",0.804856733101092
"7949",1.12779583819537
"7950",1.09315833225682
"7951",1.02060434897903
"7952",2.22734041849622
"7953",0.962804848601941
"7954",1.35436708607357
"7955",0.8961165461495
"7956",0.649492564278605
"7957",0.696671129353919
"7958",1.19454789493535
"7959",1.04360559771733
"7960",0.900352817096049
"7961",0.900414862659802
"7962",0.796648766836697
"7963",1.40307994986564
"7964",0.629517641481807
"7965",1.03959960643774
"7966",1.0443732191303
"7967",0.623138285517318
"7968",1.0855468611236
"7969",0.909504795352571
"7970",0.426014664136851
"7971",0.844503458751887
"7972",0.436948580403835
"7973",0.130362672175864
"7974",0.196714672837988
"7975",0.660002452890949
"7976",0.700155775601637
"7977",0.499830983335729
"7978",0.305643540899645
"7979",0.508404930069143
"7980",0.69597839234644
"7981",0.826580904944924
"7982",0.891377602763932
"7983",0.474995863629365
"7984",0.324327426247272
"7985",0.585018478857529
"7986",0.807032038821501
"7987",0.259374663141922
"7988",0.327356832406838
"7989",0.296239689241751
"7990",0.387645478844014
"7991",0.202268868148798
"7992",0.226273446322767
"7993",0.213597683599494
"7994",0.718686972764429
"7995",0.119782177983948
"7996",0.34253138776902
"7997",0.745553346652302
"7998",0.272578523672233
"7999",0.399569855758573
"8000",0.610867288425875
"8001",0.168876156781274
"8002",0.549620931595486
"8003",0.741614400784981
"8004",0.228954828975323
"8005",0.158683206705992
"8006",0.117168387033511
"8007",0.28253073986465
"8008",0.227763664014262
"8009",0.193034686508115
"8010",0.175552201717286
"8011",0
"8012",0.623674105604271
"8013",0.233486840944275
"8014",1.19002967007738
"8015",0.724172984741012
"8016",0.12184328100048
"8017",0.158874279234579
"8018",0.362278295298197
"8019",0.283181717056384
"8020",0.868066527686259
"8021",0.0993178958121891
"8022",0.82819657180983
"8023",0.204613895188407
"8024",0.0730568589171882
"8025",0.184326006561905
"8026",0.0653200140181747
"8027",0.0730568589171882
"8028",0.0926917036743845
"8029",0.0685108081719182
"8030",0.0141185095103388
"8031",0.15016923926118
"8032",0.163248008774148
"8033",0.126771560982367
"8034",0.0405009279401671
"8035",0.139395397018451
"8036",0.0926572054729784
"8037",0.469321119541456
"8038",0.201346458343379
"8039",0.458674017351553
"8040",0.599140286198036
"8041",0.79186622510905
"8042",0.12970005188949
"8043",0.112815809972979
"8044",0.63474491584475
"8045",0.226710484197812
"8046",0.241762022999201
"8047",0.617739205353966
"8048",0.834729981883966
"8049",1.5140230260761
"8050",0.477447988652311
"8051",0.093840345107304
"8052",0.141631736870307
"8053",0.683134005379403
"8054",0.67749966361145
"8055",0.191071620254558
"8056",0.605929949858103
"8057",0.18162870184844
"8058",0.119007792220783
"8059",0.106671477820221
"8060",0.10331747470696
"8061",0.0997363218615568
"8062",0.0961453916621963
"8063",0.0946517049140935
"8064",0.112438738408477
"8065",0
"8066",0.533312925977032
"8067",0.0176481227671003
"8068",1.29703554770849
"8069",0.338278444021817
"8070",0.336400785517636
"8071",0.944337401434589
"8072",0.431107169146595
"8073",1.02132889256291
"8074",0.668977506697926
"8075",0.569675304338718
"8076",1.2785491425853
"8077",1.2278670703481
"8078",1.47562841413144
"8079",1.36464391133114
"8080",1.02731010980878
"8081",1.63114925472177
"8082",1.24267455314876
"8083",1.18918100355713
"8084",0.574844008308722
"8085",0.867782934470724
"8086",1.61544811861012
"8087",1.8884906809031
"8088",1.90325040995842
"8089",3
"8090",3
"8091",1.43262620468866
"8092",1.4456657739736
"8093",0.192850183418032
"8094",1.00770460305055
"8095",1.14928075643057
"8096",1.63479632778748
"8097",1.54436428904454
"8098",1.34298438035428
"8099",0.993178207310007
"8100",1.68718244941706
"8101",2.08975414868499
"8102",2.6789624484994
"8103",2.29625190212269
"8104",1.52227531622394
"8105",2.31623912283165
"8106",1.08730445423368
"8107",2.03109820898548
"8108",1.18787448584466
"8109",1.62662108171649
"8110",1.53403015351379
"8111",1.12919523184755
"8112",1.0912608200132
"8113",1.48181766427523
"8114",0.835065899429571
"8115",0.971290129891335
"8116",0.716845147769988
"8117",0.576629068595702
"8118",1.83485073373225
"8119",1.2264538665232
"8120",1.18493764018341
"8121",0.847460543658369
"8122",0.473034267983449
"8123",1.25110619794794
"8124",0.381546555307259
"8125",0.957414891298205
"8126",1.32046752238302
"8127",1.1288572780175
"8128",0.832101236066616
"8129",0.693905924478588
"8130",0.569559432437143
"8131",0.671560165296533
"8132",0.695694941270669
"8133",0.650424254128219
"8134",0.660010275165683
"8135",0.665523157917042
"8136",0.738560464412145
"8137",0.483036778654769
"8138",0.519899184996399
"8139",0.74311906184319
"8140",0.805867240847804
"8141",0.612333316650057
"8142",0.726773180261754
"8143",0.390881430175067
"8144",0.330684768825509
"8145",0.669014900718279
"8146",1.29993184506295
"8147",0.658248743483866
"8148",0.965990701169212
"8149",0.249158348129696
"8150",1.35080212230252
"8151",0.236378062488372
"8152",0.433078286154089
"8153",0.294094751776265
"8154",0.565551015620045
"8155",0.486503099904242
"8156",1.35078606976586
"8157",1.6889991170264
"8158",0.263146469345864
"8159",0.865556250631895
"8160",0.588207259072229
"8161",0.695682178855434
"8162",1.02079571257356
"8163",0.657203151358794
"8164",0.899418894919905
"8165",0.222987888051888
"8166",0.256638164043188
"8167",0.537025443525277
"8168",0.199351653924027
"8169",0.308854240737825
"8170",0.164128389849434
"8171",0.171496768120895
"8172",0.177343620122772
"8173",0
"8174",0.0577648388238121
"8175",0.251758997899918
"8176",0.128034233395192
"8177",0
"8178",0
"8179",1.46784591063844
"8180",0.300598207629308
"8181",0.2555880395981
"8182",0.273207810323282
"8183",0.204754154989511
"8184",0.09705114433623
"8185",0.0264127295909008
"8186",0.62087825178093
"8187",0.0425569688009994
"8188",0.972709090016978
"8189",0.0826483140454283
"8190",0.521293706948293
"8191",0.56103285086475
"8192",0.0421457970529731
"8193",0.164540318528163
"8194",0.208032867849206
"8195",0.0970592453565875
"8196",1.42428402519475
"8197",0.112365471856985
"8198",0.15627399434681
"8199",0.355371919206782
"8200",0.369955721675761
"8201",0.143463758210014
"8202",0.318378747332194
"8203",0.741404461930821
"8204",0.71802082928259
"8205",0.948794187386391
"8206",0.265281821488101
"8207",1.20154628313069
"8208",0.45081815173945
"8209",0.885099183450179
"8210",0.263404022689186
"8211",0.341442353263296
"8212",0.187138007690652
"8213",0.269731125797576
"8214",0.0881839986467788
"8215",0.0923246861958524
"8216",0.112292770664335
"8217",0.141845736459069
"8218",0.173381627722003
"8219",0.228261235367394
"8220",0.0498540079884654
"8221",0.556179313872843
"8222",0.0997371131872427
"8223",0.00656534868927711
"8224",0.735182713608555
"8225",0.716065331852464
"8226",0.867346942309221
"8227",0.407856925439611
"8228",0.85766939368978
"8229",0
"8230",0.745131097787498
"8231",0.129431711627282
"8232",1.44252188046447
"8233",1.7953037444223
"8234",0.739573825127443
"8235",1.28274806379835
"8236",0.542020384750684
"8237",0.348802043976936
"8238",1.49705686150753
"8239",0.573946353794384
"8240",1.01038140239839
"8241",0.62117059599383
"8242",0.967958569916128
"8243",1.37343013704592
"8244",2.96454155434805
"8245",3
"8246",2.08078985499984
"8247",1.52818577656534
"8248",0.780642332998415
"8249",1.16667113813205
"8250",1.6264157113728
"8251",1.22923013477543
"8252",1.40142886789084
"8253",2.23817337875064
"8254",1.6096873075148
"8255",2.03540014518294
"8256",3
"8257",0.998832360376115
"8258",0.819856831062477
"8259",1.36390019803734
"8260",3
"8261",1.53884507380652
"8262",0.610626617582506
"8263",2.54455977839325
"8264",2.80491088635823
"8265",2.6842447675946
"8266",2.36273360045027
"8267",1.47684465666343
"8268",2.00598345149764
"8269",1.05314716018702
"8270",0.666695085160725
"8271",1.25891971123107
"8272",1.10951840921132
"8273",1.29317475385574
"8274",1.29972658030464
"8275",1.54670066573893
"8276",1.20793572297307
"8277",0.553180207675764
"8278",1.08197697687183
"8279",0.471243196148687
"8280",1.2984413920591
"8281",0.870444971375634
"8282",1.77693702664105
"8283",0.85717158001168
"8284",0.671467710177551
"8285",1.61346480256595
"8286",1.25346604192529
"8287",0.507478268598748
"8288",1.11027722921101
"8289",0.832900936022385
"8290",0.338659680028834
"8291",0.727656878875409
"8292",0.244400787674099
"8293",0.521784647855056
"8294",0.231424206712634
"8295",0.35644844907743
"8296",0.381710789322577
"8297",0.585917966186421
"8298",0.340335477989824
"8299",0.187156497960755
"8300",0.471361203739817
"8301",0.746594295166068
"8302",0.338293532409959
"8303",0.731532407042446
"8304",1.11485707425753
"8305",0.686281545413605
"8306",0.108440274291093
"8307",1.68570400803054
"8308",0.433654139418913
"8309",0.614599473872688
"8310",0.318483270447181
"8311",1.4003661204719
"8312",1.30528274123227
"8313",2.97135406656339
"8314",1.08952114154351
"8315",0.984144084840712
"8316",0.827159889312693
"8317",1.47323545874191
"8318",0.455423112164989
"8319",0.343936401047241
"8320",0.185583855097765
"8321",0.266354883595927
"8322",0.55489291739436
"8323",0.0397344050982407
"8324",0.168744426387488
"8325",0.992135523639922
"8326",0.172968179570498
"8327",0.0603347962340962
"8328",0.172703287359751
"8329",0.00104685554815785
"8330",0.049192303553341
"8331",0.25798313512462
"8332",0.291887520988703
"8333",0.770067292335814
"8334",0.251901716790237
"8335",0.08134815136312
"8336",0.411016342984841
"8337",0.385179675985484
"8338",0.256570929862877
"8339",0.0364501762985372
"8340",0.0342429289280656
"8341",0.0364501762985372
"8342",0.110577718848485
"8343",0.092638530352611
"8344",0.0149535253018849
"8345",0.293760246381869
"8346",0.520652229928592
"8347",0.716557082714469
"8348",0.0319223545313236
"8349",0
"8350",1.00653594308731
"8351",0
"8352",0.616308536243406
"8353",0.734203246162666
"8354",0.113672302214205
"8355",0.325247642287225
"8356",0.204394014609538
"8357",0.455039585253309
"8358",0.490644907328248
"8359",0.198957575531349
"8360",0.118859844161341
"8361",0.519420843687178
"8362",0.673944133879573
"8363",0.441065524885698
"8364",0.347875722888476
"8365",0.159380506815641
"8366",0.790731652777236
"8367",0.426532044039745
"8368",0.874459533103598
"8369",0.625619837648736
"8370",0.404930234747512
"8371",0.695383090938887
"8372",0.346773475893224
"8373",0.343686685110717
"8374",0.338977761322171
"8375",0.268515148171335
"8376",0.367123606017088
"8377",0.168837134396968
"8378",0
"8379",0.798060319759282
"8380",0.0741811636983945
"8381",0.559126809915165
"8382",0.69066333583376
"8383",0.629669892660354
"8384",0.511039030955782
"8385",0.792357964555577
"8386",0.145217118322462
"8387",0.299395182669527
"8388",0.770472073680572
"8389",0.136251747496036
"8390",0.672569222508538
"8391",0.764581706221213
"8392",1.05173129779339
"8393",0.125123194100993
"8394",0.124015513572453
"8395",0.117285237165031
"8396",0.250294147408111
"8397",0.387940098860025
"8398",0.24745701357548
"8399",0.540866201293736
"8400",0.961948583598332
"8401",0.768776694421599
"8402",1.09098419014935
"8403",1.28512767417062
"8404",1.20746207704855
"8405",0.523412145998983
"8406",1.26508739561498
"8407",0.703934175218407
"8408",1.21354618494606
"8409",2.18028050746166
"8410",1.18777207812749
"8411",2.30511396548368
"8412",1.51067633096034
"8413",3
"8414",1.87633592529799
"8415",3
"8416",2.98816604388039
"8417",2.39985107573377
"8418",2.04303300994884
"8419",1.03488507790942
"8420",0.947378028862463
"8421",1.75097937544213
"8422",3
"8423",3
"8424",3
"8425",3
"8426",3
"8427",3
"8428",3
"8429",0.906593769346614
"8430",1.53696669004941
"8431",1.7472667523955
"8432",1.62777800161769
"8433",1.78143036572697
"8434",0.760844609913096
"8435",1.53235251900679
"8436",0.836393970666122
"8437",1.79355058292281
"8438",0.589443602850344
"8439",1.28755968725513
"8440",1.0251846918906
"8441",1.02242907446629
"8442",0.559773694703194
"8443",1.60279172022002
"8444",0.764164252035587
"8445",0.752581463056118
"8446",0.84061980051939
"8447",0.25929353528384
"8448",0.396357285520421
"8449",0.572677264731239
"8450",0.800896804204625
"8451",0.597465761512807
"8452",1.223221746627
"8453",0.76113824955573
"8454",0.386657160047031
"8455",0.492656516160918
"8456",0.233297127811282
"8457",0.544496827792612
"8458",1.67973694635643
"8459",0.257552654114303
"8460",0.365373771960093
"8461",0.337622127543297
"8462",0.371385908166572
"8463",0.239938682850139
"8464",0.444037963715049
"8465",0.27108736113336
"8466",0.50340466697112
"8467",0.367153331339846
"8468",0.790893712916765
"8469",0.44055513214934
"8470",2.28302693587716
"8471",0.949604399508484
"8472",2.08014567094752
"8473",0.997141603050796
"8474",1.21508868428882
"8475",0.707016741426602
"8476",1.41418804941191
"8477",0.284062739993574
"8478",0.045814924297722
"8479",1.37836141674754
"8480",0.232227032931472
"8481",0.676579676859336
"8482",0.213265676894961
"8483",0.256502082812728
"8484",0.227176867172004
"8485",0.305755887641605
"8486",0.0731494477551468
"8487",0.556018123853371
"8488",0.276356388876025
"8489",0.45520765660665
"8490",0.558246905367433
"8491",0.433477938495143
"8492",1.60417763378057
"8493",0.360478358555489
"8494",0.47841329020292
"8495",0.444583013172026
"8496",0.618087683494656
"8497",0.0364501762985372
"8498",0.032035681557594
"8499",0.032035681557594
"8500",0.032035681557594
"8501",0.0342429289280656
"8502",0.0342429289280656
"8503",0.0364501762985372
"8504",0.0928677889864838
"8505",0.293609315678998
"8506",0.180076302755515
"8507",0.562064407514082
"8508",0.112972520602506
"8509",0.414376882880105
"8510",0.16899318085084
"8511",0.0628844366191054
"8512",0.156588630853275
"8513",0.181304462667044
"8514",0.0505850888717984
"8515",0.205541488891097
"8516",0.340372742687723
"8517",0.291806665209179
"8518",0.870763783923359
"8519",1.26971922446266
"8520",0.512769887913918
"8521",0.167886609885094
"8522",0.614729293089013
"8523",0.381961617099248
"8524",0.303691268365215
"8525",0.317256391415191
"8526",0.277010017806999
"8527",0.539091153637912
"8528",0.743403002878374
"8529",0.344819737722003
"8530",1.48331531816994
"8531",0.185816803885835
"8532",0.485383544099505
"8533",1.30925669523002
"8534",0.4015158405529
"8535",0.349012169363889
"8536",0.85891897577557
"8537",0.155920158004506
"8538",0.271085697277259
"8539",0.951744713812164
"8540",0.0080277583550899
"8541",1.06915655219614
"8542",0.478802490790137
"8543",0.744077333166105
"8544",0.442418852854782
"8545",0.45087555741544
"8546",0.410247491050655
"8547",0.165810750889028
"8548",0.295763930550259
"8549",0.808434885175126
"8550",0.325996929744949
"8551",1.2594762969208
"8552",0.63277104358321
"8553",1.57685477821606
"8554",0.110761875861158
"8555",0.15566010410106
"8556",0.271852850438285
"8557",0.177487740228195
"8558",0.398528520932386
"8559",0.474934801169996
"8560",0.571334657849789
"8561",0.848294483143924
"8562",0.705377348081299
"8563",0.594002594171965
"8564",0.769400067009736
"8565",0.648810124146031
"8566",0.802556268088825
"8567",0.256212004066042
"8568",0.462516292117835
"8569",0.697576002100348
"8570",1.43783681808732
"8571",2.00328224946271
"8572",2.56848428642847
"8573",0.907917217216133
"8574",1.83289152637954
"8575",2.44490854150069
"8576",1.01414047918286
"8577",1.55888774679845
"8578",2.79212995953645
"8579",2.52444861490384
"8580",2.09051978575354
"8581",1.1887657455849
"8582",1.46227366123696
"8583",3
"8584",3
"8585",3
"8586",3
"8587",3
"8588",2.74361796381173
"8589",3
"8590",2.63118005608786
"8591",2.27480468448548
"8592",2.58520674513162
"8593",1.97838156890843
"8594",1.673677642337
"8595",1.88527781334216
"8596",0
"8597",1.16328075258751
"8598",1.00395772606384
"8599",0.951786980287047
"8600",0.882886135717619
"8601",1.2327069737236
"8602",1.08360488040918
"8603",0.569679713962159
"8604",1.02079009074343
"8605",1.55677900915922
"8606",0.661173793244978
"8607",0.0915588286567237
"8608",0.689778447041814
"8609",0.269859753490612
"8610",0.73019051478212
"8611",0.664006187484893
"8612",0.653759018942436
"8613",1.79724234392073
"8614",1.10979323317492
"8615",0.450387186930551
"8616",0.31724086361628
"8617",0.545866751971207
"8618",0.721226747532723
"8619",0.882441217854302
"8620",0.708616625065953
"8621",0.208147204747457
"8622",0.26530830387575
"8623",0.497877681720034
"8624",0.329450202695574
"8625",0.473718526882358
"8626",0.309519007147794
"8627",0.302316709664686
"8628",1.01614826879807
"8629",0.521440500482707
"8630",0.514540656728699
"8631",0.783378340507138
"8632",0.197180630654941
"8633",0.991862013112105
"8634",0.719316576570961
"8635",0.749822419376298
"8636",0.812397505933682
"8637",0.246252595774204
"8638",0.7358000975919
"8639",0.375573899453944
"8640",0.407799310710224
"8641",0.241180230994477
"8642",0.433805424389701
"8643",0.299641335313198
"8644",0.264389940137543
"8645",0.188990882081063
"8646",0.226046114602559
"8647",0.337732844322263
"8648",0.532812531500441
"8649",0.484130951429779
"8650",0.946631726760575
"8651",0.545626223917428
"8652",0.414336312613487
"8653",0.730804538663771
"8654",0.0342429289280656
"8655",0.032035681557594
"8656",0.0320356815575941
"8657",0.032035681557594
"8658",0.032035681557594
"8659",0.032035681557594
"8660",0.032035681557594
"8661",0.0364501762985372
"8662",0.129843369068149
"8663",0.154181050365568
"8664",0.593757636878985
"8665",0.158025424210686
"8666",1.00356906145675
"8667",0.28281371016562
"8668",0.211620871964507
"8669",0.267369069750545
"8670",0.259304875192407
"8671",0.327387874916916
"8672",0.42710189400937
"8673",0.750058261072008
"8674",0.410362854403453
"8675",0.995877113968359
"8676",0.972214041693898
"8677",1.16245241234143
"8678",1.77918381281004
"8679",0.493340749286975
"8680",0.160752653597049
"8681",0.637525341461286
"8682",0.517804759424668
"8683",0.18702503536228
"8684",0.750417409131977
"8685",0.346573802596135
"8686",0.714688126246745
"8687",0.910077868491702
"8688",0.319247923646679
"8689",0.593412789992109
"8690",0.415134145804432
"8691",0.467413999157854
"8692",0.603071648334973
"8693",0.714505767547606
"8694",0.368325868977648
"8695",0.264785108801526
"8696",0.690246910442624
"8697",0.319041855185332
"8698",0.446102901635934
"8699",0.2175041380469
"8700",0.796314512676967
"8701",0.151543723319558
"8702",0.279379725015938
"8703",0.4454889618329
"8704",0.234502047516504
"8705",0.233922199911596
"8706",0.213373238834878
"8707",0.246570249441738
"8708",0.670968357396325
"8709",0.212184790205002
"8710",0.489291367606765
"8711",0.475827883231132
"8712",0.559815322285258
"8713",0.205686674756943
"8714",0.471662319913693
"8715",0.74702211666331
"8716",0.591960407606675
"8717",0.650387520914525
"8718",1.05178081450563
"8719",0.745493231878237
"8720",1.25141459835814
"8721",1.11063126614723
"8722",1.18171082891687
"8723",1.96955105517255
"8724",0.776189926225239
"8725",0.721937867806094
"8726",0.394213129576912
"8727",0.0422954243676898
"8728",1.47477341437927
"8729",1.56932450711799
"8730",2.46471425105235
"8731",3
"8732",0
"8733",0.639913878674034
"8734",0.856415466818743
"8735",0.793075195636769
"8736",0.214568279493441
"8737",2.22500204342303
"8738",1.64623543960975
"8739",1.91522586116217
"8740",2.25598290020415
"8741",1.69707155234845
"8742",2.22703585425046
"8743",2.59377179384182
"8744",2.38177879237063
"8745",3
"8746",2.93257044062857
"8747",3
"8748",3
"8749",3
"8750",2.64593779320569
"8751",3
"8752",2.58876508406839
"8753",3
"8754",3
"8755",2.77428807161344
"8756",1.36679701894661
"8757",1.61477894174255
"8758",1.27278493791616
"8759",0.886408918443272
"8760",0.718516244220375
"8761",0.479894611139924
"8762",0.728596994695256
"8763",0.922067955820686
"8764",0.116774302470409
"8765",0.847157737701477
"8766",0.644035414198233
"8767",0.758604866891285
"8768",0.966911053262983
"8769",1.88419941491195
"8770",3
"8771",0.946204649051002
"8772",0.994345098600575
"8773",0.831043875301741
"8774",0.92714325793467
"8775",2.09777885541382
"8776",1.00809931792041
"8777",0.793981002011728
"8778",0.225269313124917
"8779",0.234858997944098
"8780",0.620199169039537
"8781",0.458097383986442
"8782",0.482469843928919
"8783",0.320296456986297
"8784",0.340848312323833
"8785",0.461843507605929
"8786",0.353284545637394
"8787",0.283314591575701
"8788",0.505406286976852
"8789",0.167003860684627
"8790",0.0959203537105227
"8791",0.178030596731209
"8792",0.395480990408373
"8793",0.759868095376578
"8794",1.42514897879678
"8795",0.600826354250026
"8796",0.205032003529749
"8797",0.468007775067308
"8798",0.577225779098531
"8799",0.348110286998123
"8800",0.989175733135797
"8801",0.327214089988749
"8802",0.362436047193954
"8803",0.752526482027064
"8804",0.11832111023638
"8805",0.185086528637911
"8806",0.302872978593418
"8807",0.222543345197614
"8808",0.9149463397291
"8809",0.250180955855268
"8810",0.509170057498237
"8811",0.4760356859201
"8812",0.394396151687881
"8813",0.0364501762985372
"8814",0.032035681557594
"8815",0.0320356815575941
"8816",0.0320356815575941
"8817",0.0320356815575941
"8818",0.0320356815575941
"8819",0.0320356815575941
"8820",0.032035681557594
"8821",0.0342429289280656
"8822",0.166567747373851
"8823",0.151325965310328
"8824",0.263646210783982
"8825",0.122642352771018
"8826",0.82564089744368
"8827",0.322861361920436
"8828",0.301633321302362
"8829",0.372465625858529
"8830",0.347067639194695
"8831",0.503240559516454
"8832",0.621860860975425
"8833",0.543862225784573
"8834",0.382946338963104
"8835",0.770735570191946
"8836",0.276438218743185
"8837",0.8392419061419
"8838",1.84412130641438
"8839",0.38517266560386
"8840",0.15618206170158
"8841",0.708863330535073
"8842",0.505107121861161
"8843",1.15617679600876
"8844",1.14263648633057
"8845",0.171337264725086
"8846",0.44115134358418
"8847",0.572305993319609
"8848",0.624359396045588
"8849",0.768510924698955
"8850",0.652911954230876
"8851",0.6268407750599
"8852",0.415846968885619
"8853",1.59949035558535
"8854",0.87519853025431
"8855",0.401688316049374
"8856",0.378785425555196
"8857",0.700342972268913
"8858",0.742251932481797
"8859",0.226789456571986
"8860",0.326070720682213
"8861",0.573372139389941
"8862",0.440452043534885
"8863",0.344546426932637
"8864",0.531845142569327
"8865",1.11219722166837
"8866",0.121021077151601
"8867",0.0859297870646442
"8868",0.11256233561708
"8869",0.356138579417694
"8870",1.02289047035692
"8871",1.42144786099368
"8872",1.23478257525319
"8873",1.39100087575419
"8874",0.521895841834609
"8875",1.03928953967768
"8876",0.683617993558592
"8877",0.714914871093136
"8878",0.881044811484714
"8879",0.609503716906872
"8880",0.868883669598292
"8881",0.719904292686714
"8882",1.4884843960996
"8883",2.26730949368716
"8884",2.20568369916095
"8885",1.13764750892658
"8886",1.05430996456002
"8887",0.44039237858858
"8888",0.335278444690575
"8889",1.85956200726411
"8890",0.978998718332958
"8891",0.924716504069981
"8892",0.442437584204889
"8893",0.408092977815206
"8894",0.125791376974633
"8895",0.110938540742419
"8896",0.723284856279102
"8897",0.401477492835652
"8898",0.584115329409273
"8899",0.699056005435368
"8900",3
"8901",3
"8902",2.50904297106462
"8903",3
"8904",3
"8905",3
"8906",3
"8907",3
"8908",3
"8909",1.91164493236116
"8910",3
"8911",3
"8912",2.48380234905184
"8913",3
"8914",3
"8915",3
"8916",3
"8917",3
"8918",1.51831405028177
"8919",1.5566266384508
"8920",0.9969286196338
"8921",0.567023982968516
"8922",0.850396794516706
"8923",0.587909142919421
"8924",0.205493943577703
"8925",0.885430969628197
"8926",0.113548976666136
"8927",1.08406131786501
"8928",2.66650681085921
"8929",1.1049993012107
"8930",3
"8931",3
"8932",3
"8933",0.914251257566975
"8934",0.675585618336818
"8935",2.10233075177223
"8936",0.471165156573464
"8937",2.8297139921248
"8938",0.225926994172568
"8939",0.308072403158253
"8940",0.792189654205892
"8941",0.71645301387907
"8942",0.859804972862979
"8943",0.374926371855202
"8944",0.416968371854946
"8945",0.550961455441527
"8946",0.313751623801621
"8947",0.30225043110227
"8948",0.656536519022517
"8949",0.198079659747191
"8950",0.137304539508632
"8951",0.212705923299151
"8952",0.106486924884639
"8953",0
"8954",0.99337493964285
"8955",0.846524512346453
"8956",0.147040088431954
"8957",0.295815823072974
"8958",0.660828116349461
"8959",0.157279801050765
"8960",0.467499682520476
"8961",0.318616414431104
"8962",0.389670218594925
"8963",0.294867916633004
"8964",0.127667993807239
"8965",0.187084707055294
"8966",0.187084707055294
"8967",0.181574558386024
"8968",0.281124073622465
"8969",0.199947934902676
"8970",0.236050065915029
"8971",0.258579723670814
"8972",0.369440229573658
"8973",0.357902615288819
"8974",0.0342429289280656
"8975",0.032035681557594
"8976",0.0320356815575941
"8977",0.0320356815575941
"8978",0.0320356815575941
"8979",0.0320356815575941
"8980",0.0320356815575941
"8981",0.032035681557594
"8982",0.032035681557594
"8983",0.0342429289280656
"8984",0.0342429289280656
"8985",0.0364501762985372
"8986",0.142449246036943
"8987",0.115298626203752
"8988",0.112031913223121
"8989",0.47813893429625
"8990",0.795926472856534
"8991",0.445465271626303
"8992",0.247263319211906
"8993",0.492066907727096
"8994",0.382707900376675
"8995",0.40111377160516
"8996",0.801862172825906
"8997",0.192947801036404
"8998",0.239223374788329
"8999",0.279906350050927
"9000",0.239840378251241
"9001",0.353676235321337
"9002",0.51530950182588
"9003",0.243745949118653
"9004",0.315862782075861
"9005",1.00528303113618
"9006",0.0845516605429707
"9007",2.96414536619363
"9008",0.436270679463528
"9009",0.292409974619804
"9010",1.09969968855636
"9011",0.253203857899128
"9012",0.776066996794622
"9013",1.17110739742197
"9014",0.722755052061417
"9015",0.639172477845575
"9016",0.432497456900049
"9017",0.0110513101589786
"9018",0.280873191251103
"9019",0.237512363893032
"9020",0.488680407345901
"9021",0.8010724419373
"9022",1.13924920259998
"9023",0
"9024",1.32371610866351
"9025",0.639824337235114
"9026",0.323898553379466
"9027",0.656572122304341
"9028",0.711480900051162
"9029",0.452146609442574
"9030",0.338303306172349
"9031",0.0537474860899313
"9032",0.135409122584787
"9033",0.662393147161406
"9034",0.466481753229228
"9035",2.02728484011401
"9036",1.01124792740822
"9037",0.991966199433575
"9038",0.38348152417866
"9039",0
"9040",1.16707285469284
"9041",0.635642115708764
"9042",0.263643438122547
"9043",0.603352074378542
"9044",0.4344042064754
"9045",0.552760712052825
"9046",0.654725236408222
"9047",2.41313748303696
"9048",1.74384180628951
"9049",1.37168602414232
"9050",1.35723636125508
"9051",0.812349404764039
"9052",0.953052621317984
"9053",0.885975368067917
"9054",0.900403891607775
"9055",0.530845949488095
"9056",0.216291498076883
"9057",0.0942604959882509
"9058",0.238377649407446
"9059",0.125791376974633
"9060",0.178736683647408
"9061",0.363803362062093
"9062",0.111477492234246
"9063",0.055869130935338
"9064",2.26330895500645
"9065",3
"9066",3
"9067",3
"9068",3
"9069",3
"9070",3
"9071",3
"9072",2.43223356710617
"9073",2.08075065164048
"9074",2.45945018228899
"9075",3
"9076",3
"9077",2.90516046743949
"9078",3
"9079",3
"9080",3
"9081",1.10858171369506
"9082",0.682037586721855
"9083",1.41731923777171
"9084",0.482376021871449
"9085",1.26452600567591
"9086",0.542090086638929
"9087",0.457661152379605
"9088",0.671838636997218
"9089",0.970036570136161
"9090",0.656515010904867
"9091",0.560723156615188
"9092",2.38807710544592
"9093",2.73966758329199
"9094",3
"9095",3
"9096",3
"9097",3
"9098",0.822757727315095
"9099",0.474573733053019
"9100",2.25966362120897
"9101",0.260882539215156
"9102",0.332938015891732
"9103",0.380034005147028
"9104",0.995082566742987
"9105",0.397529075531476
"9106",0.335745808863518
"9107",0.389730755748179
"9108",0.346635809728585
"9109",0.199213971212511
"9110",0.378902148285249
"9111",0.150823289606619
"9112",0.222930248921332
"9113",0.400937322104556
"9114",0.522909531293851
"9115",0.0572369948800234
"9116",0.0932883531643985
"9117",0.189863034188106
"9118",0
"9119",0.2538816953691
"9120",0
"9121",1.1050287482977
"9122",0.876110664640071
"9123",0.576982703195022
"9124",0.31384819069098
"9125",0.393201593511166
"9126",0.227925317213789
"9127",0.0304206833342367
"9128",0.201016251862488
"9129",0.187084707055294
"9130",0.187084707055294
"9131",0.183019373738791
"9132",0.162676313395214
"9133",0.145556649339762
"9134",0.127115528597781
"9135",0.213887587445046
"9136",0.312031807579137
"9137",0.153208638329512
"9138",0.032035681557594
"9139",0.0320356815575941
"9140",0.0320356815575941
"9141",0.0320356815575941
"9142",0.0320356815575941
"9143",0.0320356815575941
"9144",0.0320356815575941
"9145",0.032035681557594
"9146",0.0320356815575941
"9147",0.032035681557594
"9148",0.0342429289280656
"9149",0.168083806621992
"9150",0.116814685451893
"9151",0.116814685451893
"9152",0.169538729920795
"9153",0.780418017266971
"9154",1.26200076118807
"9155",0.194015789387631
"9156",0.25501280517227
"9157",1.33362600288395
"9158",0.377564012950036
"9159",0.0910198299943309
"9160",0.698507172187886
"9161",0.136355057731918
"9162",0.068449539263159
"9163",0.804032981128419
"9164",0.197598748463973
"9165",0.748105366364833
"9166",0.232278871869291
"9167",0.190570095215908
"9168",0.326661059247316
"9169",0.465024331007161
"9170",0.699057908254457
"9171",0.433546449525035
"9172",0.676049290748286
"9173",0.676082537894586
"9174",0.538579320929691
"9175",0.818724895874226
"9176",0.674257510399862
"9177",0.88031288124433
"9178",0.450783288395596
"9179",0.151402166760749
"9180",0.16403663647758
"9181",0.676158942566717
"9182",0
"9183",0.48662687096994
"9184",0
"9185",0.304204261447321
"9186",0.103997931812054
"9187",0.30663815774612
"9188",0.587975071358036
"9189",0.85712823738344
"9190",1.36400042151615
"9191",0.77346557854096
"9192",1.92857073199782
"9193",2.12620639658191
"9194",0.596898409746317
"9195",0.187713276149052
"9196",0.161676739612987
"9197",0.637601118754071
"9198",0.323984373241723
"9199",0.640753549158853
"9200",0.422095509168693
"9201",0.310330362502524
"9202",0.196686429648639
"9203",0.070464972838928
"9204",0.00126317973215362
"9205",1.35040718023151
"9206",0.319024586181931
"9207",0.439105142644574
"9208",0.782553132162012
"9209",1.00401661476122
"9210",2.87226426038098
"9211",1.4836621224982
"9212",2.28722915578455
"9213",1.57325368208024
"9214",1.21618112154401
"9215",0.538328007097593
"9216",0.659655735562857
"9217",1.6630743476367
"9218",1.37074700834494
"9219",1.03318528189044
"9220",1.40325950499122
"9221",0.647139424501739
"9222",0.120822089439159
"9223",0.395360875446766
"9224",0.0946276364599992
"9225",0.084005521789833
"9226",0.400169081592496
"9227",1.4102945298569
"9228",3
"9229",3
"9230",3
"9231",3
"9232",3
"9233",3
"9234",3
"9235",3
"9236",3
"9237",3
"9238",2.54868305303147
"9239",2.82722686628567
"9240",2.26457232680123
"9241",3
"9242",3
"9243",3
"9244",3
"9245",2.97863222179018
"9246",1.24945447831051
"9247",0.569575024550332
"9248",2.02797862161835
"9249",0.622682854531325
"9250",0.815886321079921
"9251",0.705991909553397
"9252",0.60723902002941
"9253",0.55111277647996
"9254",0.53289440706004
"9255",0.446347295391272
"9256",1.48208030173859
"9257",2.14519385964556
"9258",3
"9259",3
"9260",3
"9261",0.615641303646864
"9262",1.07352029788948
"9263",0.687378035082991
"9264",0.523636726882888
"9265",0.269653383851295
"9266",0.207702663059686
"9267",0.600395821444681
"9268",1.33848366143208
"9269",0.628407832900078
"9270",0.409694478820714
"9271",0.378564421146485
"9272",0.422967069216423
"9273",0.948978432036189
"9274",0.338769731514576
"9275",0.185919637439908
"9276",0.30507977180784
"9277",0.428931623345069
"9278",0.69140872671453
"9279",0.412382983410568
"9280",0.918231388393284
"9281",0.293352921069994
"9282",0.210349407185815
"9283",0.0844250315537245
"9284",0.0327201233625471
"9285",0.12947959191335
"9286",0.632787317823072
"9287",0.848508551481783
"9288",0.971514780254249
"9289",0.362929548168694
"9290",0.664591917051655
"9291",0
"9292",1.01976027430925
"9293",0.089404314834012
"9294",0.187084707055294
"9295",0.187661083293424
"9296",0.184647385903571
"9297",0.169690708408698
"9298",0.147183673929694
"9299",0.164104597315096
"9300",0.20710201415624
"9301",0.373503518975385
"9302",0.246427631518861
"9303",0.377422231715741
"9304",0.15100139095904
"9305",0.0320356815575941
"9306",0.0320356815575941
"9307",0.0320356815575941
"9308",0.0320356815575941
"9309",0.0320356815575941
"9310",0.0320356815575941
"9311",0.0320356815575941
"9312",0.0320356815575941
"9313",0.0320356815575941
"9314",0.0342429289280656
"9315",0.153794236413977
"9316",0.126639482623061
"9317",0.117966765595229
"9318",0.347923898616222
"9319",0.255840291532273
"9320",0.718121061964044
"9321",0.223178404914336
"9322",0.17792350607124
"9323",0.138018541395665
"9324",0.133501492562837
"9325",0.121526135360975
"9326",0.0810815533647722
"9327",0.129743232294957
"9328",0.655643748945805
"9329",0.260613724290626
"9330",0.267512121335575
"9331",0.234199677576759
"9332",0.163926493098603
"9333",0.471075376391355
"9334",0.852155227232474
"9335",0.572586682834233
"9336",0.526820124171573
"9337",0.8277759158954
"9338",0.191627004989836
"9339",0.101126838060649
"9340",0.678031753605711
"9341",0.184953381581895
"9342",0.248870256208421
"9343",0.37644591842067
"9344",0.0316490360581363
"9345",0.42655872743537
"9346",0.30336339170019
"9347",0.208175034141658
"9348",0.111535793359282
"9349",0.0369944478668733
"9350",0.55946649715013
"9351",0.900185436362597
"9352",0.19520973253905
"9353",0.983685742571931
"9354",0.344247753270159
"9355",0.429632359646152
"9356",0.256016789584531
"9357",0.493602450032446
"9358",1.67550745957064
"9359",1.67431895116422
"9360",0.720916122974604
"9361",0.219368045192398
"9362",0.0692156064038134
"9363",0.0305298970087816
"9364",0.682075122261859
"9365",0.108964833780789
"9366",0.245432025978094
"9367",0.232094624531444
"9368",0.201977478426689
"9369",0.0984757604685081
"9370",0.0955516014064073
"9371",0.210314801717131
"9372",0.357925793810665
"9373",0.247206781800389
"9374",1.4261507301288
"9375",1.78347932174447
"9376",1.26712604940779
"9377",2.03468185295456
"9378",2.31538800976041
"9379",1.64212729307082
"9380",1.4976023389048
"9381",1.12723246929827
"9382",0.531636087075104
"9383",1.55538467505654
"9384",1.00998759298158
"9385",1.5647744357278
"9386",1.2427216385979
"9387",1.11236759507435
"9388",1.89959291269386
"9389",0.594817448136207
"9390",0.446869920756737
"9391",0.679297688131553
"9392",0.955017040620895
"9393",3
"9394",3
"9395",3
"9396",3
"9397",3
"9398",3
"9399",3
"9400",3
"9401",3
"9402",3
"9403",3
"9404",3
"9405",3
"9406",3
"9407",3
"9408",3
"9409",3
"9410",3
"9411",3
"9412",3
"9413",3
"9414",1.27314284195986
"9415",1.01177674611496
"9416",1.09522596324982
"9417",0.989552406403409
"9418",0.704915897660438
"9419",0.407975360815128
"9420",0.564643763999006
"9421",0.795612405733667
"9422",0.746477819514663
"9423",1.24547331476777
"9424",0.901313347472749
"9425",0.928353404929543
"9426",1.07771171070919
"9427",0.734617263316931
"9428",2.13402033826583
"9429",0.435633039761466
"9430",0.368079214072755
"9431",0.32723008038827
"9432",1.07032513263269
"9433",0.475815154782413
"9434",0.759302387869756
"9435",1.38304175522912
"9436",1.1493262565986
"9437",0.522690014623273
"9438",0.485548863634988
"9439",0.58170520755527
"9440",0.353115711524676
"9441",0.2533437678115
"9442",0.264956268005216
"9443",0.511938893272164
"9444",0.446853034284911
"9445",1.03388041532815
"9446",0.329078726125538
"9447",0.283602053379067
"9448",0.380432200864945
"9449",0.0864419444697816
"9450",0.0841293834914802
"9451",0.0779628070780313
"9452",0.299518966293359
"9453",0.721851006439516
"9454",0.431073733613424
"9455",0.547318435400955
"9456",0.58428571735905
"9457",0.221491704779328
"9458",0
"9459",0.14339945636748
"9460",0.188849357095801
"9461",0.177544644001157
"9462",0.210568198340588
"9463",0.199726055056118
"9464",0.210376157084867
"9465",0.139276974542528
"9466",0.126658406500654
"9467",0.444366765672309
"9468",0.140667911937832
"9469",0.389044476357798
"9470",0.0320356815575941
"9471",0.0320356815575941
"9472",0.0320356815575941
"9473",0.0307009684761926
"9474",0.0312220662544185
"9475",0.0320356815575941
"9476",0.0320356815575941
"9477",0.0320356815575941
"9478",0.032035681557594
"9479",0.032035681557594
"9480",0.0364501762985372
"9481",0.128250636371262
"9482",0.114015692399768
"9483",0.186431384618032
"9484",0.890222861262888
"9485",0.479673727014161
"9486",0.109431893492409
"9487",0.155325457729746
"9488",0.551989379414928
"9489",0.319578072668444
"9490",0.0960413211493773
"9491",0.105160817634837
"9492",0.117085524476869
"9493",0.170274644948326
"9494",0.213454171806678
"9495",0.610829249154177
"9496",0.648535399996232
"9497",0.66217218447216
"9498",0.399683314028999
"9499",0.855723831915149
"9500",0.466048080836114
"9501",0.251664486638962
"9502",0.257213937174089
"9503",0.528794144111976
"9504",0.06125745532526
"9505",0.653474544397824
"9506",0.0116856142144967
"9507",0.731465409829032
"9508",0.154983616546423
"9509",0.280336523837655
"9510",1.17244901432289
"9511",0.296900449623071
"9512",0.310888271175357
"9513",0.360999639023672
"9514",0.178440707950484
"9515",0.204648819679236
"9516",0.509251742670989
"9517",0.236108894635694
"9518",0.292710549125566
"9519",0.812501040813767
"9520",0.119412363226594
"9521",0.282576502507935
"9522",0.456894247284697
"9523",0.173606357386182
"9524",0.358377702579639
"9525",0.785451990771996
"9526",0.501427202120132
"9527",0
"9528",0.00488116023923835
"9529",1.02851018715399
"9530",0.000862830907986833
"9531",0.0866209733660725
"9532",0.585661725836932
"9533",0.563933879584258
"9534",0.365819380561838
"9535",0.391236004455269
"9536",0.277342157596913
"9537",0.21225466170492
"9538",0.00701800289382176
"9539",1.37112261546274
"9540",0.869750464403736
"9541",1.75926688510062
"9542",2.22267395129446
"9543",1.96402268411494
"9544",0.771289950228756
"9545",1.33135083448826
"9546",1.89158451421326
"9547",1.86655689544344
"9548",1.36693648000753
"9549",0.98444058503666
"9550",0.684474646669144
"9551",2.13761469847247
"9552",1.23834456167729
"9553",1.71013904765736
"9554",2.71973513059423
"9555",3
"9556",1.31882721045128
"9557",2.32775342392637
"9558",2.54211307664214
"9559",3
"9560",3
"9561",3
"9562",3
"9563",3
"9564",3
"9565",3
"9566",3
"9567",3
"9568",3
"9569",3
"9570",3
"9571",3
"9572",3
"9573",3
"9574",3
"9575",3
"9576",3
"9577",3
"9578",3
"9579",3
"9580",1.95655555769082
"9581",1.50786005409151
"9582",1.78723631733421
"9583",1.34178599880648
"9584",1.0443628567527
"9585",1.08115022491773
"9586",1.06414291773387
"9587",0.785772749062652
"9588",0.879031069360616
"9589",0.973325924838096
"9590",0.700504945482613
"9591",1.71452288178089
"9592",1.28431624819302
"9593",1.14123360659219
"9594",0.556855481703879
"9595",1.04837167425767
"9596",0.958286247799864
"9597",0.707663396126047
"9598",0.263255634026782
"9599",1.38246763095953
"9600",0.826022116370202
"9601",0.639899630279021
"9602",0.975018607154548
"9603",0.817388973203934
"9604",0.693597772260254
"9605",0.380425472777379
"9606",0.812090376190215
"9607",0.0160319144851335
"9608",0.425278464345432
"9609",0.709850206187522
"9610",0.624289031545191
"9611",0.316719968606618
"9612",0.289097556440857
"9613",0.286177419752613
"9614",0.286177419752613
"9615",0.261426208321214
"9616",0.0902959599049289
"9617",0.0841293834914801
"9618",0.214653698763538
"9619",0.327816192931782
"9620",0.606569393751274
"9621",0.324602557888521
"9622",0.311617932863044
"9623",0.0631812270104853
"9624",0.615480946520595
"9625",0.134264189126455
"9626",0.165085468322703
"9627",0.135073903033584
"9628",0.12119596183981
"9629",0.103114949137092
"9630",0.113886906902721
"9631",0.158582394674192
"9632",0.383942668791181
"9633",0.0320356815575941
"9634",0.0320356815575941
"9635",0.0320356815575941
"9636",0.0285024593456075
"9637",0.0380423592238997
"9638",0.0336948675418844
"9639",0.0307684563803573
"9640",0.0320356815575941
"9641",0.0320356815575941
"9642",0
"9643",0.032035681557594
"9644",0.032035681557594
"9645",0.0342429289280656
"9646",0.0364501762985372
"9647",0.149864810561984
"9648",0.123212638781958
"9649",0.218300645674189
"9650",0.271887238156203
"9651",0.271474882974628
"9652",0.350064522977526
"9653",0.110463096777283
"9654",0.872070025438127
"9655",0.785434867862591
"9656",0.117203957262916
"9657",0.102102571029461
"9658",0.143265215237312
"9659",0.143507691262772
"9660",0.386914713253312
"9661",0.199334068568185
"9662",0.829491164009082
"9663",0.125679563923873
"9664",0.685245836902121
"9665",0.288657731119488
"9666",0.203627225037666
"9667",0.201343463315406
"9668",0.475741042668812
"9669",0.727372356789591
"9670",0.449692470876212
"9671",0.187230259326173
"9672",0.610947087850769
"9673",0.0290298660478447
"9674",0.428442530306987
"9675",0.230482238887938
"9676",0.0958376402443519
"9677",0.406249754242071
"9678",0.313413928759726
"9679",0.23925140968755
"9680",0.972518957395822
"9681",0.185670587973146
"9682",0.223586804020293
"9683",1.1742077929047
"9684",0.164528086087268
"9685",0.196610158590359
"9686",0.34587366336186
"9687",0.585907599522078
"9688",0.732519815631277
"9689",0.595868635252848
"9690",0.723694747642661
"9691",0.256399614945222
"9692",0.543728514942591
"9693",0.416788603087517
"9694",0.0208572379875373
"9695",0
"9696",0.103043681974094
"9697",0.128218565935642
"9698",0.446222013856649
"9699",0.298755205401869
"9700",0.587038962743367
"9701",1.05563242960065
"9702",0.332535899524416
"9703",0.500932193021015
"9704",0.71884846178592
"9705",1.35843210333607
"9706",1.27785082009689
"9707",1.39160775122456
"9708",2.01342783195925
"9709",0.757645071267862
"9710",1.11600126172675
"9711",0.873225533335697
"9712",1.3436433424848
"9713",1.65786106802771
"9714",1.27077509647374
"9715",0.41735676910413
"9716",1.10351706718182
"9717",0.940057779482888
"9718",1.56909588930817
"9719",1.61854350717674
"9720",3
"9721",3
"9722",3
"9723",1.97514228206691
"9724",2.3962219160852
"9725",3
"9726",3
"9727",3
"9728",3
"9729",3
"9730",3
"9731",3
"9732",3
"9733",3
"9734",3
"9735",3
"9736",3
"9737",3
"9738",3
"9739",3
"9740",3
"9741",3
"9742",3
"9743",3
"9744",3
"9745",2.3023830594849
"9746",2.64379154668556
"9747",3
"9748",1.16561279362029
"9749",0.685332927449501
"9750",0.622431529509365
"9751",0.984195382458216
"9752",1.32615275615991
"9753",0.743398606676222
"9754",0.490472625200924
"9755",0.986893229107842
"9756",0.764720855457303
"9757",1.24378894356062
"9758",1.22073146257287
"9759",0.690662631963046
"9760",1.03833783847466
"9761",0.459408514777742
"9762",0.8860135148408
"9763",1.31373601942529
"9764",0.815001597192229
"9765",0.553271310088865
"9766",0.251385069021003
"9767",0.596520289297919
"9768",1.20323412856605
"9769",0.186479347481391
"9770",0.895143537487706
"9771",0.222759394990331
"9772",0.133130536036349
"9773",0
"9774",2.36074200363012
"9775",0.519579709760142
"9776",0.625077962424637
"9777",0.610220583234263
"9778",0.28463107230944
"9779",0.410103950788434
"9780",0.222465202519282
"9781",0.288558141515852
"9782",0.219411047393637
"9783",0.267804096349732
"9784",0.140924757114639
"9785",0.104547950266063
"9786",0.104547950266063
"9787",0.145595516028202
"9788",0.381172779515208
"9789",0.171220118779442
"9790",0.136930907453632
"9791",0.106745697010556
"9792",0.235783930523022
"9793",0.33250583885509
"9794",0.124576759506287
"9795",0.098911877628148
"9796",0.103114949137092
"9797",0.347577682636215
"9798",0.0764744592114472
"9799",0.139320096144702
"9800",0.0320356815575941
"9801",0.0319080332582789
"9802",0.0191580062872277
"9803",0.0358171495489926
"9804",0.111497446537352
"9805",0.0516039829059348
"9806",0.0304336869809684
"9807",0.0315820716835328
"9808",0
"9809",0.605331623390976
"9810",0
"9811",0.032035681557594
"9812",0.032035681557594
"9813",0.0342429289280656
"9814",0.129816664049332
"9815",0
"9816",0.728432124890468
"9817",0.0646495862380229
"9818",0.30301666619004
"9819",1.76970796162958
"9820",0.702019226134408
"9821",0.887471776388927
"9822",0.369802861140222
"9823",0.10565197424766
"9824",0.0994327028276428
"9825",0.509161600594627
"9826",0.629312112843481
"9827",0.837187901804773
"9828",0
"9829",0.238405556312758
"9830",0.590416261911142
"9831",0.221940400191934
"9832",0.118719097425019
"9833",0.14181650188359
"9834",0.269988661177642
"9835",0.502798392163891
"9836",0.241325107312218
"9837",0.447749307248516
"9838",0.131423627647042
"9839",1.23268709682524
"9840",0.0125243912164982
"9841",0.531092588055412
"9842",0.316970482439153
"9843",0.188026164852698
"9844",0.0803160153962071
"9845",0.850779196297778
"9846",0.445279238960615
"9847",0.318531819540954
"9848",0.837304454924853
"9849",0.0698168464600907
"9850",0.56805571408565
"9851",0.598429801761803
"9852",0.00913128725490667
"9853",0.184644206223413
"9854",0.584549368705878
"9855",0.119118431596622
"9856",0.518836156841582
"9857",0.24259780116653
"9858",0.173933416344883
"9859",0.640709507821303
"9860",0.067468739171733
"9861",0.194122123069755
"9862",0.657999695936864
"9863",1.02425070828148
"9864",0.0409453963901553
"9865",0.618725750806553
"9866",1.42901584851424
"9867",0.621399127600879
"9868",1.03823207022917
"9869",0.423269669072773
"9870",1.08508357362561
"9871",1.03890700132047
"9872",0.682291493352208
"9873",0.952517549478859
"9874",0.660250621439288
"9875",0.583937068954493
"9876",1.81460240573486
"9877",2.08751073006003
"9878",1.26567318686996
"9879",1.95497684856078
"9880",0.320654814369091
"9881",1.06404980593233
"9882",1.9094081342465
"9883",1.41291926985076
"9884",0.886187946628987
"9885",0.982188647222648
"9886",1.37280380637817
"9887",1.58641200038733
"9888",1.99804245201948
"9889",2.9809153410513
"9890",2.38348451387998
"9891",3
"9892",3
"9893",3
"9894",3
"9895",3
"9896",3
"9897",3
"9898",2.39935167259615
"9899",3
"9900",3
"9901",3
"9902",3
"9903",3
"9904",3
"9905",3
"9906",3
"9907",3
"9908",3
"9909",3
"9910",2.95493612347855
"9911",2.48107063621698
"9912",1.5881313085311
"9913",3
"9914",3
"9915",1.21221307191003
"9916",0.986722103413515
"9917",1.35072798993508
"9918",0.945914093928226
"9919",0.552193655435711
"9920",0.60419680774662
"9921",0.865618560856818
"9922",1.08368490523861
"9923",0.857188148337044
"9924",0.645044052686983
"9925",0.61571119060474
"9926",0.592922867197129
"9927",0.940446745776654
"9928",0.557072569577485
"9929",0.711179536074125
"9930",0.761603466602299
"9931",0.817690109443956
"9932",0.724032689207676
"9933",0.416590259929366
"9934",0
"9935",0.833232781516714
"9936",0
"9937",0.558092544405171
"9938",0.206502072213628
"9939",0.227960307870954
"9940",0.347090043992771
"9941",0.338496557997653
"9942",0.759063131284944
"9943",0.2935048869773
"9944",0.539824068624235
"9945",0.237998842289671
"9946",0.963261961829388
"9947",0.236061728661416
"9948",0.18113963968818
"9949",0.178262621937752
"9950",0.153884251314009
"9951",0.0583457013825068
"9952",0.183122740644469
"9953",0.0728725100552484
"9954",0.108149335457167
"9955",0.145595516028202
"9956",0.527881600597138
"9957",0.216797189007285
"9958",0.439933290359495
"9959",0.293686396881048
"9960",0.180145098347833
"9961",0.264493231243116
"9962",0.0961088927574728
"9963",0.222118203242256
"9964",0.100527898599633
"9965",0.347172686145642
"9966",0.0219787744747097
"9967",0.0233877357517505
"9968",0.122371923803496
"9969",0.105471922787852
"9970",0.184281491995346
"9971",0.535897924825879
"9972",0.109496763298943
"9973",0.0419209351914962
"9974",0.0303300533245967
"9975",0.0320356815575941
"9976",0
"9977",0.0360662979006028
"9978",0.0330487727098915
"9979",0.032035681557594
"9980",0.0364501762985372
"9981",0.106014181939745
"9982",0.66312742684767
"9983",0
"9984",0.130158490273933
"9985",0.026872628851249
"9986",1.21218577079257
"9987",0.599203235602256
"9988",0.791164173129998
"9989",0.353386541801304
"9990",0.0877409567786319
"9991",0.87586461651577
"9992",0.597577876943799
"9993",0.494565651384432
"9994",0.0565659727101606
"9995",0.128358438273283
"9996",0.0505189880942
"9997",0.63396664257806
"9998",0.038663888903219
"9999",0.14746828069957
"10000",0.237289570510265
"10001",0.202760660619678
"10002",0.804489754051701
"10003",0.204225849834515
"10004",0.443321755149001
"10005",0.559606903803095
"10006",0.0214000949797
"10007",0.636984226720216
"10008",0.157375992914579
"10009",0.149259962952624
"10010",0.197073201177793
"10011",0.140315195895978
"10012",1.44588216974489
"10013",1.39741618629782
"10014",0.801260481224645
"10015",1.15157823043557
"10016",0.769342420871337
"10017",0
"10018",0.408743779479295
"10019",0.319178296792487
"10020",0.489328767011853
"10021",0.0752519538985181
"10022",0.15392174412542
"10023",0.0262434801548056
"10024",0.351804995574689
"10025",0.726692777262956
"10026",0.0326945085025221
"10027",0.231017337439592
"10028",0.322717279433157
"10029",1.67795396591855
"10030",0.695048412417846
"10031",1.2486136429353
"10032",0.525687196360296
"10033",0.660484409673099
"10034",0.876455293832402
"10035",0.584126098195518
"10036",0.546304722976098
"10037",0.0303638482204703
"10038",0.376990344055407
"10039",0.174341235914457
"10040",0.11230189254168
"10041",0.27087615074778
"10042",0.672127834546117
"10043",1.22054326874913
"10044",1.28518246583753
"10045",1.897161250584
"10046",0.983569701570971
"10047",1.17161762411311
"10048",1.13433519460561
"10049",1.23764184953777
"10050",1.24683089624989
"10051",0.646889107936633
"10052",0.621319623217606
"10053",1.20329476619182
"10054",1.64844390052492
"10055",1.54029759641909
"10056",3
"10057",1.31756832002767
"10058",1.24372770066948
"10059",2.2050252594349
"10060",3
"10061",2.87062575007623
"10062",3
"10063",3
"10064",3
"10065",1.74774413659481
"10066",3
"10067",3
"10068",3
"10069",3
"10070",3
"10071",3
"10072",3
"10073",3
"10074",3
"10075",3
"10076",3
"10077",3
"10078",0.844401210254549
"10079",0.859798061618035
"10080",1.26922843454792
"10081",0.509923719417269
"10082",1.50391898490995
"10083",1.03762613452132
"10084",1.58072261529748
"10085",1.3316978794193
"10086",0.426258419057078
"10087",0.301081948378665
"10088",0.680678290910143
"10089",0.643027696823812
"10090",1.13168141224608
"10091",1.2541979362629
"10092",0.420545589399064
"10093",0.694176034484746
"10094",0.70254302493345
"10095",0.702886477887197
"10096",1.61721578288779
"10097",0.769556963720189
"10098",0.92774624978509
"10099",0.481656721203949
"10100",0.61468438017064
"10101",1.02379525352811
"10102",1.06449053750057
"10103",0.629394223889104
"10104",0.184558615046792
"10105",0.185207148592076
"10106",0.384440889820723
"10107",0.677842483083329
"10108",0.645534947712659
"10109",0.203915485652869
"10110",0.67490704076697
"10111",0.197306913285657
"10112",0.311127480510788
"10113",0.175860036095967
"10114",0.189760603615507
"10115",0.183786492287572
"10116",0.470040487243191
"10117",0.389739535092403
"10118",0.176576707776097
"10119",0.156639948543045
"10120",0.206036045697276
"10121",0.147747485102976
"10122",0.0792308818515718
"10123",0.104585245334788
"10124",0.105910126597735
"10125",0.19723866583615
"10126",0.327724979803606
"10127",0.556910199422812
"10128",0.168761159103256
"10129",0.174680404337318
"10130",0.29696667460443
"10131",0.16177035874977
"10132",0.0901850665781681
"10133",0.0878674191119018
"10134",0.250449050441803
"10135",0.115687526251134
"10136",0.117491836663235
"10137",0.154228662273076
"10138",0.29086701076537
"10139",0.447668124262559
"10140",0.110894407954198
"10141",0.152356217804078
"10142",0.0199391958069783
"10143",0.0303300533245967
"10144",0.0873647739949009
"10145",0.0374697326866333
"10146",0.0390276210999125
"10147",0
"10148",0.0313926722475739
"10149",0.0413145822620379
"10150",0.31256720635286
"10151",0.26137258345799
"10152",0.208289444283783
"10153",0.133013376036832
"10154",0.185814169701173
"10155",0.194186059016034
"10156",0.116514618084761
"10157",0.804381160900054
"10158",0.301209293253726
"10159",0.0980953409514022
"10160",0.671953822539779
"10161",0.126478897206167
"10162",0.397368634520208
"10163",0.253798895103923
"10164",0.120575307495689
"10165",0.117896620627704
"10166",0.353163083561147
"10167",0.0489642380180493
"10168",0.367983052398337
"10169",0.254980718681674
"10170",0.125085795600863
"10171",0.863456592391214
"10172",0.689919121316512
"10173",1.39604180743344
"10174",0.422684362074676
"10175",0.184107519856691
"10176",0.131354302435007
"10177",0.587174439399696
"10178",0.624051866232444
"10179",0.167489798283173
"10180",0.123714920205444
"10181",0.542804151006206
"10182",0.560444041638148
"10183",0.723656093098937
"10184",0.0742930708198543
"10185",0.497574821075256
"10186",0.189016828945166
"10187",0.713908406031829
"10188",0
"10189",0.505761729063604
"10190",0.400642051704911
"10191",0.0700077826021543
"10192",0.958795595814187
"10193",0.280918320182103
"10194",0
"10195",0.113698439038793
"10196",0.182204192802639
"10197",0.0950957278122461
"10198",0.213931821358256
"10199",0.833723019320264
"10200",1.76803944394881
"10201",0.475216357129635
"10202",0.726752309599179
"10203",0.483676754757029
"10204",0.770916780753716
"10205",0.627653552992823
"10206",0.485718649683769
"10207",0.372572370904771
"10208",0.238557815992963
"10209",0.156606999746064
"10210",0.268211542220324
"10211",0.184310036630194
"10212",0.500677893797346
"10213",0.548516411624003
"10214",1.79012293498486
"10215",1.07654884469702
"10216",1.41404232526069
"10217",0.886988647401546
"10218",0.606791445535096
"10219",0.92794628549399
"10220",0.801426810363396
"10221",0.704258852697356
"10222",0.779170948822251
"10223",0.681514512486261
"10224",1.05228160461468
"10225",1.03126600659831
"10226",0.903703125476399
"10227",1.22799907708415
"10228",0.772092033995168
"10229",0.0664255014661578
"10230",0.993024065216651
"10231",2.06584082328037
"10232",2.5799694947123
"10233",3
"10234",3
"10235",1.5868656671244
"10236",0.859596811079179
"10237",1.56733998605459
"10238",3
"10239",3
"10240",2.77121539747618
"10241",3
"10242",2.21116917323366
"10243",3
"10244",3
"10245",3
"10246",3
"10247",1.45175798193968
"10248",0.54947519083122
"10249",1.37051769909077
"10250",1.68741892407645
"10251",0.924699630930975
"10252",0.930640949604149
"10253",0.86901466566749
"10254",1.55148851960693
"10255",1.64135696340688
"10256",0.500326407296372
"10257",0.675212667690744
"10258",0.308623521371317
"10259",0.890201198893525
"10260",0.944804007615062
"10261",1.28862643050847
"10262",1.24239547632951
"10263",0.465648100493079
"10264",0.75776064303631
"10265",0.821799873662831
"10266",1.01585363941419
"10267",0.931442084016364
"10268",0.597323899456129
"10269",1.11005780975731
"10270",0.445640966364249
"10271",1.1653926480329
"10272",1.33657165598466
"10273",1.73377591182984
"10274",0.397648503453534
"10275",0.42494959872896
"10276",0.298359730365413
"10277",0.426560846491548
"10278",0.193496669372398
"10279",0.407842441693294
"10280",0.214412028414378
"10281",0.322449325124184
"10282",0.0648947464988775
"10283",0.761049166727593
"10284",0.250789481485977
"10285",0.422958937021554
"10286",0.407294133308602
"10287",0.63249532557274
"10288",0.36604095742894
"10289",0.668783219988711
"10290",0.359160797872003
"10291",0.586725804439839
"10292",0.147985909067742
"10293",0.194884768688831
"10294",0.064968258067748
"10295",0.374515077757867
"10296",0.444208993417287
"10297",0.332923157307258
"10298",0.285177172944017
"10299",0.17453130278665
"10300",0.175774969834164
"10301",0.17603741270067
"10302",0.108320636847178
"10303",0.197651878577737
"10304",0.35139453829959
"10305",0.231035323729866
"10306",0.0957267771124596
"10307",0.226143361037115
"10308",0.524394744079037
"10309",2.22978608145846
"10310",0.286210682259597
"10311",0.121319127754046
"10312",0.0141930408695596
"10313",0.0845013250109796
"10314",0.563050033364503
"10315",0.033077931476259
"10316",0.0174986691725227
"10317",0
"10318",0
"10319",0
"10320",0
"10321",0
"10322",0
"10323",0
"10324",0
"10325",0.365210000721122
"10326",0.457930561218301
"10327",0.229054965307792
"10328",0.289726570762264
"10329",0.209155431330768
"10330",0.718793459559111
"10331",0.156268563284677
"10332",0.898534189294502
"10333",0.604141380788589
"10334",0.242388700230905
"10335",0.236634407127216
"10336",0.299670050647547
"10337",0.221319582869218
"10338",0.12319806584771
"10339",0.165074841042052
"10340",0.359876698501873
"10341",0.357612073400025
"10342",0.390399759075727
"10343",0.469006121281387
"10344",0.306644695058469
"10345",0.220445083723095
"10346",0.874796024614121
"10347",0.93298358560408
"10348",0.62350461265745
"10349",0.180150901996067
"10350",0.0908053537145117
"10351",0.419972733466245
"10352",0.670528671179929
"10353",0.890892976463753
"10354",0.781849588061392
"10355",0.158453595269925
"10356",0.47750063975004
"10357",1.1168454285488
"10358",0.493264733829932
"10359",0.0432781367662482
"10360",0.707335136453839
"10361",1.17316983457694
"10362",0.0650514846776764
"10363",0.606022018330324
"10364",0
"10365",0.452265830362556
"10366",0.284378876458041
"10367",0.59481921459295
"10368",0.244933443792641
"10369",0.443122385273955
"10370",0.311160984341519
"10371",0.723680182354063
"10372",0.0781367917354567
"10373",0.749269754006474
"10374",1.42203950607951
"10375",0.965061405503765
"10376",1.59402749149496
"10377",0.738898740779902
"10378",0.585941589423771
"10379",0.90212222686104
"10380",0.790712679352534
"10381",0.636410355307635
"10382",0.235447515520413
"10383",0.151027325976257
"10384",0.278811117344142
"10385",0.249082808069955
"10386",0.230667652909617
"10387",0.391518649670697
"10388",0.538123201706893
"10389",1.40082802710239
"10390",0.799703195425498
"10391",1.22241745247989
"10392",0.680612481019157
"10393",0.568674765714719
"10394",0.783903199508908
"10395",0.526020176344593
"10396",0.826840059402648
"10397",0.674432824571014
"10398",1.08117982140405
"10399",0.823425448044538
"10400",0.414896224787193
"10401",0.237735774353179
"10402",0.104264960828606
"10403",0.0639894559007356
"10404",0
"10405",0.782205081297576
"10406",1.59218568622419
"10407",1.04376880598617
"10408",1.32170943581623
"10409",3
"10410",3
"10411",1.31798335752365
"10412",1.76048361762493
"10413",1.27178631518568
"10414",2.26063062034782
"10415",1.81668408583101
"10416",2.50511875225668
"10417",1.66523535787151
"10418",3
"10419",1.96310812894545
"10420",2.06489232590983
"10421",2.45661321237391
"10422",0.593017101315251
"10423",1.3229046286427
"10424",1.38248704290715
"10425",1.54694774680461
"10426",1.67926504348232
"10427",1.29906529908539
"10428",1.73047578329053
"10429",1.20380504925717
"10430",0.772880994228848
"10431",0.553897599002826
"10432",0.785692487687485
"10433",1.49200491288001
"10434",0.496591530053029
"10435",1.4621881179037
"10436",0.722355324321349
"10437",0.998708795472782
"10438",0.620457313244245
"10439",0.763904601172646
"10440",0.556979868982172
"10441",0.600938480523892
"10442",0.430379586879995
"10443",0.367295765875229
"10444",0.416411071951713
"10445",0.740197435969433
"10446",0.31765336941952
"10447",1.80501352121481
"10448",1.0923512268869
"10449",0.238915412254509
"10450",0.555256184889953
"10451",0.518761215612417
"10452",0.510372371491868
"10453",0.356490993369323
"10454",0.70615312092316
"10455",0.313299851987564
"10456",0.162025114424825
"10457",0.772192648788321
"10458",0.185031871910257
"10459",0.316514212123274
"10460",0.322052904529077
"10461",0.610505926202198
"10462",0.520851387124841
"10463",0.36342143091877
"10464",0.453333928427398
"10465",0.103767924425441
"10466",0.29740258888184
"10467",0.252791091602922
"10468",0.0753814203406959
"10469",0.330655323258836
"10470",0.285662644703764
"10471",0.444167569312661
"10472",0.570970093450792
"10473",0.301442712258244
"10474",0.174206991601737
"10475",0.174680404679503
"10476",0.173767703609107
"10477",0.219541127609203
"10478",0.335092436068334
"10479",0.270770564487119
"10480",0.887159217685603
"10481",0.145568500954747
"10482",0.223646498009732
"10483",0.213181432355051
"10484",0.374115992760303
"10485",0.212702816598103
"10486",0.0387530698352685
"10487",0
"10488",0.0490307814083111
"10489",0.0225883187002421
"10490",0
"10491",0
"10492",0
"10493",0
"10494",0
"10495",0
"10496",0
"10497",0
"10498",0
"10499",0
"10500",0
"10501",0.66004201784199
"10502",0.230334170241725
"10503",0.447310218366659
"10504",0.24846506332266
"10505",0.207822319483561
"10506",0.678011296241141
"10507",0.111676159520821
"10508",0
"10509",0.310450520719245
"10510",0.169008791927722
"10511",0.375030923693377
"10512",0.590715321006796
"10513",0.294852357508806
"10514",0.121734122347391
"10515",0.356389339617681
"10516",0.756795777237546
"10517",0.229417794099101
"10518",0.0906303861037713
"10519",0.74045915417904
"10520",0.117085084768601
"10521",0.407321579299201
"10522",0.0916577266449838
"10523",0.386474754865376
"10524",0.380563611401995
"10525",0.181491795321753
"10526",0.606287793286833
"10527",0.0419577664053266
"10528",0.445619886740295
"10529",0.682542402768417
"10530",0.0858703202959123
"10531",0.101355936257576
"10532",0.154313724728535
"10533",0.407771899927011
"10534",0.168306863269416
"10535",0.549174658900333
"10536",0
"10537",0.30164973940791
"10538",0.268159641579665
"10539",1.16024499824269
"10540",0.0438114257500083
"10541",1.12599643342851
"10542",0.542996610580869
"10543",0.310622670829733
"10544",1.04320757644754
"10545",0.476219671115414
"10546",0.255550956988499
"10547",0.293418991692787
"10548",0.775543646486885
"10549",1.06014658521619
"10550",1.13428770331778
"10551",1.67686438211119
"10552",0.852622539755013
"10553",1.36030977431662
"10554",0.73013860769113
"10555",0.573473826615102
"10556",0.499747825785128
"10557",0.624021774053926
"10558",0.372991389337824
"10559",0.33172596386813
"10560",0.264285432237394
"10561",0.227880209389359
"10562",0.666922808852271
"10563",0.292697648434048
"10564",0.657304302854141
"10565",0.923369146924888
"10566",1.39246308415601
"10567",0.58176803912261
"10568",1.04132010453184
"10569",0.603213867656562
"10570",0.556430751493842
"10571",1.0635705789986
"10572",0.798113540559842
"10573",0.304261926903471
"10574",0.829078355932029
"10575",0.833869269497518
"10576",0.546794153871945
"10577",0.123364644740073
"10578",0.658851920182695
"10579",0.024302974450142
"10580",0.169676910132676
"10581",1.24090290841268
"10582",0.53356251840237
"10583",2.31114428936772
"10584",1.61432746914052
"10585",3
"10586",3
"10587",3
"10588",1.74848644329558
"10589",1.30485562177646
"10590",1.65766163937766
"10591",3
"10592",1.24730242450475
"10593",1.43301194256199
"10594",0.758917062327019
"10595",0.908117764972469
"10596",1.83466805277916
"10597",1.35191153868449
"10598",1.43958810139317
"10599",0.842281705055999
"10600",1.57473197351676
"10601",1.09647196387856
"10602",1.95584043167294
"10603",1.20536199722489
"10604",0.564628299757981
"10605",0.727659155734234
"10606",0.572326799115264
"10607",0.506860260642766
"10608",0.926377197930017
"10609",1.0141196251331
"10610",1.51738730564234
"10611",0.58625962288645
"10612",0.892593318225397
"10613",0.539885966901742
"10614",0.375562507320744
"10615",0.505611290860736
"10616",0.630697164639479
"10617",1.11153450718396
"10618",0.169448560147144
"10619",0.304458366258751
"10620",0.508587853412741
"10621",0.279224592805907
"10622",0.691178385689146
"10623",0.300413672350192
"10624",0.519123030724975
"10625",0.269608152433596
"10626",0.238750809228851
"10627",0.465460208828835
"10628",0.98482213984293
"10629",0.968883892750992
"10630",0.447376029111973
"10631",0.367302638332779
"10632",0.226825657599643
"10633",0.162216855698671
"10634",0.350748926916713
"10635",0.383687823488436
"10636",0.385507523005119
"10637",0.372219468586745
"10638",0.391228968729359
"10639",0.943234067960378
"10640",0.202581838561913
"10641",0.325307760713236
"10642",0.120226350906949
"10643",0.200450493256533
"10644",0.292980040175889
"10645",0.20453254477055
"10646",0.325160573146892
"10647",0.563732346509626
"10648",0.336446026417301
"10649",0.405380689271556
"10650",0.299124372149291
"10651",0.295610848984808
"10652",0.1790339904047
"10653",0.319090058530688
"10654",0.452620239050441
"10655",0.351114399973137
"10656",0.134852994678135
"10657",0.0781647582670263
"10658",0.107134210116627
"10659",0.351701954533134
"10660",0.108317755447263
"10661",0.0767059335718995
"10662",0
"10663",0.549394267782561
"10664",0
"10665",0
"10666",0
"10667",0
"10668",0
"10669",0
"10670",0
"10671",0
"10672",0
"10673",0
"10674",0
"10675",0
"10676",0
"10677",0
"10678",0.459154968443575
"10679",0.75944245343715
"10680",0.110469282660236
"10681",0.797452706298758
"10682",0.36803199725833
"10683",0
"10684",0
"10685",0.544745850311334
"10686",0
"10687",0.0595257861142535
"10688",1.08426969586052
"10689",1.408909599077
"10690",0.084055750848741
"10691",0.00981367109038273
"10692",0.0976829200142134
"10693",0.217677584044958
"10694",0.159548477651464
"10695",0.0322747959966353
"10696",0.0836649950029217
"10697",0.159139336375032
"10698",0.0392347610980023
"10699",1.40708008819966
"10700",0.151662632856283
"10701",0.267290976055031
"10702",0.0749200372754231
"10703",0.617665261478645
"10704",0.747156535061787
"10705",0.0953162683867546
"10706",0.237634281979559
"10707",0.103899104371198
"10708",0.420223179200935
"10709",0.0496266188776661
"10710",0.0812139763834158
"10711",1.41370174328328
"10712",0.253780542346847
"10713",1.02148851320933
"10714",0.823340731136253
"10715",0.429940791233665
"10716",0.202022809024336
"10717",0.666020696678903
"10718",0.318048945215366
"10719",0.729562726958802
"10720",0.709080054595399
"10721",0.250469453683714
"10722",1.29687225498589
"10723",0.564617456748214
"10724",0
"10725",0.738545588986333
"10726",0.853185373885581
"10727",0.889197276314068
"10728",0.839197662430205
"10729",1.43242044479149
"10730",0.956370948509872
"10731",1.22760890815817
"10732",1.16697339890077
"10733",0.417049029278849
"10734",0.608406434545964
"10735",0.741685580993003
"10736",0.619306975717647
"10737",0.025230328937448
"10738",0.540870000872163
"10739",0.206350467431257
"10740",0.389116601008148
"10741",0.455383471132044
"10742",0.217684887832875
"10743",0.633733461964696
"10744",1.18473387917483
"10745",0.721891895344728
"10746",0.410730451017493
"10747",1.03063601407085
"10748",0.832461325622779
"10749",0.383536835012167
"10750",0.426599541219169
"10751",1.43893510861053
"10752",0.382614473457474
"10753",1.07370100062964
"10754",0.00441073869511951
"10755",0.0660391174417746
"10756",0
"10757",0.580389365940258
"10758",0.197198958567644
"10759",2.22345441436657
"10760",1.43675189726057
"10761",2.0882521735432
"10762",2.28524150530024
"10763",3
"10764",3
"10765",2.24956815427335
"10766",3
"10767",1.51478479966337
"10768",2.55149189709065
"10769",0.926752504146482
"10770",0.99260014744143
"10771",0.609834724069634
"10772",0.753156569105151
"10773",0.679088367328953
"10774",1.66075778840678
"10775",0.680296765656185
"10776",1.23589627687689
"10777",0.997999389097822
"10778",1.62747513737192
"10779",1.26717535543438
"10780",0.585668490159022
"10781",0.682329603666109
"10782",0.792205624027453
"10783",0.324343863804135
"10784",0.951768065152773
"10785",1.24032079253481
"10786",1.11013251008347
"10787",0.816320524976361
"10788",0.652865249064895
"10789",0.227521562840243
"10790",0.47490763291328
"10791",0.567457823455235
"10792",0.613777066609757
"10793",0.485835188607318
"10794",0.505437952828993
"10795",0.165323910218103
"10796",0.819888026989643
"10797",0.527122331961196
"10798",0.806286223318203
"10799",0.302852364514954
"10800",0.609203681094038
"10801",0.466549785757583
"10802",0.551009481886689
"10803",0.68525310178946
"10804",1.11784870524799
"10805",0.901817154215209
"10806",1.18111088726848
"10807",0.618752603359218
"10808",0.761070237360352
"10809",0.437526425956775
"10810",0.412112452670556
"10811",0.271873441487043
"10812",0.316386391443875
"10813",0.213201755974058
"10814",0.250722842496104
"10815",0.651155144962343
"10816",0.542751305420967
"10817",0.349364475917402
"10818",0.209307887129593
"10819",0.203723641017391
"10820",0.228647482149751
"10821",0.512572286583306
"10822",0
"10823",0.513197818463931
"10824",0.21455488345512
"10825",0.696566274396738
"10826",0.246701048334427
"10827",0.447569862526474
"10828",0.177859166661828
"10829",0.383898872470004
"10830",0.406481076470081
"10831",0.359183310393981
"10832",0.33350854386473
"10833",0.0398299386138359
"10834",0.0783040864634927
"10835",0.215594130471551
"10836",0.0611854091492771
"10837",0.170600105228736
"10838",0.0579845929762388
"10839",0.0618590850751317
"10840",0
"10841",0.0316826155448135
"10842",0.0222361361053895
"10843",0
"10844",0
"10845",0
"10846",0
"10847",0
"10848",0
"10849",0
"10850",0
"10851",0
"10852",0
"10853",0
"10854",0
"10855",0.760066047121833
"10856",0.568725102340349
"10857",1.49237442559225
"10858",1.49100606163982
"10859",1.14821643374125
"10860",0.61659346047522
"10861",0
"10862",0
"10863",0
"10864",0.286179790424869
"10865",0.416242933116779
"10866",0.353620140117751
"10867",0.207027318425708
"10868",0.532954192653124
"10869",0
"10870",0.0463191091410184
"10871",0.0411240883088388
"10872",0.102684238976164
"10873",0.172411394856621
"10874",0.150449897814618
"10875",0.144175265057613
"10876",0.0747590246128282
"10877",0.0613900479491769
"10878",0.163335295080899
"10879",0.289007089024339
"10880",0.0719894609026992
"10881",0.186238287954679
"10882",0.245876283678742
"10883",0.0408336638540645
"10884",1.04664364707143
"10885",0.258656960839689
"10886",0.684885756542716
"10887",0.837887704625611
"10888",0.771727651381517
"10889",0.695619608976286
"10890",0.531122362741097
"10891",0.427630394747261
"10892",0.513620329520593
"10893",0.571899753767949
"10894",0.150707569415339
"10895",0.723998015705898
"10896",0.696706568511337
"10897",0.457076361160028
"10898",0.662049423286437
"10899",0.511233434340603
"10900",0.748835021099401
"10901",0.226970124809813
"10902",0.476240189684689
"10903",0.563205289627734
"10904",0.981035696416957
"10905",0.975101207128592
"10906",0.958836560618894
"10907",1.05419037063264
"10908",1.04497325309485
"10909",0.396854393635265
"10910",0.550407893468789
"10911",0.813904540525921
"10912",1.06647135081499
"10913",0.922953159834851
"10914",0.501127361436075
"10915",1.11945401615489
"10916",0.159157549938596
"10917",0.573977652073031
"10918",0.333576321804508
"10919",1.09621608297887
"10920",0.268001455889012
"10921",1.41766026043595
"10922",0.541898979590795
"10923",1.49894225906008
"10924",1.53064584288758
"10925",1.55961148252309
"10926",0.607823163893399
"10927",0.135577551384624
"10928",0.72966093376138
"10929",0.397743314207722
"10930",0.272645852572468
"10931",0
"10932",0.277865462736462
"10933",0.177586658539695
"10934",0.50083208713477
"10935",2.51428997703453
"10936",1.25246144467592
"10937",2.1719744003432
"10938",1.76345038902788
"10939",1.7728539288182
"10940",3
"10941",1.88099291229931
"10942",1.35397467263771
"10943",0.545857549148329
"10944",2.92030714628024
"10945",1.34002027562001
"10946",1.48203386994787
"10947",0.991975452994976
"10948",0.786860014694986
"10949",0.736913609576863
"10950",1.26071076699438
"10951",1.4559611230229
"10952",1.25135282142344
"10953",0.309155821086439
"10954",0.887393811819912
"10955",1.41916230922435
"10956",0.969202146235496
"10957",0.534760847804029
"10958",0.456031922777803
"10959",0.185880475027911
"10960",0.434998113175007
"10961",0.933961207962298
"10962",1.00366818962148
"10963",0.774422105435337
"10964",0.731262773297531
"10965",0.143876344867419
"10966",0.549868460057077
"10967",1.15364924281563
"10968",1.56166589673499
"10969",0.568977290270787
"10970",0.596220836699026
"10971",0.536342899132884
"10972",0.561587630720611
"10973",0.226956576365137
"10974",0.792237505659693
"10975",0.577297885561842
"10976",0.75885751910253
"10977",0.952182619287985
"10978",0.7620235474037
"10979",0.71788385510046
"10980",0.753835598051118
"10981",1.98816181920679
"10982",1.26351561733042
"10983",0.615853572460092
"10984",1.2834472984531
"10985",0.594022573047499
"10986",0.987791595224247
"10987",0.488923453302035
"10988",1.14638052266174
"10989",0.220702548270076
"10990",0.62213144467941
"10991",0.297655244135001
"10992",0.479647511220284
"10993",0.638584785976031
"10994",0.477078254330134
"10995",0.209227214168329
"10996",0.45057524006385
"10997",0.492760824969646
"10998",0.470645370538651
"10999",2.92450592562856
"11000",0.415778203268499
"11001",0.655031718184091
"11002",0.229047757455879
"11003",0.97856026692671
"11004",0.738770128519592
"11005",0.435252828483121
"11006",0.072507553557916
"11007",0.180818314857666
"11008",0.435245460058266
"11009",0.241487318213226
"11010",0.0912781920005769
"11011",0.102570137938381
"11012",0.131957829181505
"11013",0.292572981341465
"11014",0.0531537151694129
"11015",0.182545696821254
"11016",0.064783603296664
"11017",0.0445402772453809
"11018",0.025202905854638
"11019",0.0426334892050404
"11020",0
"11021",0
"11022",0
"11023",0
"11024",0
"11025",0
"11026",0.0540932073418697
"11027",0
"11028",0
"11029",0
"11030",0
"11031",0.822688219936581
"11032",1.28655259068446
"11033",1.17994351362825
"11034",3
"11035",2.07844389238235
"11036",0.501297981892158
"11037",0.114866452463765
"11038",0.553955913730268
"11039",0
"11040",0.624033176189711
"11041",0.951868402902175
"11042",0.312793458480475
"11043",0
"11044",0.527058703683343
"11045",0
"11046",0.0536404650720125
"11047",0.0485977698974899
"11048",0.0271271474204568
"11049",0.189753057739607
"11050",0.167857057363822
"11051",0.221471217510484
"11052",0.605744834716004
"11053",1.21790206951144
"11054",0.0647730891027687
"11055",0.140579939379588
"11056",0.83926438053418
"11057",0.107252696171829
"11058",0.26513206849345
"11059",0.672544039096966
"11060",0.582829327978187
"11061",0.632787360605023
"11062",0.584445692073338
"11063",0.309430872759362
"11064",0.749494007526633
"11065",0.664783039544405
"11066",0.470552698267599
"11067",0.620709481263557
"11068",0.239496359514663
"11069",0.0352301903154534
"11070",0.733671520492981
"11071",0.223923530949601
"11072",0.46963104392001
"11073",0.588497800528429
"11074",0.350183730079094
"11075",1.09209407389976
"11076",0.977029172792168
"11077",0.866306987258276
"11078",0.635456951547894
"11079",1.23518674265195
"11080",0.586692967606962
"11081",1.18126806273629
"11082",0.741956544217759
"11083",1.38252303359932
"11084",0.378715565599604
"11085",0.355437813832344
"11086",0.47933232663329
"11087",0.6188681502214
"11088",0.74416330964756
"11089",0.366307288517883
"11090",1.12374506379437
"11091",1.14391236330183
"11092",0.755977798461358
"11093",0.225175213502936
"11094",0.806988382089036
"11095",0.148015784066453
"11096",0.989712539786708
"11097",0.869750102334454
"11098",0.959444838693589
"11099",1.04595897449277
"11100",1.41055439121055
"11101",0.970185809002752
"11102",0.622125908481317
"11103",1.11898233514029
"11104",0.61816798099815
"11105",1.329661313005
"11106",0
"11107",1.08968364899461
"11108",0.324413696418805
"11109",0.564859820370412
"11110",2.62722250749402
"11111",1.60180688779634
"11112",3
"11113",1.33388460095453
"11114",2.18195206287683
"11115",2.00202421609127
"11116",2.18459480821552
"11117",1.0321139831384
"11118",1.06755054537916
"11119",0.808681145318649
"11120",1.15636681419752
"11121",2.85412550698548
"11122",0.935525246873902
"11123",0.936616003702704
"11124",1.19778243710713
"11125",0.706422683531371
"11126",1.26425140070991
"11127",0.966772534498948
"11128",1.31303792809502
"11129",0.420590544129644
"11130",0.504275624333314
"11131",1.20286567625235
"11132",0.672881793507829
"11133",0.80551556306536
"11134",0.529250650961637
"11135",1.0760786136802
"11136",0.225291099294017
"11137",0.126174041582949
"11138",0.431726806854961
"11139",0.742412932870567
"11140",0.482971471596721
"11141",0.516133611798744
"11142",0.374224563335715
"11143",0.867961444102177
"11144",0.960175154826711
"11145",2.53736552679248
"11146",0.905563042653472
"11147",0.698982590800047
"11148",0.230089169210775
"11149",0.465614656661343
"11150",0.502119433337589
"11151",0.976594548514783
"11152",0.831824133010237
"11153",1.44658347767968
"11154",1.18832990193426
"11155",0.614074798334479
"11156",1.27944730910414
"11157",1.9661089486077
"11158",1.57155551174968
"11159",0.290648011581429
"11160",0.950734054611989
"11161",0.871908910442423
"11162",1.24013920375353
"11163",2.45895022200991
"11164",0.633103995735613
"11165",0.640571882757806
"11166",0.162008692829216
"11167",0.453613670290851
"11168",0.513257778678571
"11169",0.443114223560274
"11170",0.340986886144789
"11171",0.590402695271574
"11172",0.219540849640383
"11173",0.429664261998922
"11174",0.467277524604308
"11175",0.179037934747634
"11176",0.444158389180512
"11177",0.342654405733588
"11178",0.399769255049736
"11179",0.46188749934636
"11180",0.848809446683153
"11181",0.467391785236886
"11182",0.0465831022205594
"11183",0.0878474926664724
"11184",0.0969405668678168
"11185",0.246889124425302
"11186",0.225401201758664
"11187",0.217166331403903
"11188",0.455695074050419
"11189",0.118467458677635
"11190",0.316725063785783
"11191",0.0510748440330231
"11192",0.162696378756014
"11193",0.00206983492015123
"11194",0.0152734246586239
"11195",0.0240843654373374
"11196",0
"11197",0
"11198",0
"11199",0
"11200",0
"11201",0.0540932073418697
"11202",0
"11203",0.0540932073418697
"11204",0
"11205",0
"11206",0
"11207",0
"11208",0
"11209",0
"11210",0.785005756140952
"11211",0.849663165158777
"11212",2.58853739325888
"11213",1.99466874383191
"11214",1.74882773764803
"11215",0.595023971303601
"11216",0.186693862866706
"11217",0.192066944579179
"11218",0.0260868366617552
"11219",0.11313848645631
"11220",0.256063459540688
"11221",0.233775694343861
"11222",0.0683331930666761
"11223",0
"11224",0.0449837561051931
"11225",0.0518340918958403
"11226",0.0498964286474475
"11227",0.0376926494130705
"11228",0.0252618512339652
"11229",0.173479998822157
"11230",0.151110047406087
"11231",0.159064603458419
"11232",0.560432747120785
"11233",0.137032432064939
"11234",0.178520282608891
"11235",0.0458695330480168
"11236",0.338443919236544
"11237",0.133440572687157
"11238",0.0314650643562403
"11239",0.329388238609884
"11240",0.299780925532664
"11241",0.226235970668555
"11242",1.02536051315711
"11243",0.408667670190133
"11244",0.639010002462957
"11245",0.444310785255115
"11246",0.165127723423274
"11247",0.0522837312039361
"11248",0
"11249",0
"11250",0
"11251",0.0142596361419623
"11252",0.0656555986994956
"11253",0.41676805166319
"11254",0.485105363895965
"11255",0.85655199061671
"11256",0.824455614237296
"11257",0.422982005648478
"11258",0.678957429153772
"11259",0.400221926612625
"11260",0.584712787604575
"11261",0.779209677587662
"11262",0.117805114604847
"11263",0.5880831024132
"11264",0.33716941007173
"11265",0.25910230882624
"11266",0.484095988810787
"11267",0.375792351275652
"11268",0.679550492504969
"11269",0.316615531011305
"11270",1.01795712829187
"11271",0.3304724549539
"11272",0.285557275671901
"11273",0.844878203642061
"11274",0.385286043539345
"11275",0.580020423163399
"11276",0.631133749861999
"11277",1.25769600666115
"11278",1.18739975049249
"11279",0.99614877944484
"11280",0.473422938482649
"11281",0.835574575536232
"11282",0.627997804965483
"11283",1.41268169020181
"11284",1.63488326853467
"11285",0.693059918259847
"11286",0.235699592698635
"11287",0.92004279155929
"11288",1.32848790516825
"11289",0.611961155894927
"11290",2.33593959356293
"11291",1.06187577359949
"11292",1.25354430264003
"11293",0.149446696089712
"11294",1.47614425363425
"11295",1.41556478398789
"11296",0.750063039882287
"11297",0.922869346119942
"11298",0.203023150646034
"11299",1.03470143006484
"11300",1.07550698682849
"11301",1.2723315431072
"11302",1.02687081652818
"11303",0.714432738781848
"11304",0.72262422226297
"11305",0.510326030068502
"11306",1.20027991180662
"11307",0.438322473401948
"11308",0.303816827170136
"11309",0.527706317519332
"11310",0.814356824007929
"11311",0.880417805379918
"11312",0.641978831712757
"11313",1.06025775866737
"11314",0.523001205417308
"11315",0.137541374132322
"11316",1.26809130387395
"11317",0.368691161471413
"11318",0.44021169628004
"11319",0.783750534963693
"11320",0.626294956633278
"11321",0.878710481706665
"11322",2.08724395673849
"11323",3
"11324",2.23660012128204
"11325",2.02123555867918
"11326",0.766272400031388
"11327",0.42023900115967
"11328",0.36799528320531
"11329",1.48267786179754
"11330",1.10392999514469
"11331",1.08156632995817
"11332",1.1595944161039
"11333",0.636490748590213
"11334",0.968425733034828
"11335",1.10379014497387
"11336",1.03209802020504
"11337",0.492830320654039
"11338",0.412488698280192
"11339",0.102288690949301
"11340",0.850600470821792
"11341",1.83775955392293
"11342",1.71383282567612
"11343",1.84094101508201
"11344",0.0190331116754818
"11345",0.24122484308138
"11346",0.287659087900886
"11347",0.649408281501547
"11348",0.264316231006219
"11349",0.330999049353152
"11350",0.194658004183552
"11351",0.488462407038278
"11352",0.183362304713785
"11353",0.417656203475034
"11354",0.177960766374829
"11355",0.570500407643186
"11356",0.279144671513179
"11357",0.365141356523282
"11358",0.732033270587046
"11359",0.832339981693932
"11360",0.571148699741099
"11361",0.528294246798108
"11362",0.155243884947385
"11363",0.0399661067606171
"11364",0.159439909855205
"11365",0.117614869858951
"11366",0.277940597409202
"11367",0.519827934918061
"11368",0.565530483259612
"11369",0.15203716068671
"11370",0.202221647954308
"11371",0
"11372",0
"11373",0.0114798115733294
"11374",0
"11375",0
"11376",0
"11377",0
"11378",0
"11379",0
"11380",0
"11381",0.0537652148397316
"11382",0
"11383",0
"11384",0
"11385",0
"11386",0
"11387",0
"11388",0
"11389",0
"11390",0
"11391",0
"11392",0
"11393",0
"11394",0.610424172973494
"11395",1.11108054044165
"11396",1.04818880096975
"11397",0.744473495159177
"11398",0.945033514410345
"11399",0.554277012528244
"11400",0.131108531907536
"11401",0
"11402",0.0998211805364
"11403",0.225439929855452
"11404",0.355672353284414
"11405",0.192367601480971
"11406",0.0205392296624973
"11407",0.0362042155929756
"11408",0.0443345335408563
"11409",0.0457822604434844
"11410",0.0330373505971861
"11411",0.135169003903384
"11412",0.212012014867301
"11413",0.150966813551894
"11414",0.090810751343833
"11415",0.167413619378366
"11416",0.105243261760921
"11417",0.0558210765366341
"11418",0
"11419",0.729587860326641
"11420",0.592028917016837
"11421",0.686877512719254
"11422",0.763930143490429
"11423",0.132878088372033
"11424",0.786909741793313
"11425",0.378695568192011
"11426",0.660633161085682
"11427",0.72450559094665
"11428",0.795560661731313
"11429",1.43895424275667
"11430",0.217088636359879
"11431",0
"11432",0.546794260518921
"11433",0
"11434",0.501906786062929
"11435",0.136239025063988
"11436",0.951678263858646
"11437",0.52906520817224
"11438",0.523304968694589
"11439",0.301695072722285
"11440",0.278738830647329
"11441",0.0856452008583898
"11442",0.134866656848238
"11443",0.340345016322442
"11444",0.187206331419175
"11445",0.433573302338046
"11446",0.694545800695459
"11447",0.330253833044139
"11448",0.701106356368383
"11449",0.475965407934935
"11450",0.330587095219386
"11451",0.397390950194951
"11452",1.01493031939462
"11453",0.632630451913856
"11454",0.510221195816841
"11455",0.504101803017322
"11456",1.01607469325455
"11457",0.28383597496588
"11458",0.877063524251818
"11459",0.807081153044837
"11460",0.434755433195952
"11461",1.5014607750857
"11462",1.07070464207296
"11463",0.90055960735533
"11464",0.438437400734214
"11465",2.14711482319897
"11466",1.48948560653609
"11467",1.1898702675572
"11468",0.463332038208378
"11469",1.16015694943816
"11470",0.734318071593213
"11471",0.833766763624687
"11472",1.71974267344712
"11473",1.12669726845948
"11474",1.30840272440038
"11475",0.555534163001246
"11476",0.905251381117266
"11477",0.691651639341174
"11478",1.00897466697766
"11479",1.02537430269084
"11480",0.635372928007426
"11481",0.692693685139434
"11482",1.09819123654614
"11483",1.71187620096859
"11484",0.562965649784828
"11485",0.591360668754329
"11486",0.87406618896825
"11487",1.27317341164174
"11488",0.340025735653094
"11489",1.09241282420304
"11490",0.881254995828276
"11491",0.431641927906601
"11492",0.330106512419425
"11493",1.03702754111492
"11494",1.32925604100084
"11495",0.943247352197434
"11496",0.377249630127731
"11497",0.433598312577356
"11498",0.586475701250423
"11499",0.264965095555679
"11500",0.428907626910262
"11501",0.84734873638952
"11502",0.928386188402545
"11503",0.769333437594345
"11504",0.989955964801534
"11505",3
"11506",2.09039414489086
"11507",2.99732213091754
"11508",1.73886448016973
"11509",1.64260977097351
"11510",0.725067900743828
"11511",0.402534566665441
"11512",0.888039949835534
"11513",0.826824780973761
"11514",0.851377451985465
"11515",0.438418925979172
"11516",0.772227958274199
"11517",1.0190921301876
"11518",0.638852872810529
"11519",0.598306162772892
"11520",0.270978135402117
"11521",0.249345762700399
"11522",0.233079437317587
"11523",0.826534946429175
"11524",0.653042266088836
"11525",1.26245094466945
"11526",0.580555018135991
"11527",0.214965751453742
"11528",0.718788300284539
"11529",0.29618963216328
"11530",0.317776748618133
"11531",0.339981670370255
"11532",0.118731198555808
"11533",0.257934001617675
"11534",0.34557213724997
"11535",0.336331730475915
"11536",0.116083712312561
"11537",0.78415006912481
"11538",0.293869444207797
"11539",0.248421941572622
"11540",1.1583868047928
"11541",0.201258680231084
"11542",1.01121371289046
"11543",0.556022557694393
"11544",0.253121211839003
"11545",0.209425789554142
"11546",0.855206977449006
"11547",0.0380536740662679
"11548",0
"11549",0
"11550",0.765135279994072
"11551",0.0424071798467304
"11552",0.265599988058192
"11553",0.0390567905811573
"11554",0.350479524267213
"11555",0
"11556",0.0107955885811594
"11557",0
"11558",0
"11559",0
"11560",0
"11561",0
"11562",0
"11563",0
"11564",0
"11565",0
"11566",0
"11567",0
"11568",0
"11569",0
"11570",0
"11571",0
"11572",0
"11573",0
"11574",0
"11575",0
"11576",0
"11577",0.535445414893703
"11578",0.556223069384404
"11579",0.280270391064512
"11580",0.779053408315442
"11581",1.0810089883273
"11582",0.197958724016237
"11583",0.0649172286077722
"11584",0
"11585",0.210531562740803
"11586",0.23612398268885
"11587",0.0620131802452081
"11588",0.0264467570941284
"11589",0.0508807732557248
"11590",0.0487155372003584
"11591",0.0467778739519655
"11592",0.149092456987759
"11593",0.192000472876534
"11594",0.712529486428349
"11595",0.139358746148535
"11596",0.751952187817771
"11597",0.76068996651151
"11598",0.219678777897299
"11599",0.299829826801849
"11600",0.670163636107014
"11601",0.0733476193828732
"11602",0.626981477197525
"11603",0.270989499168453
"11604",0.179283306947456
"11605",0.330492011015606
"11606",0.0250453167857541
"11607",0.745895314388864
"11608",0.669018870126006
"11609",0.381207731259122
"11610",0.450858915928782
"11611",0.94718511109524
"11612",0.47638629300867
"11613",0.0361174661283813
"11614",0
"11615",0.00631474396216249
"11616",0.163494800177184
"11617",0.710823076698328
"11618",1.08229683969147
"11619",0.841619237723899
"11620",0.796524498356637
"11621",0.394364473553519
"11622",0.739734051452848
"11623",0.200219775489751
"11624",0.143069117360056
"11625",0.0411430615841625
"11626",0.103862686737897
"11627",0.14965967828882
"11628",0.410121076675545
"11629",1.30370234943385
"11630",0.505622765261168
"11631",0.674737952138741
"11632",0.596201109484288
"11633",0.506096204470383
"11634",0.767170068847188
"11635",0.840582509524343
"11636",0.323882178668692
"11637",0.691262015494322
"11638",0.335703961111723
"11639",0.186294445672384
"11640",0.40300855832657
"11641",0.378577195123176
"11642",1.09810098226329
"11643",0.887007305218175
"11644",1.31046751999321
"11645",0.998065334100362
"11646",1.66221684127911
"11647",1.61492271498838
"11648",1.56270435249066
"11649",0.456780106724682
"11650",0.356157168269075
"11651",0.172182879939953
"11652",0.305107655633769
"11653",1.123678233222
"11654",0.995061164598074
"11655",1.91264408849366
"11656",1.57100579216849
"11657",1.22126279980149
"11658",1.16203453505561
"11659",0.661427284019689
"11660",0.855682121227745
"11661",1.5911481959159
"11662",2.10931129179996
"11663",1.15796389964999
"11664",1.35427093626496
"11665",1.1264026816685
"11666",0.438893480857184
"11667",0.219239586064072
"11668",1.01288359642992
"11669",0.588626512298263
"11670",1.23211304063765
"11671",1.38777897994922
"11672",1.52530830898873
"11673",0.439065619237869
"11674",0.621023817927197
"11675",1.00538173987753
"11676",1.40460581783266
"11677",0.863645859944881
"11678",1.06200071699577
"11679",0.496292534762378
"11680",0.851975589749476
"11681",0.585389472744821
"11682",0.624961664749322
"11683",2.22324298113599
"11684",1.15159565626726
"11685",1.08323931424392
"11686",1.62556628309113
"11687",2.43814372465627
"11688",1.13109995924651
"11689",1.05975466173433
"11690",1.50626360130144
"11691",1.02375815505445
"11692",1.36120424114371
"11693",0.505202439676003
"11694",0.70036194660091
"11695",1.50305159241789
"11696",0.79142426053444
"11697",0.528371075375352
"11698",0.623606585654923
"11699",0.31197387749839
"11700",0.553142864090713
"11701",0.914540976074442
"11702",0.390576510148586
"11703",0.416257241405342
"11704",0.0524406872919
"11705",0.484713560538858
"11706",0.563107825825556
"11707",0.906830155988728
"11708",0.623664248300517
"11709",0.675444758882393
"11710",0.223855382249713
"11711",0.420696521476605
"11712",0.403761995368678
"11713",0.776348047978259
"11714",0.161932165927838
"11715",0.317070129008055
"11716",0.397988125011904
"11717",0.332333517789384
"11718",0.0887358180351781
"11719",0.288652369243371
"11720",0.675646747608477
"11721",0.512654751304516
"11722",0.323778144075035
"11723",1.21423410842256
"11724",0.110365435405608
"11725",0.189170826398693
"11726",0.248327218166828
"11727",0.364803027490292
"11728",0.610068792538043
"11729",0.17751932084814
"11730",0.07344468202735
"11731",0
"11732",0.471019897931583
"11733",0.119179263810513
"11734",0.14784346229671
"11735",0.432151927600575
"11736",0
"11737",0.417825957676037
"11738",0.0669698168285102
"11739",0
"11740",0
"11741",0
"11742",0
"11743",0
"11744",0
"11745",0
"11746",0.55614288651909
"11747",0.039842898200874
"11748",0
"11749",0
"11750",0
"11751",0
"11752",0
"11753",0
"11754",0
"11755",0
"11756",0
"11757",0
"11758",0
"11759",0
"11760",0
"11761",0
"11762",0
"11763",0
"11764",0
"11765",0
"11766",0.207980591799132
"11767",0.0514879386326322
"11768",0.36611926282523
"11769",0.204843629766178
"11770",0.347052238656761
"11771",0
"11772",0
"11773",0.00998780235146166
"11774",0.101982969257787
"11775",0
"11776",0.0122471042596504
"11777",0.0368202105595575
"11778",0.0387661528920543
"11779",0.157784022343801
"11780",0.14557324544018
"11781",0.470998768626257
"11782",0.451940146672075
"11783",0.247766770449066
"11784",0.372871839342449
"11785",0.463360149298393
"11786",0.361987834848356
"11787",0.773579962058954
"11788",0.663623951075811
"11789",0.403658178628695
"11790",0.315568843679626
"11791",0.131715864348211
"11792",0.369110806915225
"11793",0.126168123437965
"11794",0.196903071153195
"11795",0.488921949395293
"11796",0.176748709176657
"11797",0.28184224178342
"11798",0.367365794940572
"11799",0.506155262898308
"11800",0.0527214101420588
"11801",0.0570458681255264
"11802",0.149085508083697
"11803",0.17324157408767
"11804",0.301164692641442
"11805",0.559682253781784
"11806",0.7789693748148
"11807",0.752652365882702
"11808",1.06950211441289
"11809",1.30377181900485
"11810",1.23263313186878
"11811",0.187185625363148
"11812",0.0676404812015845
"11813",0
"11814",0.831644526657216
"11815",0.50051697092952
"11816",0.276773646082085
"11817",0.461471859339088
"11818",0.686190283244206
"11819",1.1721510662556
"11820",0.578667512934468
"11821",0.551267970057188
"11822",0.487171165776699
"11823",0.532477748895643
"11824",0.342019135304529
"11825",0.261650913791805
"11826",0.422543889544429
"11827",0.252341166497455
"11828",0.267409060107735
"11829",0.442779663796644
"11830",0.482491495992922
"11831",0.667327169559001
"11832",1.16661242288917
"11833",1.81968767287574
"11834",0.557727349903656
"11835",0.837810485401229
"11836",0.735808655552231
"11837",1.01131256311063
"11838",2.52994751678019
"11839",2.41383747284703
"11840",0.504397980036926
"11841",0.662236693136229
"11842",0.987019650835323
"11843",1.62126987463521
"11844",1.86561218278556
"11845",1.13189025309448
"11846",0.976655018430209
"11847",1.15051703889582
"11848",0.503086074923147
"11849",1.1172830167926
"11850",0.823328733647597
"11851",2.04273970366231
"11852",1.03285083249808
"11853",0.686921888014053
"11854",1.44799947099315
"11855",0.440485667550301
"11856",0.383140078819257
"11857",1.13835110983303
"11858",0.739032925096741
"11859",1.35832523190027
"11860",0.978927936646905
"11861",0.517054356680924
"11862",0.691830399829764
"11863",0.97312213807376
"11864",0.756169464716706
"11865",1.30486978447203
"11866",1.71498717594507
"11867",3
"11868",0.628017424292053
"11869",1.03279650437707
"11870",1.40850064330796
"11871",0.506493333740418
"11872",1.46875498989833
"11873",0.547056938269551
"11874",0.380257064724601
"11875",1.42015926609972
"11876",0.768381440396942
"11877",0.799496913740747
"11878",0.614135705001018
"11879",1.03043400233228
"11880",0.349065016934109
"11881",0.631234003285901
"11882",1.02392022767881
"11883",0.665413615888458
"11884",1.1814672771212
"11885",0.688175332426648
"11886",0.409762045953009
"11887",0.644280219708925
"11888",1.16354773123936
"11889",0.471063411779904
"11890",1.51007010624263
"11891",0.52382769648617
"11892",0.386608355946183
"11893",0.66986439917032
"11894",0.727419865965733
"11895",0.333493031929045
"11896",0.550290174309037
"11897",0.105769088331886
"11898",1.21395400645907
"11899",0.295651660377521
"11900",0.355930114928554
"11901",0.377753023136512
"11902",1.48505620187593
"11903",0.877190102178893
"11904",0.379870237201107
"11905",0.317007022475632
"11906",0.605667946951685
"11907",0.233411668152194
"11908",0.55261074878
"11909",0.242542731699305
"11910",0.336599030391542
"11911",0.203146463543863
"11912",0.336335243062617
"11913",0.170871903570146
"11914",0.603163033685358
"11915",0.715225204963243
"11916",0.406871554044379
"11917",0.122992039427724
"11918",0.116679742762109
"11919",0.0354123822902293
"11920",0
"11921",0.0540156943436351
"11922",0.0951924477971635
"11923",0.137804766715089
"11924",0.405737567756894
"11925",0.553264143615026
"11926",0.541505147800508
"11927",0.0746823399360902
"11928",0
"11929",0
"11930",0
"11931",0
"11932",0
"11933",0.0295553009436631
"11934",0.537292994195557
"11935",0
"11936",0.0533097789777108
"11937",0
"11938",0
"11939",0
"11940",0
"11941",0
"11942",0
"11943",0.508991830907365
"11944",0
"11945",0
"11946",0
"11947",0.543661051658907
"11948",0
"11949",0
"11950",0
"11951",0
"11952",0
"11953",0
"11954",0
"11955",0.0383782875474944
"11956",0
"11957",0.563593293683365
"11958",0.0987196366944994
"11959",0.512251603338177
"11960",0.0627754547724137
"11961",0.128201617781899
"11962",0.118745454175783
"11963",0.105576424269128
"11964",0.767594879615385
"11965",0
"11966",0.0361963834565787
"11967",0.038735092689691
"11968",0.157784022343801
"11969",0.387507554231518
"11970",0.444218113020073
"11971",0.773290032399235
"11972",0.558802410995956
"11973",0.782328197651729
"11974",0.35516793311142
"11975",2.36125520890098
"11976",1.59979987267269
"11977",1.04544287224918
"11978",0.624413191961933
"11979",0.176136618388346
"11980",0.268705589012869
"11981",0.0677081892038587
"11982",0.297886747861065
"11983",0.0810970147224831
"11984",0.192173899527561
"11985",0.278228196737832
"11986",0.489988303448413
"11987",0.0471353629569103
"11988",0
"11989",0.0948038296936469
"11990",0.148743555902967
"11991",0.395489570936016
"11992",0.111562121555748
"11993",0.444672932179602
"11994",0.204877630714525
"11995",0.794659839810861
"11996",0.282548670129647
"11997",0.843854540426821
"11998",0.620970475065238
"11999",0.489148026285454
"12000",1.66654597511508
"12001",0.323727791261788
"12002",1.8991604575573
"12003",0.39112381556427
"12004",0.834265241489765
"12005",0.724809808668804
"12006",0.64233210844697
"12007",0.749046920531596
"12008",0.519575281723704
"12009",0.530677267012972
"12010",0.480682728617639
"12011",0.0616696058714033
"12012",0.126791352166097
"12013",0.588536772158956
"12014",0.292822067720336
"12015",0.464385036299771
"12016",0.644276110057624
"12017",1.05520090247155
"12018",0.208058263912678
"12019",0.169161430055428
"12020",0.693760916652814
"12021",0.910904426752815
"12022",0.378310194415852
"12023",0.0984521914586025
"12024",1.29472408535755
"12025",0.587664095189716
"12026",2.24234075416833
"12027",3
"12028",3
"12029",0.712833966876243
"12030",0.883294845149983
"12031",0.486592529660763
"12032",2.01684383194754
"12033",0.814926075017369
"12034",1.30314940125854
"12035",0.929408775291709
"12036",0.688551838028646
"12037",0.768488358132385
"12038",0.511428838808637
"12039",1.68297027408609
"12040",1.53806252753051
"12041",1.27957291936974
"12042",1.39377889867321
"12043",0.943691704770023
"12044",0.716414825033977
"12045",0.942469698596661
"12046",0.849840886293728
"12047",0.89675887131997
"12048",1.067213436536
"12049",0.720686491095789
"12050",0.661909686892328
"12051",0.518027957674571
"12052",0.73339245625219
"12053",0.869361829461264
"12054",0.744285935432587
"12055",1.82977629161276
"12056",1.41439193365823
"12057",0.435699239005062
"12058",0.135453877502815
"12059",0.193291038204751
"12060",0.926000843915101
"12061",0.481559212980496
"12062",0.55129529392449
"12063",0.582132446953218
"12064",0.715441418414196
"12065",0.69446700890241
"12066",0.549212849368908
"12067",0.436447541443311
"12068",0.283800223488443
"12069",0.671956912664051
"12070",0.216969900998779
"12071",1.08517473518971
"12072",1.09733539980215
"12073",0.249065448482254
"12074",0.226208449743268
"12075",0.386861785027675
"12076",0.791559941835334
"12077",1.03942006814882
"12078",1.78569028058311
"12079",0.806946099188538
"12080",0.701960023689131
"12081",0.499613933814127
"12082",0.44623150603116
"12083",0.255333966952369
"12084",0.47514537555818
"12085",0.584242119529869
"12086",0.626903244756067
"12087",0.16807781467182
"12088",0.27603802928523
"12089",0.132166246109304
"12090",0.371333845542568
"12091",0.617031073575667
"12092",0.541155683992238
"12093",0.527501104727387
"12094",0.390478542021514
"12095",0.308250051134081
"12096",0.823399259336425
"12097",0.40527656630131
"12098",0.471766403126903
"12099",0.656447297830408
"12100",0.256187222872762
"12101",0.501439861410925
"12102",0.322669449913688
"12103",0.939742089227413
"12104",0.494394269777293
"12105",0.17954578789246
"12106",0.139290185535674
"12107",0.0616790077883442
"12108",0.0728445159964907
"12109",0
"12110",0.035471100439217
"12111",0.0520019656346417
"12112",0.199328414936948
"12113",0.259135553799251
"12114",0.0808961274747942
"12115",0.162637457945824
"12116",0.186843268767833
"12117",0.0696558025246264
"12118",0
"12119",0
"12120",0
"12121",0
"12122",0
"12123",0
"12124",0.66356698423898
"12125",0
"12126",0
"12127",0
"12128",0
"12129",0
"12130",0
"12131",0
"12132",0
"12133",0
"12134",0
"12135",0
"12136",0
"12137",0
"12138",0
"12139",0
"12140",0
"12141",0
"12142",0
"12143",0
"12144",0
"12145",0
"12146",0
"12147",0
"12148",0
"12149",0.0320525948240356
"12150",0.131530222147404
"12151",0
"12152",0.296513888666697
"12153",0.951863721475949
"12154",0.0376249324030221
"12155",0.700503796356039
"12156",0
"12157",0.0387780298000709
"12158",0.0909253130322466
"12159",0.157073636341256
"12160",0.803377403932578
"12161",0.368722248804905
"12162",0.678276426410626
"12163",0.903624503498931
"12164",1.06124589315228
"12165",0.0571940777161503
"12166",1.21655971718708
"12167",0.662837167950348
"12168",0.500199977876459
"12169",0.239899909706787
"12170",0.416407852400234
"12171",0.127103883071015
"12172",0.141264076959411
"12173",0.530676637979254
"12174",0.11755225364724
"12175",0.239354796015531
"12176",0
"12177",0
"12178",1.23485181092192
"12179",0.0450465584390558
"12180",0.0326325264150578
"12181",0.487859986792958
"12182",1.34484998583553
"12183",0.0572952548519873
"12184",0.217302240398633
"12185",0.0963897019794038
"12186",0.136844129817825
"12187",0.838669280088795
"12188",0.328792903394369
"12189",0.744011556223124
"12190",1.96796691761386
"12191",3
"12192",0.61417289663984
"12193",1.20481572626321
"12194",0.566293466341771
"12195",0.485578650137161
"12196",0.494791736885759
"12197",0.341217641658601
"12198",0.673176007010961
"12199",0.742926467389835
"12200",0.0835856255827879
"12201",0.132090511196596
"12202",0.25870978965026
"12203",0.154625731947881
"12204",0.395437041291689
"12205",0.71049862489088
"12206",0.477112899796665
"12207",0.668887490152757
"12208",0.495727292580596
"12209",0.634525485884191
"12210",1.05617192367381
"12211",0.642756273931063
"12212",0.251339497773472
"12213",0.21589840432155
"12214",0.710960883212618
"12215",2.06306741306451
"12216",0.212433072540504
"12217",0.166879800872648
"12218",0.226388204980353
"12219",0.656876969635412
"12220",0.261358639651844
"12221",0.82079845607334
"12222",0.349609282890299
"12223",1.1480557879068
"12224",0.587969013152247
"12225",0.279700214753982
"12226",1.18603127551558
"12227",0.277260366093433
"12228",0.896261786184606
"12229",0.61833799077843
"12230",1.81250674992176
"12231",0.875327174452953
"12232",0.964543107993921
"12233",0.625498687088034
"12234",0.446437252398433
"12235",0.511781280853339
"12236",1.09726727947185
"12237",0.75801153849178
"12238",0.682940591956753
"12239",0.394267992695228
"12240",0.809293206748774
"12241",0.0176848044652281
"12242",0.653957656780741
"12243",0.41426573635597
"12244",0.946533904540301
"12245",0.50829105025517
"12246",0.722954684572343
"12247",0.475307845989237
"12248",0.576463196513151
"12249",0.267713181959081
"12250",0.589548703289281
"12251",0.647673572255891
"12252",1.79169197406164
"12253",0.384127761743096
"12254",0.805716972490742
"12255",0.180870426377706
"12256",0.31740789587288
"12257",0.537274731970885
"12258",0.236982988956983
"12259",0.261559857651935
"12260",0.481286165471581
"12261",0.108933483932873
"12262",0.575759308723354
"12263",0.272298761091885
"12264",0.172587709203623
"12265",0.131217114531001
"12266",0.160472459002527
"12267",1.04504889549405
"12268",0.26023908690939
"12269",1.15473970056189
"12270",0.59796702903943
"12271",0.127931055114776
"12272",0.562918986903835
"12273",0.571989017778752
"12274",0.204589514966583
"12275",0.179109907563811
"12276",0.225077989254906
"12277",0.323033717176812
"12278",0.12575731784804
"12279",0.222902631097264
"12280",0.134379721299181
"12281",0.433975755295166
"12282",0.497733664244872
"12283",0.313698300749886
"12284",0.269385539185042
"12285",0.685909636262871
"12286",0.811730629991206
"12287",0.424300679930531
"12288",0.547244143099153
"12289",0.369888249839489
"12290",0.425024585425296
"12291",0.35762544029037
"12292",0.615751374213535
"12293",0.944496561509584
"12294",0.374130411835579
"12295",0.0621128220227993
"12296",0.829203894754972
"12297",0
"12298",0.0455894155397388
"12299",0.0107566594087836
"12300",0.07416691470421
"12301",0.456310926838013
"12302",0.454227207444346
"12303",0.640382498631505
"12304",0.269324250452373
"12305",0.725800076044591
"12306",0.61846490329303
"12307",0.235027491568162
"12308",0.0537653741750182
"12309",0
"12310",0.617193234061976
"12311",0
"12312",0.00611389862857246
"12313",0.0185502353364283
"12314",0.392201123172475
"12315",0
"12316",0
"12317",0
"12318",0
"12319",0
"12320",0
"12321",0
"12322",0
"12323",0
"12324",0
"12325",0
"12326",0
"12327",0
"12328",0
"12329",0
"12330",0
"12331",0
"12332",0
"12333",0
"12334",0
"12335",0
"12336",0
"12337",0
"12338",0.0413270019825488
"12339",0
"12340",0.605380331421287
"12341",0.232047480095721
"12342",0.479401524553253
"12343",0.197417212902124
"12344",0
"12345",0.0387780298000709
"12346",0.0910610101037543
"12347",0.600369553121929
"12348",0.38012568315113
"12349",0.475155867825591
"12350",0.596083870781223
"12351",0.136569572139679
"12352",0.159487725763239
"12353",0.0116317385140286
"12354",0.103754723146088
"12355",0.14695177264007
"12356",0.499242273442653
"12357",0.133871498397999
"12358",0.452662172796162
"12359",0.667622314439173
"12360",0.168776183841713
"12361",0.108204645015297
"12362",0.123019972616476
"12363",0.946514389511949
"12364",0.121296267794966
"12365",0.607045435004804
"12366",0.665375516979241
"12367",0.1192304750392
"12368",0.332835081590617
"12369",0.194489244021881
"12370",0.155201197754619
"12371",0.398152996551153
"12372",0.802824550397216
"12373",0.651071361527343
"12374",0.15804941447986
"12375",0.466829492047422
"12376",0.0180071293489248
"12377",0.760966242372975
"12378",0.539938985717352
"12379",2.22530953768747
"12380",1.38966501183916
"12381",1.39599350107716
"12382",0.538829129927966
"12383",0.880499580556853
"12384",0.1616439033961
"12385",0.393993300500313
"12386",0.623143112505056
"12387",0.393454124820319
"12388",0.623679895245024
"12389",0.822170462349815
"12390",0.213456600704091
"12391",0.260017164195098
"12392",0.362566719909355
"12393",0.461140564312937
"12394",1.17978467688734
"12395",0.799779764017944
"12396",0.721810133553466
"12397",0.972314461001168
"12398",0.180555505581859
"12399",0.148517778793307
"12400",0.589967809587915
"12401",0.0236333176123977
"12402",0.366371839926937
"12403",0.539688870871371
"12404",0.875621116558129
"12405",0.5290731274515
"12406",0.0173210489678939
"12407",0
"12408",0.108620176459188
"12409",0.178973532760216
"12410",1.51823710615161
"12411",0.268198006487406
"12412",0.749754545262957
"12413",0.149068169723727
"12414",0.596042440352449
"12415",0.503232308179245
"12416",0.663606395957112
"12417",0.983833680830085
"12418",1.62699607294053
"12419",0.770500386497003
"12420",0.849506595494353
"12421",0.799350646828681
"12422",0.739627466759528
"12423",0.423263329358598
"12424",0.854675754579818
"12425",0.521304677869574
"12426",0.878153566434123
"12427",1.47100014782264
"12428",0.424871562457662
"12429",0.3869479126294
"12430",0.457557194866874
"12431",0.400542197306828
"12432",1.0080650387715
"12433",0.601585636575514
"12434",0.518046985948737
"12435",0.413305457441667
"12436",0.43480749992365
"12437",0.196240723873142
"12438",0.118992759412482
"12439",0.137653316689232
"12440",0.38771817237625
"12441",0.381996599295379
"12442",0.721101461704999
"12443",0.785867876024942
"12444",0.262281195157421
"12445",0.373674756976571
"12446",0.43352507326738
"12447",0.310839560529012
"12448",0.309619592082427
"12449",0.247967242900912
"12450",0.195706161124647
"12451",0
"12452",0.552623302251744
"12453",0
"12454",0.197083832406022
"12455",0.0971196052487959
"12456",0.167279026750426
"12457",0.470222512572165
"12458",0.677678790346419
"12459",0.301600937132155
"12460",0.739903342312723
"12461",0.738672668167736
"12462",1.62324162645608
"12463",0.13910950292642
"12464",0.31727231503964
"12465",0.404279009496881
"12466",0
"12467",0.535700347875443
"12468",0.149634993938228
"12469",0.514253586577488
"12470",0.150208098106646
"12471",0.280251399982203
"12472",0.440872079172407
"12473",0.374886684142281
"12474",0.241232889071152
"12475",0.196191586473777
"12476",0.435138288370738
"12477",0.472671445521278
"12478",0.759741424803052
"12479",0.694316734008831
"12480",0.252223415472347
"12481",0.319761413362501
"12482",0.704770434129494
"12483",0.202132191501429
"12484",0.26826947106
"12485",0
"12486",0.163965104719907
"12487",0.284008137449511
"12488",0.0433799658018452
"12489",0.0788314814864048
"12490",0.264343398725248
"12491",0.342988101873045
"12492",0.623796546125145
"12493",1.00083418737666
"12494",0.113317888485219
"12495",0.41515654003112
"12496",0.0359220693345405
"12497",0.0497561590571719
"12498",0.193550784597797
"12499",0
"12500",0.00845608545061019
"12501",0.0614323824952457
"12502",0.0904866076723326
"12503",0
"12504",0
"12505",0
"12506",0
"12507",0
"12508",0
"12509",0
"12510",0
"12511",0
"12512",0
"12513",0.0324800030519713
"12514",0
"12515",0
"12516",0
"12517",0
"12518",0
"12519",0
"12520",0
"12521",0
"12522",0
"12523",0
"12524",0
"12525",0
"12526",0.00765536591631082
"12527",0
"12528",0
"12529",0
"12530",0.648205064434583
"12531",0.692430100179917
"12532",0.855875681737773
"12533",0
"12534",0.0324323769905048
"12535",0.0358288557140586
"12536",0.0144362030202683
"12537",0.0614324940268327
"12538",0.765696424373596
"12539",0.266560716266602
"12540",0.0985351472945336
"12541",0
"12542",0.0324407663986231
"12543",0.175169877023121
"12544",0.145619170150531
"12545",0.153178995656606
"12546",0.362278605123994
"12547",0.196809723699667
"12548",0.793608421587753
"12549",0.266335903184704
"12550",0.175007171021166
"12551",0.152840987099264
"12552",0.359594412972276
"12553",0.207546901714599
"12554",0.562828668014364
"12555",0
"12556",0.243470790428627
"12557",0.251745341359124
"12558",0
"12559",0.0566996247875396
"12560",0.152673091588929
"12561",0.6475061405361
"12562",0.680722158985434
"12563",0.42908919756642
"12564",0.483091239794434
"12565",0.508727378245514
"12566",0.26454837125404
"12567",0.792817647128763
"12568",0.914540543726132
"12569",1.16043955085857
"12570",0.555076396644398
"12571",0.655381565506399
"12572",0.0523142542948979
"12573",0.665258345167002
"12574",0.0919250380975966
"12575",0.756022973556788
"12576",0.589784576349989
"12577",0.572363528125739
"12578",0.986543646408933
"12579",0.602921858956126
"12580",0.414078777705787
"12581",0.779271703606882
"12582",0.636399583251869
"12583",0.650251705661362
"12584",0.410456368950135
"12585",0.676622006266612
"12586",0.325541780525141
"12587",0.387685554025898
"12588",0.469282461086475
"12589",0.217047601123223
"12590",0.0766846921561695
"12591",0
"12592",0.26280703224583
"12593",0.369877263140556
"12594",0.0327326779420345
"12595",0
"12596",0.123733839771907
"12597",0.0303298225365506
"12598",0.918135502134493
"12599",0.450025634554441
"12600",0.957428443029865
"12601",0.222297797530226
"12602",0.0682926206858909
"12603",0.717111132272509
"12604",0.391759496976275
"12605",0.813278384206562
"12606",1.66207133653515
"12607",0.86220357997659
"12608",1.15235048141123
"12609",0.407188282315502
"12610",1.28705890632337
"12611",0.598317809207372
"12612",0.303659951739921
"12613",0
"12614",1.3110676140177
"12615",0.771656289841339
"12616",1.26328207907275
"12617",0.701546910138278
"12618",0.140091293938428
"12619",0.648760285874079
"12620",0.746620317548629
"12621",0.259470982214584
"12622",0.768498279911521
"12623",0.504245187446705
"12624",0.221291909860665
"12625",0.716101149390271
"12626",0.163955531286492
"12627",0.0887909422087075
"12628",0.216545966704436
"12629",0.190295404705267
"12630",1.14337582624746
"12631",0.952535794957867
"12632",0.369517575724254
"12633",0.176438051357284
"12634",0.168782235498861
"12635",1.34093611176304
"12636",0.339831964156339
"12637",1.23327493745445
"12638",0.0438344925837111
"12639",0
"12640",0.0203570492031084
"12641",0
"12642",0.653363554269842
"12643",0
"12644",0.271448314006191
"12645",0.200750378629541
"12646",0.20164479647861
"12647",0.111815164851569
"12648",0.339941772566809
"12649",0.688970314596136
"12650",1.82587876636298
"12651",2.31909352155104
"12652",0.737334832984625
"12653",0.490552027279094
"12654",0.293830902073102
"12655",0.649290508060286
"12656",0.171762642756543
"12657",0.327677884993905
"12658",0.2370695911429
"12659",0.519721218368609
"12660",0.417824829498682
"12661",0.277648074885966
"12662",0.628287117365711
"12663",0.250954853019887
"12664",0.260538292014612
"12665",0.268196900675397
"12666",0.880975770729891
"12667",0.161760894022584
"12668",0.282664566209983
"12669",0.107903540335425
"12670",0.26463620828117
"12671",0.0789644805573828
"12672",0.191398197320534
"12673",0.0896880492125808
"12674",0.220366548795261
"12675",0.297773097073489
"12676",0.0428787785081537
"12677",0.270268256423057
"12678",0.0191305186450237
"12679",0.0369710734543367
"12680",0.924902027915208
"12681",0.138831620319093
"12682",0.320887782350332
"12683",0.187015927627347
"12684",0.0584958945231155
"12685",0.15949240534954
"12686",0.13948784275326
"12687",0.110759331098524
"12688",0.100270095630839
"12689",0.825530552643879
"12690",1.20323955297471
"12691",0.862353820508615
"12692",0.0585771771975134
"12693",0
"12694",0.365186958684766
"12695",0
"12696",0
"12697",0
"12698",0
"12699",0
"12700",0
"12701",0
"12702",0
"12703",0
"12704",0
"12705",0
"12706",0
"12707",0
"12708",0
"12709",0
"12710",0
"12711",0
"12712",0
"12713",0.0243610249303667
"12714",0
"12715",0
"12716",0
"12717",0.0453203237907922
"12718",0
"12719",0.339042622421877
"12720",0
"12721",0.182577471535176
"12722",0.00458239715918325
"12723",0
"12724",0.600672614684983
"12725",0.128488909727671
"12726",0.224332556741639
"12727",0.0736813806187587
"12728",0.252621068354978
"12729",0.556039136874771
"12730",0.0168809204900099
"12731",0.230870390156399
"12732",1.1180779235992
"12733",0.241906296548553
"12734",0.0428732549345624
"12735",0.902055543503347
"12736",0.164424367410465
"12737",0.353703123135723
"12738",0.105095744609844
"12739",0.274973479284111
"12740",0.650383043100311
"12741",0.41064105882184
"12742",0.120923555924485
"12743",0.587939311974644
"12744",0
"12745",0.0894925880130593
"12746",0
"12747",0.00111047575859272
"12748",0.0360851951512398
"12749",0
"12750",0.0996903894703646
"12751",0.391325687684296
"12752",0.420380581165684
"12753",0.466567739251873
"12754",0.398044795912326
"12755",1.10283399761917
"12756",0.567579343877654
"12757",1.37953481192131
"12758",0.613746993455521
"12759",0.00999513683402195
"12760",0.186639042287482
"12761",0.553312689456102
"12762",0.447302619049536
"12763",0.0809559118196071
"12764",0.393414658039532
"12765",0.348242483256676
"12766",0.668742116539176
"12767",0.423145921651968
"12768",0.558032445692917
"12769",0.678519047207497
"12770",0.585479085836867
"12771",0.148467958226071
"12772",0.330537095918689
"12773",0.302027093109434
"12774",0.292029008860882
"12775",0.752120001836339
"12776",0.4318077976375
"12777",0
"12778",0
"12779",0.0667806707954719
"12780",0
"12781",0
"12782",0
"12783",0.00441459697048337
"12784",0.054318530461405
"12785",0.651546602703095
"12786",0.00683745003614605
"12787",0.4871532011014
"12788",0.678014084244341
"12789",0.0572562836871794
"12790",1.93801367362829
"12791",0.397096390970401
"12792",1.01413652863798
"12793",0.873813500436194
"12794",0.584554889700043
"12795",1.65526152117573
"12796",1.0601060409273
"12797",1.50714936668571
"12798",0.790414610596995
"12799",0.82302579541542
"12800",0.515135826765962
"12801",0.520081047070028
"12802",0.315878888692925
"12803",0.417469010374222
"12804",0.98872970126521
"12805",1.05574657290146
"12806",0.908960220257593
"12807",0.419711587294931
"12808",0.672203875449687
"12809",0.472673290882344
"12810",0.206419466601179
"12811",0.15293293371068
"12812",0.457315566740527
"12813",0.464419509061384
"12814",0.151189396635263
"12815",0.200337065608882
"12816",0.164162692559104
"12817",0.844425184568256
"12818",0.335333110416916
"12819",0.880872960422373
"12820",0.316941515658192
"12821",0.26301360786599
"12822",0.697390633343751
"12823",0.638880365277423
"12824",0.767497737476366
"12825",0.569750013055699
"12826",0
"12827",0
"12828",0.0456168980710928
"12829",0.0960687080449101
"12830",0.0743172974597197
"12831",0.144505710853931
"12832",0.204434765367095
"12833",0.202590760065025
"12834",0.179783208768089
"12835",0.294262030545283
"12836",0.0807060330575849
"12837",0.950240415778411
"12838",1.74192480898366
"12839",2.63676518637715
"12840",1.72397258173824
"12841",1.07606090752301
"12842",0.606841382582975
"12843",1.34570662122245
"12844",0.605722724072216
"12845",0.305102621921323
"12846",0.551755125319144
"12847",0.168812707104679
"12848",0.791675181262133
"12849",0.802487442350422
"12850",0.261339404847299
"12851",0.690036799924305
"12852",0.715512187273106
"12853",0.517541408510773
"12854",0.312575262429599
"12855",0.49536227065524
"12856",0.17870655417058
"12857",0.848862889983014
"12858",0.0323328635520329
"12859",0.737348943738281
"12860",0.200972899686184
"12861",0.174498910411728
"12862",0.19498721992976
"12863",0.0745322915607933
"12864",0.270116685981871
"12865",0.0226675933261457
"12866",0
"12867",0.193682303865144
"12868",0.574243638294876
"12869",0.401798534606553
"12870",0.124293397393109
"12871",0
"12872",0.0744578357083122
"12873",0.0387136451217607
"12874",0
"12875",0.0364251025274185
"12876",0.386754987152665
"12877",0.608962293182502
"12878",1.46244231167111
"12879",1.3015388994589
"12880",1.29541727261557
"12881",0.537274607341366
"12882",0.610939942755697
"12883",0.445844456703539
"12884",0.508784103167402
"12885",0.0214499379031414
"12886",0
"12887",0
"12888",0
"12889",0
"12890",0
"12891",0
"12892",0
"12893",0
"12894",0
"12895",0
"12896",0
"12897",0
"12898",0
"12899",0.0247821513105038
"12900",0.533357180419792
"12901",0
"12902",0
"12903",0.00836198986937227
"12904",0.430522080276426
"12905",0.555230846045761
"12906",0
"12907",0.649805299974722
"12908",0
"12909",0.0215614551155523
"12910",0.511770637589235
"12911",0.519979800602132
"12912",0.843581432593199
"12913",0.459339729446707
"12914",0.793132260312144
"12915",0.2000769998986
"12916",0
"12917",0.156479705549609
"12918",0.090507392626882
"12919",0.225562927257544
"12920",0.491155993226867
"12921",0.376629409341018
"12922",0.190758585679352
"12923",0.589988669905597
"12924",0.472965575756228
"12925",0.287279751738673
"12926",0.2397043151855
"12927",0.528886250527657
"12928",0.147293519447467
"12929",0.403736926228182
"12930",0.00592443897125583
"12931",0.0412857757767873
"12932",0.0612735466001516
"12933",0.0872846186952756
"12934",0
"12935",0
"12936",0
"12937",0.506280424371888
"12938",0.076099540384411
"12939",0.570249188943086
"12940",0.946183125609278
"12941",0.376158121512943
"12942",0.400769942509636
"12943",0.198393712727166
"12944",0
"12945",0.0391201997737194
"12946",0.0454116176977743
"12947",0.0989369470953913
"12948",0.336166465723392
"12949",0.148521387097614
"12950",0.335276331784889
"12951",0.226123268950009
"12952",0.37045236295422
"12953",0.352258967606792
"12954",0.422012085090528
"12955",0.638745610260421
"12956",0.713359266687018
"12957",0.148702376511708
"12958",0.777807610104597
"12959",0.0148310577090206
"12960",0.152433452795176
"12961",0.844605994999876
"12962",0.670931812839933
"12963",0.232053575793966
"12964",0.42000348077744
"12965",0.00861976597469755
"12966",0.242463335152824
"12967",0.0676100214889193
"12968",0
"12969",0
"12970",0
"12971",0.00135931553252169
"12972",0.0821940434956386
"12973",0.103254277844374
"12974",0.354891799925643
"12975",0.157410428021598
"12976",1.03836075078374
"12977",3
"12978",1.06018467840642
"12979",0.57281677232898
"12980",0.81660502216381
"12981",0.503618739516774
"12982",1.20459431031145
"12983",1.49328935351386
"12984",1.20932206429947
"12985",1.07275525719901
"12986",0.558045205760657
"12987",0.475294871790362
"12988",0.487901261769015
"12989",0.335181996674408
"12990",0.6665424770753
"12991",0.469220412168596
"12992",1.47613576327262
"12993",0.699747439964566
"12994",1.21324533007669
"12995",0.443171332296229
"12996",0.749925736262556
"12997",0.593692645799821
"12998",0.776649024817262
"12999",0.343729282634286
"13000",0.809966148825418
"13001",0.326764356848034
"13002",0.116791359298061
"13003",0.881392938833897
"13004",0.342440984927555
"13005",0.524936138646665
"13006",0.517897593050947
"13007",0.28497965188998
"13008",0.272035397935664
"13009",0.269163207521571
"13010",0.692223497492786
"13011",0.581287762701566
"13012",0.148017069833838
"13013",0
"13014",0.0533644437920319
"13015",0.100939943953825
"13016",0.674542082477332
"13017",0.0900257255261408
"13018",0.143162658835046
"13019",0.0708235863927683
"13020",0.137217794238947
"13021",0.223828448177303
"13022",0.184519967299411
"13023",0.267306141802358
"13024",0.728533557147333
"13025",1.20176740934377
"13026",1.00942009401156
"13027",0.705776324786651
"13028",0.806730400306898
"13029",1.10610279914004
"13030",1.09970594068767
"13031",0.72381278238984
"13032",0.502792195155476
"13033",0.261163655576484
"13034",0.766911237683549
"13035",0.606039044087722
"13036",0.129800786909808
"13037",1.06225332827694
"13038",0.228910120739855
"13039",0.565865950140935
"13040",0.345981806774465
"13041",0.39014963160862
"13042",0.580114331956384
"13043",1.16839097337059
"13044",0.0148056837110275
"13045",0.695895212916897
"13046",0
"13047",0.182814259390887
"13048",0.0505559969995769
"13049",0.715559161677327
"13050",0.0646290451563958
"13051",0.0328725976744508
"13052",0
"13053",0.505411568827673
"13054",0.071804987474659
"13055",0.301914563626253
"13056",0.240993163826033
"13057",0.65090224541285
"13058",0.196583941587981
"13059",0.743956935028157
"13060",0.397069348413495
"13061",0.0957717359232652
"13062",0.712190728138029
"13063",0.196998760212019
"13064",0.253686748351769
"13065",0.402987154856761
"13066",1.21545221755175
"13067",0
"13068",0.188499042025409
"13069",0.481969157291373
"13070",0.17188519599993
"13071",0.00746075693311233
"13072",0
"13073",0
"13074",0.550216069138257
"13075",0
"13076",0
"13077",0
"13078",0
"13079",0
"13080",0
"13081",0
"13082",0
"13083",0
"13084",0
"13085",0
"13086",0.016136674088687
"13087",0
"13088",0
"13089",0
"13090",0.075769256139435
"13091",0
"13092",0.00459403722354409
"13093",0
"13094",0.00133832641180101
"13095",0.223475089190174
"13096",0.569252133505532
"13097",0.627103070877471
"13098",0.869659941292837
"13099",0.799511847793787
"13100",0.293642131434847
"13101",0.105256921583524
"13102",0.53773740918713
"13103",0.473948928683003
"13104",0.0810557198246059
"13105",0.0496495015084439
"13106",0.0572939911182834
"13107",0
"13108",0.503924478043445
"13109",0.609510622477336
"13110",0.267334962593743
"13111",0.281491486410203
"13112",0.239351687223856
"13113",0.22821079132217
"13114",0.506858158670185
"13115",0.550518721738547
"13116",1.00733434988478
"13117",1.02722824741654
"13118",0.022046001149571
"13119",0
"13120",1.37231195510742
"13121",0.101803976664152
"13122",0
"13123",0
"13124",0.0502785674279939
"13125",1.06467308069967
"13126",0.0833897693264643
"13127",0.588185962847198
"13128",0.137347053494351
"13129",0.0241352965945597
"13130",0.0684498814912735
"13131",0.147898844734005
"13132",0.0580407844259912
"13133",0.149308288075923
"13134",0.14856527561879
"13135",0.311049353567991
"13136",0.746525099558144
"13137",0.00770235554749316
"13138",0.459452052734983
"13139",0.325270413057672
"13140",0.604321382465855
"13141",1.11682953583993
"13142",0.849168007446424
"13143",0.681297254903912
"13144",0.067232836133192
"13145",0.626164828461529
"13146",0.037731191386034
"13147",0.192001316968542
"13148",0.65532533649396
"13149",0.680056342281542
"13150",0
"13151",0.203957505731992
"13152",0.57642663971015
"13153",0.215814477451866
"13154",0
"13155",0
"13156",0
"13157",0
"13158",0.104327593490669
"13159",0.154708464078082
"13160",1.33536257713844
"13161",1.38349876850715
"13162",2.64836682963365
"13163",1.16183929966918
"13164",0.576106232908373
"13165",0.8473672454444
"13166",0.686877608027985
"13167",0.768206062862237
"13168",0.910369032448034
"13169",0.791746477811119
"13170",0.865535284153112
"13171",0.833965267538737
"13172",0.654232557224258
"13173",0.851429706874277
"13174",0.666393461146292
"13175",0.555194299124337
"13176",0.453080041366562
"13177",0.424347963405985
"13178",0.839783669759559
"13179",1.00710460128552
"13180",0.428119253388119
"13181",0.496640172973188
"13182",0.391745606966085
"13183",0.431014756463385
"13184",0.139090169707594
"13185",0.386681833057388
"13186",0.919897431365028
"13187",0.330850524399243
"13188",0.155285655910005
"13189",0.886757390459648
"13190",0.292220574204826
"13191",1.14005730391484
"13192",0.533200942673728
"13193",0.435316208055489
"13194",0.554896122908791
"13195",0.42115493754255
"13196",0.967127100000806
"13197",1.00335644260113
"13198",0.38165075785815
"13199",0
"13200",0.468795757461565
"13201",0.114462750140169
"13202",0.126498256909607
"13203",0.156444024474732
"13204",0.0385544664482744
"13205",0.0381516550066373
"13206",0
"13207",0.696019641619838
"13208",0.289580842392874
"13209",0.503697119892339
"13210",0.208409741117826
"13211",1.1027943869994
"13212",0.257875633982591
"13213",0.81290174815982
"13214",0.837411135253333
"13215",0.587649738964113
"13216",1.11638489613785
"13217",1.01551610832553
"13218",0.45525505500572
"13219",0.451106351949563
"13220",0.594015716974378
"13221",0.123257907813888
"13222",1.86999307020151
"13223",0.206717459592413
"13224",0.478058584413402
"13225",0.191673146052987
"13226",0.287702267870348
"13227",0.0862393813849349
"13228",0.251333031607602
"13229",0.22388955370896
"13230",0.669950071370464
"13231",0.926317875368616
"13232",0.885669705059884
"13233",0
"13234",0.403198050266524
"13235",0
"13236",0.218180989441653
"13237",0.0409403668792729
"13238",0.240597187771353
"13239",0.216448695546585
"13240",0.236546794496367
"13241",0.16249437014084
"13242",0.755403056381768
"13243",0.632038173249026
"13244",1.6426013408074
"13245",0.656346593314052
"13246",1.62974003402344
"13247",0.674554772371152
"13248",0.391599745169571
"13249",0.0771383029139024
"13250",0.0663206403584727
"13251",0
"13252",0
"13253",0.139943870213737
"13254",0.503686515739677
"13255",0.247803034060411
"13256",0.0304844711821193
"13257",0.125082418209204
"13258",0
"13259",0
"13260",0
"13261",0
"13262",0
"13263",0
"13264",0
"13265",0
"13266",0
"13267",0
"13268",0.0351296665413523
"13269",0.00605749760284074
"13270",0
"13271",0.00930396287810287
"13272",0.0200494127131113
"13273",0.029307286656518
"13274",0.0368563068766653
"13275",0.0380062784695682
"13276",0.0383615227672944
"13277",0.0373650017737501
"13278",0.0359456004513477
"13279",0
"13280",0.0324217301873284
"13281",0
"13282",0.0472318789255222
"13283",0.837026504076729
"13284",0.322271604634038
"13285",0.147437020533519
"13286",0.880761673963625
"13287",0.168962803675835
"13288",0.0948634839115993
"13289",0.158217205730892
"13290",0.043043544464663
"13291",0.49564353050226
"13292",0
"13293",0.498025418076285
"13294",0
"13295",0.190822024665963
"13296",1.17362767016138
"13297",0.133086087663801
"13298",0.118564096752482
"13299",0.215961325252742
"13300",0.636340532741637
"13301",0.524025364832781
"13302",1.19790436369332
"13303",0.798116087530062
"13304",0.690892912234799
"13305",0.592344159476021
"13306",0.152083295019153
"13307",1.34707549719725
"13308",1.23775471080109
"13309",1.62376269688085
"13310",0.0888714662177106
"13311",0
"13312",0.351782396581323
"13313",0.757588788362314
"13314",0.00878614643478007
"13315",0
"13316",0.0212473448671823
"13317",0.0172358212063863
"13318",0.0835872796700779
"13319",0.114832261737253
"13320",0.194439045813893
"13321",0.145421184669755
"13322",0.115439427041567
"13323",0
"13324",1.32190448671459
"13325",0.0526520524260045
"13326",0.218635948157225
"13327",0.0947844654292526
"13328",0.733727184330851
"13329",0.970060475120014
"13330",0.837886506063671
"13331",1.61937613593588
"13332",0.855621320078734
"13333",0.512702696851217
"13334",0.136271512769715
"13335",0.441551479367308
"13336",0.537056195879289
"13337",0.00759546150151891
"13338",0.562958865209459
"13339",0.101723153206168
"13340",0
"13341",0
"13342",0.0880859599094314
"13343",0.0134401678093326
"13344",0.0134223073250812
"13345",0.136683332616493
"13346",0.90060687273651
"13347",0.653969551219154
"13348",0.988627690162667
"13349",0.446427708162032
"13350",0.0940393647819801
"13351",0.678921963264241
"13352",0.921734188839655
"13353",0.323965477350095
"13354",0.420977837494912
"13355",0.676601509813054
"13356",0.25817307845543
"13357",0.323003130200265
"13358",0.627495681612784
"13359",0.352359994237979
"13360",0.987379040196287
"13361",0.829600442825135
"13362",0.563329240875255
"13363",0.349852279464975
"13364",0.990219909099026
"13365",1.2076442808519
"13366",0.56521006875994
"13367",0.0907159419827251
"13368",0.851751082674583
"13369",0.137778439038408
"13370",0.0785098033955189
"13371",0.367915177981759
"13372",0.223399657062204
"13373",0.507193027899369
"13374",0.383771199526835
"13375",0.740108147311933
"13376",0.516780438374827
"13377",0.458246492921619
"13378",0.410936665218827
"13379",0.581775806597647
"13380",0.430279352212699
"13381",0.316866561195267
"13382",0.315871252805732
"13383",0.352187076863573
"13384",0.678058669548453
"13385",0.77400337270932
"13386",0.0118502933950916
"13387",0.612570526879919
"13388",0.517246178074274
"13389",0.496154903881665
"13390",0.0843786557270035
"13391",0.0291349288359454
"13392",0.0312580827332861
"13393",0.194713006359728
"13394",0.0113887829261697
"13395",0.391755929077465
"13396",0.251332580140137
"13397",0.329880305817473
"13398",0.605945940305403
"13399",0.505337050436975
"13400",0.784859679714924
"13401",0.835216377815142
"13402",0.83753629590206
"13403",0.732324946718197
"13404",0.790551509834589
"13405",0.389920480384876
"13406",0.603105063764672
"13407",0.65933117479737
"13408",1.13121557542286
"13409",0.614012382722234
"13410",0.479177482057879
"13411",0.444522558684627
"13412",0.75002894893243
"13413",0.279399632234163
"13414",0.358061668561677
"13415",0.325745161541388
"13416",0.416267698861696
"13417",0.0728078546309827
"13418",0
"13419",1.51239450729601
"13420",0.108843813419511
"13421",1.97974511056879
"13422",2.10608380010497
"13423",0
"13424",0.597426309195482
"13425",0.25298926998363
"13426",0.356548353875756
"13427",0.569706439547507
"13428",0.281839670823414
"13429",0.173056808801666
"13430",0.0657328637768016
"13431",0.0376060368349856
"13432",0.498260106608679
"13433",0.368346654343101
"13434",0.279513038862932
"13435",0
"13436",0.118656382670514
"13437",0
"13438",0
"13439",0
"13440",0
"13441",0
"13442",0.574177816769157
"13443",0.334186205054509
"13444",0.00937494821188382
"13445",0.0285776783409313
"13446",0
"13447",0
"13448",0
"13449",0
"13450",0
"13451",0
"13452",0
"13453",0
"13454",0
"13455",0.0436762929209048
"13456",0.0384440199507809
"13457",0.0388353089664596
"13458",0.0391498497651415
"13459",0.0397864540257736
"13460",0.159432067298959
"13461",0.0407944717913327
"13462",0.040796400574825
"13463",0.040796400574825
"13464",0.161722990621546
"13465",0
"13466",0
"13467",0
"13468",0.639382883991592
"13469",0
"13470",0
"13471",0
"13472",0.0465812316943837
"13473",0.580094718205705
"13474",0.611227549692874
"13475",0.332669368638689
"13476",0.1785762753741
"13477",0.714638925067331
"13478",0.183891680303236
"13479",0.440471170054621
"13480",0
"13481",0
"13482",0.316110171898762
"13483",0.295007714102736
"13484",0.185353494669031
"13485",0.092462728255841
"13486",0.0120821448748686
"13487",0.502267655322187
"13488",0.312540501449088
"13489",0.349234519397934
"13490",1.0681683318147
"13491",1.70153211698851
"13492",0.656080130015882
"13493",0.916801482060521
"13494",1.63755134476168
"13495",1.34411939980448
"13496",0.997084791476046
"13497",0
"13498",0
"13499",0.121290438882053
"13500",0.0312547922386554
"13501",0.31026952755445
"13502",0.191498172740352
"13503",0.125660390085828
"13504",0.0119686894841558
"13505",0.108873862369061
"13506",0.185778116270878
"13507",0.629293711010025
"13508",0.196317411436503
"13509",0.523472741975395
"13510",0.511719120133373
"13511",0
"13512",0.100143118618309
"13513",0.639797528105013
"13514",0.205044175125146
"13515",0.773083544283011
"13516",1.31976067844638
"13517",0.922326280415374
"13518",1.02002507279608
"13519",0.431530478650936
"13520",0.380672366781201
"13521",0.556449608479046
"13522",0.858105588205417
"13523",0.344986340942512
"13524",0.171122465493837
"13525",0
"13526",0.381573725636135
"13527",0.391280433367774
"13528",0
"13529",0.23917266860605
"13530",0.153551447197609
"13531",0.104671578847109
"13532",0.226843283442654
"13533",0.808789140745345
"13534",1.08854939461542
"13535",0.704567060468758
"13536",0.348778526659238
"13537",0.186756686634659
"13538",0.21250847127271
"13539",0.242390354362791
"13540",0.619117241358217
"13541",0.161247817760442
"13542",0.0718826258347208
"13543",0.200815127485745
"13544",0.300019391315798
"13545",0.229681938021829
"13546",0.282088879817378
"13547",1.35227123007003
"13548",1.2129476654203
"13549",0.647947093460357
"13550",0.682031343973412
"13551",1.69077282776885
"13552",1.37042049824367
"13553",0.8763075874919
"13554",1.26310556709309
"13555",0.458794495817912
"13556",0.198602294977419
"13557",0.0121618686211891
"13558",0.140397101541237
"13559",0.217435629644327
"13560",0.400985982898035
"13561",0.286624261060355
"13562",0.549943274070027
"13563",0.469082402419882
"13564",0.551931569000058
"13565",0.816368853539148
"13566",1.30566658244195
"13567",0.667406877572711
"13568",0.293427665628923
"13569",0.103620397000518
"13570",0.727469410044781
"13571",0.480446904335963
"13572",0.448145980461638
"13573",0.362408207189921
"13574",0
"13575",0.0570399988107441
"13576",0.999187221257501
"13577",0
"13578",0.0230474002065232
"13579",0.000968163095416988
"13580",0.0801526983012787
"13581",0.334754852600916
"13582",1.027344012314
"13583",0.266141787339851
"13584",0.096602363158593
"13585",0.209781673992562
"13586",0.113407142067687
"13587",0.536858729982574
"13588",0.849913325318664
"13589",0.422445043399177
"13590",0.461304075891096
"13591",0.4102877422579
"13592",0.33607542166203
"13593",0.326139796292361
"13594",0.376682789814965
"13595",0.781923850208498
"13596",1.04753914181786
"13597",0.452516222363361
"13598",0.509088336412846
"13599",0.429025851017557
"13600",0.390909828266352
"13601",0.699357097974788
"13602",0.920539334896586
"13603",0.16203081093732
"13604",0.283833471141162
"13605",0.00878107379414798
"13606",1.06300946630231
"13607",2.20764004494958
"13608",1.37921682439274
"13609",1.50087560831333
"13610",0.661980819295101
"13611",0.032953780105245
"13612",0.564990138888628
"13613",0.736048500475112
"13614",0.321514337825474
"13615",0.0400919085795349
"13616",0.0396886991341447
"13617",0.526216113594017
"13618",0.0358222944832697
"13619",0.193621700200614
"13620",0.0191558765043351
"13621",0
"13622",0.0197896942608944
"13623",0.0271613552821462
"13624",0
"13625",0.629177194719143
"13626",0
"13627",0
"13628",1.0894525143679
"13629",0.60354858661629
"13630",0.446594048484634
"13631",0.187532767573257
"13632",0.0828946028777885
"13633",0
"13634",0
"13635",0
"13636",0
"13637",0
"13638",0
"13639",0
"13640",0.0506302505257207
"13641",0.0420896449359087
"13642",0.0431009581274167
"13643",0.0401021807392962
"13644",0.0416005732800781
"13645",0.159802393118555
"13646",0.040796400574825
"13647",0.159802393118555
"13648",0.040796400574825
"13649",0.159937892162985
"13650",0.0395161204406644
"13651",0.0868171981998016
"13652",0.0215670334659055
"13653",0.525591321529662
"13654",0.0576427850842656
"13655",0.0579451740317039
"13656",0
"13657",0.351055812356488
"13658",0.0959992813974814
"13659",0.323894643499375
"13660",0.551997503712054
"13661",0.260477595898027
"13662",0.544718206770347
"13663",0.303263316889661
"13664",0.0539031476270531
"13665",0.625673752886619
"13666",0
"13667",0.0111165301309171
"13668",0.123932770362396
"13669",0.695732448990972
"13670",0.369048950953832
"13671",0.00135150720408656
"13672",0.564015311755103
"13673",0.245327195111593
"13674",0.198043557094807
"13675",0.609021250902067
"13676",2.06865041113867
"13677",2.03826718106217
"13678",0.720618637090035
"13679",0.897915061808703
"13680",1.10617560998412
"13681",1.40396207013842
"13682",0.197111213062235
"13683",0
"13684",0.110258834843518
"13685",0
"13686",0.250783633587554
"13687",0.121598274772317
"13688",0.500581306131816
"13689",0.259986868429095
"13690",0.213192572497948
"13691",0.104497616207535
"13692",0.452817285525112
"13693",0.235539664388402
"13694",0.655265098785226
"13695",0.495539327314224
"13696",0.00339819696104518
"13697",0
"13698",0.487885325228016
"13699",0.339674471769869
"13700",0.0743509340882011
"13701",0.409292708067792
"13702",0.57632272111653
"13703",0.926285107525754
"13704",0.33126177372829
"13705",0.297637990104431
"13706",0.352568670103742
"13707",0.315779432686603
"13708",0.745757038052233
"13709",0.250114958173871
"13710",0.0541826720440848
"13711",0.10540843166339
"13712",0
"13713",0
"13714",0.135849225190895
"13715",0.013176799744212
"13716",0.130521744250539
"13717",0.582774377687784
"13718",0.250307772749381
"13719",0.48398364476185
"13720",0.23310391869462
"13721",0.765048396055565
"13722",0.11192196420699
"13723",0
"13724",0.913333368035087
"13725",0.154359547504424
"13726",0.901212988577247
"13727",0.290778399264833
"13728",0.199811070213734
"13729",0.660300762926547
"13730",0.265993407500905
"13731",0.33769218056471
"13732",0.957152383002827
"13733",0.500659110866193
"13734",0.835473038507307
"13735",0.55155661639323
"13736",0.493797204990564
"13737",0.64939605604825
"13738",1.06329274854495
"13739",0.674734268414838
"13740",0.24848771139392
"13741",0.323420364096698
"13742",0.0288066649299746
"13743",0.0294636655772876
"13744",0
"13745",0.749422915202963
"13746",0.0622525987082949
"13747",0.599106231017721
"13748",1.36654100701888
"13749",0.570786194871053
"13750",0.706302701200482
"13751",1.29023558548094
"13752",0.632016058516492
"13753",1.3617307951448
"13754",0.427677153244654
"13755",0.261833317786914
"13756",0.510857756548939
"13757",0.442656582392176
"13758",0.308728274318933
"13759",0.277136897234062
"13760",0.922083282350158
"13761",0.159350436989303
"13762",0
"13763",0.464578220697149
"13764",0
"13765",0.622387159484219
"13766",0.000233088403013199
"13767",0.357634447079375
"13768",0.673375525233245
"13769",0.260585154369112
"13770",0.89566537082915
"13771",0.0882750576680591
"13772",0.252900333239455
"13773",0.22661224101416
"13774",0.997639250248709
"13775",0.0266148547599857
"13776",0.540302956830636
"13777",0.469641763032166
"13778",0.687612392635135
"13779",0.912302419912869
"13780",0.523365142966296
"13781",0.91375770864992
"13782",0.966900713345362
"13783",0.454888621014682
"13784",0.299529622725094
"13785",0.163982218914133
"13786",0.580745045564973
"13787",0.36118631796278
"13788",0.50175445210869
"13789",0.396799676461581
"13790",1.14270741985642
"13791",0.293789544383277
"13792",0.16122583377773
"13793",0.0876432859129369
"13794",0.443438697537835
"13795",0.623539059179012
"13796",0.132980935180208
"13797",0.584073026827888
"13798",0.26778322313746
"13799",0.552064246974165
"13800",0.363523182961313
"13801",0.62939841168666
"13802",0.000370629165466891
"13803",0
"13804",0.0728937704799807
"13805",0.162408445343303
"13806",0
"13807",0.00420572976105439
"13808",0.00610088677564729
"13809",0.0333149215620083
"13810",0.679542756617615
"13811",0.574922837470267
"13812",0.621846310260077
"13813",0
"13814",0
"13815",0.337898798072251
"13816",0.625941598742773
"13817",0.48860667243765
"13818",0
"13819",0.100662802250235
"13820",0
"13821",0
"13822",0.0206610495001646
"13823",0.0353443352544626
"13824",0.0247704518216001
"13825",0.0196396443612335
"13826",0.0402487393200964
"13827",0.0412783738561599
"13828",0.159802393118555
"13829",0.040796400574825
"13830",0.040796400574825
"13831",0.0415790449033524
"13832",0.138087568325926
"13833",0
"13834",0
"13835",0.0884153011228068
"13836",0.0298185593602271
"13837",0
"13838",0
"13839",1.07067217683609
"13840",0.0335902954064098
"13841",0.309526019175927
"13842",0.37783773896046
"13843",0.224989425661807
"13844",0.104582464948177
"13845",0.213366928975207
"13846",0.196830148525673
"13847",0.448837699416228
"13848",0.098853643335174
"13849",0.0395957502205003
"13850",0.0271517271719913
"13851",0.419624704892302
"13852",0.230018181896338
"13853",0.352702821514572
"13854",0.205828806031057
"13855",0.255909534253756
"13856",0.625878158818226
"13857",0.641531939843896
"13858",1.80927889738284
"13859",2.08196170588804
"13860",0.986457352946312
"13861",0.100174101566521
"13862",0.19485776797493
"13863",0.298153989460317
"13864",0.260806292498828
"13865",0.182276462605744
"13866",0.714365344105909
"13867",0.588123620598445
"13868",0.550056743243614
"13869",0.34946254510526
"13870",0.101089311174044
"13871",1.10333149514506
"13872",0.250982282031836
"13873",0.6013629813073
"13874",0.672040019229985
"13875",0.538827735230932
"13876",0.514666416967731
"13877",0.451286101421838
"13878",0.313466572252069
"13879",1.90691420368996
"13880",0.525687004089133
"13881",0.809064393851759
"13882",0.328771839564593
"13883",0.160466229024828
"13884",0.182623170613399
"13885",0.700034143917844
"13886",0
"13887",0.0833860369036746
"13888",0.171125951829235
"13889",0.607396013269902
"13890",0.39618857404033
"13891",0.58887363020084
"13892",0.149655062468582
"13893",0.647517856962993
"13894",0.0902434460944466
"13895",0.251744336782036
"13896",0
"13897",0.131461261824436
"13898",0.0598364012560047
"13899",0.0199792089862063
"13900",0.0308050018569873
"13901",0.174539030397929
"13902",0.223625746376864
"13903",0.0875084697060712
"13904",0.0273339653758999
"13905",0
"13906",0
"13907",0.832645310252765
"13908",1.28756917503187
"13909",0.811448776022149
"13910",0.816880539857961
"13911",0.135539194467109
"13912",0.267121205757058
"13913",0.579514819935311
"13914",0.334372946971231
"13915",0.976233580706606
"13916",0.717789509221143
"13917",0.59254201905562
"13918",0.460484622686167
"13919",0.267183941115646
"13920",0.490627462731816
"13921",0.168813340398123
"13922",0.374097852320844
"13923",0
"13924",0.0331200236103296
"13925",0.0324008404667939
"13926",0.033338510483828
"13927",0
"13928",0.385228935349592
"13929",0.600022935672264
"13930",0.727359817312059
"13931",0.740637592560548
"13932",0.351217538081306
"13933",0.424286736134587
"13934",1.00933073167746
"13935",0.37355591239219
"13936",1.72202835226292
"13937",1.13827449288146
"13938",0.5307141705385
"13939",0.0274619386808847
"13940",0.199768470912602
"13941",0.398404302132251
"13942",0.697262565048543
"13943",0.240273540382171
"13944",0.5758786772779
"13945",0.486035451794205
"13946",0.124980808830125
"13947",0.071503649428462
"13948",0.358214641845577
"13949",0.17917643616688
"13950",0.608259867329845
"13951",0.530097343366885
"13952",0.193267835059188
"13953",0.576376266417758
"13954",0.0735418092824054
"13955",0.543593379369597
"13956",0.699269707220576
"13957",0.662495209696881
"13958",0.650372365679775
"13959",0.542220567825495
"13960",0.247291156798675
"13961",0.213604576465159
"13962",0.808781574630933
"13963",0.103476396007527
"13964",0.549085500411009
"13965",0.326286866516933
"13966",0.0934221528801643
"13967",0.682122979985122
"13968",0.068410408386862
"13969",0.302667584783802
"13970",0.262129641789069
"13971",0.0542547162415175
"13972",0.296985947194198
"13973",0.124237426843906
"13974",0.255782950413136
"13975",0.381369150357817
"13976",0.600766735667595
"13977",1.25249584130589
"13978",1.97382616224369
"13979",1.54889900519866
"13980",0.159776273828097
"13981",0.309893705497328
"13982",0.893974566020614
"13983",0.343471750480028
"13984",0.44433842695638
"13985",0.0909290319516989
"13986",0.148342549764441
"13987",0.0432042499686192
"13988",0.130262113572423
"13989",0
"13990",0
"13991",0
"13992",0
"13993",0.673088767918224
"13994",0
"13995",0
"13996",0
"13997",0
"13998",0.248012818399225
"13999",0
"14000",0.216334180812334
"14001",0
"14002",0
"14003",0
"14004",0.024426393545662
"14005",0.0227591259866803
"14006",0.021352334376377
"14007",0.0222746878259267
"14008",0
"14009",0.025431363999381
"14010",0.042610067662846
"14011",0.040796400574825
"14012",0.040796400574825
"14013",0.040796400574825
"14014",0.042246667809577
"14015",0
"14016",0
"14017",0.571369482229127
"14018",0
"14019",0.17154338216221
"14020",0.00846334934131061
"14021",0
"14022",0
"14023",0.221852913978005
"14024",0.84033890386867
"14025",0.3442117518479
"14026",0.637508160675379
"14027",0.212112954547488
"14028",0
"14029",0
"14030",0.0705444226588725
"14031",0.0562467982438351
"14032",0.112978277503374
"14033",0.0179986699242824
"14034",0.243637620842328
"14035",0.688780431172243
"14036",0.762659241498507
"14037",0.299273424566929
"14038",0.220595779158225
"14039",0.0355150337289008
"14040",0.77184103687653
"14041",1.00611599605527
"14042",1.18415540159741
"14043",0.677712693608524
"14044",0.707805830237947
"14045",0.0334898037727586
"14046",0.158714144245438
"14047",0.0247105239289637
"14048",0.400874729092978
"14049",0.0369740260960598
"14050",0.904461718149879
"14051",0.583191218211002
"14052",0.235699442095539
"14053",0.414805678686177
"14054",0.230713444633142
"14055",0.871146441380506
"14056",0.246296706220982
"14057",0.599869847005694
"14058",0.169836526079417
"14059",0.441144995773512
"14060",0.439465851418885
"14061",0.544150635070218
"14062",1.04268101148755
"14063",0.851417849830639
"14064",0.727522329162179
"14065",0.0772338354424587
"14066",0.281170730881045
"14067",2.08434995824729
"14068",0.415905046487758
"14069",0.434794266477934
"14070",0.109644290322191
"14071",0.152629248607078
"14072",0.0949696713545348
"14073",0.823811322153773
"14074",0.518656824616372
"14075",0.24168815955013
"14076",0.00383634777163805
"14077",0.280452199648466
"14078",0.0717274739290946
"14079",0.855841722046022
"14080",0
"14081",0.114476195934419
"14082",0
"14083",0.589699228274311
"14084",0
"14085",0.645284276448443
"14086",0
"14087",0
"14088",1.72909928198307
"14089",1.7684918504287
"14090",0.234644742622471
"14091",1.83036390568299
"14092",1.13872918268437
"14093",0.70353916560222
"14094",0.221043420433369
"14095",0.396736055345794
"14096",0.743999837282361
"14097",0.992659032147161
"14098",0.853588665594587
"14099",1.48438557986864
"14100",1.02361989071669
"14101",0.500302490243276
"14102",0.973355383661195
"14103",0.835164278165413
"14104",1.02537727493709
"14105",0.135964556584052
"14106",0
"14107",0.0363312935963865
"14108",0.0446650891526515
"14109",0
"14110",0.442097895437541
"14111",0.348291075153426
"14112",0.630509977538448
"14113",0.609436033595309
"14114",0.605621978124854
"14115",0.725044477057086
"14116",0.214939926273829
"14117",0.227664342013354
"14118",0.524763572216664
"14119",1.23530073892263
"14120",1.40810661842259
"14121",0.052387232687889
"14122",0.156216948491772
"14123",0.0425345261530958
"14124",0.665133394657022
"14125",0.147499481241982
"14126",0.597220942024196
"14127",0.503860247180346
"14128",0.41535796547668
"14129",0.107176803353529
"14130",0.372752249532867
"14131",0.123150027330485
"14132",0.273730868868917
"14133",0.233709025820064
"14134",0.26938571569684
"14135",1.15903664171158
"14136",0.31194599891965
"14137",0.482232278408743
"14138",0.230994466274572
"14139",0.414305980203798
"14140",1.09417410561055
"14141",0.888870530516736
"14142",1.21149439107862
"14143",0.676078988778513
"14144",0.187176882170935
"14145",0.752541574145489
"14146",0.659016220820764
"14147",1.00748910643536
"14148",0.461419528210934
"14149",0.207348885965106
"14150",0.119320091354024
"14151",0.316124511306944
"14152",1.25117134894291
"14153",0.0785982723124639
"14154",0.0693233996312631
"14155",0.0621490047063741
"14156",0.0697364698754193
"14157",0.713047569237633
"14158",0.229387464368181
"14159",0.270461960417605
"14160",1.24068638160524
"14161",2.23110291227875
"14162",2.13585446526491
"14163",1.38724065659532
"14164",0.31989608850377
"14165",0.295863197768558
"14166",0.424929563015947
"14167",0.0955994509028422
"14168",0.323853165808172
"14169",0.459434857129853
"14170",0.0505704607812543
"14171",0.0050238418393609
"14172",0
"14173",0.10440108473774
"14174",0
"14175",0.528653005945102
"14176",0
"14177",0
"14178",0
"14179",0
"14180",0
"14181",0
"14182",0.640091113136461
"14183",0
"14184",0.0858839987807412
"14185",0
"14186",0
"14187",0.0236570152663935
"14188",0.022887636987125
"14189",0.022887636987125
"14190",0
"14191",0.587623125514258
"14192",0
"14193",0.0408955190630671
"14194",0.040796400574825
"14195",0.040796400574825
"14196",0.0411505333262044
"14197",0.0467099709771314
"14198",0
"14199",0
"14200",0
"14201",0.265428880478374
"14202",0.391498419175807
"14203",0.248356826142427
"14204",0.00628027212640224
"14205",0.0963980738073941
"14206",0
"14207",0.229663537021408
"14208",0.227191511042763
"14209",0.109485611383097
"14210",0.116226414408613
"14211",0
"14212",0.484895103360366
"14213",0
"14214",0.149364554321215
"14215",0.799675234331867
"14216",0.0996559361745746
"14217",0.258213722612139
"14218",0.57465941033994
"14219",0.584820459020729
"14220",0.0563512256243519
"14221",0.440437325608954
"14222",0.0310186523321757
"14223",0.043699103891694
"14224",0.640563788660635
"14225",0.358598814783291
"14226",1.5012461082942
"14227",0.307697726053416
"14228",1.30202541786734
"14229",0.449732376178426
"14230",0
"14231",0.219164817176396
"14232",0.480631858057333
"14233",0.510005766992438
"14234",0.283210481010745
"14235",0.193501551670599
"14236",0.15077515770154
"14237",0.502377070604306
"14238",0.396369328906385
"14239",0.781979019043969
"14240",1.07159384482038
"14241",0.16252021103705
"14242",0.173643940477381
"14243",0.885049069625029
"14244",0.487643080879777
"14245",0.347377551668169
"14246",1.26496689472562
"14247",0.191915261196092
"14248",0.215949184281211
"14249",0.207618255022298
"14250",0.725356244248735
"14251",0.988089575750199
"14252",1.61706839537635
"14253",0.729637258946036
"14254",0.035492110418885
"14255",0.646088943580774
"14256",0.641394509212598
"14257",1.24510998454518
"14258",0.117505174605284
"14259",0.553329677172535
"14260",0
"14261",0.169817039593342
"14262",0.012661277499295
"14263",0.208435881556157
"14264",0
"14265",0.398277399356396
"14266",0.386107353397474
"14267",0.1853524275619
"14268",0.140851819865724
"14269",0.383410759032472
"14270",0.0599080562225349
"14271",0.911595665183206
"14272",0
"14273",0.72718108608475
"14274",0.511312021635824
"14275",0.752968904663218
"14276",0.893645980847424
"14277",0.313985078743326
"14278",0.207420826124969
"14279",0.781260987619899
"14280",0.331312407029064
"14281",0.759097446674136
"14282",0.720314163859923
"14283",0.679039323546996
"14284",0.461515047332269
"14285",0.869029145687617
"14286",0.408399236828176
"14287",0.916693571260137
"14288",1.2000842149836
"14289",0.0902446495844569
"14290",0
"14291",0
"14292",0
"14293",0.093277069762959
"14294",0.746540113293028
"14295",0.617730987782504
"14296",1.24532743128123
"14297",1.07369358842995
"14298",0.664777286027474
"14299",0.758168149913064
"14300",0.513700276389067
"14301",0.450456521377384
"14302",0.290725983882796
"14303",0.186936540380148
"14304",0
"14305",0.196573008384673
"14306",0.189786989698823
"14307",0.0546250989149998
"14308",0.663298442596824
"14309",0.104470553518978
"14310",0.188370761650802
"14311",0.00409247058032365
"14312",0.138924725545119
"14313",0.343766535720439
"14314",0
"14315",0.180009864898116
"14316",0.0754196534823707
"14317",0.0184301735646681
"14318",0.111102917654061
"14319",0.72144604885941
"14320",0.446283479888215
"14321",0.345174852220669
"14322",0.1908931183331
"14323",0.0281274199835879
"14324",0.546605579045277
"14325",0.298629009396171
"14326",0.263297546610772
"14327",0
"14328",0.720894967891498
"14329",1.18673365878734
"14330",0.60026490918761
"14331",0.304120646902527
"14332",0.21241838365644
"14333",0.239863273369082
"14334",0.249879454591997
"14335",0.229269648096324
"14336",0.216299576433165
"14337",0.0719487102497732
"14338",0.0661946991994608
"14339",0.0915975964790551
"14340",0.127225718928244
"14341",0.129908810955651
"14342",0.516444125902079
"14343",0.753387794043657
"14344",1.58448858273568
"14345",2.01738964507219
"14346",0.620898023347519
"14347",0.229678833519451
"14348",0.0170284663505949
"14349",0.0744105675408508
"14350",0.440550140901285
"14351",0.0782482306518701
"14352",0
"14353",0.100549829274462
"14354",0.101547838925298
"14355",0.166075212516405
"14356",0.591635631303482
"14357",0.180947301048439
"14358",0
"14359",0.0109676330503836
"14360",0
"14361",0
"14362",0
"14363",0
"14364",0
"14365",0
"14366",0.0818343386313572
"14367",0
"14368",0
"14369",0.0236570152663935
"14370",0.022887636987125
"14371",0.022862536486834
"14372",0.0203939231772536
"14373",0
"14374",0.0409879632474498
"14375",0.040796400574825
"14376",0.040796400574825
"14377",0.0414605224461949
"14378",0.0445768017944784
"14379",0
"14380",0
"14381",0
"14382",0
"14383",0.276729303288055
"14384",0.271339771939698
"14385",0.390387731752962
"14386",0.022985117959282
"14387",0.149085668842661
"14388",0.138303513496355
"14389",0.0471282305154746
"14390",0.0802666452698177
"14391",0.163771787798096
"14392",0.0449335798127414
"14393",0.0293887331785453
"14394",0.0121975388095494
"14395",0.366583251828179
"14396",1.08977715219295
"14397",0.18837487113825
"14398",0.424198538268133
"14399",0.223682739166349
"14400",0.72329318108323
"14401",0.140888611651821
"14402",0.244672170750342
"14403",0.437907674872794
"14404",0.0544841721635948
"14405",0.497206283768842
"14406",0.491900490250752
"14407",0.690014620236598
"14408",0.436371800233817
"14409",0.79124990450852
"14410",0.363997861350733
"14411",0
"14412",0.173013962157374
"14413",0.468095872299948
"14414",0.301131579723598
"14415",0.235429492039857
"14416",0.678517475299778
"14417",0.0704587115661025
"14418",0.951834710266765
"14419",0.212568134718898
"14420",0.683122575144766
"14421",0.635151548178169
"14422",0.557879012681819
"14423",1.58801469290814
"14424",0.419375053847957
"14425",0.624048449641129
"14426",0.534626735070412
"14427",0.579219528987157
"14428",0.27966621005244
"14429",0.189794497361963
"14430",0.223168639412049
"14431",0.951739107409119
"14432",0.321053266192579
"14433",0.648223708105687
"14434",1.32361466801349
"14435",0.123608334149894
"14436",0.217304367797192
"14437",0.129554530896734
"14438",0.391911872495339
"14439",1.00673551919706
"14440",0.0816025365853356
"14441",0
"14442",0
"14443",0.593384590046724
"14444",0.231529299579348
"14445",0.262169625795754
"14446",0.582767980642867
"14447",0.193908366841799
"14448",0.717761877442545
"14449",0.565907945282002
"14450",0.546020559558224
"14451",0.313071263379335
"14452",0.456460616786052
"14453",0.24640313695799
"14454",0.142357289213866
"14455",0.127695615084612
"14456",0.433073906641928
"14457",1.2739010565456
"14458",0.730879250255525
"14459",0.44966937605578
"14460",0.186033435206764
"14461",0.490416605690203
"14462",0.534525309094682
"14463",0.782140457425678
"14464",0.541760420180116
"14465",0.577873484116775
"14466",0.543428722507628
"14467",0.508127932799244
"14468",1.39699600093176
"14469",0.817269539260019
"14470",0.810284686485781
"14471",0.874568962662212
"14472",0.149583839106223
"14473",0.0230941860643371
"14474",0.105455453009478
"14475",1.04732037586633
"14476",0.705811018204373
"14477",0.989519606663992
"14478",0.508332164497518
"14479",1.19295465109955
"14480",0.944592964867611
"14481",0.748983806837132
"14482",0.92278481565709
"14483",0.668493662074279
"14484",1.40653373773111
"14485",0
"14486",0.731889287797073
"14487",0.0408918916724967
"14488",0.158619870196784
"14489",0.293784842286906
"14490",0.131947030293968
"14491",0.596280586329887
"14492",0
"14493",0.600252337081524
"14494",0.16068066758391
"14495",0.159620900723515
"14496",1.55489963970777
"14497",0
"14498",0.610511826503542
"14499",0.222401693713021
"14500",0.0995306286811511
"14501",0.288601311432359
"14502",0.225294346511339
"14503",0.784576541294631
"14504",0.117151664021191
"14505",0.152609568941095
"14506",0.259985351405548
"14507",0.190481857158554
"14508",0
"14509",0.105269723861992
"14510",0
"14511",0
"14512",1.60733826256981
"14513",0
"14514",0.142278892209574
"14515",0.179808120217796
"14516",0.180650813790425
"14517",0.294601486224169
"14518",0.1022228592215
"14519",0.0806764695970093
"14520",0.0683687817912019
"14521",0.185607367296584
"14522",0.00102189205766523
"14523",0.76301901768881
"14524",0.402389226424365
"14525",0.71778602155281
"14526",0.615758056775053
"14527",0.583104187767209
"14528",0.182018244117579
"14529",0.930566476248658
"14530",0.0768449476563801
"14531",0.0489832460677433
"14532",0.079390198865997
"14533",0.192039136490136
"14534",0.132155520134683
"14535",0.426019553778179
"14536",0.1480846698747
"14537",0.0785614416390448
"14538",0.781923330750244
"14539",0
"14540",0.0313588019200463
"14541",0.072678190798507
"14542",0
"14543",0
"14544",0
"14545",0
"14546",0
"14547",0
"14548",0
"14549",0
"14550",0.0236570152663935
"14551",0.022887636987125
"14552",0.0223083988927423
"14553",0.0183643473749206
"14554",0.0436551763197906
"14555",0.040796400574825
"14556",0.040796400574825
"14557",0.0411264671389125
"14558",0.0404284029480318
"14559",0
"14560",0
"14561",0
"14562",0
"14563",0
"14564",0
"14565",0.208092496987915
"14566",0
"14567",0.0700632505645181
"14568",0.134553059335086
"14569",0.130579024496825
"14570",0.622842460775799
"14571",0
"14572",0.0675931456621372
"14573",0
"14574",0.157008677135544
"14575",0
"14576",1.05347126983927
"14577",0.73151187195443
"14578",0.788039247823042
"14579",0.399631317865609
"14580",0
"14581",0.158105247962297
"14582",0.359406344240809
"14583",0.525588325778988
"14584",0.280018188207977
"14585",0.321719364558227
"14586",0.293638778850878
"14587",0.72330153512511
"14588",0.745809735342318
"14589",0.758431170764008
"14590",1.31121669833602
"14591",0.422423059231648
"14592",0.209758303460781
"14593",0.0213279338504936
"14594",0.27934029398428
"14595",0.119307976279228
"14596",0.753572687453083
"14597",0.626053230823028
"14598",0.891615585810333
"14599",0.171531653086346
"14600",0.618514043620925
"14601",0.18354418361703
"14602",0.949518843989226
"14603",0.319300138236809
"14604",0.333937143516339
"14605",1.14761425521132
"14606",1.12554177212966
"14607",0.432383387757047
"14608",0.696259518311798
"14609",0.0373477941609366
"14610",0.869208617342787
"14611",0.349000857566162
"14612",0.253004787127523
"14613",0.257583538242691
"14614",1.18658991255997
"14615",0.129151632958954
"14616",0.375172384288212
"14617",0.128747997832424
"14618",0.0151732987408326
"14619",0.174448995490571
"14620",0.0682198384107662
"14621",0.105658033633775
"14622",1.0102939891768
"14623",0
"14624",0.296648340277862
"14625",0.369083475183351
"14626",1.16526911204462
"14627",0.563080091969494
"14628",0.704000276987637
"14629",0
"14630",0.423047305085323
"14631",0.850019457170386
"14632",1.13133549981905
"14633",1.40145610463504
"14634",0.234133617930891
"14635",0.0661771004435868
"14636",0.197683220849824
"14637",0.302924122145398
"14638",0.590110417369603
"14639",0.633442151061489
"14640",0.838595680449068
"14641",0.633694347570991
"14642",0.729830154352699
"14643",0.349691815525982
"14644",0.931115780111565
"14645",0.175159425899799
"14646",0.564427045190928
"14647",0.358141415863144
"14648",0.745096368943056
"14649",0.772915450951577
"14650",0.941247867604384
"14651",1.20316455993263
"14652",0.878204036342416
"14653",0.333078081792717
"14654",0.208034621895514
"14655",0.184756175435802
"14656",0.844501533186008
"14657",0.903188607999193
"14658",0.663189787787965
"14659",0.693971902084938
"14660",0.560130464395138
"14661",0.633794697225912
"14662",0.98058299799915
"14663",0.868530774100374
"14664",1.33663342516281
"14665",0.341584584275081
"14666",0.586259688296201
"14667",0
"14668",0.194804675858947
"14669",0.0135887612132224
"14670",0.0326072842481523
"14671",0.602716684532294
"14672",0.177560227792559
"14673",0.309176180863778
"14674",0
"14675",0.419452439407385
"14676",0.476315667866313
"14677",0.246653601863917
"14678",0.175012590719883
"14679",0.101377482811831
"14680",0.291180220302742
"14681",0.388836222501315
"14682",0
"14683",1.39380750246901
"14684",0.157870544822357
"14685",0.543782256819813
"14686",0.720926899887108
"14687",0.17964754574596
"14688",0.154522000041331
"14689",0.108803911678603
"14690",0
"14691",0.116205353732288
"14692",0
"14693",0
"14694",0
"14695",0.291326967021884
"14696",0.0783465319908481
"14697",1.15829441493776
"14698",0.0247067418627569
"14699",0.116861679671052
"14700",0.1072852078017
"14701",0.0793044131100203
"14702",0.0756135082825948
"14703",0.250122597685651
"14704",0.564271682890477
"14705",0.430718708127599
"14706",0.443544437461104
"14707",0.142406704089637
"14708",0.472753484611284
"14709",0.815836249607638
"14710",0
"14711",0.288114030368195
"14712",0.189760677821826
"14713",0.0848623361560113
"14714",0.563114793528346
"14715",0.850991813896024
"14716",0.367926861425217
"14717",0.353089961746713
"14718",0.0261732428798254
"14719",0
"14720",0.659278132466908
"14721",0.0212456559335488
"14722",0
"14723",0
"14724",0
"14725",0
"14726",0
"14727",0
"14728",0
"14729",0
"14730",0
"14731",0.0236570152663935
"14732",0.0206611514354383
"14733",0.023605345955868
"14734",0.019270591660464
"14735",0.0392022490140599
"14736",0
"14737",0.0423216443222492
"14738",0.0418243111389387
"14739",0.0459936534327439
"14740",0
"14741",0
"14742",0
"14743",0
"14744",0
"14745",0
"14746",0
"14747",0
"14748",0
"14749",0.013717604011614
"14750",0.163018258405037
"14751",0.140611905801039
"14752",0.230577815072901
"14753",0.47766634194623
"14754",0.242708451691512
"14755",0.134100984120454
"14756",0.391441817725244
"14757",0.016676414802259
"14758",0.404690416617145
"14759",0.163668308034431
"14760",0.0438257181708471
"14761",0.19943916242773
"14762",0.0414155574901312
"14763",0.452532349883485
"14764",0.373747805876139
"14765",0.122020500988365
"14766",0.527095076793744
"14767",0.41170291007925
"14768",0.516152269735204
"14769",0.666216110335222
"14770",0.117920445618842
"14771",0.329298819993839
"14772",0.322708696050608
"14773",0.01896559758727
"14774",0.598297708908325
"14775",0.0432338729588427
"14776",0.241464524048052
"14777",0.187463167464028
"14778",0.757295143664529
"14779",0.494475854629733
"14780",0.466417347536278
"14781",0.152560619380234
"14782",0.391156599708445
"14783",0.107112258033326
"14784",0.337117504575082
"14785",1.38046487855387
"14786",0.630683870705165
"14787",1.03181086838036
"14788",2.00459220375629
"14789",0.0751024917318966
"14790",1.98962095094297
"14791",0.359714943528904
"14792",0.463604801593394
"14793",0.264520204010028
"14794",0.289564651016811
"14795",0.0727679794555337
"14796",0.472416247613259
"14797",0.0296994483276731
"14798",0.083156944102927
"14799",0.121398149374673
"14800",0.116423909453576
"14801",0.0467085800688797
"14802",0.0467165280964391
"14803",0.899524264577002
"14804",0.781062913349427
"14805",0.533046330171899
"14806",0.640659181081041
"14807",0.783471092004392
"14808",0.811914447598342
"14809",0.0882805202501129
"14810",0.205199646449736
"14811",0.845389640426404
"14812",0.500305200913398
"14813",1.19309026980013
"14814",0.538878828266103
"14815",0.11317640612345
"14816",0.490345210638561
"14817",0
"14818",0.491797941652067
"14819",0.131675424844596
"14820",0.38513152825657
"14821",0.790651297853309
"14822",1.58403192264792
"14823",0.617515340940831
"14824",0.50733098139862
"14825",0.157752430915977
"14826",0.340791969434054
"14827",0.272844166038849
"14828",0.189727422440549
"14829",0.779963956910465
"14830",0.570597542089215
"14831",0.944959118116504
"14832",0.790925931989805
"14833",0.406204883007657
"14834",0.244897966492238
"14835",0.167750806217813
"14836",0.352204971305324
"14837",0.266618603232347
"14838",0.718445268853314
"14839",0.446878670727927
"14840",0.330115674598313
"14841",0.648405955797192
"14842",0.731759958519723
"14843",0.558597847327371
"14844",1.29837225961757
"14845",0.920221888010946
"14846",0.428129469363974
"14847",0.0695305494697525
"14848",0.12279849262422
"14849",0.0678236732948154
"14850",0.0154916667884287
"14851",0.213228293144513
"14852",0.646173310163279
"14853",0.272775173304441
"14854",0.255790848582204
"14855",0.0546103037020758
"14856",0.972283229568547
"14857",0.59547994749248
"14858",0.187900458808554
"14859",0.195880097458324
"14860",0.379119634175782
"14861",0.449726936858069
"14862",0.321244412508678
"14863",0.345910075542948
"14864",0.433336317697187
"14865",0.674402642681343
"14866",0.426408281526175
"14867",0.113235427175452
"14868",0.200844412642627
"14869",0
"14870",0
"14871",0
"14872",0
"14873",0.116253845944839
"14874",0
"14875",0
"14876",0
"14877",0.117263853790314
"14878",0.0103723168096712
"14879",0.128422387660892
"14880",0.124768945558512
"14881",0.0973834859999162
"14882",0
"14883",0.170150760260237
"14884",0.0752447681425028
"14885",0.242109823578706
"14886",0.259027375188511
"14887",0.455713741926333
"14888",0.142456941619307
"14889",0
"14890",0
"14891",0.808358886254026
"14892",0.565888560264732
"14893",0.0871865307255848
"14894",0.140888721731671
"14895",0.158215758203841
"14896",0.258146110214683
"14897",0.511365438117498
"14898",0.199569088897847
"14899",0.0946495975053914
"14900",0.774054408152678
"14901",0.395525511913234
"14902",0.0886175241264246
"14903",0.0404175970425878
"14904",0
"14905",0
"14906",0
"14907",0
"14908",0
"14909",0
"14910",0
"14911",0.0227376095180064
"14912",0.0347569710627813
"14913",0
"14914",0.151120665402659
"14915",0
"14916",0.608865135411601
"14917",0
"14918",0.0371236976929803
"14919",0.0458598926544204
"14920",0.0277800720186009
"14921",0
"14922",0
"14923",0
"14924",0
"14925",0
"14926",0
"14927",0
"14928",0
"14929",0
"14930",0.595518218692639
"14931",0.721676021543749
"14932",0.425921444661673
"14933",0.398143194719153
"14934",0.156829764643406
"14935",0.365393024801436
"14936",0.00131327090073574
"14937",0.141639503287454
"14938",0
"14939",0
"14940",0.208180288525594
"14941",0.0188431654700742
"14942",0.189825593453639
"14943",0.628814309497599
"14944",0
"14945",0.121959607825292
"14946",0.207071094551684
"14947",0.252246757753215
"14948",1.10511663887598
"14949",0.598113311440058
"14950",0.237981471854357
"14951",0.341084928042391
"14952",0.298771891172504
"14953",0.534988514618675
"14954",0.182403260859775
"14955",0.0564914696921262
"14956",0.840480794296407
"14957",0.118980404974598
"14958",0.323542681066886
"14959",0.371950348681953
"14960",0.257533190924868
"14961",0.292852508516969
"14962",0.343810523233888
"14963",0.490466512091879
"14964",0.0656807174809981
"14965",0.209534920849483
"14966",0.14615194812285
"14967",0.384030441823277
"14968",0
"14969",0.818562441660085
"14970",1.37210028635681
"14971",0.860882135391707
"14972",0.561733145300847
"14973",0.555563616681628
"14974",0
"14975",0.0882582251523989
"14976",0.0441583560219363
"14977",0.522773557194119
"14978",0.108471854704978
"14979",0.0741557148609424
"14980",0.726582913704384
"14981",0.91794175340411
"14982",0.946982558425216
"14983",0.395411264531388
"14984",0.0258466543109796
"14985",0.59159170394524
"14986",0.586868704759805
"14987",0.27964210810433
"14988",0.143125581642205
"14989",0.306991326750379
"14990",0.250736561021977
"14991",0.876172354258173
"14992",0.412036560752471
"14993",0.496019212869923
"14994",0
"14995",0.00767213128831171
"14996",0.462907284280908
"14997",0
"14998",0
"14999",1.58523705311553
"15000",1.74225203485303
"15001",2.72756642007996
"15002",1.17513256173479
"15003",0.574706240629202
"15004",0.350547795236961
"15005",0.315996657258698
"15006",0.727602208284827
"15007",0.601253446298988
"15008",0.703132283266623
"15009",0.376932587036564
"15010",0.870492138908187
"15011",0.779096851712604
"15012",0.176142633665956
"15013",0.731986542387984
"15014",0.263454052874542
"15015",0.0971614083150264
"15016",0.714292442170706
"15017",0.368268993897373
"15018",0.323481520387581
"15019",0.170080140242653
"15020",0.610258776300923
"15021",0.148735586618808
"15022",0.920216761336507
"15023",1.6089882927056
"15024",0.668423801455269
"15025",0.985673344335397
"15026",0.851055759470423
"15027",0.119838495544741
"15028",0.0665843667202128
"15029",0.0709944420662282
"15030",0.240728100827461
"15031",0.599379721440339
"15032",0.764714725519793
"15033",0.908787040301038
"15034",0.0806862228194617
"15035",0.808552312707883
"15036",0.211694160729802
"15037",0.556048673539771
"15038",0.33600516277163
"15039",0.430018332033279
"15040",0.763615354796022
"15041",0.507893215564621
"15042",0.494252180831358
"15043",0.528526714621432
"15044",0.885783194148876
"15045",0.846233504815608
"15046",0.772050057459365
"15047",0.830925913477558
"15048",0
"15049",0.558998537158842
"15050",0
"15051",0
"15052",0
"15053",0
"15054",0
"15055",0
"15056",0.00743650252735728
"15057",0.0954525037910347
"15058",0.134671477435555
"15059",0.13762450945023
"15060",0.0731001942930757
"15061",0.0442620816133687
"15062",0.693688213262525
"15063",0
"15064",0.198243953929644
"15065",0.117371212290099
"15066",0.276734250944943
"15067",0.148812193499069
"15068",0
"15069",0.47933661296929
"15070",0.453438145430652
"15071",0
"15072",0.0349610898159792
"15073",0.0876188985715903
"15074",0
"15075",0.0553460300103612
"15076",0.444522687367075
"15077",0.507147352482027
"15078",0.164524409728582
"15079",0.185767784618915
"15080",0
"15081",0.759488630346604
"15082",0
"15083",0.0517988703723387
"15084",0.015523882007204
"15085",0
"15086",0
"15087",0
"15088",0
"15089",0
"15090",0
"15091",0
"15092",0
"15093",0.144261132845991
"15094",0.41634374505379
"15095",2.08158086165082
"15096",0
"15097",0.35501486932664
"15098",0.0184138399440785
"15099",0.0175893455790377
"15100",0.0289693564079646
"15101",0
"15102",0
"15103",0
"15104",0
"15105",0
"15106",0
"15107",0
"15108",0
"15109",1.08413329020476
"15110",0
"15111",0.631938144658036
"15112",0.306688671801966
"15113",0.359735947857789
"15114",0.14442982559023
"15115",0.49516696356118
"15116",0.638479151127346
"15117",0
"15118",0
"15119",0.441873020243376
"15120",0
"15121",0.266732687893022
"15122",0
"15123",0
"15124",0.23375941568816
"15125",0.215225528335326
"15126",0.131639698268571
"15127",0.550446960213573
"15128",0.677187940046659
"15129",0.42933713114506
"15130",0.154107997169908
"15131",0.260635931043149
"15132",0.351628131495245
"15133",0.120026172514945
"15134",0.188159217656351
"15135",0.0249333623840389
"15136",0.590711763746299
"15137",0.088767606707158
"15138",0.353396325374023
"15139",1.05793114694366
"15140",0.863670056398728
"15141",0.365694708620609
"15142",1.08207077142376
"15143",0.291766425338851
"15144",0.308469145486506
"15145",1.45509768130956
"15146",0.686301188346351
"15147",0.535625750919966
"15148",0.0829590999831788
"15149",0.606385336138451
"15150",1.10013349830469
"15151",0.542109371944617
"15152",0.0630495829055307
"15153",0.0979103209586307
"15154",1.06247026238533
"15155",0
"15156",0.00203649864921331
"15157",0.0697720816887803
"15158",0.110821544660544
"15159",0.172568040160728
"15160",0.395185197222192
"15161",0.963597108171487
"15162",0.407945543216318
"15163",0.0798454940719696
"15164",0.300231529740549
"15165",0.578482329868328
"15166",0.24533628301482
"15167",0.111242429190433
"15168",0.102835572107619
"15169",0.10872054872927
"15170",0.332033640399016
"15171",0.325742922843139
"15172",0.232673417322508
"15173",0.0639872947198221
"15174",0.499885693942991
"15175",0
"15176",0.0786460070071644
"15177",0.00397736652378927
"15178",0.116434054727472
"15179",0.921288169826312
"15180",1.5889229581779
"15181",1.36073713730761
"15182",0.929913916246078
"15183",0.623131224833404
"15184",0.457632118784455
"15185",0.301944119132534
"15186",0.287347478269324
"15187",0.389903308539449
"15188",0.530460883472182
"15189",0.501066873531335
"15190",0.523066308848438
"15191",0.609123379821901
"15192",0.38255748541708
"15193",0.196594358929416
"15194",0.667680597434706
"15195",0.206934218337838
"15196",0.123707360592744
"15197",0.240419033638925
"15198",0.697591108444118
"15199",0.180498379146935
"15200",0.270717043303327
"15201",0.39694205496681
"15202",0.5613116234844
"15203",1.24135871418389
"15204",0.532029813487686
"15205",0.584775273436357
"15206",0.128796587102858
"15207",0.10745966033741
"15208",0.000323266249366287
"15209",0.124532761233753
"15210",0.243803204530792
"15211",1.50458547844106
"15212",1.10415401880897
"15213",0.623784587477109
"15214",0.645679320078249
"15215",0.0542674697334681
"15216",0.563077187716887
"15217",0.187604248414197
"15218",0.598504075701914
"15219",0.177102176152427
"15220",0.538371513800194
"15221",0.291904353784678
"15222",0.179282274268735
"15223",0.213557511282243
"15224",0.601290084359384
"15225",0.432371155403958
"15226",0.999394784901425
"15227",0.161025229931492
"15228",0.0639685118937312
"15229",0
"15230",0
"15231",0
"15232",0
"15233",0.116253845944839
"15234",0
"15235",0
"15236",0
"15237",0.00697999715289048
"15238",0.0852412542552763
"15239",0.0647634976947181
"15240",0.617332857525124
"15241",0.150361531622164
"15242",0.00237102425067957
"15243",0.298195103867328
"15244",0
"15245",0.177898617837602
"15246",0.117412755883363
"15247",0.245811867359081
"15248",0.0132570072960789
"15249",0
"15250",0
"15251",0
"15252",0
"15253",0
"15254",0
"15255",0.953356649583736
"15256",0.879542967752071
"15257",0.735618265637429
"15258",0.567462959738592
"15259",0.21456065013623
"15260",0.360992714024627
"15261",0
"15262",0.039596220308175
"15263",0.0496563806263948
"15264",0.0752645658495766
"15265",0
"15266",0
"15267",0
"15268",0
"15269",0
"15270",0
"15271",0.00343773076301908
"15272",0.39318562013378
"15273",0.426228239843364
"15274",0.380965988487686
"15275",0.742887180932651
"15276",1.09027763186221
"15277",0.364899789602834
"15278",0.0215960818688321
"15279",0.0125851457175692
"15280",0
"15281",0
"15282",0
"15283",0
"15284",0.0626944120213701
"15285",0
"15286",0.179638186546121
"15287",0.0468467849084899
"15288",0
"15289",0.422155301724964
"15290",0.392688468259164
"15291",0.353668192662566
"15292",0.561997266296998
"15293",0
"15294",0
"15295",0
"15296",0.00792416836206705
"15297",0
"15298",0
"15299",0.257386311773393
"15300",0.0626748794788611
"15301",0.793492828381756
"15302",0.672907983911313
"15303",0.333627332018069
"15304",0.493984047992997
"15305",0.120684788030972
"15306",0.469554701022302
"15307",0.28001840787304
"15308",0.504635846177163
"15309",0.157134969652964
"15310",0.0999263064447324
"15311",0.0939219082073198
"15312",0.251178624056667
"15313",0.095192484364106
"15314",0.126375280532171
"15315",0.183397364099085
"15316",0.266361133742645
"15317",0.836376394226154
"15318",1.0096699490513
"15319",0.998151359617612
"15320",0.697896728289626
"15321",0.194320704625625
"15322",0.0203869919812723
"15323",0.782244275216275
"15324",0.553512399838534
"15325",0.448456744358557
"15326",0.46832871128056
"15327",0.343161801341436
"15328",0.309650908519224
"15329",0.700094696407332
"15330",0.755412532037957
"15331",0.620924820899716
"15332",0
"15333",0
"15334",0.484489479150236
"15335",0
"15336",0.128984729066816
"15337",0.0485820734834454
"15338",1.65076375348623
"15339",0.125267451722645
"15340",0.6406029833376
"15341",0.2298216365117
"15342",0.616303142559412
"15343",0.173140122765421
"15344",0.258933038883075
"15345",0.539898504975565
"15346",0.04968272696081
"15347",0.111521499666896
"15348",0.107871005010464
"15349",0.067710711751227
"15350",1.114560527314
"15351",0.252024217687694
"15352",0.141716641047441
"15353",0.550765488738929
"15354",1.25309297499676
"15355",0.164233044932479
"15356",0.245545587532915
"15357",0.222003529911251
"15358",0.426782405706849
"15359",1.0521013579673
"15360",0.904816018988755
"15361",0.507565171849757
"15362",0.871560671473011
"15363",0.474340737704983
"15364",0.431809978009735
"15365",0.220058435043398
"15366",0.199074346668532
"15367",0.189587773328496
"15368",0.807001279025635
"15369",0.874954461303405
"15370",0.531121554531533
"15371",0.491773261215167
"15372",0.634065273933331
"15373",0.507620742275154
"15374",0.682285755039205
"15375",0.310556139421498
"15376",0.307514061514956
"15377",0.258831102836644
"15378",0.440520430243145
"15379",0.126126433739676
"15380",0.979181700790608
"15381",0.45740908015724
"15382",0.17174385535198
"15383",0.737611630350172
"15384",0.050260345369153
"15385",0.110683145323637
"15386",0.0042467100949154
"15387",0.00800159794073656
"15388",0.0270301659818947
"15389",0.602441501879518
"15390",0.700073450724519
"15391",0.981207383950118
"15392",0.337345614961877
"15393",0.162604764922103
"15394",0.192795971460545
"15395",0
"15396",0.11883416954107
"15397",0
"15398",0.6644648157072
"15399",0.0366183153276637
"15400",0.0987755723589456
"15401",0.188629251123563
"15402",0.0909174218583943
"15403",0.204713381900918
"15404",0.348713444141056
"15405",0.782294764035727
"15406",1.45219437624547
"15407",0.123740224536473
"15408",0.509377966865044
"15409",0
"15410",0
"15411",0.115910623445055
"15412",0
"15413",0.116253845944839
"15414",0
"15415",0
"15416",0
"15417",0
"15418",0.0246982490481801
"15419",0.712241757789658
"15420",0.0131494148695906
"15421",0.263948018271355
"15422",0.190403334352437
"15423",0.44408154486652
"15424",0
"15425",0.240758112519527
"15426",0.650748225285175
"15427",0.224135543654827
"15428",0.50879409521362
"15429",0
"15430",0.0170640401035796
"15431",0.0503552272959855
"15432",0
"15433",0.54882391365238
"15434",0.177904206984078
"15435",0.68156769312894
"15436",0.808427114562969
"15437",1.06081449120914
"15438",0.158309859504456
"15439",0.0950443867185783
"15440",0.233966352474781
"15441",0.269323732839855
"15442",0
"15443",0
"15444",0
"15445",0
"15446",0
"15447",0
"15448",0
"15449",0
"15450",0
"15451",0.192791593953635
"15452",0.283706570869827
"15453",0.278525108943043
"15454",0.280602844547976
"15455",0.337440635997893
"15456",0.0195306349716868
"15457",0.0205659204317976
"15458",0.0214042891793021
"15459",0
"15460",0
"15461",0.077073823904863
"15462",0.186270576284575
"15463",0.034344010349143
"15464",0.204780363726104
"15465",0.555425453852311
"15466",0.424695872394498
"15467",0.435252093206654
"15468",0.312215653987941
"15469",0.841951417759949
"15470",0.241038305603817
"15471",0
"15472",0
"15473",0
"15474",0
"15475",0
"15476",0
"15477",0.118401765394343
"15478",0.175990860336951
"15479",0.729768057721172
"15480",0.529756601888411
"15481",0.918590610459864
"15482",0.857082264282695
"15483",0.731081525167962
"15484",0.336069706942541
"15485",0.502422637707325
"15486",0.873893282056672
"15487",0.0834335293237666
"15488",0.381297697102466
"15489",0.0124158757504838
"15490",0.0293468753256518
"15491",0.0223398928814458
"15492",0.316602410515061
"15493",0.644678707701419
"15494",0
"15495",0.925358139164135
"15496",0.287535479274354
"15497",0.604058754476646
"15498",0.36323696939533
"15499",0.576380767932943
"15500",0.493588522977128
"15501",1.45987844496317
"15502",0.727856876772505
"15503",0.394468132483712
"15504",0.826042526520187
"15505",0.619472875024767
"15506",0.312668890734164
"15507",0.195842705180029
"15508",0.327694425788945
"15509",0
"15510",0
"15511",0.733861067426291
"15512",1.53534884554739
"15513",0.417381996589894
"15514",0
"15515",0.000813806978840745
"15516",0.48404572974096
"15517",0
"15518",0.251752382841667
"15519",0.32970755914127
"15520",0.679829019553062
"15521",0.644590257696825
"15522",0.702158191274138
"15523",1.0002536017013
"15524",0.638818084894464
"15525",0.917935844443576
"15526",0.030067855745333
"15527",0.0722108846340526
"15528",0.856605217239561
"15529",0.102611581986021
"15530",0.269556974305794
"15531",0.433569388631561
"15532",0.198603800254927
"15533",0.192877739740563
"15534",0.297178002370684
"15535",0.187401850073414
"15536",0.416036462077719
"15537",0.575261388305505
"15538",0.446181829186866
"15539",0.667794439899263
"15540",1.09178235692218
"15541",0.879881696382856
"15542",1.0904287643823
"15543",0.11396005444216
"15544",0.245861702229398
"15545",0.152520783231172
"15546",0.25833037124541
"15547",0.620412286909613
"15548",0.764440095858057
"15549",1.37561909452204
"15550",0.505728672519747
"15551",0.82440954163606
"15552",0.690300986095664
"15553",0.72571041426634
"15554",0.269571042687292
"15555",0.323112910347777
"15556",0.276055065398947
"15557",0.0218468057222811
"15558",1.13269555738416
"15559",1.42048003620305
"15560",0.142845348439126
"15561",0.820448601380757
"15562",0.464287003737734
"15563",0.337279362238396
"15564",0.54736836548198
"15565",0.00159839046706944
"15566",0.067367178773401
"15567",0
"15568",0.191682111963365
"15569",0.546152255616779
"15570",0.197182667065137
"15571",0.083817543974762
"15572",0.622639675874923
"15573",0.300233457626163
"15574",0.31340317932893
"15575",0
"15576",0.762091093279659
"15577",0.097689857282567
"15578",0.021306717688843
"15579",0.00282349313301249
"15580",0
"15581",0
"15582",0.143693771140021
"15583",0.224241426387116
"15584",0.921417666712938
"15585",0.396193955778888
"15586",0.237806573259105
"15587",0.477893725110443
"15588",1.03098885381194
"15589",0.00947143418412612
"15590",0
"15591",0.110123861013914
"15592",0
"15593",0
"15594",0
"15595",0
"15596",0.00195857745908573
"15597",0.121747856378095
"15598",0.0419575418041476
"15599",0.146928525168618
"15600",0.0433264240457055
"15601",0.376604371840758
"15602",0.252194262063985
"15603",0.169809621022047
"15604",0.190253721992933
"15605",0.418548798476087
"15606",0.192690243547142
"15607",0
"15608",0.521733459517572
"15609",0
"15610",0.0665287947903136
"15611",0.0669947689172498
"15612",0.017481711433926
"15613",0.222325942001444
"15614",0.748388651828257
"15615",1.04461558551207
"15616",0.732902978532209
"15617",0.285690534752761
"15618",0.196938553438913
"15619",0.386153108709499
"15620",0.292746174820132
"15621",0.221671205810928
"15622",0
"15623",0
"15624",0
"15625",0
"15626",0
"15627",0
"15628",0
"15629",0
"15630",0
"15631",0.47938282484667
"15632",0
"15633",0.00893682314941747
"15634",0.0130141712585227
"15635",0.00865869442447534
"15636",0.00741607203659513
"15637",0.0729652499923217
"15638",0.244336924403226
"15639",0.0317979285132673
"15640",0.0216320127291114
"15641",0.431889201189422
"15642",0.166912699730596
"15643",0.906000301672838
"15644",0.243384965299195
"15645",0.897014262089348
"15646",0.457692864237953
"15647",0.218919071673505
"15648",0
"15649",0
"15650",0
"15651",0
"15652",0
"15653",0
"15654",0
"15655",0.496561005011781
"15656",0.173172997537668
"15657",0.194485991481759
"15658",0.288342398428986
"15659",0
"15660",0.654803495889669
"15661",0.681653734833714
"15662",0.0299306271849487
"15663",0.08939670378072
"15664",0.25544966678735
"15665",0.418239226846812
"15666",0.13458723866103
"15667",0.141436390147502
"15668",0.0419485839976069
"15669",0.216325055114386
"15670",0.489645831685417
"15671",0.235862141882719
"15672",0.768092612613302
"15673",0
"15674",0.733091304368903
"15675",0.705897979973928
"15676",0.160631012390791
"15677",0.335330232609784
"15678",0.65745109400043
"15679",0.581576526322707
"15680",0.931730294951399
"15681",0.343699763123885
"15682",0.277348861333706
"15683",0.214087488811204
"15684",0.270716454809935
"15685",1.10152860792306
"15686",0.0602489551669308
"15687",0
"15688",0.113093930858223
"15689",1.00606284795592
"15690",0.655685848796353
"15691",0.0158916049961153
"15692",0
"15693",0.316234240004063
"15694",0.879425333389283
"15695",0.540815601822104
"15696",0.149548940642712
"15697",0.0264756773268993
"15698",0.283540660046713
"15699",0.275066357149261
"15700",0.597866185529812
"15701",0.261453780684674
"15702",1.43638309113755
"15703",1.09310689372467
"15704",0.618648776587414
"15705",0.342854178926719
"15706",0.0981801686251298
"15707",1.08035413934294
"15708",0.0863430436095613
"15709",0.616440362040442
"15710",0.102894589369746
"15711",0.288805051642366
"15712",0.359261202295444
"15713",0.449731479090313
"15714",0.227424786195994
"15715",0.508225325949094
"15716",0.520604361647762
"15717",0.257836632346963
"15718",0.107181467461828
"15719",0.950345838564613
"15720",0.050127249282115
"15721",0.792740128970686
"15722",0.23943570482764
"15723",0.176149708250651
"15724",0.0645564793261127
"15725",1.23888303853967
"15726",1.00484124081955
"15727",2.22181047785237
"15728",0.631971227066537
"15729",0.458694847072386
"15730",1.89652535878976
"15731",0.365260912887048
"15732",0.4893963967676
"15733",0.157395107985241
"15734",0.163396574843896
"15735",0.0949738284325543
"15736",0.454442892260296
"15737",0.908751878427331
"15738",0.817352902375792
"15739",0.430835891108035
"15740",0.386677582711782
"15741",0.136049235327006
"15742",0.668779130517014
"15743",0.408820709441314
"15744",0.60105599029618
"15745",0.100713767866755
"15746",0.724753151188003
"15747",0.59255740874213
"15748",0.185235108275301
"15749",0.238401385469527
"15750",0.113253575644637
"15751",0.191606196820931
"15752",0.203281411339918
"15753",0.249877852912857
"15754",0.0580247168993612
"15755",0.348392843812082
"15756",0.234312846706117
"15757",0
"15758",0.62944187260249
"15759",0
"15760",0
"15761",0.166718643726095
"15762",0.220221841687197
"15763",0.309742209768322
"15764",0
"15765",0.470497537947458
"15766",0.530008820854094
"15767",0.316811188981822
"15768",0.217035115575227
"15769",0
"15770",0.457933238334725
"15771",0
"15772",0
"15773",0
"15774",0.0984070379368432
"15775",0.0909450700102675
"15776",0.100150569232786
"15777",0.0828879798335355
"15778",0.0277426664345056
"15779",0.205181323827085
"15780",0.723010063314035
"15781",0.12275521585547
"15782",0.206637048763955
"15783",0.254674546282406
"15784",0.167842351397512
"15785",0.0583338314788786
"15786",0
"15787",0.0367307229053389
"15788",0.0678837492327804
"15789",0.0975070869557484
"15790",0.273432942509127
"15791",0.290436679503847
"15792",0.451757104101824
"15793",0.686897837215085
"15794",0.545033753960011
"15795",0.257036081504312
"15796",0.461164337848574
"15797",0.210993899306536
"15798",0.422176845757478
"15799",0.0754537530418574
"15800",0
"15801",0
"15802",0
"15803",0
"15804",0
"15805",0
"15806",0
"15807",0
"15808",0.00361254686022397
"15809",0
"15810",0
"15811",0
"15812",0
"15813",0
"15814",0.0155199620140581
"15815",0.261457676023565
"15816",0.194984795429947
"15817",0.219087098396985
"15818",1.21102905090187
"15819",0.838957735263942
"15820",0
"15821",0.0185758311793998
"15822",0.274814003840004
"15823",0.328237787008078
"15824",0.517177684053797
"15825",0.0219861894600814
"15826",0
"15827",0.462164068161864
"15828",0
"15829",0.463982046294929
"15830",0
"15831",0
"15832",0
"15833",0.39409645692653
"15834",0
"15835",0
"15836",0.941402180403128
"15837",0
"15838",0
"15839",0.046149744833439
"15840",0
"15841",0.239121087567573
"15842",0.52819363212175
"15843",0.312324833445778
"15844",0.31863040288245
"15845",0.0224575619029084
"15846",0.0309709554249349
"15847",0
"15848",0.831175840464639
"15849",0.121457921820457
"15850",0.101243238060344
"15851",0.205349459556876
"15852",1.07890469909779
"15853",0.0898426672411602
"15854",0
"15855",0.2597921950247
"15856",1.3317978509179
"15857",0.467387474389631
"15858",0.388541368824004
"15859",0.273697045594209
"15860",0.69656729088442
"15861",0.188757633624147
"15862",0.240649523678673
"15863",0.771177768676794
"15864",0.160088765429016
"15865",0.0729929750652132
"15866",0
"15867",0.133068216375469
"15868",0.125667974466557
"15869",0
"15870",0.55845446472255
"15871",0.304666424831073
"15872",0.90312481698807
"15873",0.830354277097727
"15874",0.0803637406539349
"15875",0.0228092301503126
"15876",0.13863161719912
"15877",1.04853586802705
"15878",0.903203591058923
"15879",0.618803068699512
"15880",0.285353950827094
"15881",0.467945740081771
"15882",0.637813501674772
"15883",0.234630844291362
"15884",0.714031516500153
"15885",0
"15886",0.265082965022822
"15887",0.518679538372386
"15888",0.216657214812652
"15889",0.323183634851318
"15890",0.331768513191196
"15891",0.175173828652877
"15892",0.869680312759117
"15893",0.280042042959349
"15894",0.206081614330531
"15895",0.317169391681287
"15896",0.489479762963357
"15897",0.0863715368552919
"15898",0.629738415150002
"15899",0.0772178283981649
"15900",0.19648532715773
"15901",0.657792685554609
"15902",1.08268855475607
"15903",1.15095097265243
"15904",0.639179491536011
"15905",0.620258397949212
"15906",0.458141913098561
"15907",0.560565055544795
"15908",0.300862351641855
"15909",0.727103042356216
"15910",0.341536933401892
"15911",0.242064382191731
"15912",0.130799241920319
"15913",0.201374264934034
"15914",0.552755441583538
"15915",0.323192317423829
"15916",1.35585147255081
"15917",0.105947253835862
"15918",0.441009062400982
"15919",1.2377710824389
"15920",0.401972668741066
"15921",0.576487805166865
"15922",0.24765811417832
"15923",0.728891492612343
"15924",0.502133700594927
"15925",0.786493919422283
"15926",0.302909517379012
"15927",0.072608576606927
"15928",0.742911246066807
"15929",0.183489447911905
"15930",0.771046949902934
"15931",0.0958684562686824
"15932",0.863218247043
"15933",0.293368727774984
"15934",0.222634551847663
"15935",0.223389256569726
"15936",0
"15937",0.117867654840757
"15938",0
"15939",0.0588858823961344
"15940",0.0741059989269831
"15941",0.493581179615068
"15942",0.11551538953889
"15943",0.0769759902216169
"15944",0.319799375376304
"15945",0.329879376998014
"15946",0.350266491882634
"15947",1.76206768699949
"15948",0.155499406000508
"15949",0.385090872244028
"15950",0.480197008687857
"15951",0.563097363586749
"15952",0.0296679592677453
"15953",0.0885652754450916
"15954",0.0945216454534642
"15955",0.0711168081645793
"15956",0.597149115880128
"15957",0.121597280724314
"15958",0.139854527174278
"15959",0.0242702631593619
"15960",0.0552420256034005
"15961",0.25318213214101
"15962",0
"15963",0.0395222885552983
"15964",0
"15965",0.0467092881245773
"15966",0.0631250717915968
"15967",0.109141902361331
"15968",0.858889186191637
"15969",0.236145159838777
"15970",0.110497573594165
"15971",0.307013796814565
"15972",0.279475330823469
"15973",0.441782437463538
"15974",0.117305901203618
"15975",0.804983490162708
"15976",0.233729235102408
"15977",0.0431180692281141
"15978",0
"15979",0.0626766171051638
"15980",0
"15981",0
"15982",0
"15983",0
"15984",0
"15985",0
"15986",0
"15987",0
"15988",0
"15989",0.238898173809228
"15990",0.179811144431722
"15991",0.194957780220532
"15992",0
"15993",0.580029170082799
"15994",0
"15995",0
"15996",0.0361214885530738
"15997",0.188094487935615
"15998",0.0957613869658879
"15999",0
"16000",0
"16001",0
"16002",0
"16003",0
"16004",0
"16005",0
"16006",0
"16007",0
"16008",0
"16009",0
"16010",0
"16011",0
"16012",0.169029003963376
"16013",0.307763431850739
"16014",0.226683977192664
"16015",0.106522033705044
"16016",0.0327101833884758
"16017",0.207267169870194
"16018",0.255116406632359
"16019",0.268952850765569
"16020",0.147183306700641
"16021",1.21609651527385
"16022",0.680209548805667
"16023",1.03714835837014
"16024",0
"16025",0.526924852156249
"16026",1.02435939985052
"16027",1.21854310720635
"16028",0.210303092196591
"16029",0.200952905286255
"16030",0.53582575901543
"16031",0.410555602994321
"16032",0.734951573741999
"16033",0.368785508062073
"16034",0.861155342641392
"16035",0.158860961013168
"16036",0.197282755694696
"16037",0.0756601109456205
"16038",0.0749101427323113
"16039",0.0408743003131682
"16040",0
"16041",0.147218749662008
"16042",0.323010902524696
"16043",0.126603346641133
"16044",0
"16045",0.0891443852237007
"16046",0.0399232936487862
"16047",0.197932935845938
"16048",0.702021621318554
"16049",1.59433505383787
"16050",0.860742738024629
"16051",0.946983716844281
"16052",0.0680155986757086
"16053",1.07662644170743
"16054",0.438834033422892
"16055",0.926973853058757
"16056",1.02390140316541
"16057",0.570072504775677
"16058",0.425821564862993
"16059",0.892436496126472
"16060",0.147271845443723
"16061",0.610162958659459
"16062",0.159465754917317
"16063",0.258221314966136
"16064",0.674155089606427
"16065",0.577999891861887
"16066",0.222002751696787
"16067",0.320921993205221
"16068",0.460332113104096
"16069",0.181254560550256
"16070",0.395935005099498
"16071",0.398781611964999
"16072",1.50189924310539
"16073",2.01634362237724
"16074",1.40823731749794
"16075",0.726056949877071
"16076",0.279811608259799
"16077",0.200785092216768
"16078",0.625699024856625
"16079",0.46885765257626
"16080",0.701724809290206
"16081",0.339548723079706
"16082",0.246694349418839
"16083",0.541231357908967
"16084",0.27179113105982
"16085",0.59063095063459
"16086",0.238840490899953
"16087",0
"16088",0.811094822813623
"16089",1.17416132557865
"16090",1.13561517561401
"16091",0.767699412625025
"16092",0.444808560054283
"16093",0
"16094",0.0599561820370323
"16095",0.23394961731411
"16096",0.686845868511914
"16097",0.426738087492951
"16098",0.129748530537729
"16099",0.254518961564842
"16100",0.130958463611972
"16101",0.660902704110537
"16102",0.0431761382359701
"16103",0.279570732895779
"16104",0.317099788437351
"16105",0.0935830617545866
"16106",0.154649946547468
"16107",0.393743219050376
"16108",0.800479499602961
"16109",0.548346277541471
"16110",0.251180056580645
"16111",0.727652066597339
"16112",0.751372367252296
"16113",0.55539300681378
"16114",0
"16115",0.0369216398069156
"16116",0.0884570927120146
"16117",0.0905711565514082
"16118",0.095980864003234
"16119",0.0618171440758813
"16120",0.0512790491720509
"16121",0.0235509689982411
"16122",0.0853085522640942
"16123",0.125552712065371
"16124",0.158497104177437
"16125",0
"16126",0.662518625160035
"16127",0
"16128",0.612098604775999
"16129",0
"16130",0.0696626118623271
"16131",0.346617105924364
"16132",0.144757095230492
"16133",0.411347200712028
"16134",0.383845092060872
"16135",0.408612860842673
"16136",1.13285840448175
"16137",0.603510438836177
"16138",0.797492972503118
"16139",0.0146344725898528
"16140",0.128716370204297
"16141",0.660579203400587
"16142",0.245228360837769
"16143",0
"16144",0.0359696475054672
"16145",0
"16146",0
"16147",0
"16148",0
"16149",0
"16150",0
"16151",0
"16152",0.24709855659051
"16153",0.118115818198264
"16154",0
"16155",0
"16156",0
"16157",0
"16158",0
"16159",0
"16160",0
"16161",0
"16162",0.530443412778798
"16163",0
"16164",0
"16165",0
"16166",0
"16167",0.00575136393189071
"16168",0
"16169",0.447716889400759
"16170",0.0104581014346809
"16171",0.0802229142755734
"16172",0
"16173",0.244884702354708
"16174",0.234742844265654
"16175",0.312145360185219
"16176",0.211190506796838
"16177",0.560415958788517
"16178",1.21671677595348
"16179",0.128990867007541
"16180",0.0663634091732415
"16181",0.797527891668868
"16182",0.943510503104017
"16183",0.671149298047235
"16184",0.638383449893226
"16185",0.086816148370722
"16186",0.439118787354566
"16187",0.0562643218174301
"16188",0.455016813605226
"16189",0.899479258329303
"16190",0.71593730515537
"16191",0.811298770367083
"16192",0.0780977623039422
"16193",0
"16194",1.16510660882547
"16195",0.0475183887496138
"16196",0
"16197",0.0247109038683026
"16198",0.0337891729609791
"16199",0.527022307114983
"16200",0.0763955914765175
"16201",0.0251178630491256
"16202",0
"16203",0.307840622088998
"16204",1.23145386032131
"16205",1.31609480441306
"16206",1.04751666686936
"16207",0.565642746590479
"16208",0.361391173632241
"16209",0.187575914557968
"16210",0.856064689364664
"16211",0.369342420368764
"16212",0.559875517877998
"16213",0.554206214763781
"16214",1.37245377255016
"16215",0.131092685790953
"16216",1.00067277350059
"16217",0.595663966528334
"16218",0.396211372294338
"16219",0
"16220",0.374583669924644
"16221",1.3796382622715
"16222",1.00602462747981
"16223",0.101378144167394
"16224",0.191328022536866
"16225",0.544011245087824
"16226",0.259439162501881
"16227",0.371305134589296
"16228",0.590348485234257
"16229",1.61002208411107
"16230",1.84927499680782
"16231",0.669248055843651
"16232",1.38341965692821
"16233",0.16246778699405
"16234",0.991880190494133
"16235",0.777201158636891
"16236",0.603423031164344
"16237",0.576686337420587
"16238",0.489945293011089
"16239",0.195692009132153
"16240",0.381462412071943
"16241",0.306490145556362
"16242",0.296858313034292
"16243",0.695082223674745
"16244",0.478937760464742
"16245",0.438941339871998
"16246",0.322043211672088
"16247",0.724354199221006
"16248",0
"16249",0.00714840706569134
"16250",0.0395442380341522
"16251",0.5945873527178
"16252",0.424803737378662
"16253",0.0717422319849118
"16254",0.150692333942128
"16255",0.0136650107347831
"16256",0.501444859384889
"16257",0
"16258",0.143685144533175
"16259",0.204765915499843
"16260",0.24634697235659
"16261",0.114127610976738
"16262",0.375153350365767
"16263",0.246302091075573
"16264",0.508578615684346
"16265",0.306904559368467
"16266",0.554060722383021
"16267",0.211055286207118
"16268",0.454953852302345
"16269",0.0884570927120146
"16270",0.0884570927120146
"16271",0.101351602749244
"16272",0.0324495586451287
"16273",0
"16274",0
"16275",0
"16276",0.0132254037708558
"16277",0.0509174607443003
"16278",0.0599982513936957
"16279",0.0405351177512989
"16280",0
"16281",0.0415456933523475
"16282",0
"16283",0.0415456933523475
"16284",0.159708121359736
"16285",0.0813972296540889
"16286",0.358986626485516
"16287",0.170098918073619
"16288",0.266849232561244
"16289",0.802455792807678
"16290",0.719931609401893
"16291",0.55133094033239
"16292",0.148646533242551
"16293",0.398874974953686
"16294",0.150349841194151
"16295",0.147013476194733
"16296",0.104651080207215
"16297",0.228499329105067
"16298",0.0325820383995613
"16299",0
"16300",0
"16301",0
"16302",0
"16303",0
"16304",0
"16305",0
"16306",0
"16307",0
"16308",0
"16309",0
"16310",0
"16311",0
"16312",0
"16313",0
"16314",0
"16315",0
"16316",0
"16317",0
"16318",0.469150099905722
"16319",0.206323476265273
"16320",0.754300471076182
"16321",0
"16322",0.00716077245663624
"16323",0.0592218070878118
"16324",0.00470212118827296
"16325",0.296262369318089
"16326",0.19961866923785
"16327",0.0358815763149835
"16328",0.415877750811584
"16329",0.854641161693958
"16330",0.203299778933201
"16331",0.0778571193867122
"16332",0.0740343252776558
"16333",0.399062114515461
"16334",0.305406080782311
"16335",0
"16336",0.134811459288416
"16337",0
"16338",0
"16339",0.663802593584422
"16340",0
"16341",0.0736842755569408
"16342",0.0966705822344597
"16343",0.544403532214385
"16344",0.0403967512694274
"16345",0.0402582884167172
"16346",0
"16347",0
"16348",0.717507735786738
"16349",0.109110264969323
"16350",0.795564037084876
"16351",1.10228161486049
"16352",0.673518719419148
"16353",0.0858680169864676
"16354",0.0450276470501179
"16355",0.825349797821268
"16356",0.553782579518587
"16357",0.473451119737421
"16358",0.272888859893318
"16359",1.04193007965659
"16360",0.070884210273321
"16361",0.316488259074263
"16362",0.601075612617438
"16363",0.217652170593477
"16364",0
"16365",0.501839627436264
"16366",0.995840688948263
"16367",1.27856960909286
"16368",1.07259543891464
"16369",0.213322400333781
"16370",0.00949782143991129
"16371",0.598447933560949
"16372",0.179572969771616
"16373",1.21611945237415
"16374",0.193549290868504
"16375",0.111911382266491
"16376",0.415544972566281
"16377",0.657433915491331
"16378",0.299457837385814
"16379",0.743137688512073
"16380",0.18346064198386
"16381",0.488038019157682
"16382",0.596444977363652
"16383",0.360386056828778
"16384",0.353401806225985
"16385",0.335058121563652
"16386",0.797099785377003
"16387",0.561242017113922
"16388",1.11873052994248
"16389",0.252926724395192
"16390",0.863747221502179
"16391",0.828663572440304
"16392",0.639217169497511
"16393",0
"16394",0
"16395",0
"16396",0.097538749212046
"16397",0.288342863238819
"16398",1.00219599829092
"16399",0.611949094385627
"16400",0
"16401",0.0120564571195317
"16402",0
"16403",0
"16404",0.0542023764367026
"16405",0.168222154559217
"16406",0.0954553756701529
"16407",0.214130772060212
"16408",0.147809817305156
"16409",0.136456028417482
"16410",0.0383178952444738
"16411",0.203632076090063
"16412",0.247234292944272
"16413",0.440317460359987
"16414",0.0884570927120146
"16415",0.207463085255745
"16416",0.0890775147733557
"16417",0.114927578223356
"16418",0
"16419",0
"16420",0
"16421",0
"16422",0.518065862528419
"16423",0
"16424",0.0221326938116089
"16425",0.0451798832476765
"16426",0.0415456933523475
"16427",0.0415456933523475
"16428",0.0415456933523475
"16429",0.160551685896078
"16430",0.0415404336318337
"16431",0.162053965617352
"16432",1.0791014075747
"16433",0.102567883970903
"16434",0.101034999774863
"16435",0.10182342685939
"16436",0.60511943569691
"16437",0.143628429960116
"16438",0.271854718736811
"16439",1.67341256713599
"16440",0.269886497511606
"16441",0.107238051452978
"16442",0.105561949109803
"16443",0.102229665495648
"16444",0.10652540357272
"16445",0.10716118048641
"16446",0
"16447",0
"16448",0
"16449",0
"16450",0
"16451",0
"16452",0.00282871659923754
"16453",0
"16454",0
"16455",0
"16456",0
"16457",0
"16458",0
"16459",0
"16460",0
"16461",0
"16462",0.0759118948460089
"16463",0.196837866601179
"16464",0.0793634069220738
"16465",0.0384204387210098
"16466",2.5906718432403e-05
"16467",0
"16468",0.0364485176606864
"16469",0.57501911205837
"16470",0.750336530439426
"16471",0.175608549870929
"16472",0.0220015798914269
"16473",0.258444024730659
"16474",0.0995873980271558
"16475",0.0984396529794411
"16476",0.0553063407464649
"16477",0.0977735156384272
"16478",0.173128338871512
"16479",0
"16480",0.121164103318518
"16481",0
"16482",0.0371027505233815
"16483",0.0409118880426156
"16484",0.16207339650932
"16485",0.145160235578813
"16486",0.559395342011765
"16487",0.102689753624405
"16488",0
"16489",0
"16490",0
"16491",0.0285979739651945
"16492",0.897425907951595
"16493",0.364641655272456
"16494",0.49335792805965
"16495",1.20604170633392
"16496",0.0328497571453301
"16497",0.293733594359573
"16498",0.0832359167674974
"16499",0
"16500",0.645164839478696
"16501",0.548163815803487
"16502",0.764291405388225
"16503",0.234883877732354
"16504",0.183361673529394
"16505",0.133481283838066
"16506",0.0164286726957305
"16507",0.0205119569214227
"16508",0
"16509",0.236575212164605
"16510",0.118900398406508
"16511",2.0979280078427
"16512",0.585277049780613
"16513",0.0821317283897124
"16514",0.511627394040187
"16515",0.00401388843009837
"16516",0.0816264207366741
"16517",0.494430896841955
"16518",0.275312729061867
"16519",0.25401624639424
"16520",0.359368654162582
"16521",0.291089541895716
"16522",0.592229944208295
"16523",0.13839167817793
"16524",0.187995533178153
"16525",0.343025751732927
"16526",0.380395658148297
"16527",0.398029801717005
"16528",0.37935324157166
"16529",0.199953981268633
"16530",0
"16531",0.803731349549658
"16532",0.919783443924713
"16533",0.910976220050315
"16534",0.386816657022009
"16535",0.838385035249277
"16536",0.923916684648844
"16537",0.264679800692261
"16538",0.0119422176871185
"16539",0.107413046223873
"16540",0.184445061516812
"16541",1.07045687156195
"16542",0.26047645443075
"16543",0.351395705519599
"16544",0
"16545",0
"16546",0
"16547",0.53218828299625
"16548",0
"16549",0.138175159910582
"16550",0.137990641937786
"16551",0.128460987689805
"16552",0.233584762307824
"16553",0.0746691397609805
"16554",0.0880341018496317
"16555",0.207463085255745
"16556",0.0884570927120146
"16557",0.097652104118931
"16558",0.0551500389879346
"16559",0
"16560",0
"16561",0
"16562",0
"16563",0
"16564",0.00624546533241562
"16565",0.0518873952980375
"16566",0.041549268078129
"16567",0.160551685896078
"16568",0
"16569",0.0415456933523475
"16570",0.0415456933523475
"16571",0.160551685896078
"16572",0.0427853642146802
"16573",0.0571156054210617
"16574",0.0728988085111366
"16575",0.0722623305071569
"16576",0.172091745169969
"16577",0
"16578",0.620274147370139
"16579",0
"16580",0.178879332199411
"16581",0.0186546300166651
"16582",0.041970077123083
"16583",0.0617858321492566
"16584",0.103129721102357
"16585",0.102818669675487
"16586",0
"16587",0
"16588",0
"16589",0
"16590",0
"16591",0.00282871659923729
"16592",0
"16593",0
"16594",0.00365015171911702
"16595",0
"16596",0
"16597",0
"16598",0
"16599",0
"16600",0
"16601",0.194714130080704
"16602",0.0497778036993195
"16603",0.0362109131691071
"16604",0.00619905421611784
"16605",0
"16606",0
"16607",0.0655987116109368
"16608",0
"16609",0.621935072824175
"16610",0.0704587800604677
"16611",0.174749518180125
"16612",0.343902467982239
"16613",0.0927905314000874
"16614",0
"16615",0.00629058411480536
"16616",0.00887714958459031
"16617",0.118695718794898
"16618",0
"16619",0.039967429456016
"16620",0.654990448476119
"16621",0.0348172363478166
"16622",0.0930524249494414
"16623",0
"16624",0
"16625",0
"16626",0
"16627",0
"16628",0.0481864335180353
"16629",0.417029821942804
"16630",0.174829785306543
"16631",0.181388623974129
"16632",1.03452318099186
"16633",0.613452180712288
"16634",0.743906145096728
"16635",0.469750429440627
"16636",0.247208997084468
"16637",0.418155712277213
"16638",0.136491114556844
"16639",0.14142445609457
"16640",0.150107760798004
"16641",0.134012276095662
"16642",0.558924651290934
"16643",0.0353249631298056
"16644",0
"16645",0.12725723070399
"16646",0.835322665405881
"16647",0.108295198211321
"16648",0.448589999633502
"16649",0.0832099942341386
"16650",0.219517247172156
"16651",0.152106566568717
"16652",0.197165989431676
"16653",0.15295061455487
"16654",0.121961841503532
"16655",0.337875939844815
"16656",0.112974697110555
"16657",0.264057304384642
"16658",0.353784744306792
"16659",0.315169241960504
"16660",1.56620302372893
"16661",0.574541122829324
"16662",0.0995938724403404
"16663",0.76639198442113
"16664",0.2005386668129
"16665",0.169539047024005
"16666",0.132248286280662
"16667",0.163195175160981
"16668",0.134332063661542
"16669",0.194235999244207
"16670",0.305639232400903
"16671",0.278827892003913
"16672",0.319073675256402
"16673",0.443037019354012
"16674",0.242834678493507
"16675",0.39400285662243
"16676",0.37447368783046
"16677",0.0810528556227266
"16678",0
"16679",0.0679396611267154
"16680",1.07678831054928
"16681",0.00181767150604008
"16682",0
"16683",0
"16684",0.125087683732869
"16685",0.0884570927120146
"16686",0.0884570927120146
"16687",0.0884733489158758
"16688",0.11454918630944
"16689",0
"16690",0
"16691",0
"16692",0
"16693",0
"16694",0.0100920044606515
"16695",0.0553847324995989
"16696",0.041549268078129
"16697",0.160551685896078
"16698",0.0926023940639124
"16699",0.731525385453236
"16700",0
"16701",0.0415456933523475
"16702",0.0416615212245319
"16703",0.0535307375318638
"16704",0.0676602351488737
"16705",0.0797779927299655
"16706",0.204177542229588
"16707",0.00659065363685583
"16708",0.13889003838058
"16709",0
"16710",0.0205147450078805
"16711",0.0205147450078805
"16712",0.019859094541486
"16713",0.0174864877594354
"16714",0.0151009879189249
"16715",0.109844910442385
"16716",0
"16717",0
"16718",0.00282871659923726
"16719",0.00385436839073195
"16720",0.0228789858666063
"16721",0.424863020296929
"16722",0
"16723",0
"16724",0.517067338178368
"16725",0.567171859705074
"16726",0
"16727",0.110671279045349
"16728",0.0542740592415891
"16729",0
"16730",0.466278490874855
"16731",0.397756381885081
"16732",0.465804606948657
"16733",0.0186683948238837
"16734",0
"16735",0
"16736",0.458321534120387
"16737",0.170544263655914
"16738",0.405579856655874
"16739",0.515253651687096
"16740",1.03703993209386
"16741",1.03017181195805
"16742",0.0805917420950801
"16743",0.106848891615962
"16744",0
"16745",0
"16746",0.116788234984955
"16747",0
"16748",0
"16749",0
"16750",0
"16751",0
"16752",0
"16753",0
"16754",0.55841166569571
"16755",0
"16756",0.156641980612892
"16757",0.316024841971341
"16758",0.644489068160696
"16759",0.663716275292203
"16760",0.459183383768528
"16761",0.105651761625951
"16762",0.185374421483833
"16763",0.347008359493916
"16764",0.622598091534096
"16765",0.0900463340144523
"16766",0.0798614893781518
"16767",0.0127522731524216
"16768",0
"16769",0.640230662466112
"16770",0.113469227119691
"16771",0.253494608806555
"16772",0.297021690989053
"16773",0.174132998894166
"16774",0
"16775",0.619725499562194
"16776",0.358042300765464
"16777",0.249737281646525
"16778",0.673236132384564
"16779",0.777009614674334
"16780",0.172312736926889
"16781",1.1805745047181
"16782",0.292612595700487
"16783",0.233362999920239
"16784",0.896321219154828
"16785",1.22188757251401
"16786",1.53905556626659
"16787",0.188303047677538
"16788",0.161768244166744
"16789",0.258397822212407
"16790",0.16946188466173
"16791",0.180085030398219
"16792",0.172374530871188
"16793",0.141297048558474
"16794",0.0929316974905028
"16795",0.20658886844423
"16796",0.238127968117883
"16797",0.0599209199241011
"16798",0.0140341581728215
"16799",0.0383235197366716
"16800",0.569071972515705
"16801",0.080356883161095
"16802",0.754424496380291
"16803",0.0280329402590671
"16804",0
"16805",0.116477742819273
"16806",0
"16807",0
"16808",0.125510674595252
"16809",0.106983883653633
"16810",0.0945413915927587
"16811",0.0759813060267369
"16812",0
"16813",0
"16814",0
"16815",0
"16816",0
"16817",0.00531609509266126
"16818",0.048635211308057
"16819",0.0415456933523475
"16820",0.160551685896078
"16821",0.160551685896078
"16822",0.0926023940639124
"16823",0.0415456933523475
"16824",0.0415456933523475
"16825",0.0529339850912047
"16826",0.0263500766635986
"16827",0.0551800071316978
"16828",0.0924153513274755
"16829",0.0834558151160634
"16830",0.132857333321978
"16831",0
"16832",0.0205147450078805
"16833",0.0205147450078805
"16834",0.0205147450078805
"16835",0.0205147450078805
"16836",0.0205036428671935
"16837",0.00465988144531985
"16838",0
"16839",0
"16840",0
"16841",0.0816057112808992
"16842",0
"16843",0
"16844",0.110671279045349
"16845",0.617815124192651
"16846",0.110659076012919
"16847",0.042425704229634
"16848",0
"16849",0
"16850",0
"16851",0
"16852",0
"16853",0.00845584275599435
"16854",0.546431040346145
"16855",0.719071823679887
"16856",0.189684889211171
"16857",0.0257900158937326
"16858",0
"16859",0.660510375278816
"16860",0
"16861",0.105318108080089
"16862",0
"16863",0.00815642575826224
"16864",0
"16865",0.0110576491801498
"16866",0
"16867",0
"16868",0
"16869",0
"16870",0.0110576491801498
"16871",0.0613557363160947
"16872",0.506612711941301
"16873",0
"16874",0
"16875",0
"16876",0.468984895524851
"16877",0.736715257395087
"16878",1.18706252779532
"16879",0.235288655669428
"16880",0.253846583884604
"16881",0.114479090264356
"16882",0.0391582245353163
"16883",0.107374013668428
"16884",0.599635202141357
"16885",0.0207790893955793
"16886",0.0355819508041296
"16887",0
"16888",0.557753258831667
"16889",0.13181856927936
"16890",0.126126682641186
"16891",0
"16892",0.543404956263106
"16893",0.307106926704683
"16894",0.210981567168631
"16895",0.681657420579385
"16896",0.710936293675637
"16897",0.189780727031972
"16898",0.26906087827471
"16899",0.538123142170188
"16900",0.358159692167685
"16901",0.410980730149268
"16902",0.677293012637997
"16903",0.795437159837201
"16904",0.633387770849676
"16905",0.136010976644111
"16906",0.259134915924085
"16907",0.163251478521025
"16908",0.237155853610118
"16909",0.105328962188041
"16910",0.163421254402864
"16911",0.140392498760868
"16912",0.120417568731663
"16913",0.215028908864615
"16914",0.0477206711640351
"16915",0.721549533264152
"16916",0.0614801958504492
"16917",0.223264817554422
"16918",0.171836323026753
"16919",0.244176484325063
"16920",1.00817861164821
"16921",0.149662904571998
"16922",0.0713892183912285
"16923",0
"16924",0.0887853454732426
"16925",0.140414284820549
"16926",0.00963471316277878
"16927",0
"16928",0
"16929",0
"16930",0
"16931",0
"16932",0.00873823124346626
"16933",0.0555334544019595
"16934",0.0487730934965908
"16935",0.0487730934965908
"16936",0.160551685896078
"16937",0.0415456933523475
"16938",0.0415456933523475
"16939",0.0457999898651545
"16940",0.0472597762109491
"16941",0.00229611342685024
"16942",0.0201862059992885
"16943",0.0208186575989311
"16944",0.0131080962639822
"16945",0
"16946",0.587116190248848
"16947",0
"16948",0.0205147450078805
"16949",0.0205147450078805
"16950",0.0205147450078805
"16951",0.00502391143682643
"16952",0
"16953",0
"16954",0.0657445481036466
"16955",0.0582561568026144
"16956",0.0582561568026144
"16957",0.0582561568026144
"16958",0.110671279045348
"16959",0.0581973693872659
"16960",0.0100019629401084
"16961",0
"16962",0
"16963",0
"16964",0
"16965",0
"16966",0
"16967",0
"16968",0.219924196255328
"16969",0.159687190280118
"16970",0
"16971",0
"16972",0
"16973",0.11016131424122
"16974",0
"16975",0
"16976",0
"16977",0.0110576491801498
"16978",0
"16979",0
"16980",0
"16981",0
"16982",0
"16983",0.13006364172388
"16984",0.0102271171047661
"16985",0.0612853276931208
"16986",0
"16987",0
"16988",0
"16989",0.0910084584335984
"16990",0.30426773423919
"16991",0.00996132262963278
"16992",0
"16993",0.0733482433816564
"16994",0.0421095303228093
"16995",0.0619904195315711
"16996",0.0828105478400899
"16997",0.113890315773227
"16998",0.146462067454192
"16999",0.785961365916201
"17000",1.35952687560123
"17001",0.822274972156819
"17002",0.384036660527127
"17003",0
"17004",0.0479029868234225
"17005",0.562986253352671
"17006",0.196336729553701
"17007",0.700230182093608
"17008",0.253358104094406
"17009",0.658172178140559
"17010",0.19067174210367
"17011",0.12494219109027
"17012",1.20271135641186
"17013",0.17973405799902
"17014",0.216242667323103
"17015",0.290435162084278
"17016",0.422956926291897
"17017",0.316361400310632
"17018",1.32884554211841
"17019",0.137286976237312
"17020",0.19891504342492
"17021",0.676025372057016
"17022",0.730809107576354
"17023",0.0878402139995829
"17024",0.150478690324987
"17025",0.131244844888554
"17026",0
"17027",0.307736877062699
"17028",0.537142731058082
"17029",0.329879421173475
"17030",0.139891616181538
"17031",0.517429709212613
"17032",0.112608469959292
"17033",0.436676908288858
"17034",0
"17035",0
"17036",0.0903591415961775
"17037",0.0560004936408342
"17038",0.0487730934965908
"17039",0.0490239481021176
"17040",0.059973931952298
"17041",0.000106159646570039
"17042",0.0179468210655045
"17043",0.020022807873714
"17044",0.0197715004936153
"17045",0.0205147450078805
"17046",0.0205147450078805
"17047",0
"17048",0.0205147450078805
"17049",0.0205147450078805
"17050",0.0127693282223535
"17051",0.00502391143682642
"17052",0.0649191522714586
"17053",0.0582561568026144
"17054",0.0582561568026144
"17055",0.0582561568026144
"17056",0.0582561568026144
"17057",0.0581480167304944
"17058",0
"17059",0
"17060",0
"17061",0
"17062",0
"17063",0
"17064",0
"17065",0
"17066",0
"17067",0
"17068",0
"17069",0
"17070",0
"17071",0
"17072",0
"17073",0
"17074",0.459314024274425
"17075",0
"17076",0
"17077",0
"17078",0
"17079",0
"17080",0.0110576491801498
"17081",0
"17082",0.128326366220897
"17083",0
"17084",0
"17085",0.439866888786044
"17086",0
"17087",0.608720566027043
"17088",0.472680113659924
"17089",0.474347608894656
"17090",0.0045097081563955
"17091",0
"17092",1.566157785594
"17093",0
"17094",0.188669653216546
"17095",0.644629976629618
"17096",0.392820265603029
"17097",1.21825748917177
"17098",2.09270405911719
"17099",2.06499724254098
"17100",0.416261405136735
"17101",0
"17102",0
"17103",0.012038310330273
"17104",0.320182341150406
"17105",0.507176761333026
"17106",0.748453677593289
"17107",0.836871216556924
"17108",0.296952306850223
"17109",0.238607789592119
"17110",1.03924937108435
"17111",0.165950867523917
"17112",0.543159727938967
"17113",0.121291029497931
"17114",0.130370168840845
"17115",0.858847314037541
"17116",0.25746106016696
"17117",0.773056898758439
"17118",0.30431432619407
"17119",0.711458520288109
"17120",0.154574012053567
"17121",0.395067814364051
"17122",0.138731342033916
"17123",0.00722387737876976
"17124",1.11582438601875
"17125",0
"17126",0.218994344210554
"17127",0.160704524025385
"17128",0.893115200575137
"17129",0.382157275169005
"17130",0.655720234821513
"17131",0
"17132",0.0260246990945482
"17133",0
"17134",0.00502391143682643
"17135",0.0127693282223534
"17136",0.0205147450078805
"17137",0.0205147450078805
"17138",0.0205147450078805
"17139",0.0205147450078805
"17140",0.0205147450078805
"17141",0.00502391143682642
"17142",0.0649191522714586
"17143",0.0615876545370365
"17144",0.0582561568026144
"17145",0.0615876545370365
"17146",0.0649191522714585
"17147",0
"17148",0
"17149",0
"17150",0
"17151",0
"17152",0
"17153",0
"17154",0.0143234949432707
"17155",0.0293469658396808
"17156",0
"17157",0.0265651605359183
"17158",0.0115796944811062
"17159",0
"17160",0
"17161",0.0920866885797454
"17162",0
"17163",0
"17164",0
"17165",0
"17166",0.010599694686196
"17167",0
"17168",0
"17169",0.44982419783751
"17170",0
"17171",0.511710150385447
"17172",0
"17173",0
"17174",0
"17175",0
"17176",0.774226382690403
"17177",0
"17178",1.13790759469208
"17179",0
"17180",0.0144789171003608
"17181",0.984817368870044
"17182",1.13826006546679
"17183",0.739106285732719
"17184",0.309594872278223
"17185",0.217928361351428
"17186",0.527664559682179
"17187",0
"17188",0
"17189",0.620683142145866
"17190",0.233955510364631
"17191",0.413746016011056
"17192",0.777743356012517
"17193",0.253674048593699
"17194",0.184675602207098
"17195",0.196603326156062
"17196",0.680937156608864
"17197",0.957779128040187
"17198",0.568893372720118
"17199",0.894647871777772
"17200",0.667782967207859
"17201",0.568879912022224
"17202",0.261863206168314
"17203",0.141372587347643
"17204",0.330226196232056
"17205",0.509859309549172
"17206",0.156393358904101
"17207",0.286584597825081
"17208",0.143155931053069
"17209",0
"17210",0.682848873158606
"17211",0.171300287254787
"17212",0.0526976120819735
"17213",0.0546862632323539
"17214",0.319541302403952
"17215",0
"17216",0.859268816181893
"17217",0.509234513311562
"17218",0.0794398230381694
"17219",0.0423743421411549
"17220",0.00502391143682642
"17221",0.0127693282223535
"17222",0.0205147450078805
"17223",0.0205147450078805
"17224",0.00502391143682642
"17225",0.0682506500058806
"17226",0
"17227",0
"17228",0.0190993140301683
"17229",0.0391420568402967
"17230",0.0400865715399362
"17231",0
"17232",0.455457320723173
"17233",0
"17234",0.154348649769848
"17235",0
"17236",0.725189613630079
"17237",0
"17238",0.165931236107614
"17239",0
"17240",0
"17241",0.562476430187465
"17242",0
"17243",0.384192698204639
"17244",0.271049931306766
"17245",0
"17246",0
"17247",0.0003157747070828
"17248",0.045498430912378
"17249",0.0426491413443892
"17250",0.0339214867273396
"17251",0.12442702714758
"17252",0.111003630230143
"17253",0.48727132510129
"17254",0
"17255",0.0910711860793714
"17256",0.0358450419434624
"17257",0.145340841703184
"17258",0.0441109508695206
"17259",0.0682132017731585
"17260",0.239712267284192
"17261",0.00870612768124393
"17262",0
"17263",0.0414689184907461
"17264",0.0212517441751234
"17265",0
"17266",0.275239123896504
"17267",0.136990269203262
"17268",0.538287607522469
"17269",0
"17270",0.0645581069006227
"17271",0.153087060368431
"17272",0.124714517676161
"17273",0.0867475765443204
"17274",0.284429282623617
"17275",0.488334047527039
"17276",0.647804396606682
"17277",0.242005475696616
"17278",0.0843273847856363
"17279",0.726806221614883
"17280",0.197158552949161
"17281",0.149857021914901
"17282",0.38810559645375
"17283",0.144021013138991
"17284",0.149755148951921
"17285",0.155763866084983
"17286",0.201140694925368
"17287",0.175771824713628
"17288",0.171493476642304
"17289",0.0585574193854458
"17290",0.0119201179897109
"17291",0.250766743329793
"17292",0
"17293",0.0676400961387731
"17294",0.0137458557722098
"17295",0.0280600989566823
"17296",0.00502391143682644
"17297",0.00502391143682643
"17298",0.0519219793009396
"17299",0.0489862010130787
"17300",0.0454983434474097
"17301",0
"17302",0
"17303",0.94914359457738
"17304",0.503413101133576
"17305",0
"17306",0.146497996107524
"17307",0
"17308",0.165240031036847
"17309",0
"17310",0.0648737998043616
"17311",0.217921781884272
"17312",0.0999197526624258
"17313",0.318746606480602
"17314",0
"17315",0.827254429724688
"17316",0.512512475848579
"17317",0.129925062666876
"17318",0.0691596847039416
"17319",0.0465121537594698
"17320",0
"17321",0.651411991879132
"17322",0.737582641245809
"17323",0.41209459560881
"17324",0.59916781686702
"17325",0.398150049195168
"17326",0.621470811831269
"17327",0.76997951454646
"17328",0.189686330291865
"17329",0.258478370508304
"17330",0.152796103536804
"17331",1.05543271806962
"17332",0.0539189901396282
"17333",0.15630491700485
"17334",0.0403482565280152
"17335",0
"17336",0.108039171840506
"17337",0.114644679751727
"17338",0.134986433050552
"17339",0
"17340",0.000389286362765293
"17341",0.0681248890098991
"17342",0.0338700275631436
"17343",0.0831914017463275
"17344",0.579001829557804
"17345",0.0695520241401611
"17346",0.714993663974902
"17347",0.392530133027467
"17348",0.173204380885826
"17349",0.210169428943208
"17350",0.437984696175609
"17351",0.290049307792925
"17352",0.391372975204464
"17353",0.164417589299315
"17354",0.154632366855249
"17355",0.165978366440086
"17356",0.159701602083143
"17357",0.285969604924134
"17358",0.194772186222553
"17359",0.200753593851648
"17360",0.228132327717595
"17361",0.0128977905742791
"17362",0.013658265485697
"17363",0.0137458557722098
"17364",0.0137458557722098
"17365",0.0137458557722098
"17366",0.0423743421411549
"17367",0
"17368",0
"17369",0
"17370",0
"17371",0
"17372",0.0443290938705507
"17373",0.0287549193381935
"17374",0
"17375",0.606940109673046
"17376",0.047451284715669
"17377",0.0170818431265509
"17378",1.16475572531675
"17379",0.595752142321722
"17380",0
"17381",1.0612625991282
"17382",0.639468649231357
"17383",0.355278674131536
"17384",0.276702255565406
"17385",0.0723635820153272
"17386",0.46378611359904
"17387",0.441215504307602
"17388",0.286900260858451
"17389",0.7502036784401
"17390",0.900415029660275
"17391",0.111514862513681
"17392",0.351885127398041
"17393",0.484434360857733
"17394",0.336455972719765
"17395",0.124082891118089
"17396",0.23390065253858
"17397",0.469553858178416
"17398",0.184683491435673
"17399",0.139110351277179
"17400",0.274046199578384
"17401",0.486280965960118
"17402",0.0672598613280337
"17403",0.11456694097028
"17404",0.0372716448282533
"17405",0.491289857513458
"17406",0
"17407",0.00483258763033093
"17408",0.784963944651638
"17409",0.579920643979192
"17410",0.103121110264364
"17411",0.676672712416571
"17412",0.405428983130022
"17413",0.526390223304208
"17414",0.240710701572097
"17415",0.660912607279676
"17416",0.427168556739731
"17417",1.14921972367692
"17418",0.214808276836518
"17419",0.281149539414026
"17420",0.163413880235821
"17421",0.162041127293482
"17422",0.16115387561543
"17423",0.125808863361545
"17424",0.233640279939782
"17425",0.233708717025505
"17426",0.134969649914438
"17427",0.0535671148518832
"17428",0.0272111355315303
"17429",0.0280600989566823
"17430",0.0280600989566823
"17431",0.0423743421411549
"17432",0
"17433",0
"17434",0
"17435",0.509343243198386
"17436",0
"17437",0
"17438",0
"17439",0.094388438639499
"17440",0.282754169900794
"17441",0.0734780036648098
"17442",1.16485722654523
"17443",0.455543575397525
"17444",0.339182343620266
"17445",0.537009669510356
"17446",0.317309055037299
"17447",0.485204166169089
"17448",0.745023067861637
"17449",0.557253368244082
"17450",0.21848712430392
"17451",0.708799768339662
"17452",0.36329333443895
"17453",0.159921155758286
"17454",0.0295990457429677
"17455",0.414671877093041
"17456",0.369022900526218
"17457",0.852151188971044
"17458",0.339223406823553
"17459",0.832213451944838
"17460",0.0443541499847626
"17461",0.0789152215425899
"17462",0
"17463",0.528536072656401
"17464",0.275338545165566
"17465",0.735581398291317
"17466",0
"17467",0.0979295475313582
"17468",0
"17469",0
"17470",0.0570440747006227
"17471",0.410480616993181
"17472",0.505033582718894
"17473",0.131959965425459
"17474",0.354201786822368
"17475",0.734469193127881
"17476",0.657918268899722
"17477",0.30200155271306
"17478",1.048706707516
"17479",0.516216682332824
"17480",1.25157539871775
"17481",0.383364142648369
"17482",0.518455054634828
"17483",0.159146137206008
"17484",0.275507563244162
"17485",0.161838583777159
"17486",0.161242496319174
"17487",0.133281697741596
"17488",0.132729240474885
"17489",0.149867141669825
"17490",0.522097259846506
"17491",0
"17492",0
"17493",0
"17494",0
"17495",0
"17496",0
"17497",0
"17498",0.724360914102004
"17499",1.67561592051769
"17500",0.880228407518192
"17501",0.638809222148052
"17502",0.591517911441066
"17503",0.510743543662324
"17504",0.0821050625309592
"17505",0.210119795427135
"17506",0.482936008639682
"17507",0.210089503509766
"17508",1.56852329639503
"17509",0.114487726940317
"17510",0.191377616512956
"17511",0.102551648187737
"17512",0.6913675900748
"17513",0
"17514",0.448018907553539
"17515",0.283413226239501
"17516",0.227731659584716
"17517",0.082405972905611
"17518",0.704814477083022
"17519",0.0926276539934106
"17520",0.0261028054958911
"17521",0.0173179575918107
"17522",0.793964382255451
"17523",0.535974162819037
"17524",1.23966705302376
"17525",0.10973164766724
"17526",0.19280297471137
"17527",0.132144995987797
"17528",0.736888508998869
"17529",1.24668357961659
"17530",0.877708976873901
"17531",0.49781109872528
"17532",0.565267009185499
"17533",0.205673194043833
"17534",0.518805751501152
"17535",1.25661388579885
"17536",0.655484206583123
"17537",0.456885248353403
"17538",0.636166193055642
"17539",0.440810983234696
"17540",0.30896887660255
"17541",0.417990042450708
"17542",0.216669186588422
"17543",0.267122564382643
"17544",0.15041805087226
"17545",0.181644025640713
"17546",0
"17547",0
"17548",0
"17549",0
"17550",0
"17551",0
"17552",0.0645197096463143
"17553",0
"17554",0
"17555",0.850972158849556
"17556",0.677210768445803
"17557",0.737407442154313
"17558",0.937774973182609
"17559",0.397930251898783
"17560",0
"17561",0.0560744839651898
"17562",0.565128645685706
"17563",0.300528945343489
"17564",0.74276024466805
"17565",0.875527135058805
"17566",0.0453047245281191
"17567",0
"17568",0.621549308122554
"17569",1.31188233104795
"17570",0
"17571",0.0668821352047433
"17572",0
"17573",0.100786154962712
"17574",0.157757721720627
"17575",0
"17576",0.0109465211731132
"17577",0.0674643417396147
"17578",0.053059923722248
"17579",0.739142974141556
"17580",0.0698817500792943
"17581",0.153397051467629
"17582",0.46793987699945
"17583",1.4179792236659
"17584",1.42225617229786
"17585",1.73075256684513
"17586",1.0916272140062
"17587",0.521910428732409
"17588",0.19852332190881
"17589",1.0907946073067
"17590",0.895519682514697
"17591",0.478667944168529
"17592",0.18215987285673
"17593",0.658885196687053
"17594",0.204181849196201
"17595",0.862103120040022
"17596",0.861010106034636
"17597",0.212248497365886
"17598",0.394848683858305
"17599",0.2426873080692
"17600",0.265104276352923
"17601",0.306694048211338
"17602",0
"17603",0.522097259846506
"17604",0
"17605",0
"17606",0
"17607",0.509343243198386
"17608",0
"17609",0.167292868794923
"17610",0.575662816333075
"17611",0.0686633590127886
"17612",0.98214047084173
"17613",1.5097029939407
"17614",0.613171009350963
"17615",0.212373088581851
"17616",0.066545385937825
"17617",0
"17618",1.09692576642129
"17619",0.22265610559204
"17620",1.32337940610366
"17621",0.85553384578074
"17622",0.108481205478001
"17623",0.792715248159198
"17624",0
"17625",0.0642905319933756
"17626",0.0715196746520869
"17627",0
"17628",0.551639751560864
"17629",0.430473144450705
"17630",0
"17631",0
"17632",0
"17633",0
"17634",0.0766458329108721
"17635",0
"17636",0.14050691988214
"17637",0.241383374715623
"17638",0.368795456537935
"17639",0.741339136454954
"17640",1.53090052113382
"17641",1.01054536402621
"17642",0.955502875940324
"17643",0.830510732695248
"17644",0.239806732627455
"17645",0.400779317817029
"17646",0.609887076781501
"17647",0.320332002850319
"17648",0.121142920405346
"17649",1.12878969684669
"17650",0.0756688453523404
"17651",0.721525799937683
"17652",0.23870380224566
"17653",0.269590453774408
"17654",0.266631191397183
"17655",0.269448891339278
"17656",0.26783738100389
"17657",0.294887472696076
"17658",0
"17659",0
"17660",0
"17661",0
"17662",0
"17663",0.637755827130641
"17664",0.515115971914385
"17665",0.948531510602807
"17666",0.192673780153051
"17667",0.315001794365694
"17668",0
"17669",0
"17670",0
"17671",0.051320073553913
"17672",0.0203790847527069
"17673",0.407555081220477
"17674",0.152074292043738
"17675",0.11531659835478
"17676",0
"17677",0.231070164955374
"17678",0.0794058312554345
"17679",0.00104534455953825
"17680",0.0511050940850589
"17681",0
"17682",0
"17683",0
"17684",0
"17685",0
"17686",0
"17687",0
"17688",0.0760393625000613
"17689",0
"17690",0.0304741090075814
"17691",0.189318927686306
"17692",0.574392483994431
"17693",0.528690444844984
"17694",1.0922699437964
"17695",0.048935571921089
"17696",0.405904757286899
"17697",0.0342935765055976
"17698",0.0872904327150542
"17699",0.572948151674959
"17700",1.37167119992739
"17701",0.305166770062748
"17702",0.645086071942379
"17703",0.27918787633391
"17704",0.665128046846854
"17705",0.0846798699023523
"17706",0.320005616130905
"17707",0.267831479363149
"17708",0.266589959177605
"17709",0.266589959177605
"17710",0.294887472696076
"17711",0.0309306769752877
"17712",0
"17713",0.0723558154722347
"17714",0
"17715",0.249227928819499
"17716",0
"17717",0
"17718",0.534306157866085
"17719",0
"17720",0
"17721",0.0776320374457015
"17722",0
"17723",0
"17724",0
"17725",0.0515412629590269
"17726",0.0176550145680714
"17727",0.0754084828503727
"17728",0
"17729",0
"17730",0
"17731",0.507068068400867
"17732",0
"17733",0
"17734",0
"17735",0
"17736",0
"17737",0
"17738",0.0457580602542262
"17739",0.00688807266619559
"17740",0.656924953656906
"17741",0.78561762392849
"17742",0.421416394816146
"17743",0.991108568581263
"17744",0.447064939328292
"17745",0.415310111393344
"17746",0
"17747",1.90551060449365
"17748",0.226972474110336
"17749",0.873901341185378
"17750",0.279409820499263
"17751",0.548436109224198
"17752",0.247528069773866
"17753",0.221379737525778
"17754",0.230753283446424
"17755",0.791605766539624
"17756",0.204871880371639
"17757",0.266589959177605
"17758",0.266589959177605
"17759",0.296908992698168
"17760",0
"17761",0.460272416860257
"17762",0.460589184632894
"17763",0
"17764",0.0282576401104481
"17765",0.475236950929067
"17766",0.00247873168212708
"17767",0.0574383969657523
"17768",0
"17769",0
"17770",0
"17771",0
"17772",0
"17773",0
"17774",0
"17775",0
"17776",0
"17777",0
"17778",0
"17779",0
"17780",0
"17781",0
"17782",0
"17783",0.216133547726417
"17784",0.167610913340727
"17785",0
"17786",0.205711764100215
"17787",0.234679775222817
"17788",0.487109599696109
"17789",0.287763559664544
"17790",0.38210851815256
"17791",0.621952707961596
"17792",0
"17793",0.0800303612954634
"17794",0.0630397142299138
"17795",0.918416555955646
"17796",0.713512130506846
"17797",0.881456988206462
"17798",0.571403078462129
"17799",0.361194037358846
"17800",0.1989333600566
"17801",0.358948814377787
"17802",0.436050901872295
"17803",0.267474895376307
"17804",0.269683837360811
"17805",0.28120847141845
"17806",0.293121907172336
"17807",0.00144295271792579
"17808",0
"17809",0
"17810",0.0284376361815465
"17811",0
"17812",0.0576743416406584
"17813",0
"17814",0
"17815",0
"17816",0.0550902536446191
"17817",0
"17818",0.501327801646822
"17819",0
"17820",0
"17821",0
"17822",0
"17823",0
"17824",0
"17825",0
"17826",0
"17827",0
"17828",0
"17829",0
"17830",0.324762480235196
"17831",0.203933401468216
"17832",0.838814004081272
"17833",0.184099310004272
"17834",0.183324844883571
"17835",0.10128113765747
"17836",0.292929388536601
"17837",0.310425897729433
"17838",0.485308696739283
"17839",0.145635145950676
"17840",0
"17841",0.468377754226329
"17842",0.219065808029905
"17843",0.4596655477916
"17844",0.207558879597244
"17845",0.284136553741747
"17846",0.656666543896893
"17847",0.478882926926808
"17848",0.552233988358889
"17849",0.259857452204839
"17850",0.518289862389494
"17851",0.263403686924391
"17852",0.172891789461423
"17853",0.130041063803447
"17854",0.00144295271792579
"17855",0
"17856",0
"17857",0
"17858",0.534982891477001
"17859",0.540693822335882
"17860",0
"17861",0.0554178428109472
"17862",0
"17863",0
"17864",0
"17865",0.0199858868524888
"17866",0.0280233097339351
"17867",0.027898232768123
"17868",0.0277679050873601
"17869",0.0276375782272691
"17870",0.0285375532727067
"17871",0.0327446929678618
"17872",0.0330081049467373
"17873",0
"17874",0.164535463714101
"17875",0.272466201030927
"17876",0.263400373306098
"17877",0.115789498414576
"17878",0.102353179879259
"17879",0.160492228188481
"17880",0
"17881",0.672100431422068
"17882",0.0332921492575497
"17883",0.097738179772502
"17884",0.214566516791936
"17885",0.687854030897501
"17886",0.134770282975582
"17887",0.129265019400288
"17888",0.150383492360426
"17889",0.407643853371506
"17890",0.828804555184494
"17891",1.4638542617833
"17892",0.840208556471557
"17893",0.380964106034525
"17894",0.118071109832171
"17895",0.230533065965992
"17896",0.224635417787085
"17897",0.148951668456692
"17898",0
"17899",0
"17900",0.0569979132782472
"17901",0
"17902",0
"17903",0
"17904",0
"17905",0.0197306002367212
"17906",0.033573121350857
"17907",0.0341695533689755
"17908",0.0341695533689755
"17909",0.0341695533689755
"17910",0.0341695533689755
"17911",0.0341695533689755
"17912",0.0341695533689755
"17913",0.0261908647020712
"17914",0
"17915",0.355637745619669
"17916",0.103479537286152
"17917",0.0731413877193982
"17918",0.0322641043362881
"17919",0.0233377956659194
"17920",0.160210215916226
"17921",0
"17922",0.0168586343120697
"17923",0.303910550222469
"17924",0.182102611785582
"17925",0.133204839271073
"17926",0.164076838416908
"17927",0.277498888991579
"17928",0.118972923827671
"17929",0.149800761165187
"17930",0.551720428871969
"17931",0.595120216957086
"17932",0.279234994567784
"17933",0.305837399506828
"17934",0.640147971697043
"17935",0.170170868335589
"17936",0.723594767724245
"17937",0.208592924852775
"17938",0
"17939",0
"17940",0
"17941",0
"17942",0
"17943",0
"17944",0.00999611434828771
"17945",0.0325841347760235
"17946",0.0341695533689755
"17947",0.0341695533689755
"17948",0.0341695533689755
"17949",0.0341695533689755
"17950",0.0847526940237393
"17951",0.0341695533689755
"17952",0.0341695533689755
"17953",0.0240621259671677
"17954",0
"17955",0.0568230283573301
"17956",0.728077067803387
"17957",0.0842789656753976
"17958",0.027954681413085
"17959",0.0205314456972473
"17960",0.0218921414137186
"17961",0.0186437535166133
"17962",0.0761393993441953
"17963",0.193265284400348
"17964",0.24982983142835
"17965",0.298262694579139
"17966",0.581564845839948
"17967",0.405195406668112
"17968",0.162915888042882
"17969",0.453632906087402
"17970",0.23858161134158
"17971",0.561335873722815
"17972",0.144740582556769
"17973",0.835062982088675
"17974",0.550330760738782
"17975",0.247660401267243
"17976",0.174223338913233
"17977",0
"17978",0
"17979",0
"17980",0
"17981",0
"17982",0
"17983",0.0315951954354501
"17984",0.0341695533689755
"17985",0.0341695533689755
"17986",0.0341695533689755
"17987",0.0847526940237393
"17988",0.609122548814341
"17989",0.0847526940237393
"17990",0.0341695533689755
"17991",0.0341695533689755
"17992",0.0320408146340719
"17993",0.153175545912706
"17994",0.20375868656747
"17995",0.153175545912706
"17996",0.0341695533689755
"17997",0.0341695533689755
"17998",0.0844513117053299
"17999",0.031267638557111
"18000",0.0392622528029699
"18001",0.123614526506703
"18002",1.14462697787937
"18003",1.1981366422154
"18004",0.62460872871704
"18005",0.108812710826811
"18006",0.787500218963384
"18007",0.475263093217214
"18008",0.337138267277686
"18009",0.292454755784401
"18010",0.424269197835688
"18011",0.431341374586384
"18012",0.25511238162908
"18013",0.49389164856171
"18014",0.164639712290396
"18015",0
"18016",0
"18017",0
"18018",0
"18019",0
"18020",0
"18021",0.0341695533689755
"18022",0.0341695533689755
"18023",0.0341695533689755
"18024",0.0341695533689755
"18025",0.0847526940237393
"18026",0.0341695533689755
"18027",0.0341695533689755
"18028",0
"18029",0.0341695533689755
"18030",0.272181538456436
"18031",0.153175545912706
"18032",0.153175545912706
"18033",0.0341695533689755
"18034",0.0847526940237393
"18035",0.609122548814341
"18036",0.0847526940237393
"18037",0.0313475748339622
"18038",0
"18039",1.19897926244606
"18040",1.89279332373731
"18041",0.509139312683198
"18042",0.533275075821831
"18043",0.0260347793775592
"18044",0.397139222233983
"18045",0.255774468609893
"18046",0.537579499158237
"18047",0.264457178782644
"18048",0.234119366913747
"18049",0.493384084042491
"18050",0.136106389085349
"18051",0.159056722769318
"18052",0
"18053",0
"18054",0
"18055",0
"18056",0
"18057",0.60779465931019
"18058",0
"18059",0.0341695533689755
"18060",0.0341695533689755
"18061",0.0341695533689755
"18062",0.0341695533689755
"18063",0.0341695533689755
"18064",0
"18065",0.609122548814341
"18066",0.3227646791112
"18067",0.0341695533689755
"18068",0.272181538456436
"18069",0.0341695533689755
"18070",0.0341695533689755
"18071",0.0341695533689755
"18072",0.0847526940237393
"18073",0.0341695533689755
"18074",0
"18075",0.609122548814341
"18076",0
"18077",0
"18078",0.177506784573648
"18079",0.193577659178201
"18080",0.876503815275257
"18081",0.620384917757954
"18082",0.5288221592641
"18083",0.38596169936875
"18084",0.386919705923194
"18085",0.112366735742627
"18086",0.159381181637635
"18087",0.159381181637635
"18088",0.18239625686397
"18089",0
"18090",0.0313901919228665
"18091",0.587941604483669
"18092",0.0785649092429421
"18093",0.0324465900172084
"18094",0
"18095",0.0341695533689755
"18096",0.0341695533689755
"18097",0.0341695533689755
"18098",0.0341695533689755
"18099",0.0341695533689755
"18100",0.0341695533689755
"18101",0.0341695533689755
"18102",0.20375868656747
"18103",0.0341695533689755
"18104",0.391187531000167
"18105",0.0341695533689755
"18106",0.0341695533689755
"18107",0.0341695533689755
"18108",0.0341695533689755
"18109",0.0341695533689755
"18110",0.0341695533689755
"18111",0.0341695533689755
"18112",0
"18113",0.0337744795213595
"18114",0.0337744795213595
"18115",0.0148914118328298
"18116",0.171797654938343
"18117",0.262651621773412
"18118",0.473632491566408
"18119",0.254972149941068
"18120",0.538443183243067
"18121",0.358089789635607
"18122",0.154174339014879
"18123",0.0289447726915337
"18124",0.0834254089069673
"18125",0.0333794056737435
"18126",0.0333794056737435
"18127",0.0337744795213595
"18128",0.0337744795213595
"18129",0.0337744795213595
"18130",0.0341695533689755
"18131",0.0341695533689755
"18132",0.0341695533689755
"18133",0.0341695533689755
"18134",0.0341695533689755
"18135",0.272181538456436
"18136",0.0341695533689755
"18137",0.0341695533689755
"18138",0.0341695533689755
"18139",0.0341695533689755
"18140",0.0341695533689755
"18141",0.0341695533689755
"18142",0.0341695533689755
"18143",0.0337744795213595
"18144",0.0333794056737435
"18145",0.0333794056737435
"18146",0.0337744795213595
"18147",0.0337744795213595
"18148",0.0337744795213595
"18149",0.0341695533689755
"18150",0.0341695533689755
"18151",0.0341695533689755
"18152",0.0337744795213595
"18153",0.0337744795213595
"18154",0.0337744795213595
"18155",0.0337744795213595
"18156",0.0337744795213595
"18157",0.0333794056737435
"18158",0.0333794056737435
"18159",0.0337744795213595
"18160",0.0333794056737435
