"","x"
"1",3
"2",0.778789137663375
"3",0.545173807796394
"4",0.0779431480624319
"5",0.545173807796394
"6",0.311558477929413
"7",0.0779431480624319
"8",1.02727989731899
"9",0.0710891140506082
"10",0.965729227226418
"11",0
"12",0
"13",0
"14",0
"15",0.467507151049251
"16",0.031895353087715
"17",0.543294327854501
"18",0.0253157766279644
"19",0
"20",0
"21",0.624721412732453
"22",0.346158997882782
"23",0
"24",0.0924203225965937
"25",0
"26",0
"27",0
"28",0
"29",0
"30",0
"31",0
"32",0.341200012100765
"33",0.133422566702203
"34",0.0383343433541667
"35",0.524523931491473
"36",0.871907687927838
"37",1.15992306874832
"38",0
"39",0.94874018969041
"40",0
"41",0.0851274607716455
"42",0.203167349043706
"43",0.220670320111956
"44",0
"45",0.226058300324511
"46",0
"47",0
"48",0
"49",0
"50",0
"51",0
"52",0
"53",0.455492285629135
"54",0
"55",0
"56",0.0596566817473595
"57",0
"58",0.422679892805229
"59",0.979647346730892
"60",0
"61",1.56122622723271
"62",0.717544121653361
"63",0.134390168909786
"64",0.0505466754312781
"65",0
"66",0.0745218007932081
"67",0.205781693941788
"68",0
"69",0
"70",0
"71",0.0978083028091491
"72",0
"73",0
"74",0
"75",0
"76",0
"77",0.157289704658832
"78",0.0226667288390725
"79",0
"80",0
"81",0
"82",0.261979360634832
"83",0
"84",0
"85",0
"86",0.704475392951556
"87",0.111364403790893
"88",0
"89",0
"90",0
"91",0
"92",0.0766176243546653
"93",0.0615217387185691
"94",0.220670320111956
"95",0
"96",0.354308297839873
"97",0
"98",0
"99",0
"100",0
"101",0
"102",0
"103",0.278600210492163
"104",0
"105",0
"106",0.132457394585373
"107",0
"108",0.334739477138395
"109",0.691437235497885
"110",0.631780161031481
"111",1.32990046977641
"112",0.136967113920285
"113",0
"114",0
"115",0
"116",0
"117",0
"118",0.247022143913958
"119",0.22232474908912
"120",0
"121",0.58487839565854
"122",0.1592072258468
"123",0.0913082929965233
"124",0
"125",0.226058300324511
"126",0
"127",0
"128",0
"129",0
"130",1.08129050260362
"131",0
"132",0.166725090424921
"133",0.739363253493936
"134",0
"135",0.712521712771747
"136",0.0479727268111027
"137",0.541883982896358
"138",0.75313551063892
"139",0.0382571210996513
"140",0.161932342696764
"141",0
"142",0
"143",0
"144",0
"145",0
"146",0.285937961790891
"147",0.137934235928043
"148",0.125469505428589
"149",0
"150",0.237160474977108
"151",0
"152",0
"153",0
"154",0.189191126983428
"155",0
"156",0
"157",0
"158",0.0978019968165115
"159",0
"160",0
"161",0
"162",0.309789736771414
"163",0
"164",0.566840166089193
"165",0.0362784155106588
"166",0.299096158853273
"167",0
"168",0
"169",0
"170",0.590391757588347
"171",0
"172",0.928986054761811
"173",0
"174",0.263719567744385
"175",0
"176",0
"177",0
"178",0
"179",0
"180",0.2554754388877
"181",0.276944047112795
"182",0
"183",0.703435670508908
"184",0
"185",0.309501448703519
"186",0.703113467886304
"187",0.469558285668536
"188",0
"189",0.44336857548064
"190",0
"191",0
"192",0
"193",0
"194",0
"195",0.627181381625802
"196",0
"197",0.249385406923036
"198",2.18095047231426
"199",0.68998743501971
"200",1.77725392673657
"201",0.0343311610174926
"202",0.138257481496619
"203",0
"204",0
"205",0
"206",0
"207",0
"208",0.351091574465234
"209",0
"210",0.167518050531482
"211",0
"212",0.16487019910806
"213",0
"214",0
"215",0.155267378622634
"216",0.448973206898661
"217",0.0317069197310069
"218",0.00288966732195184
"219",0.343720114546676
"220",0
"221",0.447740104575589
"222",0
"223",0.0166750763980669
"224",0.241840944531496
"225",0
"226",0.0894374647980047
"227",0
"228",0
"229",0.122604511784624
"230",1.3980217069334
"231",0.43836338124724
"232",1.28849070047329
"233",0
"234",0.510811752086891
"235",0
"236",0.618971451432788
"237",0
"238",0.745806615655623
"239",0
"240",0.43003674009632
"241",0.0764180096913797
"242",0.0139382893298939
"243",0.275110183301326
"244",0
"245",0.16487019910806
"246",0
"247",0
"248",0
"249",0.154893802312752
"250",0.467935717819342
"251",0
"252",0.512401370108072
"253",0
"254",0.388813347550424
"255",0.581972559549859
"256",0
"257",0.0716050254420068
"258",0.115570605069926
"259",0.37404053650911
"260",0.0649397621258492
"261",0.226058300324511
"262",0
"263",0.0553737319787296
"264",0.455945852789028
"265",0
"266",1.6597619696763
"267",0.790200870417612
"268",0.576009771236622
"269",0.171882315513874
"270",0.452406237620602
"271",0
"272",0.714017698426477
"273",0
"274",0.102038786208111
"275",0.257796277277068
"276",0
"277",0.214963242949729
"278",0
"279",0
"280",0.0511823936795899
"281",0.262666055454722
"282",0.473183336862532
"283",0.0603043702509662
"284",0
"285",0
"286",0.0839940586219816
"287",0.398597651384592
"288",0.161259607769769
"289",0
"290",0
"291",0.0839079915734988
"292",0.339903577285903
"293",0
"294",0.46836995145851
"295",0.0464030045466298
"296",0.148861496848028
"297",0.195855835925131
"298",0.680731280879196
"299",0.149240048881432
"300",0.0864197095656933
"301",0
"302",0.0448290741959478
"303",0
"304",0
"305",0.57737940097299
"306",0.0707450184355835
"307",1.16371742538237
"308",0.1764124154942
"309",0.512408622944346
"310",0.302795139315674
"311",0
"312",0.00175378228402001
"313",0.275935899325379
"314",0
"315",0.315488929473388
"316",0
"317",0
"318",0
"319",0.203453457818012
"320",0
"321",0.233084024202741
"322",0.35427358639177
"323",0.379765668823448
"324",0
"325",0.168032369506973
"326",0.152807765126812
"327",0.0603043702509662
"328",0
"329",0
"330",0
"331",0.218188271722773
"332",0.714524901541055
"333",0.223985762390213
"334",0.464997804495707
"335",0.126283552209874
"336",0
"337",0
"338",0
"339",0.106789279817742
"340",0.0368945813349523
"341",0.219428183276292
"342",0.0632389922636518
"343",0.180447609479701
"344",0
"345",0
"346",0
"347",0.526259038893389
"348",0.00675903901931629
"349",0.503525348651295
"350",0
"351",0.203846759152313
"352",0
"353",0
"354",0
"355",0.0468343747490672
"356",0.324938328401675
"357",0
"358",0
"359",0
"360",0
"361",0
"362",0.173483465981587
"363",0
"364",0.0295436886196613
"365",0
"366",0
"367",0.100770603997496
"368",0.502616741700837
"369",0.646220533733549
"370",0.146732124134005
"371",0.156098995487365
"372",0.0783292631196849
"373",0
"374",0.116092571952043
"375",0.188553728767943
"376",0
"377",0
"378",0
"379",0.0417509941371629
"380",0.356737137117302
"381",0.618522827349844
"382",0.186054551681239
"383",0.193242314202447
"384",0.233549615913884
"385",0
"386",0.24040319862123
"387",0
"388",0.0541635099853345
"389",0
"390",0.0780042673381695
"391",0.0199357165578317
"392",0.000361037737336839
"393",0
"394",0
"395",0.0709572205125502
"396",0
"397",0
"398",0
"399",0.398009041378027
"400",0.101061120838956
"401",0.461860409838861
"402",0.130321626891583
"403",0
"404",0.34026970391525
"405",0
"406",0.692052979638111
"407",0.292717821195346
"408",0.315367815270144
"409",0.211616371914657
"410",0
"411",0
"412",0
"413",0.572289595678978
"414",0.144503287020155
"415",0.118265549116355
"416",0.177896802335304
"417",0
"418",0.426359116397672
"419",0
"420",0
"421",0.674587793733103
"422",0
"423",1.11983482574609
"424",0.443786150949982
"425",0
"426",0.0494636142031666
"427",0
"428",0
"429",0.209623424908385
"430",0
"431",0.0116256367122909
"432",0
"433",0.234082289791066
"434",0.22973543924961
"435",0.17665670525338
"436",0.018919296236502
"437",0
"438",0.11475287264828
"439",0.030136009672766
"440",0.0398213609170556
"441",0.101228670204924
"442",0
"443",0.107745636962007
"444",0
"445",0
"446",0
"447",0
"448",0
"449",0.0720706853697357
"450",0.387129623973881
"451",0
"452",0.498000204211024
"453",0.248000209054374
"454",0.269759043862666
"455",0.101061120838956
"456",0
"457",0
"458",0
"459",0.0552828389750285
"460",0
"461",0
"462",0.0976188107743954
"463",0.157554863044711
"464",0.210358799746655
"465",0.0628227738478169
"466",0.0698423438944621
"467",0
"468",0
"469",0.319399735634276
"470",0.0121359904667614
"471",0.173319265777462
"472",0.22486780659688
"473",0
"474",0
"475",0
"476",0.135753751257022
"477",0.40591848606082
"478",0
"479",0
"480",0
"481",0.233611206892841
"482",0
"483",0
"484",0.00413577816652683
"485",1.1323831759729
"486",0.00385449604162069
"487",0
"488",0
"489",0.109160463943692
"490",0.012146872049039
"491",0
"492",0
"493",0.070538208635771
"494",0
"495",0.00582771552952394
"496",0
"497",0.176947972286449
"498",0
"499",0
"500",0
"501",0.22168794218538
"502",0
"503",0.224881666838381
"504",0
"505",0
"506",0
"507",0
"508",0
"509",0
"510",0.0670967562084144
"511",0.25887962645852
"512",0.369750206695663
"513",0.632750201600459
"514",0.241500209180301
"515",0.25887962645852
"516",0.032586859303281
"517",0.0325749688201331
"518",0.718360404869585
"519",0
"520",0.440032831521114
"521",0
"522",0
"523",0
"524",0
"525",0
"526",0
"527",0.172580230706829
"528",0
"529",0.146417721212461
"530",0.163785037837381
"531",0.213616458551373
"532",0
"533",0
"534",0
"535",0.672218740451005
"536",0
"537",0.407825461712294
"538",0.0170304482589307
"539",0.0819447625753353
"540",0.927785747068531
"541",0
"542",0.945524332187545
"543",0.014019280719381
"544",0
"545",0.0033027839080087
"546",0.834661999953091
"547",0
"548",0.750505848073284
"549",0.517808390657429
"550",0.576104110059577
"551",0.416390461826923
"552",0.483549611070534
"553",0.105299618398522
"554",0
"555",0.0441123977874905
"556",0
"557",0
"558",0.320517920920916
"559",0
"560",0.241008080532168
"561",0
"562",0.157220817425891
"563",0
"564",0.0966316693230187
"565",0
"566",0
"567",0
"568",0.0966316693230187
"569",0
"570",0
"571",0
"572",0
"573",0
"574",0
"575",0.248762097446219
"576",0.0670967562084144
"577",0.130629628943158
"578",0.504500204085097
"579",0
"580",0.504500204085097
"581",0.130629628943158
"582",0
"583",0.029792744242875
"584",0.53574199519281
"585",0.151095197979046
"586",0.844204756709021
"587",0.493348510440747
"588",0.18353283649039
"589",0
"590",0
"591",0
"592",0
"593",0
"594",0
"595",0.0646619836111479
"596",0
"597",0.0202349900754347
"598",0.0262588305138315
"599",0.546546451916726
"600",0
"601",0.244926572795767
"602",0.406967537001527
"603",0.514727390855899
"604",0.386209663628179
"605",0.182197845405463
"606",0.127802447061699
"607",0.445284397151547
"608",0.540765397613468
"609",0.224450508133582
"610",0
"611",0.138168200167909
"612",0.663620268550932
"613",0
"614",0.0579200223008218
"615",0
"616",0.538939015791526
"617",0.591477422754622
"618",0.328446113046723
"619",0.865723163374015
"620",0.567376469592349
"621",0
"622",0
"623",0.0922996087118232
"624",0.361799613429245
"625",0
"626",0
"627",0
"628",0.0186333571279678
"629",0.00128420287982195
"630",0
"631",0.105624775808897
"632",0
"633",0
"634",0
"635",0.0966316693230187
"636",0
"637",0.224881666838381
"638",0
"639",0.224881666838381
"640",0
"641",0
"642",0
"643",0
"644",0
"645",0
"646",0.430427438684023
"647",0
"648",0.505262092476942
"649",0.398009041378027
"650",0
"651",0
"652",0
"653",0.643629619004605
"654",0.107694652738458
"655",0.129518563677352
"656",0.264150307524523
"657",1.10723723765084
"658",0
"659",0.156175353547753
"660",1.00142992923498
"661",0
"662",1.07478281922385
"663",0.18353283649039
"664",0
"665",0.671834331255698
"666",0
"667",0
"668",0.209505395188972
"669",0
"670",0.377580732787755
"671",0.720204135682493
"672",0
"673",0.699127084997099
"674",1.05318757881704
"675",0.12034022417312
"676",0.463662359210199
"677",0.436429788621071
"678",0.452744178586469
"679",0.344770373555591
"680",0.87864205268294
"681",0.0995402690992578
"682",0.240547059799835
"683",0.225701410290593
"684",0
"685",0.762239021100371
"686",0
"687",1.61671499707621
"688",0.165971831998508
"689",1.06567655363759
"690",0.249907192312729
"691",0.177950971858848
"692",0.155619254767125
"693",0.149272908790437
"694",0.161940196180161
"695",0.772671293152971
"696",0
"697",1.15560216734326
"698",0.331896077603081
"699",0.583339627695263
"700",0.371716778157426
"701",0
"702",0.361799613429245
"703",0
"704",0
"705",0
"706",0
"707",0
"708",0
"709",0
"710",0.0110197537746461
"711",0.257715912359572
"712",0
"713",0.145982417510161
"714",0
"715",0
"716",0
"717",0.0966316693230187
"718",0
"719",0
"720",0
"721",0
"722",0
"723",0
"724",0.17904188689827
"725",0
"726",0
"727",0
"728",0.387129623973881
"729",0
"730",1.41974639379876
"731",0
"732",1.02968255644304
"733",0.367051019957159
"734",0.659535013784487
"735",0.627671045527081
"736",1.13931595590897
"737",0.61155063087227
"738",0.153217862598348
"739",0.104410260683654
"740",1.62318537892259
"741",0
"742",0.631631229441992
"743",0
"744",0
"745",0
"746",0.831963401978167
"747",1.50381004845379
"748",0.0478778596646321
"749",1.03172717243296
"750",0.318205058212684
"751",0.0167807018252265
"752",0.719663983429215
"753",0.310289504846713
"754",0
"755",0
"756",0
"757",0.360310151560583
"758",0.707292264338053
"759",0.377196880718633
"760",1.55834588322806
"761",0.254117185247903
"762",0.922300645893668
"763",0.0681251945376437
"764",0.746685859111679
"765",0
"766",0
"767",0.0888080089214049
"768",0.423325279350214
"769",0.395756629160084
"770",0.0324642164595952
"771",1.19174370469661
"772",0.673629803371005
"773",0.102619185157247
"774",0.409091808405055
"775",0
"776",0
"777",0.36985178915011
"778",0
"779",0
"780",0
"781",1.26182062664778
"782",0.42289788654504
"783",0
"784",0.105299618398522
"785",0
"786",0
"787",0
"788",0
"789",0
"790",0
"791",0
"792",0.00259660970096937
"793",0.0425051990455627
"794",0.0119046293590789
"795",0.233616891849239
"796",0
"797",0
"798",0
"799",0
"800",0
"801",0
"802",0
"803",0
"804",0
"805",0
"806",0
"807",0.180619809444965
"808",0.680427433840673
"809",0
"810",0.130629628943158
"811",0.69282480234118
"812",0
"813",0
"814",0
"815",0.661466049150121
"816",0
"817",0.836278587552192
"818",0.523892839713181
"819",1.29797471247764
"820",0
"821",0.500147642836216
"822",0.79314504099325
"823",0.86775064672818
"824",0
"825",1.45019681563721
"826",0
"827",0.626607721209128
"828",0.791311353204448
"829",0.386249731252258
"830",1.30336983353218
"831",0
"832",0.463206904612007
"833",0.164580573745682
"834",0.411210879542335
"835",0.520790743740894
"836",0.537875168730694
"837",0
"838",0.941272517655503
"839",0.634111070556233
"840",0
"841",1.19149488887938
"842",0.110274525278099
"843",0.75092296154019
"844",0
"845",0.207444613103636
"846",0
"847",0.116323451611008
"848",0.0523821355887789
"849",0.0141643639758583
"850",0.946886216099018
"851",0
"852",0.0475310851713338
"853",0
"854",0.449412221157577
"855",0
"856",0
"857",0.381929370765559
"858",0
"859",0.242428721078058
"860",0.85957036546174
"861",0
"862",0.753184446920315
"863",0.459421089694893
"864",0.217197462692098
"865",0
"866",0
"867",0
"868",0
"869",0
"870",0
"871",0
"872",0
"873",0
"874",0.279484233688485
"875",0
"876",0.139310344626616
"877",0
"878",0
"879",0
"880",0
"881",0
"882",0
"883",0
"884",0
"885",0
"886",0
"887",0
"888",0.14903491717515
"889",0
"890",0.414877993287092
"891",0.626140913940692
"892",0.329574722656372
"893",0.257819763051028
"894",1.1361456367567
"895",0
"896",1.72205581852894
"897",0.634186150337766
"898",0.107987463551698
"899",0
"900",0
"901",0.225169490288782
"902",0.228931639080258
"903",0.722346032122671
"904",0
"905",0.139532507779867
"906",0
"907",0
"908",0
"909",1.41589038403889
"910",0.282375802487854
"911",0.816823893287726
"912",1.64493250176973
"913",0.513433929819708
"914",1.21094057563533
"915",0
"916",0.769961100454067
"917",0.356223321143432
"918",0.734640324497508
"919",0.369458072641973
"920",0.215269637382764
"921",1.19972614084752
"922",0
"923",1.12404149092722
"924",0.512520661896321
"925",0.106835746618906
"926",0.28696499570719
"927",1.02445295615971
"928",0
"929",0.452834770937431
"930",0
"931",0
"932",0.0768719750593677
"933",0
"934",0.279060741957351
"935",0
"936",0.271068433959032
"937",0.651630601519014
"938",0
"939",0.468582071167716
"940",0
"941",0.315839056324086
"942",0
"943",0.699408857729605
"944",0.392753918893395
"945",0
"946",0
"947",0.100138154771224
"948",0
"949",0
"950",0
"951",0
"952",0
"953",0
"954",0.00889874755709197
"955",0.00720491401084938
"956",0.368439435879833
"957",0
"958",0
"959",0
"960",0.0775433118365279
"961",0
"962",0
"963",0
"964",0
"965",0
"966",0
"967",0
"968",0.000533699912319788
"969",0
"970",0.324108666908763
"971",0
"972",0
"973",0.137125902160206
"974",0.405500307355927
"975",0.322725575061599
"976",0.885509218543098
"977",0.218096293928423
"978",0.517846639586253
"979",0.416679394589442
"980",0.441890369483651
"981",0.772032559404068
"982",0.251260048005173
"983",0.837565363441732
"984",0
"985",0.536993560190413
"986",0
"987",0.17831594437844
"988",1.10072640707087
"989",0.854960764850633
"990",0.347211299618911
"991",0.774091562735876
"992",0
"993",1.21173615339556
"994",1.16912813873741
"995",0
"996",0.599936569520127
"997",0.317370523420965
"998",1.41958275726548
"999",0.235491795073254
"1000",0.7564842065386
"1001",0.523271241092141
"1002",0.68787722146304
"1003",0
"1004",0.623717530775328
"1005",1.58063377865978
"1006",0.522614735097339
"1007",1.49092383909253
"1008",0.930007980241374
"1009",1.67704664980481
"1010",0.795856671463835
"1011",0.446430292193549
"1012",0.930675387877695
"1013",0.114641751092385
"1014",0
"1015",0
"1016",0.0348770510831649
"1017",0.341339913453977
"1018",0
"1019",0
"1020",0
"1021",0.237110717496622
"1022",0
"1023",0
"1024",0.0800443934853494
"1025",0.503345361649911
"1026",0
"1027",0
"1028",0
"1029",0.538749583564034
"1030",0.426836005428009
"1031",0.23071372357181
"1032",0
"1033",0
"1034",0
"1035",0
"1036",0.108271751855552
"1037",0
"1038",0.0291966707591539
"1039",0
"1040",0.509486335663507
"1041",0
"1042",0.695562045866391
"1043",0
"1044",0.455731547446112
"1045",0
"1046",0
"1047",0
"1048",0
"1049",0
"1050",0.240856624716592
"1051",0
"1052",0.00414226654715615
"1053",0
"1054",0.329581941140384
"1055",0
"1056",0.688543437680339
"1057",0.575537286412608
"1058",0.268885389319138
"1059",0.911704801219222
"1060",0.160938183010305
"1061",0.120512099930857
"1062",0
"1063",0.265999382605338
"1064",0
"1065",0.908773975682177
"1066",1.24182641085752
"1067",0.328858439372468
"1068",0.870859787342595
"1069",0.390185907836755
"1070",0.165917412170145
"1071",0
"1072",0.983424132121526
"1073",0.253230608230544
"1074",0.660858264390946
"1075",0.427925271692145
"1076",1.86613250702537
"1077",0
"1078",2.28431270973567
"1079",0.702942294843453
"1080",0
"1081",0
"1082",0
"1083",0
"1084",0
"1085",0
"1086",1.18625345866751
"1087",2.19741444809342
"1088",1.27788629901472
"1089",0.541364689463822
"1090",0.965705176080688
"1091",0.932854134034374
"1092",0
"1093",0.764840416887474
"1094",0.790570230800913
"1095",1.1052943972928
"1096",1.11781042458689
"1097",1.74131366815004
"1098",0.0944591422845211
"1099",0.717959335197465
"1100",0.691359131398404
"1101",0
"1102",0.443653766272217
"1103",0
"1104",0
"1105",0.708499660453974
"1106",0
"1107",0.677216180312736
"1108",0
"1109",0.271417571132469
"1110",0
"1111",0.147361584439233
"1112",0
"1113",0
"1114",0
"1115",0
"1116",0
"1117",0
"1118",0
"1119",0.189746741057682
"1120",0.0797317245783219
"1121",0
"1122",0
"1123",0
"1124",0.212671213258661
"1125",0
"1126",0.259858813300037
"1127",0
"1128",0.41400650055885
"1129",0
"1130",0.207906593824493
"1131",0
"1132",0.370678468613799
"1133",0.169003433242477
"1134",0.167706777826012
"1135",0.0365085153885105
"1136",0.193107029481918
"1137",0.237108056314385
"1138",0
"1139",0
"1140",0
"1141",0
"1142",0.177967351479846
"1143",0.389303381595483
"1144",0
"1145",0.142537045207986
"1146",0.437863920044773
"1147",0
"1148",0
"1149",0.430427438684023
"1150",0
"1151",0.173927443653299
"1152",0
"1153",0
"1154",0.0670967562084144
"1155",0.853277231349468
"1156",0.993629319084122
"1157",1.61979874996719
"1158",0.260525589803155
"1159",1.082731745105
"1160",0.414265699485106
"1161",0.299393620288343
"1162",0.619234732996778
"1163",0.757086574496894
"1164",1.12470533301983
"1165",0.88874788216003
"1166",0.207363261911006
"1167",0
"1168",0.982460153942751
"1169",1.41108790696586
"1170",0.270222868527287
"1171",0
"1172",0
"1173",1.49184097664376
"1174",0
"1175",1.04472538482341
"1176",2.1719777438247
"1177",1.45435291072261
"1178",1.07189822599704
"1179",0.449451801906602
"1180",0.469802455697889
"1181",1.46316993769472
"1182",0.633367594659243
"1183",0.130199081193165
"1184",1.0522155760886
"1185",1.11056506726289
"1186",0.917030849665308
"1187",0.293153729628816
"1188",0
"1189",0.958299352750472
"1190",0.149224379567075
"1191",0
"1192",0
"1193",0.174207901404093
"1194",0.598473392041531
"1195",0
"1196",0
"1197",0
"1198",0.340243562866597
"1199",0
"1200",0.323630877679235
"1201",0
"1202",0.269591313293605
"1203",0.236440900973663
"1204",0.167629974196755
"1205",0
"1206",1.22038705328988
"1207",0.0932720006122716
"1208",0.573844601584666
"1209",0.0168960594038888
"1210",0
"1211",0
"1212",0
"1213",0.0596119772130199
"1214",0
"1215",0
"1216",0
"1217",0.116491238244544
"1218",0
"1219",0.354074480805567
"1220",0
"1221",0.536695446354483
"1222",0
"1223",0.149048809233557
"1224",0
"1225",0.0170802914988166
"1226",0.1106085221087
"1227",0.0700360100202602
"1228",0.422507326222804
"1229",0
"1230",0.161740938767602
"1231",0
"1232",0.257232062553945
"1233",0.98762095988482
"1234",0
"1235",1.01316959780262
"1236",0.156471989805882
"1237",0.255609566157055
"1238",0.5332019873607
"1239",0
"1240",0.430427438684023
"1241",0.417427438935877
"1242",0.361993119962367
"1243",0
"1244",0
"1245",0.142268050869804
"1246",0.141383770336191
"1247",0.0558664310202805
"1248",0.464582540285436
"1249",0.252650492262557
"1250",0.613344589531968
"1251",1.18213102728542
"1252",0.0312422271725066
"1253",1.15120047438899
"1254",0.389811146577504
"1255",2.24986509735809
"1256",0.444016912821075
"1257",0.881459563707465
"1258",0
"1259",0.859853885975862
"1260",2.61467902440326
"1261",0.596557828890771
"1262",0.187037505675755
"1263",0.159018579746567
"1264",0
"1265",0
"1266",0.591637566547211
"1267",1.10615607798668
"1268",1.57921910107722
"1269",1.31115943296458
"1270",0.981613675696883
"1271",0.386924839186303
"1272",2.3783439127891
"1273",0.806132858452998
"1274",2.42687956466257
"1275",1.54978227730906
"1276",1.55921720720732
"1277",0.529665683949493
"1278",0.612308246666059
"1279",0.531206768950093
"1280",1.09890317623002
"1281",1.28675342588584
"1282",0.446933817969844
"1283",0.771953195355756
"1284",0.382564947061564
"1285",0
"1286",0.735122823474226
"1287",0
"1288",0.683664497611492
"1289",0
"1290",0.0705305700383569
"1291",0
"1292",0
"1293",0
"1294",0
"1295",0.117053650176031
"1296",0.251879238450126
"1297",0
"1298",0.587499576097941
"1299",0
"1300",0
"1301",0
"1302",0
"1303",0
"1304",0
"1305",0.316111972243744
"1306",0
"1307",0.239280778882957
"1308",0
"1309",0.555241128254323
"1310",0
"1311",0.695587208069639
"1312",0
"1313",0
"1314",0.16522558922889
"1315",0
"1316",0
"1317",0.483447657294228
"1318",0
"1319",0
"1320",0
"1321",0
"1322",0.00509011547857341
"1323",0.827189033352368
"1324",0
"1325",1.42296148104973
"1326",0
"1327",0
"1328",0
"1329",0.325610326877686
"1330",0.116773956576688
"1331",0.39063582460293
"1332",0.85897493373219
"1333",0.69116471912572
"1334",0.0370588062099882
"1335",0.265999382605338
"1336",0
"1337",0
"1338",0
"1339",0.541305536689587
"1340",0.22198932835416
"1341",1.47829506597056
"1342",0.840981619123202
"1343",0.432843618947674
"1344",0.0270047057701058
"1345",0.635247974135023
"1346",0
"1347",0.358888673334281
"1348",1.54080407476969
"1349",0.804913072598886
"1350",1.44623982037559
"1351",0
"1352",1.11083864491675
"1353",0.738522220190804
"1354",1.24965009032997
"1355",0.662308697069989
"1356",1.0195407625745
"1357",0.135587087696379
"1358",1.15316341321103
"1359",0.197431504921889
"1360",0.508920263930055
"1361",0.651623683348729
"1362",1.16045577443502
"1363",0
"1364",0.383727431706731
"1365",0.706519655349133
"1366",1.65807763778491
"1367",0.985968682347138
"1368",1.77409503309695
"1369",1.13687710997701
"1370",0.424120605068108
"1371",0.639490587872921
"1372",1.16757499286616
"1373",1.08685547365328
"1374",0.998756453818272
"1375",0.738807079812688
"1376",0.544467984850407
"1377",0
"1378",0.518221489105247
"1379",0
"1380",0.162194909805093
"1381",0
"1382",0
"1383",0
"1384",0.200273471009182
"1385",0
"1386",0
"1387",0
"1388",0
"1389",0
"1390",0
"1391",0.0347083214298913
"1392",0.197350867967469
"1393",0
"1394",0
"1395",0.0186698888451301
"1396",0
"1397",0.21597845273434
"1398",0
"1399",0.320247410534292
"1400",0
"1401",0.406560345999467
"1402",0
"1403",0.0901973506102287
"1404",0
"1405",0.077816566815132
"1406",0
"1407",0
"1408",0.100262289813075
"1409",0.205192368116777
"1410",0
"1411",0
"1412",0
"1413",0
"1414",0.462789999919923
"1415",0.402401401468031
"1416",0
"1417",0
"1418",0
"1419",0.979766749355886
"1420",0
"1421",1.45979410634659
"1422",0.238043488788348
"1423",0.22427299652118
"1424",0.389267611287925
"1425",0.434842874728825
"1426",0.345974943670742
"1427",0
"1428",0
"1429",0.792738693835028
"1430",0
"1431",0.265459825047972
"1432",0.055308359457011
"1433",0.10831226856435
"1434",0.660374651756584
"1435",0.542756706399098
"1436",0.405742957325615
"1437",0.320517940615619
"1438",0.271904681535074
"1439",0
"1440",1.63166634753226
"1441",0.623128416410748
"1442",0.692106079502727
"1443",0
"1444",0.858675456698311
"1445",0.505527552711409
"1446",0
"1447",1.17279852021693
"1448",0.891815087378582
"1449",1.83010161148685
"1450",0.413495137928139
"1451",0.640539449660039
"1452",0.465899867637297
"1453",0.690948195652672
"1454",0.478586197187822
"1455",0.716286356430646
"1456",0
"1457",0
"1458",0.0891942114742506
"1459",0.463439565025885
"1460",0.0514885324697285
"1461",0.657517401119006
"1462",0.394380868176957
"1463",1.3939617818546
"1464",0.841550625682598
"1465",0.155313343965901
"1466",0.667064477045279
"1467",0.173200226217543
"1468",1.1106000622233
"1469",1.00365850302936
"1470",1.54955901417773
"1471",0.937359510022022
"1472",0.0588564700261432
"1473",0
"1474",0
"1475",0
"1476",0.186857170528359
"1477",0
"1478",0
"1479",0
"1480",0.455780428157042
"1481",0
"1482",0.497623898973468
"1483",0
"1484",0.0803521380849648
"1485",0.0851578427030727
"1486",0
"1487",0
"1488",0
"1489",0.0127942609641835
"1490",0.396537779445002
"1491",0.338448063831687
"1492",0.295760214030145
"1493",0
"1494",0
"1495",0
"1496",0.193154340147553
"1497",0.221602019905585
"1498",0.764068558801734
"1499",0.0140240759766656
"1500",1.04738064272703
"1501",0.206082291713749
"1502",0
"1503",0
"1504",0.0509349271748799
"1505",0.274731666036045
"1506",1.82242866926943
"1507",0
"1508",1.73877628710703
"1509",0.490060759490224
"1510",0
"1511",0.00975601531881976
"1512",0.69739992261941
"1513",0
"1514",0.834722557866705
"1515",0.42877416151135
"1516",1.15970234552306
"1517",0.206368185040397
"1518",0.64869762777919
"1519",0
"1520",0.371987261096354
"1521",0.177061961974947
"1522",0
"1523",0
"1524",0
"1525",1.28401051073752
"1526",0
"1527",1.63317565497494
"1528",0.371589549217669
"1529",1.10308619939355
"1530",1.45864258014337
"1531",0.77424508662195
"1532",0.714425531564387
"1533",0.696969126406473
"1534",0.323807924693122
"1535",0
"1536",0
"1537",0.0797416038405199
"1538",0.560774869898861
"1539",1.13679933143694
"1540",1.07650757405072
"1541",0.263786256291712
"1542",0.962278959667246
"1543",0
"1544",0.267625310766101
"1545",0.616100803902239
"1546",0.783282574774134
"1547",0
"1548",0.760487953179813
"1549",2.34788537479374
"1550",0
"1551",0.826044332442964
"1552",0.579368891199653
"1553",0
"1554",0
"1555",0
"1556",0
"1557",0.458708729090321
"1558",0.806697351214785
"1559",0.761231911995112
"1560",0.61280717738753
"1561",0.15792777579305
"1562",0.136343174227431
"1563",0
"1564",0
"1565",0.70305048464221
"1566",0.704996147083567
"1567",1.42766446067909
"1568",0
"1569",0.121223494418492
"1570",0.258662580297814
"1571",0
"1572",0
"1573",0.0751675438921765
"1574",0.107759707945289
"1575",0.311209657154352
"1576",1.10165684753059
"1577",0
"1578",0
"1579",0.123007858235079
"1580",0.403742946322835
"1581",0.440573784989511
"1582",0
"1583",0.748812221077845
"1584",0
"1585",0.0549460275368379
"1586",0
"1587",0.647088157881867
"1588",0.597266545633706
"1589",0.495977170033083
"1590",0.32832707458139
"1591",0
"1592",0.192635856430453
"1593",0
"1594",0.456181119890178
"1595",0.353868764444559
"1596",1.61014783919568
"1597",0.289265477685945
"1598",1.31671411201592
"1599",0.0856255591964429
"1600",0
"1601",0
"1602",1.06794677374806
"1603",0.176408813404067
"1604",0.149065765086767
"1605",0.346696022265289
"1606",0.0790471369351031
"1607",0
"1608",0
"1609",0.0785689019219844
"1610",0.512109011434248
"1611",0.520418807642241
"1612",0.914869309591918
"1613",0.0175147038938117
"1614",0.0450187046653203
"1615",0.0549760849095682
"1616",0
"1617",0
"1618",0.0240874280770057
"1619",0
"1620",0
"1621",0
"1622",0
"1623",0.208304944199811
"1624",0
"1625",0
"1626",0
"1627",0.769332552795283
"1628",0.163771665327736
"1629",0
"1630",0.826710981388321
"1631",1.17315526361092
"1632",0
"1633",1.06660159759425
"1634",0.206472012577519
"1635",0.659887731597662
"1636",0.423386154663942
"1637",0.415477002809321
"1638",0.71233525309748
"1639",1.22674055966464
"1640",0.717857748976416
"1641",1.69605369081106
"1642",0
"1643",0.691639798511903
"1644",0.268543280252475
"1645",1.17902708097603
"1646",0.808913504897354
"1647",0.405140469591247
"1648",0.68198659289575
"1649",0.896925909128803
"1650",0.670760956667763
"1651",0.238988977722939
"1652",0
"1653",0
"1654",0.472812286169141
"1655",0.804777231616442
"1656",0.669193117817383
"1657",0.199893275484941
"1658",0
"1659",1.25633990811638
"1660",0.11884542839738
"1661",3.68287318096839
"1662",1.51583476068965
"1663",2.15845679167005
"1664",0
"1665",0
"1666",0
"1667",0
"1668",0
"1669",0
"1670",0.782434658925036
"1671",1.08542275519926
"1672",0
"1673",0
"1674",0
"1675",0.86339462584405
"1676",0.662318051818808
"1677",0
"1678",0
"1679",0
"1680",0.307794352608191
"1681",0.196799874034767
"1682",0.853865701430397
"1683",0
"1684",0.64854791958982
"1685",0.168743387455967
"1686",0.271205635179597
"1687",0.759834258359853
"1688",0
"1689",0.503054014285714
"1690",0
"1691",1.05016680873891
"1692",0.17160270474889
"1693",0.643370151320588
"1694",0
"1695",0.709904091135734
"1696",0
"1697",0.101151654159826
"1698",0
"1699",1.05229036451567
"1700",0.131532212128284
"1701",0.957247127626146
"1702",0.0295308765283091
"1703",0
"1704",0
"1705",0.878734094818712
"1706",0
"1707",0.632589652884447
"1708",0.346912574689379
"1709",0.18830908184526
"1710",0
"1711",0.464187419359038
"1712",0
"1713",0.234213154598253
"1714",0
"1715",0
"1716",0
"1717",0
"1718",0.105250475941124
"1719",0
"1720",0.396090250778502
"1721",0.577217297297864
"1722",0
"1723",0.809436109225875
"1724",0.4008358403894
"1725",0.642436827913357
"1726",0.206187716322219
"1727",0.547537602814026
"1728",0
"1729",0
"1730",0.554286975726502
"1731",0.806801515632929
"1732",0.364261456055322
"1733",0.27841518562844
"1734",0.276194037174776
"1735",0
"1736",0.656419114845917
"1737",1.60130041540054
"1738",0.082431686048793
"1739",1.37778848891278
"1740",0.532294728688593
"1741",0
"1742",0
"1743",0
"1744",0.507456282436383
"1745",0.579002851804144
"1746",0.207954249957098
"1747",0
"1748",0
"1749",0.59798957110656
"1750",0.875961613025337
"1751",0.28013986737563
"1752",0
"1753",0
"1754",0.337214508050597
"1755",0.826557676942416
"1756",0.648105744718004
"1757",0
"1758",0
"1759",2.23060586807836
"1760",0.18238407493568
"1761",2.86186277015823
"1762",0
"1763",1.14726282448859
"1764",0.169728356016733
"1765",0.200846340647874
"1766",0.183262270313917
"1767",0
"1768",0.688610451276589
"1769",0.899400579648404
"1770",0.115235998881166
"1771",0
"1772",0
"1773",0.62761854250795
"1774",0.604947235708551
"1775",0.367254419327938
"1776",0.682385850220087
"1777",0
"1778",0.665683086475255
"1779",0.952691077696598
"1780",0.160731012319689
"1781",0.00595747403683022
"1782",0.139523012340526
"1783",0.327305591062641
"1784",1.05105168117352
"1785",0.950629918005434
"1786",0
"1787",1.12950050458337
"1788",0.300208429240142
"1789",0.902274067297783
"1790",0
"1791",1.32570299268748
"1792",0
"1793",0.644363225641874
"1794",0
"1795",0.0536581007480709
"1796",0
"1797",0.20870399711151
"1798",0
"1799",1.06760378387741
"1800",0.0812546835862382
"1801",0.0738621496375091
"1802",0.541999945685924
"1803",0.947723017988067
"1804",0
"1805",1.40856605110746
"1806",0
"1807",1.12634109513941
"1808",0
"1809",0.444916239541041
"1810",0.290925547807563
"1811",0.956933231069111
"1812",0.412403644978968
"1813",0
"1814",0
"1815",0
"1816",0.082774439733196
"1817",0.100548874660488
"1818",0.294360298132504
"1819",0
"1820",0.208770625263609
"1821",0
"1822",0.689457909976795
"1823",1.04974448333071
"1824",0
"1825",0.556782941664932
"1826",1.47650219832156
"1827",0
"1828",2.05901605924297
"1829",0.0405420173996442
"1830",1.2026099353
"1831",0.493811984246931
"1832",0.807389477016169
"1833",0.26201933906454
"1834",0.908542459410926
"1835",0
"1836",0
"1837",0.269613621296604
"1838",0.689338044268745
"1839",0
"1840",0
"1841",0
"1842",2.99047321110907
"1843",3.23249276257956
"1844",0
"1845",0.649617226865091
"1846",0.403207328818151
"1847",0.71169117955104
"1848",0.543517930794948
"1849",0.10569853143601
"1850",0.126547694982947
"1851",0
"1852",0.0862166321200371
"1853",0.405960635392878
"1854",0.480947348292988
"1855",0.532973470355476
"1856",0.513940338616053
"1857",0.888424524981621
"1858",0.886463436907192
"1859",2.57367033243109
"1860",0.176604465673383
"1861",0.786698124276359
"1862",2.38979214321321
"1863",1.17720260143935
"1864",1.11754778727707
"1865",1.65892754594993
"1866",1.08685987904876
"1867",0.018575841212339
"1868",0.867332941648591
"1869",0.0299227868675063
"1870",1.03905888628399
"1871",0.827772081322509
"1872",0.196596351628634
"1873",0.995030219422087
"1874",0.735994011551801
"1875",0.599049244208869
"1876",0.365905485980929
"1877",0.471961404352395
"1878",0.109730745987096
"1879",1.25584552597623
"1880",0.315630121142155
"1881",0
"1882",1.05242011453326
"1883",0.813971836842735
"1884",1.18894830961483
"1885",2.07274129978569
"1886",0.338991785371855
"1887",0
"1888",0.575269454941213
"1889",1.47838642652632
"1890",0.0926897068567031
"1891",0.514544637110608
"1892",0
"1893",0.979170740409104
"1894",0
"1895",0.49258649459344
"1896",0
"1897",0
"1898",0
"1899",0.263689172477998
"1900",0
"1901",0
"1902",0.0342501775075468
"1903",0.849597640088353
"1904",0.318605867607242
"1905",0.957112705515277
"1906",0
"1907",1.85432371926109
"1908",0
"1909",2.34593793468428
"1910",0
"1911",1.17529718392571
"1912",0.543348478901475
"1913",0.725029486894931
"1914",0.152375311393757
"1915",0.129083105717472
"1916",0.0814566071137998
"1917",0.0712260543109586
"1918",0.0657873746837078
"1919",0.180073836408106
"1920",0.216226884371186
"1921",0.469668082914348
"1922",0.424598808288819
"1923",0.380068461714964
"1924",0
"1925",0
"1926",0
"1927",0.0119131503030068
"1928",1.02001196278065
"1929",0
"1930",2.38325827425322
"1931",0.131767368697681
"1932",0
"1933",0
"1934",0.305365019057592
"1935",0
"1936",0.655231719123523
"1937",0.962911243896804
"1938",0.915296946368573
"1939",1.06540380259344
"1940",1.01463555491963
"1941",0.868395951492223
"1942",0
"1943",0.294147947050962
"1944",0.664713690455027
"1945",0.149085172610789
"1946",1.12315668581312
"1947",1.1258453452457
"1948",1.59814270486759
"1949",0
"1950",0.996524903615125
"1951",0
"1952",1.33901683117321
"1953",0.450405835827378
"1954",0.761359134162319
"1955",0.226981791481736
"1956",0.00750823480430796
"1957",0.0264009533263306
"1958",0.0264009533263306
"1959",0.924150935933863
"1960",0
"1961",0.617801648464554
"1962",0.362900528631754
"1963",0.79281489698919
"1964",1.38959414636273
"1965",1.20867185733698
"1966",2.88970667009217
"1967",0
"1968",3.72958108576662
"1969",0
"1970",3.22853809741518
"1971",1.74620756313486
"1972",1.10716245267603
"1973",0.585502049816451
"1974",0
"1975",1.2145164108595
"1976",0
"1977",0.872445413400583
"1978",0.488120801356082
"1979",0.789163919462554
"1980",0
"1981",0.23774952293324
"1982",0.558172360786479
"1983",0
"1984",0.0828604031710307
"1985",0
"1986",0.581582249671316
"1987",0
"1988",1.11537614660962
"1989",0.406699993710348
"1990",0.263676554760556
"1991",0
"1992",1.71861085750813
"1993",0
"1994",1.20420777008562
"1995",0.044769025782152
"1996",0.910071379551766
"1997",0.00118046409510658
"1998",0
"1999",0.106544365611584
"2000",0.489274388677002
"2001",0
"2002",0.494033061540313
"2003",0
"2004",0
"2005",0
"2006",0.138865717468307
"2007",0
"2008",0.515714331989675
"2009",0.469686966580249
"2010",0.72871710112971
"2011",0
"2012",1.39599692146546
"2013",0
"2014",0
"2015",0
"2016",0.59280599170651
"2017",0.388946695611072
"2018",0.477355831253435
"2019",0.560125374246415
"2020",0
"2021",0.0751710204378955
"2022",0.060754082970592
"2023",0.0657873746837078
"2024",0.0657873746837078
"2025",0.180073836408106
"2026",0.536929984346113
"2027",0.00525642409115967
"2028",0.509538924088471
"2029",0
"2030",0
"2031",0.33183139995821
"2032",0
"2033",1.1400010629296
"2034",0.970935182143875
"2035",0
"2036",0.566100396225847
"2037",0.353026990992621
"2038",0.68346773453915
"2039",0
"2040",0.87197374447747
"2041",0
"2042",0
"2043",0.75262564836901
"2044",0
"2045",0.201117157211796
"2046",0.301609111114752
"2047",0.147472211221031
"2048",0.454146798592492
"2049",0.504527424605461
"2050",0
"2051",0
"2052",0
"2053",0.713136138059709
"2054",0.186543061325402
"2055",0.0376412005676925
"2056",0.300253600998191
"2057",0
"2058",0.708650271008245
"2059",0.208432341037777
"2060",0.681522209142776
"2061",0.899515592722538
"2062",0.416479773020423
"2063",0.13187758111564
"2064",0.0264009533263306
"2065",0.539400943387778
"2066",0
"2067",0
"2068",0
"2069",0.829371170295437
"2070",0.453576604310472
"2071",0.982480250498134
"2072",0.429864203004081
"2073",0
"2074",3.21595501748203
"2075",1.41498301828491
"2076",1.80225078462214
"2077",0.379601654589564
"2078",1.06469935427472
"2079",1.0162792995578
"2080",0
"2081",0.69459805699137
"2082",0
"2083",0.529571325483688
"2084",0
"2085",0.542450466237365
"2086",0
"2087",0
"2088",0
"2089",0.0528347181505402
"2090",0.378605358860664
"2091",0
"2092",0.102095954812297
"2093",0.265732483176056
"2094",0.667819043699777
"2095",0.0751582793067733
"2096",1.34757921267636
"2097",0
"2098",0
"2099",0.0370174214915513
"2100",0.786345294013345
"2101",0.705679247958846
"2102",0
"2103",0.116834109426403
"2104",0.173310848939435
"2105",0
"2106",0.580866458544191
"2107",0
"2108",0
"2109",0
"2110",0.572633354377518
"2111",0
"2112",0
"2113",0
"2114",0
"2115",0.105399390651049
"2116",0
"2117",0.174343659352358
"2118",0
"2119",0.850363559847993
"2120",1.35351421180767
"2121",0
"2122",2.21689314590615
"2123",0.390231269405657
"2124",0.569523292271675
"2125",0.234778655470483
"2126",0
"2127",0.373635062960695
"2128",0
"2129",0.0657873746837078
"2130",0.0657873746837078
"2131",0.0657873746837078
"2132",0.180073836408106
"2133",0.307480610000282
"2134",0.507501002009908
"2135",0
"2136",0.203272428744233
"2137",0
"2138",0.651344852076188
"2139",0.78975621618381
"2140",0.180469656247672
"2141",0.338465346939252
"2142",1.78039580265595
"2143",0.385578641587041
"2144",1.72949051043862
"2145",0
"2146",0
"2147",0.106992251664896
"2148",0.337871345451768
"2149",0
"2150",0
"2151",0.0400732908172199
"2152",0
"2153",0.0278711698152178
"2154",0.948583680986979
"2155",0
"2156",0.509415542221185
"2157",0.65685234007654
"2158",0.189620111416876
"2159",1.00174660145201
"2160",0
"2161",0.299514374317006
"2162",0
"2163",0
"2164",0.687652709916156
"2165",0
"2166",1.00367003967445
"2167",0.664262531790462
"2168",0.74382370265663
"2169",0.28239566708373
"2170",0.00527735825181874
"2171",0.411150945872416
"2172",0
"2173",0.787096464045421
"2174",0
"2175",0.288289430796804
"2176",0.0655170001294501
"2177",0.179365239170727
"2178",0.321597850544566
"2179",0
"2180",0
"2181",1.23761394936725
"2182",1.49998039636979
"2183",1.42319589324742
"2184",0.738872547407475
"2185",0.243665236602924
"2186",0.807461903940413
"2187",0.880053278195918
"2188",0
"2189",1.22268341390189
"2190",0
"2191",1.15254739110078
"2192",0.446295445468724
"2193",0
"2194",0
"2195",0.41748914273357
"2196",0
"2197",0.111700625245949
"2198",0.342110436158151
"2199",0
"2200",0.396831504893519
"2201",0.364196207329009
"2202",0
"2203",0
"2204",1.08789862296418
"2205",0
"2206",0.0714175065930308
"2207",0.460832572080399
"2208",0.369150887705118
"2209",0.0401257657612858
"2210",0.44499682665708
"2211",0
"2212",0
"2213",0.206095098267307
"2214",0.808318735464262
"2215",0
"2216",0.318256720688641
"2217",0
"2218",0
"2219",0
"2220",0
"2221",0.258396067493315
"2222",0
"2223",0
"2224",0
"2225",0.285280179093929
"2226",0
"2227",0
"2228",0.940262194038245
"2229",1.23431022024754
"2230",0
"2231",0.206921054722988
"2232",0
"2233",0.109266848661344
"2234",0.0287015230079892
"2235",0.0532593596678724
"2236",0.0657873746837078
"2237",0.0657873746837078
"2238",0.0657873746837078
"2239",0.294360298132504
"2240",0.188313416943734
"2241",0.969632926112773
"2242",0.470183928133398
"2243",1.37846100189031
"2244",0.19518544872545
"2245",0.45515540727861
"2246",0.344364761599153
"2247",0
"2248",0
"2249",0.209997443066781
"2250",0
"2251",0
"2252",0.22293806535768
"2253",0
"2254",0
"2255",0.140275269437715
"2256",0.526785206444561
"2257",0
"2258",0.821155570799791
"2259",0.0244297448444765
"2260",0.361998506225763
"2261",0.370042724664636
"2262",0
"2263",0
"2264",0.313527875253738
"2265",0.0485940301341149
"2266",0.823928106329548
"2267",0.277825280516172
"2268",0.671433939364231
"2269",0.541629185703895
"2270",0
"2271",0.176405943309028
"2272",0.501362799450086
"2273",0.758292689614926
"2274",0.243817122266437
"2275",0.0675363692444981
"2276",0.649699895802387
"2277",0.0816559520261324
"2278",0.418734639975941
"2279",0
"2280",0
"2281",0.25676750410938
"2282",0
"2283",0.93638591610792
"2284",0
"2285",0
"2286",0
"2287",2.2173147217174
"2288",1.53878868270471
"2289",0.285746703003369
"2290",0.800124746808359
"2291",0.953785291110992
"2292",0.566429852380233
"2293",0.869748189732097
"2294",0.100640360970917
"2295",0.0358232578417198
"2296",0
"2297",0
"2298",0.201400173011482
"2299",0
"2300",0
"2301",0.193603406551751
"2302",0
"2303",0
"2304",0.0604139923017916
"2305",0.459177801971322
"2306",0.638252836424201
"2307",0.922256987861235
"2308",0
"2309",0.996285486310186
"2310",0.10602236430489
"2311",0.077385573742535
"2312",0.0779627319919055
"2313",0.135630768573175
"2314",0
"2315",0
"2316",0
"2317",0.233808382420513
"2318",0
"2319",0
"2320",0.502061482150794
"2321",0
"2322",0.341406398124205
"2323",0.0617574864613498
"2324",0.114430183429864
"2325",0
"2326",0
"2327",0.389108987771561
"2328",0
"2329",0.33473695139304
"2330",0.450327666619396
"2331",0
"2332",0.318377803783355
"2333",0
"2334",0
"2335",0
"2336",0.382880923307387
"2337",0
"2338",0.0312064563931209
"2339",0
"2340",0.767858353692151
"2341",0
"2342",0.0435791919453379
"2343",0.0657873746837078
"2344",0.0657873746837078
"2345",0.0657873746837078
"2346",0.180073836408106
"2347",0.509747468596583
"2348",0.586132411293511
"2349",2.82239497855637
"2350",0
"2351",1.46141336629467
"2352",0
"2353",0
"2354",0.424194481129555
"2355",0
"2356",0.148999739765633
"2357",0.470376599355571
"2358",0.658977502100621
"2359",0
"2360",1.27800030810616
"2361",0
"2362",0.917182486612912
"2363",0
"2364",0.0792891121491643
"2365",0.0603772335684607
"2366",1.0163655291828
"2367",0.556877452618716
"2368",0
"2369",0
"2370",0
"2371",0.197160446153341
"2372",0
"2373",0.237919218052075
"2374",1.24519376381408
"2375",0
"2376",0.844406658241286
"2377",0.630276273088326
"2378",0.768882766982373
"2379",0.57054001834101
"2380",0.762928414657263
"2381",0
"2382",0.273679028097302
"2383",0
"2384",0.254520936670906
"2385",0
"2386",0
"2387",0
"2388",0.100802023016493
"2389",0.105506970080907
"2390",0
"2391",0.533349618887003
"2392",0
"2393",4.80996652846535
"2394",3.22135695110014
"2395",0
"2396",0.538622210649941
"2397",0.642717650737169
"2398",1.22881932694742
"2399",0
"2400",0
"2401",0.840127163215642
"2402",0
"2403",0
"2404",1.12092121873877
"2405",0.308202176356226
"2406",1.48541693570753
"2407",0
"2408",0
"2409",0.568111851313783
"2410",0.0572577599468086
"2411",0.388492465309883
"2412",0.2365313811151
"2413",1.05402690759984
"2414",0
"2415",0
"2416",0
"2417",0.948974980431876
"2418",0.418291402568105
"2419",0.472798034902314
"2420",0.0958218422750213
"2421",0.162933869158905
"2422",0.234215066457797
"2423",0.15098404301408
"2424",0
"2425",0.276488079508698
"2426",0.29400536204512
"2427",0.373706094701268
"2428",0
"2429",0.072284392514974
"2430",0.336579674480907
"2431",0
"2432",0.435281186610395
"2433",0.858812383777404
"2434",0
"2435",0.18323326136803
"2436",0.450805241713363
"2437",0.323113059265559
"2438",0.509565545465429
"2439",0.129480921019605
"2440",0.309371141066598
"2441",0.0284957145658946
"2442",0.156927286906878
"2443",0.218968479193205
"2444",0.750319891041969
"2445",0
"2446",0
"2447",0
"2448",0.300190945093279
"2449",0.0266706037867379
"2450",0.0580086432888877
"2451",0.0657873746837078
"2452",0.0657873746837078
"2453",0.180073836408106
"2454",0.0404657338770273
"2455",0
"2456",0.185521152878344
"2457",0.00557390612326736
"2458",0
"2459",0.367754934419397
"2460",0
"2461",0.501728866047639
"2462",0
"2463",0.0870872329447829
"2464",0.518023249463262
"2465",0
"2466",0.39685145727058
"2467",0
"2468",0.839710584178459
"2469",0
"2470",0.472456055797999
"2471",0
"2472",1.88689826873773
"2473",0
"2474",1.58225595559985
"2475",0
"2476",0.211150972140972
"2477",1.06556020400079
"2478",0.959880386727603
"2479",0.354657950399214
"2480",0.102098264202357
"2481",0.608039053030249
"2482",0.31739734764055
"2483",0
"2484",0.135682258079735
"2485",0
"2486",0.975469326934403
"2487",0
"2488",1.22699010124379
"2489",0.303015697367571
"2490",0.572227395308251
"2491",0.413220554796699
"2492",1.14960760694186
"2493",0.0909493009817701
"2494",0.8225603030673
"2495",0
"2496",0.26651614981306
"2497",0
"2498",0.456595775811745
"2499",0.12680247356388
"2500",0
"2501",1.24810359245394
"2502",0
"2503",0
"2504",1.40034503082333
"2505",0
"2506",0
"2507",0.183222184800817
"2508",1.08392077348103
"2509",2.13438870834737
"2510",0
"2511",0.119369876187961
"2512",0.137147289472631
"2513",0.540220379951217
"2514",0.280373643551253
"2515",0.589201536688738
"2516",1.38082181160775
"2517",0.327125989072906
"2518",0.0359946698803
"2519",0.909131032010252
"2520",0
"2521",0.557259399280241
"2522",0.126488463090792
"2523",1.33407547164641
"2524",0.0595247338912888
"2525",1.57907339662276
"2526",0
"2527",1.02953230161137
"2528",0
"2529",0.161065807036329
"2530",0
"2531",0
"2532",0.1829104355618
"2533",0.458448044258278
"2534",0
"2535",0.337404379380313
"2536",0.0667293257700946
"2537",0.233081196168676
"2538",0
"2539",0
"2540",0.203605020323156
"2541",0
"2542",0
"2543",0
"2544",0.0301113935662358
"2545",0.393583566962516
"2546",0
"2547",0.274482182759012
"2548",0
"2549",0
"2550",0
"2551",0.0878096479063404
"2552",0.258556669336278
"2553",0
"2554",0.23710987795217
"2555",0.795753195570423
"2556",0.169305128481192
"2557",0.353886446123846
"2558",0.48732336700967
"2559",0.0248490824418268
"2560",0.014181757128265
"2561",0.0543751367166428
"2562",0.0657873746837078
"2563",0.0657873746837078
"2564",0.294360298132504
"2565",0
"2566",0
"2567",0
"2568",0.421121925969271
"2569",0.582619554056563
"2570",0.382788912510803
"2571",2.09678803291843
"2572",0.0322980837895062
"2573",0.686843581506714
"2574",0
"2575",0
"2576",0
"2577",0
"2578",0.562130496725601
"2579",0
"2580",2.2289713260498
"2581",0
"2582",0
"2583",0
"2584",0.713797037894793
"2585",0
"2586",2.13472511866558
"2587",0.544836901414742
"2588",0.881234236055356
"2589",0
"2590",0.0701006297778597
"2591",0
"2592",0
"2593",0.540337800979612
"2594",0
"2595",0.640045931127649
"2596",0.8578275511117
"2597",0.0354116099213975
"2598",0
"2599",0
"2600",0.789472947037205
"2601",0
"2602",0.261599041593702
"2603",0
"2604",0
"2605",0.0774497259389245
"2606",0.179363262691989
"2607",0.0163019237099158
"2608",0.452533927055225
"2609",0
"2610",0.500868907549198
"2611",0.230302266948688
"2612",0
"2613",0
"2614",0.242857473721683
"2615",0
"2616",0.439965525747812
"2617",0
"2618",0
"2619",0
"2620",1.10430907052496
"2621",1.03227804663393
"2622",0
"2623",0.0251071066390245
"2624",0.0889919467450957
"2625",0.444734121880028
"2626",0
"2627",0.330746761853667
"2628",0.441439360369119
"2629",1.71374992752806
"2630",0
"2631",1.50878013867928
"2632",0.125881118766595
"2633",0.0813966910004904
"2634",0
"2635",0.879401744153254
"2636",0
"2637",1.03761099937952
"2638",0
"2639",0.421353408897278
"2640",0
"2641",0.578996717158692
"2642",0.61267974748754
"2643",0.418178070713028
"2644",0.359629767323576
"2645",1.1797672688882
"2646",0.459774540672923
"2647",0.588971661525495
"2648",0.242352628605344
"2649",0
"2650",0.864152485020267
"2651",0.843642590716893
"2652",0
"2653",0
"2654",0.17757617975292
"2655",0.413496625629716
"2656",0
"2657",1.10142424965055
"2658",0.0792605707434919
"2659",0
"2660",0.053152773515688
"2661",0.252314410597514
"2662",0.0275344251812725
"2663",0
"2664",0
"2665",0.389495988001755
"2666",0
"2667",0
"2668",0
"2669",0.328083079401117
"2670",0.690996797562171
"2671",0
"2672",0.0397738507433607
"2673",0.0657873746837078
"2674",0.180073836408106
"2675",0.809965718969198
"2676",0
"2677",0
"2678",0
"2679",0.060121343517283
"2680",0.208548847450388
"2681",1.05195842299366
"2682",0.349521846597839
"2683",0.725768961210147
"2684",0.70286486828081
"2685",0.271282572504595
"2686",0.658405213834163
"2687",0
"2688",0.958471818100586
"2689",0
"2690",0.827125310853317
"2691",0.448669886487934
"2692",2.65978211364898
"2693",0
"2694",3.37237369056331
"2695",0
"2696",0.193024225051525
"2697",0
"2698",1.57723846317413
"2699",0.728266220187689
"2700",0.54078379758878
"2701",0
"2702",0.500508333854573
"2703",0
"2704",0
"2705",0
"2706",1.82156026003836
"2707",1.14821990375773
"2708",1.5365119136228
"2709",0.270646561678916
"2710",0.71017331115431
"2711",0.821382360014989
"2712",1.08333365714962
"2713",0.496421431012257
"2714",0
"2715",0
"2716",0.0694386923005121
"2717",0.116436668646627
"2718",0.156634664756694
"2719",0.0303307052696181
"2720",0.130279114292129
"2721",0.541867230997901
"2722",0.390535648287505
"2723",0.679581275599696
"2724",0.646030188814385
"2725",0.179369953814901
"2726",1.29196472207868
"2727",0.360219978554363
"2728",0
"2729",0
"2730",0
"2731",0
"2732",1.45894047753363
"2733",0.599911661252062
"2734",0.272020052046273
"2735",0
"2736",1.88629164923366
"2737",0
"2738",0.610149169767527
"2739",0.776911733381852
"2740",0
"2741",0
"2742",0
"2743",1.77954392331425
"2744",0.014393323956537
"2745",0.770426253213029
"2746",0
"2747",0.878970810638398
"2748",0.0563001911838775
"2749",0.47121859784289
"2750",0
"2751",0.111389257010369
"2752",0.190318324898061
"2753",0.774120262242404
"2754",0.0962365011393378
"2755",2.08485391641376
"2756",0.151232890279049
"2757",2.7899429799084
"2758",1.32267358186947
"2759",0.63739742728325
"2760",0.454514872173761
"2761",1.61508469267683
"2762",0.28615599482681
"2763",0
"2764",0
"2765",0.0584865013039462
"2766",0.186035377027188
"2767",0.0200129590416892
"2768",0.0294771585622581
"2769",0.413777686428984
"2770",0
"2771",0.23741022982758
"2772",0
"2773",0
"2774",0.206403588410976
"2775",0.0695605245229345
"2776",0
"2777",0
"2778",0
"2779",0.451614400038748
"2780",0.246234697918296
"2781",0.140225637040034
"2782",0.0139852174353504
"2783",0.0477593448584316
"2784",0.0657873746837078
"2785",0.0657873746837078
"2786",0.180073836408106
"2787",0.180073836408106
"2788",0.294360298132504
"2789",0
"2790",0
"2791",0.677305460565239
"2792",0
"2793",0
"2794",0
"2795",0.529549117832203
"2796",0.851515168566132
"2797",1.11456500998026
"2798",0.98842891945334
"2799",0.618402987897712
"2800",0
"2801",0.109582231867788
"2802",0.416459491969748
"2803",0.386175784733016
"2804",0.329352993235218
"2805",0
"2806",1.92441587078808
"2807",0
"2808",0.233495368128495
"2809",0
"2810",2.34728677675612
"2811",0
"2812",0.439480855113563
"2813",0.940660216985522
"2814",0.250999448094318
"2815",1.46623827242609
"2816",0.143870841934969
"2817",0
"2818",0.620374177591471
"2819",0.944336906882633
"2820",1.5974944884561
"2821",1.50719907036768
"2822",0.595404499742859
"2823",0.101221518406806
"2824",0.659313755017479
"2825",0.946968607975542
"2826",0.172320188868102
"2827",1.82813201151065
"2828",0.927018629872952
"2829",0
"2830",0.410012614681913
"2831",0.423681010172862
"2832",0.134498767283889
"2833",0.903263973208735
"2834",0.787852093229821
"2835",0.925974962223472
"2836",0.170649889595858
"2837",0.733811554831757
"2838",0
"2839",0.181089270234678
"2840",0.866542657239931
"2841",0.125999265900194
"2842",0.929773999365346
"2843",1.15011120544525
"2844",0
"2845",0.741823186329709
"2846",0
"2847",0.116416343460636
"2848",0.663082295915669
"2849",0
"2850",0
"2851",0
"2852",0.721323716578022
"2853",0.127376502999745
"2854",0.293050059366716
"2855",1.77116589238737
"2856",0
"2857",2.05537975951433
"2858",0
"2859",0.829087891219191
"2860",0
"2861",0.500525963304233
"2862",0
"2863",0
"2864",0
"2865",0.153588816029461
"2866",0
"2867",0.429981543460195
"2868",1.00584994550667
"2869",1.2141839479456
"2870",0
"2871",1.50991096922546
"2872",1.69698019242012
"2873",2.02791498063402
"2874",0.518682007205931
"2875",0.856970607367868
"2876",0.371705987169741
"2877",1.35327609245679
"2878",0
"2879",0.67893495053028
"2880",0.140286512322027
"2881",0
"2882",0
"2883",0.100003628220794
"2884",0
"2885",0
"2886",0
"2887",0
"2888",0.0158088422220222
"2889",0
"2890",0.0184626661523158
"2891",0.741884204852307
"2892",0.0421766478669947
"2893",1.38804828546337
"2894",0.0713445272930189
"2895",1.5784985658073
"2896",0.218431311421481
"2897",0.195756092369519
"2898",0.0737421937822096
"2899",0.00919375816681733
"2900",0.0657873746837078
"2901",0.0657873746837078
"2902",0.0657873746837078
"2903",0.294360298132504
"2904",0.0865545784096527
"2905",0.783994106205003
"2906",0
"2907",1.65463582311139
"2908",0
"2909",0
"2910",0
"2911",0.199758867464913
"2912",0.541615326279484
"2913",2.02763375688501
"2914",1.92078656686712
"2915",3.73417774045644
"2916",1.49498853075897
"2917",0
"2918",0.974822793219158
"2919",0.282711841323848
"2920",0.165080418977307
"2921",0
"2922",0.151593845124818
"2923",0
"2924",1.0752506044269
"2925",0
"2926",1.72100114537502
"2927",0
"2928",2.44119006780128
"2929",0.565457684135897
"2930",1.08365985175643
"2931",0.554162984157685
"2932",0.0590226166723724
"2933",1.10141081708692
"2934",0
"2935",1.1992882519783
"2936",0.669632681022279
"2937",1.3146197246347
"2938",1.03981461199162
"2939",0.781961233889558
"2940",0.75803662106423
"2941",1.01699085812042
"2942",0
"2943",0
"2944",1.03482630772641
"2945",0.966269582144223
"2946",0.0294546510788578
"2947",0.729373303718264
"2948",0.895006631168803
"2949",0
"2950",0.91259480869024
"2951",0.740222711566231
"2952",0.0431437571059747
"2953",0
"2954",0
"2955",0
"2956",0.152589724413334
"2957",0.404823042433929
"2958",0.655875141912387
"2959",0.483909121772756
"2960",0
"2961",0.182512707015893
"2962",0
"2963",0.595098154903646
"2964",0.0556481311543728
"2965",0.188203340285735
"2966",0.722636498015081
"2967",0
"2968",0.986232478689907
"2969",0
"2970",0.562937984142378
"2971",0.062408820214232
"2972",0
"2973",0.768717930281205
"2974",0
"2975",0.312835811713611
"2976",0.175605712531319
"2977",1.08728855141076
"2978",0.0231909406646787
"2979",1.17280338493689
"2980",0
"2981",0
"2982",0
"2983",0.156252839778361
"2984",0.438052973280449
"2985",1.40909035878109
"2986",1.20412388504401
"2987",4.22764424465936
"2988",2.89709710495379
"2989",3.5219915672807
"2990",1.28803281302739
"2991",1.91983768387941
"2992",1.15087805010302
"2993",1.57511516076304
"2994",0
"2995",0.278112381424593
"2996",0.0553006815670017
"2997",0.348998462863371
"2998",0.159588528348104
"2999",0.11195510654484
"3000",0
"3001",0
"3002",0.0280700794273734
"3003",0
"3004",0.203635356267513
"3005",0
"3006",0.0790434319241288
"3007",0.0472890326017419
"3008",0.693678358982842
"3009",0.434896372559641
"3010",0
"3011",0.664424649924233
"3012",0
"3013",0.790621457796625
"3014",0.0557552056289679
"3015",0.0500665866694046
"3016",0.130145043179671
"3017",0.0272217879920935
"3018",0.0657873746837078
"3019",0.180073836408106
"3020",0.546186229521707
"3021",0.732197034986146
"3022",0
"3023",0.102503479357874
"3024",0
"3025",1.25365782984015
"3026",0
"3027",0
"3028",0
"3029",0
"3030",0.687376157906596
"3031",1.89834181747968
"3032",0
"3033",1.67163070581728
"3034",1.82948192718988
"3035",0.682184020393728
"3036",0
"3037",0
"3038",0
"3039",0.238830033743651
"3040",0
"3041",0
"3042",1.31263815195861
"3043",0.195361007615935
"3044",1.7540037675561
"3045",0.0961168386230655
"3046",0.141895676475279
"3047",0.62217606942661
"3048",1.12925980964527
"3049",2.1914612188395
"3050",0.472465976774016
"3051",1.24760975867003
"3052",0.887265920653717
"3053",0.485419922131968
"3054",1.26246509526665
"3055",0.659331135402427
"3056",0
"3057",0
"3058",0
"3059",1.13040534171172
"3060",0.00108132655133109
"3061",0.503844832784307
"3062",0
"3063",1.03141513072165
"3064",0
"3065",0
"3066",0
"3067",0
"3068",0.237984988635816
"3069",0.137136293979235
"3070",0.632821294946525
"3071",0.580205731569617
"3072",0
"3073",1.06100096944007
"3074",1.14652280383929
"3075",0.935342798201256
"3076",1.34788196553429
"3077",0.661637367913211
"3078",1.19747614755975
"3079",1.95614111073027
"3080",0
"3081",1.03677533821269
"3082",0.201412022826437
"3083",0.278462352578793
"3084",0
"3085",1.02785639474845
"3086",1.22326324139569
"3087",0.0596455061135676
"3088",0
"3089",0
"3090",0.144957207153189
"3091",0.332266487288235
"3092",0.159117735399157
"3093",0.542766998859132
"3094",1.08376385348723
"3095",1.0742376430212
"3096",1.07338011720502
"3097",0.408635946180641
"3098",0.998698042559699
"3099",0.656763280808956
"3100",0.508922592653368
"3101",0.160309934954687
"3102",0
"3103",1.04499355833676
"3104",0.103028236198357
"3105",2.59691838705339
"3106",1.69379753526315
"3107",1.84957701385706
"3108",2.07255617430846
"3109",1.55264394823973
"3110",0.943860689003216
"3111",1.98894580187443
"3112",0.0269152963572898
"3113",0.0650199324940823
"3114",0
"3115",0.571133995869176
"3116",0.409199143092633
"3117",0
"3118",0.0275308754643825
"3119",0
"3120",0
"3121",0.00738326550595059
"3122",0.321391882390025
"3123",0
"3124",0
"3125",0
"3126",0.79695984573333
"3127",0.662584510602331
"3128",0
"3129",1.12005684228249
"3130",0
"3131",0.920203365061395
"3132",0
"3133",0.412558763034865
"3134",0.0147897137360916
"3135",0.11332588993979
"3136",0
"3137",0.0657583898123429
"3138",0.294360298132504
"3139",0.830414871320652
"3140",0.54982198871343
"3141",1.09672662464653
"3142",0.642713040497038
"3143",0.115510665464318
"3144",0
"3145",0.188041490495097
"3146",0.438933052764995
"3147",0
"3148",0.136570458404637
"3149",0
"3150",0
"3151",0.0718086257062087
"3152",1.66636413225792
"3153",0.944253682709044
"3154",2.18439223621178
"3155",0.389019247016986
"3156",4.46377528931686
"3157",3.43868121383506
"3158",0.753317572539434
"3159",0
"3160",1.45097943043436
"3161",0
"3162",0.34010724324999
"3163",0.737475134516227
"3164",0.459070893864552
"3165",0.366199931767053
"3166",0
"3167",0.3029191545549
"3168",0.596429113872271
"3169",0.616183360451162
"3170",1.06949561330049
"3171",0.769672665706917
"3172",1.53004437890058
"3173",0
"3174",1.45615244994671
"3175",1.49109663080573
"3176",0.619916288136943
"3177",0.0348588749178322
"3178",0.726201818205266
"3179",0.299546281523929
"3180",2.55561573762039
"3181",0
"3182",1.79394512281589
"3183",0
"3184",0.323615345865137
"3185",0.697511460134823
"3186",0.825204063983169
"3187",0
"3188",0.722444851697411
"3189",0.489300417874126
"3190",0
"3191",0.561905551843262
"3192",0.486073813988822
"3193",0.131343356834263
"3194",0.225138842917339
"3195",1.33362521616517
"3196",0.82807345999939
"3197",0.527796537221904
"3198",0.88506470513718
"3199",1.09205303907793
"3200",0.341634301437116
"3201",0.237511649741028
"3202",0
"3203",0
"3204",0.80514557015935
"3205",0.223044804521348
"3206",0.866132020760761
"3207",0.239121029882133
"3208",1.35644472523322
"3209",0.941174388869812
"3210",1.32663496021923
"3211",0.470945307280644
"3212",0.404528323806079
"3213",0.897748041177151
"3214",0
"3215",0.362391714815413
"3216",1.22775467232719
"3217",0.422634131928222
"3218",0
"3219",0
"3220",0.739035000741534
"3221",0.818373301485384
"3222",0
"3223",0.263600364252717
"3224",0.362708322338359
"3225",0
"3226",0.384013068310307
"3227",0.0508917239686437
"3228",2.2783669328603
"3229",0
"3230",1.5887773934184
"3231",0.919380332332685
"3232",0.931208915826634
"3233",0.328216397184837
"3234",1.11789554714395
"3235",0
"3236",0.206640063042957
"3237",0.101338786796554
"3238",0
"3239",0
"3240",0.069119735170027
"3241",0.201331170850342
"3242",0
"3243",0.218065273726558
"3244",0.0530535030329174
"3245",0.267957425753281
"3246",0
"3247",0.355694266376764
"3248",0.53920013899132
"3249",0.379011656577241
"3250",1.15475270398877
"3251",0.152996554399853
"3252",0.633923966157495
"3253",0
"3254",0.393210340785266
"3255",0
"3256",0.15553859055711
"3257",0.030833013610112
"3258",0.135910113532769
"3259",0.142472311412741
"3260",0.0458746977323488
"3261",0.00118625793035232
"3262",0.195158706076742
"3263",0.6289258032192
"3264",0
"3265",0
"3266",0
"3267",0.0396683499705535
"3268",0
"3269",0
"3270",0
"3271",0
"3272",0.0019749888017645
"3273",0
"3274",0.0574811876319224
"3275",0.767085646028732
"3276",2.06871052697717
"3277",0.243894415497818
"3278",1.64309022235637
"3279",0.621031782435113
"3280",0.769403880276217
"3281",1.93441215418176
"3282",0.0727056864775526
"3283",3.85612752129799
"3284",0.436689825072134
"3285",0
"3286",1.67357110111517
"3287",0.675926906149545
"3288",0.0351624481325489
"3289",0
"3290",0.223864320408048
"3291",0
"3292",0.655839672461268
"3293",0.656122270023946
"3294",0.778600122896165
"3295",0.0217985600683077
"3296",0
"3297",1.17879770952305
"3298",1.08444606924929
"3299",0.991794569618124
"3300",0.284543541937614
"3301",1.42009398679208
"3302",0.734415600739725
"3303",0.526362065681652
"3304",0
"3305",0
"3306",0.293753570896775
"3307",0
"3308",0
"3309",0.0309825246661637
"3310",0.821960240692304
"3311",0.321868826322437
"3312",0
"3313",0
"3314",0.916667752316466
"3315",0
"3316",0.232179985569618
"3317",0.674654814457753
"3318",0.150537211906412
"3319",0.452243202976594
"3320",0.0927410898080605
"3321",0.461163915630897
"3322",0
"3323",0
"3324",0.406684760781362
"3325",0.00888193041878416
"3326",0.887799211851864
"3327",0.14555391998183
"3328",0.874663892622346
"3329",0.126208086671069
"3330",0.816939834855501
"3331",0.100605338063948
"3332",2.58311450674005
"3333",0.597662906871633
"3334",0
"3335",0.683678627763632
"3336",1.20020939489525
"3337",0
"3338",0
"3339",1.17913488117038
"3340",1.42532752695496
"3341",0.613996382228138
"3342",0.113238970790236
"3343",0.579064797067963
"3344",0.269910496507949
"3345",0
"3346",0
"3347",0.24166149052187
"3348",0.525315621195156
"3349",0
"3350",0.481251414324557
"3351",0.893040772966896
"3352",1.58485749863039
"3353",1.31919052417983
"3354",0.628010832647082
"3355",0
"3356",0
"3357",0
"3358",0.0633987112283482
"3359",0.167656548852317
"3360",0
"3361",0
"3362",0
"3363",0
"3364",0.432813663368605
"3365",0
"3366",0
"3367",0.551999341094761
"3368",0
"3369",0.118967120973897
"3370",0.0515806008344618
"3371",0
"3372",0
"3373",0.767932816320306
"3374",0.468817369904667
"3375",0.288273581464165
"3376",1.32892407148958
"3377",0.164027862766239
"3378",0.221724906141401
"3379",0.024935767610502
"3380",0.0557190307352091
"3381",0.0998452458801
"3382",0.157172257104027
"3383",0.804893713467764
"3384",0
"3385",0
"3386",0.0533386009602284
"3387",0
"3388",0
"3389",0.47604528459436
"3390",0
"3391",0
"3392",0
"3393",0.632289221893325
"3394",0
"3395",0.514974978863212
"3396",0
"3397",0.0646830843722193
"3398",0
"3399",1.09650173175089
"3400",1.36500888816544
"3401",1.39777405115842
"3402",0.698784812663978
"3403",0.0380276577293563
"3404",0.214153987537474
"3405",0
"3406",0.226732045685953
"3407",0
"3408",0
"3409",0.848712800489432
"3410",0.621815520016678
"3411",0.648147143608467
"3412",0.0978460288388691
"3413",0.0896410953107595
"3414",0
"3415",0
"3416",0.418728553115428
"3417",0.162370046582216
"3418",0.25480605361941
"3419",0.421193764800029
"3420",1.01050645507433
"3421",1.10033233138289
"3422",1.34561080826319
"3423",0.0677209083446968
"3424",3.79718558269915
"3425",0
"3426",1.28905015535449
"3427",1.52216869653422
"3428",0.159406498749557
"3429",1.06519871044352
"3430",0.995926347686249
"3431",0.0862864726006598
"3432",1.19403734315459
"3433",0.220785933736812
"3434",0.0487924022231632
"3435",0
"3436",0.0797376295056282
"3437",0.238360262428447
"3438",0.581193705710157
"3439",0
"3440",0.224402668218011
"3441",0
"3442",0.41469401098206
"3443",0.345675665983417
"3444",0
"3445",0.574697117948102
"3446",0.398440131604512
"3447",0
"3448",1.38862918822909
"3449",0.29767578500754
"3450",0.779960277209209
"3451",0.47072913872068
"3452",0.338951021073515
"3453",0.92069475191779
"3454",0.596172687489986
"3455",1.57753891073616
"3456",0.572283045079448
"3457",1.57813640474808
"3458",0.507928104125064
"3459",2.15694442482988
"3460",1.97669341453079
"3461",1.31720767372508
"3462",1.02667572453633
"3463",1.81868108579069
"3464",0.964905963077591
"3465",1.21086730752737
"3466",0
"3467",0.0257999211935007
"3468",0.082669750509517
"3469",0
"3470",0
"3471",0
"3472",0
"3473",0.337451868299885
"3474",0.675191260226287
"3475",0
"3476",0.918961711244487
"3477",0
"3478",0
"3479",0
"3480",0
"3481",0.489707177245241
"3482",0
"3483",0
"3484",0.16585957465895
"3485",0.224626764735925
"3486",0
"3487",0.00339625527878096
"3488",0
"3489",0
"3490",0
"3491",0
"3492",0.379991446861119
"3493",0.105611154460646
"3494",0.133001099682899
"3495",0
"3496",0
"3497",0.102290801260662
"3498",0
"3499",0.574609888964766
"3500",0.841834136097914
"3501",0.964033192756786
"3502",0.488886438346409
"3503",0.0558601597728512
"3504",0.141152360991197
"3505",0.0507228478948585
"3506",0.0173146257458449
"3507",0.242124095743031
"3508",0.606822574913624
"3509",0.194555296469505
"3510",0.562984436883755
"3511",0
"3512",0.384134280159927
"3513",0
"3514",0
"3515",0.199525946541
"3516",0.245111060608553
"3517",0.245529374071487
"3518",0.852370101755658
"3519",1.15451020088417
"3520",0.245204110986957
"3521",0.435632788984425
"3522",0
"3523",0
"3524",1.27007640339639
"3525",0.436095153458667
"3526",0.742117128306788
"3527",0.128838044843252
"3528",1.96004753160628
"3529",0
"3530",1.14313583204597
"3531",0
"3532",0.336072812357055
"3533",0
"3534",0
"3535",0.700695366932621
"3536",0.0328370575037348
"3537",0
"3538",0.133068449729719
"3539",0.0365623735545142
"3540",0.0725752728738067
"3541",0.0561665853098051
"3542",0.210560614347798
"3543",0
"3544",0.829966321784635
"3545",0.11813847558606
"3546",2.19760852886418
"3547",1.17004379806588
"3548",3.1109864867446
"3549",2.59801816903088
"3550",4.82869394388557
"3551",0.561846469615272
"3552",1.8272562730721
"3553",0.826432724826578
"3554",0.436616175147452
"3555",0
"3556",0.381810350765556
"3557",0.599032818867281
"3558",0.0857024463715771
"3559",0
"3560",0.313839071776794
"3561",0.0136652860097717
"3562",0.768974227652396
"3563",0.119670984607282
"3564",0.398520981057707
"3565",0.0640023733565662
"3566",0
"3567",0
"3568",0.361574725161765
"3569",0.175804958949497
"3570",0
"3571",0.245793239792869
"3572",1.03492934828832
"3573",0
"3574",0.523119045205111
"3575",0.265333279576462
"3576",0.550032527909627
"3577",0.582573244375804
"3578",0
"3579",0.764607401881735
"3580",1.18926620350703
"3581",0.23737075773405
"3582",0.462286399262314
"3583",1.94881082033523
"3584",0.677415191317561
"3585",1.65338396203809
"3586",0.958976873897087
"3587",0.910765088601115
"3588",0.851090183796326
"3589",1.29436455103076
"3590",0.771048876488014
"3591",0.884386737931006
"3592",0.226489727434088
"3593",0.754762904565056
"3594",0.721268939227789
"3595",0.184895017436166
"3596",0.482500688314998
"3597",0.328425051646555
"3598",0
"3599",0
"3600",0.0680906504285446
"3601",0.377994160822338
"3602",1.23580684659551
"3603",0.0309599675288117
"3604",0.37949409098317
"3605",0.509194343998494
"3606",0
"3607",0.0771807726217626
"3608",0.371047928401742
"3609",0
"3610",0.415226295874225
"3611",0.297302415043595
"3612",0.187175300322059
"3613",0.461653291656955
"3614",0.750249128856077
"3615",0
"3616",0
"3617",0
"3618",0.227361142163382
"3619",0.233861151976007
"3620",0.258480751257973
"3621",0
"3622",0.861061521138502
"3623",0
"3624",0.0388571473889883
"3625",0.487949143203909
"3626",0.628915028081876
"3627",0.879471789430226
"3628",0.265841445110824
"3629",0
"3630",0
"3631",0.0664631868100401
"3632",0.159031043121757
"3633",0.771406434710076
"3634",0.170459916801416
"3635",0.121988815453996
"3636",0.252607206236155
"3637",0
"3638",0.546516490853408
"3639",0.132062742181121
"3640",0.90499455893215
"3641",0
"3642",0.329591444211876
"3643",0.0464742693864655
"3644",0.538444086877234
"3645",1.11508051964754
"3646",0
"3647",0.813301829156413
"3648",0.876388441820811
"3649",0
"3650",0
"3651",0
"3652",0
"3653",0
"3654",0.926315394235557
"3655",0
"3656",0.665559805602058
"3657",0
"3658",0.706609233487108
"3659",0
"3660",0
"3661",0
"3662",0.0522508693480983
"3663",0.150777047454275
"3664",0
"3665",0
"3666",0
"3667",0
"3668",0.0134473277299581
"3669",0
"3670",1.14226827903561
"3671",0
"3672",1.2548532858664
"3673",0.741349949134159
"3674",2.22146885692156
"3675",2.28882849565934
"3676",4.88420396106996
"3677",1.31855746117403
"3678",3.72290710314752
"3679",0.139322853847065
"3680",1.86829037549382
"3681",0.0377963025602595
"3682",0.407116175449056
"3683",0
"3684",0
"3685",0.684226880457632
"3686",0.358185856316771
"3687",0.217801512770049
"3688",1.38177673250363
"3689",0
"3690",0.215117669072253
"3691",0
"3692",0.582299928439466
"3693",0.375620512759962
"3694",1.277498067399
"3695",0.31874853274663
"3696",0.357429124314029
"3697",0.0984176389709378
"3698",0.297918863688439
"3699",0.16726254994878
"3700",1.102549487212
"3701",0.584233986373975
"3702",1.00503616453667
"3703",0
"3704",0.902072113515098
"3705",0.44806644449226
"3706",0.781687774655204
"3707",0.64378299453249
"3708",0
"3709",0.159206941999099
"3710",0
"3711",0.674266043207263
"3712",0.514154723143174
"3713",0.00752859457065347
"3714",0.760951410497823
"3715",0.96038326109549
"3716",1.15400928941101
"3717",1.13143789611435
"3718",0.777667091178973
"3719",0.961481731737399
"3720",1.38391750344577
"3721",0.607063099368536
"3722",0.475772056538303
"3723",0.444018194269259
"3724",0
"3725",0.291276192500722
"3726",0.807682026434694
"3727",0
"3728",2.17127351538038
"3729",0.00976229630592762
"3730",1.09413546983773
"3731",0.30596210208796
"3732",0
"3733",0
"3734",0
"3735",0
"3736",0
"3737",0
"3738",0.60835216289363
"3739",0
"3740",0.263349432263938
"3741",0.590023593381528
"3742",0.685027754191205
"3743",0.020941227380476
"3744",0.957832308014067
"3745",0
"3746",0.450868304488439
"3747",0
"3748",0.303601245108508
"3749",0.719253438943863
"3750",1.05647942122312
"3751",1.36072969130237
"3752",0.661129803890571
"3753",2.70822018316197
"3754",0.937704248815612
"3755",0.310272630890785
"3756",0
"3757",0
"3758",0.0843578958380355
"3759",0.548166972085647
"3760",0
"3761",0
"3762",0
"3763",0
"3764",0.213540604482838
"3765",0.134189227589876
"3766",0.0364894838441234
"3767",0
"3768",1.06495029970205
"3769",0.0425181343766606
"3770",0.0666630634719869
"3771",0.48137165196418
"3772",0.406042170716691
"3773",0.94390467843639
"3774",0
"3775",0
"3776",0
"3777",1.25328519534776
"3778",0
"3779",0.735142204913773
"3780",1.06860929525925
"3781",0.499641186372575
"3782",0.952082262994756
"3783",1.03115029317654
"3784",0.863235761522241
"3785",0
"3786",0.515747621400866
"3787",0
"3788",0.231239529684701
"3789",0
"3790",0.176455775641067
"3791",0
"3792",0
"3793",0
"3794",0.154222323616051
"3795",0
"3796",0.176679462476621
"3797",0
"3798",0.952948652691677
"3799",0
"3800",1.55926724566655
"3801",0.213616546539996
"3802",0
"3803",0
"3804",2.69766745235518
"3805",2.27893869979327
"3806",2.16291967116804
"3807",0
"3808",0.338949786416764
"3809",0
"3810",0
"3811",0
"3812",0.704691125651392
"3813",2.81986569652294
"3814",0
"3815",1.13099068440029
"3816",1.25006156451371
"3817",0.372114213482684
"3818",2.05699633510616
"3819",0.39320643866812
"3820",1.30919310207917
"3821",0.377109813052572
"3822",1.96303681671386
"3823",0.107024175168924
"3824",1.88701629673386
"3825",0
"3826",1.0608759792449
"3827",0.0948211315127957
"3828",0.524412413980507
"3829",0.259052374620618
"3830",1.96376417679195
"3831",0.752307082589107
"3832",0
"3833",1.16183500976045
"3834",0.323769440914075
"3835",1.05786474966898
"3836",0
"3837",0.118440096614834
"3838",0.099613331402705
"3839",1.21939348662085
"3840",0.278453581679837
"3841",0.913056167248165
"3842",0.122983274244956
"3843",0.0037161956599987
"3844",2.33993380931705
"3845",0
"3846",1.53204179173205
"3847",0.529816241593791
"3848",0.705948144663146
"3849",0.793500328246593
"3850",0.907317250696451
"3851",1.39657760146903
"3852",0.226786574683005
"3853",1.27426952511962
"3854",0.35802235533499
"3855",0.109346871041138
"3856",1.31163699115152
"3857",0
"3858",0
"3859",0
"3860",0.760776851514602
"3861",0.109796272006298
"3862",0
"3863",0.534917738433457
"3864",1.11636676734305
"3865",0
"3866",0.737660644148466
"3867",0
"3868",0.315064484191338
"3869",0
"3870",1.07784934282823
"3871",0.0771784317563304
"3872",0.781777478990067
"3873",0
"3874",0
"3875",0
"3876",0.658527669639166
"3877",0.307115558961532
"3878",0.698191230548525
"3879",1.42143902048383
"3880",0
"3881",1.66415256665694
"3882",1.36005569825968
"3883",1.65395015322335
"3884",0
"3885",0
"3886",0.124777438886902
"3887",0.0843578958380355
"3888",0.326193727519362
"3889",0.012199519130107
"3890",0.638065270649323
"3891",0.155809358077529
"3892",0.789254842016336
"3893",0
"3894",0.806586680721886
"3895",0.128510675422768
"3896",0
"3897",0
"3898",0
"3899",0.813148400813817
"3900",0
"3901",0
"3902",0
"3903",0
"3904",1.21256689884014
"3905",0
"3906",0.594594060803077
"3907",0
"3908",0.653658822587281
"3909",0.0323965468047114
"3910",0
"3911",0.24727349687897
"3912",0.225025256813361
"3913",0.365113914984195
"3914",0
"3915",0
"3916",0.0983609931196661
"3917",0.125551090663538
"3918",0
"3919",0.185263467787737
"3920",0.0152996735941288
"3921",0
"3922",0.241536292930727
"3923",0
"3924",0
"3925",0.306487128641781
"3926",0
"3927",0
"3928",0
"3929",0.652080674847875
"3930",0
"3931",0
"3932",0.618002256151339
"3933",2.72194055073933
"3934",0.636290084745326
"3935",2.1069738992004
"3936",0.917253354029631
"3937",0.130069770592503
"3938",0
"3939",3.49987469647793
"3940",3.83334766047192
"3941",0.686314131637295
"3942",0
"3943",0.619595527860331
"3944",0.514040490659524
"3945",0.781871059615719
"3946",0.954859229643945
"3947",0
"3948",0.364598359128378
"3949",0.826827459953894
"3950",0
"3951",0
"3952",0
"3953",0.589966101626732
"3954",0.368939553895134
"3955",1.28138144811922
"3956",0
"3957",0.865427755152107
"3958",0.167601302244129
"3959",1.22724680513482
"3960",0
"3961",0.560677392997401
"3962",0
"3963",0
"3964",0.353915215109332
"3965",0.137647538691969
"3966",0.776487216383908
"3967",0.452351715763348
"3968",1.2981344358307
"3969",0.858729085997477
"3970",0.349645780551323
"3971",1.44037038915253
"3972",0
"3973",0
"3974",0
"3975",0.435671382719186
"3976",0.263976416546559
"3977",0.0759863457355485
"3978",0.615588755294304
"3979",0.682884750996981
"3980",0.327450463183746
"3981",0
"3982",1.33451451735384
"3983",0.390440124330934
"3984",0.247847011995162
"3985",1.73134639795413
"3986",0
"3987",1.05095535044965
"3988",0
"3989",0.176188060831186
"3990",0.54132419262741
"3991",0.829479697143429
"3992",0.786869056770827
"3993",0.855745716073424
"3994",0.150865945370939
"3995",0.517537801825965
"3996",0
"3997",0.480506554519702
"3998",0.631199580529712
"3999",0.112745986568987
"4000",0
"4001",0.846712412278588
"4002",0
"4003",1.69010890661449
"4004",0.964144704269283
"4005",1.50502542800893
"4006",0.674077476339831
"4007",0
"4008",0.817111127025766
"4009",0.211025669562811
"4010",1.57805246735899
"4011",0.415933662175029
"4012",0.0734872004109915
"4013",0.502580626945137
"4014",0
"4015",0.318562815747987
"4016",0.585134153767088
"4017",0.305335467748971
"4018",0.548448890924499
"4019",0.77739574334985
"4020",0
"4021",0.515320478766357
"4022",0
"4023",0
"4024",0.858037739023328
"4025",0.433344090551076
"4026",0.409908762421167
"4027",0.451216052762917
"4028",0.572575367293993
"4029",0.0377057215012351
"4030",0.168731983347666
"4031",0
"4032",0.740702313052159
"4033",0.712642783250629
"4034",0.790429045058166
"4035",0.425928304390381
"4036",0.579111994470686
"4037",1.02044564084215
"4038",0.500450994752802
"4039",0.161540709034638
"4040",1.09303937211389
"4041",0
"4042",0.449069449307417
"4043",0.260122600380339
"4044",0
"4045",0
"4046",0.231605126740307
"4047",0.220557007739388
"4048",0.225328558765058
"4049",0.211657898483745
"4050",0
"4051",0.201402005551012
"4052",0
"4053",0.129134941567329
"4054",0
"4055",0
"4056",0
"4057",0.691237121187867
"4058",0
"4059",0.673467267146044
"4060",0.131471327979411
"4061",0.303844555865694
"4062",0
"4063",0.756059671723093
"4064",0.0941553694272493
"4065",0.614775996543811
"4066",1.37954548985492
"4067",0.416270323518868
"4068",0
"4069",0.222517103378637
"4070",2.45215526802762
"4071",0
"4072",1.44278292423142
"4073",0.611253484784673
"4074",1.92652120252788
"4075",0.691496060653331
"4076",0.486929291819107
"4077",0.0752504909439533
"4078",0
"4079",0.858227271485584
"4080",0
"4081",0.576196289031586
"4082",0
"4083",1.91843282794549
"4084",0.790449009712303
"4085",1.57018258567218
"4086",0
"4087",0.340124023538956
"4088",0
"4089",1.88755321893512
"4090",0
"4091",0
"4092",0.852595091786461
"4093",0
"4094",0.869644000473178
"4095",0
"4096",0.474996961663534
"4097",0.252334624182373
"4098",0.712496473530843
"4099",1.17683077558493
"4100",0
"4101",0.261561283835897
"4102",0.193947967159537
"4103",1.56722613689341
"4104",0
"4105",0.959457825124499
"4106",0.204730629793191
"4107",0.853358091778334
"4108",0.284507949443081
"4109",1.13209549139548
"4110",1.21413385576983
"4111",0.0125477976299047
"4112",0.946118059712757
"4113",0
"4114",0.134825569962132
"4115",0.52566212425172
"4116",0.639172586667646
"4117",0.746984083070311
"4118",0.0358092652294392
"4119",0.134229873194823
"4120",0.462948254458537
"4121",1.1236043492892
"4122",1.05814897024749
"4123",0.94403426221575
"4124",0.53953154950133
"4125",0.401233353923998
"4126",0
"4127",0.561816601206928
"4128",0
"4129",0.946264364931841
"4130",0
"4131",0
"4132",0
"4133",1.32599312925455
"4134",0.619415415661215
"4135",0.73182361475821
"4136",1.61015173128848
"4137",1.10756208570642
"4138",0.319262830334988
"4139",0
"4140",0.606235026288307
"4141",0.108121815047442
"4142",0.130417524895874
"4143",0.577117266931267
"4144",0
"4145",0
"4146",0
"4147",0.424624051049012
"4148",0
"4149",0.561882970691207
"4150",0
"4151",0.586027602268159
"4152",0.15282829414391
"4153",0.648460438619277
"4154",0
"4155",0
"4156",0
"4157",0.277062816528884
"4158",0
"4159",0.511296524365834
"4160",0
"4161",1.10857772375727
"4162",0
"4163",0
"4164",0.286817809807655
"4165",0.217538467524998
"4166",0.43957999881662
"4167",0.770961248472712
"4168",0.209685793220834
"4169",0.88632583231481
"4170",0
"4171",1.03658812829512
"4172",1.1470830780827
"4173",0
"4174",0.382722184718022
"4175",0
"4176",0.430914045848328
"4177",0
"4178",0
"4179",0.36312524696349
"4180",0.0656651141930996
"4181",0.18240974511456
"4182",0.482737033948388
"4183",0.35326703242621
"4184",0
"4185",0
"4186",0
"4187",0.268323196712808
"4188",0
"4189",0.157966897475799
"4190",0
"4191",0
"4192",0
"4193",0.306487128641781
"4194",0
"4195",0
"4196",0
"4197",0.285401945253641
"4198",0
"4199",0.478760266405171
"4200",0.38080447627726
"4201",0
"4202",0
"4203",0
"4204",0.226981318748132
"4205",0
"4206",1.16625900619646
"4207",1.32848608351074
"4208",1.79642083524899
"4209",1.68308964003433
"4210",1.85405242464024
"4211",0
"4212",0.376050228843242
"4213",0.52467899580296
"4214",0
"4215",0
"4216",1.09487232280202
"4217",0.651577564116681
"4218",1.96262862385321
"4219",0.586699770189483
"4220",1.14922541429999
"4221",0.963097259245652
"4222",0
"4223",0.651708300683275
"4224",0.259807387332878
"4225",1.23143235110053
"4226",1.03506148603885
"4227",0
"4228",0.356876530547445
"4229",0
"4230",0.235486243493976
"4231",0.558536835941892
"4232",0.708405672458553
"4233",1.19327795616925
"4234",1.42945927127878
"4235",0.972805834286838
"4236",1.38087316519046
"4237",0.634417896817892
"4238",1.46091859940708
"4239",1.16006945905315
"4240",0.462352189004203
"4241",0.280474166835048
"4242",0.0134288968269958
"4243",2.08177666145277
"4244",0.807103932514325
"4245",1.15628104858358
"4246",0.785190536530909
"4247",0
"4248",0.715987238044444
"4249",0.406830940283746
"4250",0.373616504824193
"4251",1.10998971781174
"4252",0.0298111087938207
"4253",0.310496860291962
"4254",0.608701140806648
"4255",0.769990234258766
"4256",0.493069581154284
"4257",0
"4258",0
"4259",0.201172508780497
"4260",0.340581437295235
"4261",0
"4262",0
"4263",0.0394264770037791
"4264",0
"4265",0
"4266",0
"4267",0.546339286247746
"4268",0
"4269",0
"4270",0
"4271",1.86726841614662
"4272",0.752173882872432
"4273",0.870489225928166
"4274",0.462291923259184
"4275",0.0669309425959721
"4276",0.633294506812035
"4277",0
"4278",0.614576113326506
"4279",0.539705617432406
"4280",0
"4281",0.520462769935574
"4282",0.400961181435256
"4283",0
"4284",0
"4285",0.19977759696375
"4286",0
"4287",0
"4288",0
"4289",1.32472792670576
"4290",0
"4291",0.067398352434608
"4292",0
"4293",0.697942302118347
"4294",0.631899735378895
"4295",0.919155125994604
"4296",0
"4297",0.585239937584066
"4298",0
"4299",0.113945688510451
"4300",0
"4301",0.166380421450881
"4302",0.0959684745975926
"4303",1.77356690435217
"4304",0
"4305",1.80289748116339
"4306",0.0294711070740612
"4307",0
"4308",0.0216114838981527
"4309",0
"4310",0
"4311",0
"4312",0.337382498316782
"4313",0.0899702574118103
"4314",0.675950638458513
"4315",0.443062834500095
"4316",0.0968305779874828
"4317",0.231496316443724
"4318",0.193088082603926
"4319",0.183851798600516
"4320",0.48768715661224
"4321",0
"4322",0.566009117621362
"4323",0
"4324",0
"4325",0.375815650061914
"4326",0.0861085424536817
"4327",0.245794405843873
"4328",0
"4329",0
"4330",0
"4331",0
"4332",0.703944571193308
"4333",0
"4334",0
"4335",0
"4336",0
"4337",0
"4338",0
"4339",1.09587197241112
"4340",1.26895092567945
"4341",0
"4342",0.793752301430529
"4343",1.15754433696783
"4344",0.108228556797685
"4345",0.766208834604877
"4346",0
"4347",0.986758277107292
"4348",0.183488683258714
"4349",0.15552885217316
"4350",0.0608977145749013
"4351",0
"4352",1.18496859228241
"4353",0.918015435338072
"4354",0.233891342638652
"4355",0.604306776623096
"4356",0.118203173948974
"4357",0.318875926879201
"4358",2.06689874691695
"4359",0
"4360",1.68906434337243
"4361",1.43000725994691
"4362",0
"4363",0
"4364",0
"4365",0.168341069789748
"4366",0.0387646846166023
"4367",0.538436788730179
"4368",0.800867684119821
"4369",0
"4370",0.606297478736325
"4371",0.811133959775967
"4372",0
"4373",0
"4374",1.373595064209
"4375",0.301230181932839
"4376",1.36917075441992
"4377",0
"4378",1.94064119243289
"4379",0.677505872054849
"4380",1.89377809129943
"4381",0.772266960051009
"4382",0.689669157094799
"4383",0.495423602537134
"4384",0.357553869408261
"4385",1.30146135235957
"4386",0.548403831776759
"4387",0.258123066459908
"4388",0.494781152458668
"4389",0.378778971653681
"4390",0.235920099016954
"4391",0.58112162648566
"4392",0.612336106366898
"4393",0.65807441168754
"4394",0
"4395",0.204456702233428
"4396",0.0536475470302246
"4397",0
"4398",0.687637503627001
"4399",0
"4400",0.427902284264133
"4401",0
"4402",0.385743486686
"4403",0
"4404",0.264874249654584
"4405",0
"4406",2.00779824805704
"4407",1.63328343647494
"4408",3.22476962813715
"4409",0.488444466233767
"4410",0
"4411",0
"4412",0
"4413",0.154457979648367
"4414",0.00131294076719823
"4415",0.131635584529724
"4416",0.171290326911119
"4417",0.043040329395757
"4418",0.374088304492118
"4419",0.750387732005364
"4420",0.419024937423298
"4421",0
"4422",1.01317801591415
"4423",1.11809093053618
"4424",0.969517009660595
"4425",0
"4426",2.17339687504774
"4427",0.0817923111471703
"4428",3.02049774049311
"4429",0.475349541028719
"4430",0
"4431",0.838034729364175
"4432",0.654912379402265
"4433",0.321829698914518
"4434",2.1552785053149
"4435",0.545557893298485
"4436",0.894321383246092
"4437",0.369669821902561
"4438",0.342821422293079
"4439",0
"4440",1.130216963647
"4441",0
"4442",0
"4443",0.067088049439159
"4444",1.21488687862603
"4445",0.330873356485593
"4446",1.11638353523142
"4447",0.160447417905348
"4448",0.789832700179482
"4449",0.388935358121863
"4450",0.408453819046974
"4451",0.252821667619676
"4452",0.995373660507121
"4453",0.122090203983727
"4454",0.467970333501569
"4455",0
"4456",0.0813491219953117
"4457",0.103303685660873
"4458",0.170458530924992
"4459",0.450050380698142
"4460",0.112996385427308
"4461",0.322211294109761
"4462",0
"4463",0.177112362185499
"4464",0
"4465",0.0884032169023214
"4466",0.204764445155351
"4467",0.312352446888026
"4468",0
"4469",0.0155471339149036
"4470",0.518842937867139
"4471",1.15244793752048
"4472",0
"4473",0.650051510015471
"4474",0.612768039511806
"4475",0.0524948020840008
"4476",0.669114687301546
"4477",1.95503818574198
"4478",0
"4479",1.44861429547536
"4480",0
"4481",0.79856551226444
"4482",0.673483708603422
"4483",0
"4484",0.632138618742286
"4485",0
"4486",0.49027500741305
"4487",0.209236670927604
"4488",0.0301042048508452
"4489",0.374611971954316
"4490",1.12500820606308
"4491",0
"4492",1.6473479765738
"4493",0
"4494",0.642907275818839
"4495",1.24613758570335
"4496",0
"4497",0
"4498",0.123999307743238
"4499",0.470259504924361
"4500",0.579630071966837
"4501",0
"4502",1.20833688770421
"4503",0
"4504",0.180909705519773
"4505",0.0891594660688291
"4506",0.953552191185273
"4507",0.0974643990610389
"4508",1.93930999439891
"4509",1.09715302364648
"4510",0.519541890225339
"4511",0.314504819904426
"4512",0.746923063674361
"4513",0
"4514",0
"4515",0.87313749083628
"4516",0.292829063720866
"4517",1.27917057832505
"4518",0.811780890469808
"4519",1.53801211283048
"4520",0
"4521",0.984337819711637
"4522",0.597259250063938
"4523",0.317475209678566
"4524",0.428592341827912
"4525",1.10088507362425
"4526",1.07902114263751
"4527",0.572087811144727
"4528",1.15575341090118
"4529",0
"4530",0.241973330442821
"4531",0
"4532",0.606875578718498
"4533",0
"4534",0.704029415280841
"4535",0.173653312903178
"4536",0
"4537",0.405783669244118
"4538",0.804732597579568
"4539",0.832247002664501
"4540",0.604582416763358
"4541",0.208914001383871
"4542",0
"4543",0.891225519678275
"4544",1.25292210880492
"4545",0.0682327052128748
"4546",0
"4547",3.0935981279461
"4548",0.0582276439933738
"4549",0
"4550",1.14606777546221
"4551",0
"4552",0
"4553",0.580754298970885
"4554",0
"4555",0.032460363273944
"4556",0.210960607116242
"4557",0.755812766290118
"4558",0.229812766541972
"4559",0.868695382205252
"4560",0.10880967020845
"4561",0
"4562",0
"4563",0.646892069520679
"4564",0.797839834228345
"4565",0.10685378793273
"4566",2.59117607323151
"4567",0.511444484682571
"4568",3.49947257557052
"4569",0
"4570",0.0298140778284184
"4571",0.232521640640062
"4572",0.425913492166756
"4573",0.790894512761016
"4574",0.823015275594714
"4575",0
"4576",0.0232995513251071
"4577",0.0801970769289024
"4578",0
"4579",0
"4580",1.55705046509544
"4581",0.369760678740242
"4582",2.24084731732958
"4583",0.422712408984509
"4584",2.58029319879768
"4585",0.781706846141055
"4586",0.299772081719927
"4587",0.428123650375391
"4588",0
"4589",0.920898485069814
"4590",0
"4591",0
"4592",0
"4593",0.199920810461485
"4594",0
"4595",0
"4596",0.170355071884037
"4597",0.121747487114024
"4598",0.159048310635456
"4599",0
"4600",0.127371945469957
"4601",0
"4602",0
"4603",0
"4604",0.17771934918486
"4605",0.128199995579433
"4606",0.0251946025801961
"4607",0.841878912364098
"4608",0.596951825601104
"4609",0.672855438164115
"4610",0.748983223095158
"4611",0
"4612",0.109552021088602
"4613",1.21529714428408
"4614",2.0174010149711
"4615",0
"4616",1.24209558438519
"4617",0
"4618",1.21020566993883
"4619",0.931524140868036
"4620",0
"4621",1.44332280249404
"4622",0
"4623",0
"4624",0
"4625",0
"4626",0
"4627",0.625582251309987
"4628",0
"4629",0.462554149580783
"4630",0.071864453641667
"4631",0.723908359064366
"4632",0
"4633",0.505173594380005
"4634",0.22504121237666
"4635",0.478523891740346
"4636",1.19194555789825
"4637",0.65999899483997
"4638",0
"4639",0.922198173996646
"4640",0.00543719297057721
"4641",0.22793300544988
"4642",0.78715104994765
"4643",0
"4644",0.818380425212148
"4645",1.34999037781367
"4646",1.61493997749113
"4647",0.0555446763637137
"4648",0
"4649",0
"4650",0.419632501416704
"4651",0
"4652",1.15339775535725
"4653",0
"4654",1.67301874416554
"4655",0.566556279234104
"4656",1.16914437913815
"4657",0.0463599827972407
"4658",0
"4659",0.561346930806567
"4660",0.451668569160248
"4661",0.9953038649536
"4662",0
"4663",1.06013373754595
"4664",0
"4665",0.484218690496057
"4666",0
"4667",0.481606131247007
"4668",0
"4669",0.0871269299416237
"4670",0
"4671",0.0818756190319263
"4672",0
"4673",0.458903385202794
"4674",1.15256670044529
"4675",0.0376741218576899
"4676",1.88818113556122
"4677",1.29868645178219
"4678",0.545943735898998
"4679",0.05086998951828
"4680",0
"4681",1.05395721731004
"4682",2.34014608033506
"4683",0
"4684",1.30179111749013
"4685",0
"4686",2.70589340802011
"4687",0.721243004189195
"4688",0.13255356684039
"4689",0.0982053450642323
"4690",0
"4691",0
"4692",0.355201209257519
"4693",0.111388466308336
"4694",0.18495013931284
"4695",0
"4696",0.00472983827973894
"4697",0.0953363345095455
"4698",0.557475247968386
"4699",0
"4700",0
"4701",0
"4702",0.699000665506563
"4703",0.25888421883158
"4704",0.163200328288187
"4705",0.199847423973149
"4706",0.0439929644960066
"4707",2.75455016635857
"4708",0.640379678774411
"4709",2.92675371683739
"4710",1.21328021799891
"4711",1.38905351661716
"4712",1.54516445365929
"4713",0.337783441611129
"4714",1.1422381363323
"4715",0.458837857744329
"4716",0.992056401024041
"4717",0
"4718",0.849541684043805
"4719",0.368061304983179
"4720",0
"4721",1.14452203365363
"4722",1.39276377500208
"4723",1.38912473398578
"4724",1.41694311840319
"4725",0.295012774109287
"4726",0
"4727",0
"4728",0
"4729",0
"4730",0
"4731",1.13542382373908
"4732",0
"4733",0.456420805492208
"4734",0
"4735",0
"4736",0
"4737",0
"4738",0.271938790114485
"4739",0
"4740",0
"4741",0
"4742",0.125872710735187
"4743",0
"4744",0.289428851954023
"4745",0.395580402423431
"4746",0
"4747",0.783739957641803
"4748",0.33497390536578
"4749",0
"4750",0.563145035453158
"4751",0
"4752",0.787714430138043
"4753",3.1335924531326
"4754",0
"4755",1.16720272260137
"4756",0.183348727298434
"4757",0
"4758",1.23441588966514
"4759",0.310574963660233
"4760",0
"4761",0.383859530999789
"4762",0
"4763",1.10936030461184
"4764",0
"4765",0.489262164497026
"4766",0.704726399581274
"4767",0.822464270835028
"4768",0.172209161940282
"4769",1.05217026430699
"4770",0
"4771",0.576896940498995
"4772",0
"4773",0.57033711500903
"4774",0.121781976344255
"4775",0
"4776",0.275597933308962
"4777",0
"4778",0
"4779",0
"4780",0
"4781",0.482297179837176
"4782",0.851818322777895
"4783",0
"4784",0.308402769979405
"4785",0.816319554848743
"4786",1.06530410611966
"4787",2.55492420965206
"4788",0.198860847086077
"4789",0.350562007266253
"4790",0
"4791",0.782243609779924
"4792",0.426490937906259
"4793",0
"4794",0.332196786511036
"4795",1.7418987865047
"4796",0.854391037096527
"4797",0.222902711125023
"4798",0.309795249323716
"4799",0
"4800",0
"4801",0.624236380300208
"4802",0
"4803",0.225958269735208
"4804",0
"4805",0
"4806",0
"4807",0.845272150103765
"4808",0.243790148549844
"4809",1.03804843431029
"4810",0.371216535129642
"4811",0
"4812",0
"4813",0.190516198111555
"4814",0.55698076443236
"4815",0
"4816",0
"4817",0
"4818",0.857128733083406
"4819",0.34638383095413
"4820",0
"4821",0.209451217024095
"4822",0
"4823",0.387762953799452
"4824",2.32193431167982
"4825",0
"4826",0.134993848571487
"4827",0
"4828",0.224081617927823
"4829",0
"4830",0.227610379041437
"4831",0.049200751334713
"4832",0.282863515526714
"4833",1.01953303649384
"4834",0.601521581619476
"4835",0.0627060586216762
"4836",0.0592149248994565
"4837",0
"4838",0.00786603592564217
"4839",0.50581278107202
"4840",0.697650289581127
"4841",0
"4842",0.541165717623599
"4843",0
"4844",0.334346765930008
"4845",0.476312525996572
"4846",0
"4847",0
"4848",0
"4849",3.02721192481896
"4850",0
"4851",2.96351462747902
"4852",1.03526703946045
"4853",0.890865317557636
"4854",1.27885239820844
"4855",0.655786412152771
"4856",1.21872683127018
"4857",0.130837141609248
"4858",1.13341264705321
"4859",0
"4860",0.902203669157005
"4861",0.8835915110586
"4862",1.07795791423323
"4863",1.53591965790894
"4864",2.14825485523226
"4865",1.33408353623648
"4866",1.42509534486393
"4867",3.39344317183849
"4868",0
"4869",0
"4870",0
"4871",0.438407573472873
"4872",0
"4873",0.0542496199822951
"4874",0
"4875",0
"4876",0
"4877",0
"4878",0
"4879",0
"4880",0.254701504955366
"4881",0.195945549515103
"4882",0.273084845004552
"4883",1.14593689979226
"4884",0
"4885",0.0409593820264085
"4886",0.242061580795123
"4887",0.502873703702315
"4888",0.11420799477597
"4889",0
"4890",0.548139325635793
"4891",1.76602012673774
"4892",0
"4893",0
"4894",0
"4895",0
"4896",1.72599464493738
"4897",0.211187168780247
"4898",0
"4899",0.319846042349834
"4900",0
"4901",0.486170700917031
"4902",0.1240044231899
"4903",0
"4904",0.674677348873734
"4905",0
"4906",1.01240961805141
"4907",2.07517716855489
"4908",1.02716417048683
"4909",1.55243474609421
"4910",1.4477394372855
"4911",1.23085896234067
"4912",0.0893053260767454
"4913",1.4816191336916
"4914",0.0722068680525525
"4915",0.42372329860496
"4916",0
"4917",0
"4918",0.118455578811906
"4919",0.133157559157187
"4920",0
"4921",0.595732073529582
"4922",0.235905209767865
"4923",1.00467844947481
"4924",0
"4925",0
"4926",0.311505723508244
"4927",0.717394306256417
"4928",1.08430049899011
"4929",0.168604103546476
"4930",0.267516911797348
"4931",0.751318542367284
"4932",0.0748610888092041
"4933",2.06435685602421
"4934",0.184180075357938
"4935",1.07639180666707
"4936",0
"4937",0.0240749544973134
"4938",0.0781918613945107
"4939",0.0402290449041018
"4940",0
"4941",0.275774452823147
"4942",0.40380964769323
"4943",0.522472548246153
"4944",0
"4945",0.975931471285892
"4946",0.0817852613873514
"4947",0.712345195867042
"4948",0
"4949",0.979864473496534
"4950",0.107525677802411
"4951",0.0428755335165296
"4952",0.764750581537581
"4953",0
"4954",1.16970723916316
"4955",0
"4956",0.445341697892564
"4957",1.46226893762974
"4958",0.31557885750912
"4959",0.145260746639856
"4960",0.20721554339968
"4961",0.798779114495733
"4962",0
"4963",0.896557620651611
"4964",2.34861788300852
"4965",0
"4966",1.86083245339467
"4967",0
"4968",0
"4969",0.114886102708558
"4970",0.10882315400974
"4971",0.0484974607553468
"4972",0
"4973",0
"4974",0
"4975",0
"4976",0.0440235485900921
"4977",0
"4978",0.217641899495543
"4979",0.35336956587897
"4980",0.432181038591979
"4981",0
"4982",0
"4983",0.205389500844248
"4984",0.23370464331658
"4985",0.604723250127323
"4986",0
"4987",0.869826610401834
"4988",0
"4989",1.2013358219403
"4990",0.253250158714431
"4991",0.364845494516289
"4992",0.706941400556457
"4993",0.763238181581889
"4994",1.31370404502601
"4995",0.448514648705698
"4996",0.827620057007681
"4997",0
"4998",0.315900277592317
"4999",0.474379786579118
"5000",1.12169612269832
"5001",1.10171979850852
"5002",1.1162476054711
"5003",0.745756019344237
"5004",0.68171892352589
"5005",1.87813827206573
"5006",0
"5007",0.837708124881255
"5008",0.948320470254928
"5009",0
"5010",0.355816834315323
"5011",0.921098762325228
"5012",0.112739509878887
"5013",0.567214315745496
"5014",0.393113796381236
"5015",0.177338443971941
"5016",0.086010609149146
"5017",0.179870661604507
"5018",0
"5019",0
"5020",0
"5021",0
"5022",0.639451497501452
"5023",0
"5024",0.682475640606355
"5025",1.72556229083505
"5026",0.344110524877587
"5027",0
"5028",0
"5029",0.920520526131882
"5030",1.40071090795338
"5031",0
"5032",0.628444506735585
"5033",0
"5034",0.798833083744473
"5035",3.07862807202181
"5036",0
"5037",1.37350258059355
"5038",0
"5039",0
"5040",0
"5041",0.811731365334683
"5042",0
"5043",0.284343324147185
"5044",0.443421303450926
"5045",1.78747595816219
"5046",2.56666444114545
"5047",1.6390168048516
"5048",1.47277542157177
"5049",1.02663109448725
"5050",1.32913284953014
"5051",0.0591613125560317
"5052",0
"5053",1.19284476782881
"5054",1.47679737496624
"5055",1.22808255429996
"5056",0
"5057",0
"5058",0.545208475911387
"5059",0
"5060",0
"5061",0.789870000466175
"5062",0.219305079535894
"5063",0.91750104728257
"5064",0
"5065",0.64372537043085
"5066",0
"5067",0.806873555501477
"5068",0
"5069",0.555501138728179
"5070",0.0883148743267763
"5071",0.324160618956654
"5072",0.180882102996549
"5073",0.290110343701236
"5074",0.358627124173898
"5075",0.799768868859563
"5076",0
"5077",0
"5078",0
"5079",0.136621634433644
"5080",0.944542039526702
"5081",0.370595972515698
"5082",0.471973705607796
"5083",0.786641006311194
"5084",0
"5085",0.577479135043853
"5086",0
"5087",0.413656933110662
"5088",0
"5089",1.05690013015252
"5090",0
"5091",0
"5092",0
"5093",0.279063402347484
"5094",1.0539735668718
"5095",0.256343150646748
"5096",0
"5097",0.0162714066770964
"5098",1.14763846744238
"5099",0.984232475667954
"5100",0.852295257190981
"5101",1.68521939411457
"5102",0.845880705884199
"5103",0.138850627708001
"5104",0.0236584579226452
"5105",1.24018524175316
"5106",0.243952094739264
"5107",0.425415896712093
"5108",1.08105126553253
"5109",0
"5110",0.249510492607737
"5111",0.041255911874834
"5112",0
"5113",0.539923928689161
"5114",0
"5115",0.402488989914056
"5116",0.442083559460895
"5117",0.680589386443032
"5118",0
"5119",0.143251603390321
"5120",0
"5121",0.238160652489748
"5122",0
"5123",0
"5124",0.418427520245242
"5125",0
"5126",0.591995803630739
"5127",0
"5128",0.863127928464671
"5129",0.10817169062798
"5130",0.146101875995043
"5131",1.17816988855463
"5132",0
"5133",0.204662320545966
"5134",0
"5135",0
"5136",0.768112596089434
"5137",0.558495568607819
"5138",0.867271460817495
"5139",0.214343091401272
"5140",1.21769796977836
"5141",0.271375952239229
"5142",1.83409683216331
"5143",0.746134432109098
"5144",0.947501221339088
"5145",0.902918460638123
"5146",0.706098413602205
"5147",0.695584414985857
"5148",0
"5149",0.739450998984226
"5150",0.0761672409758711
"5151",0.940085050478188
"5152",0.623360285561634
"5153",0.718519669549194
"5154",1.2609563925183
"5155",0.436453304173949
"5156",1.39961095409232
"5157",0
"5158",1.34021659259104
"5159",0.635798450108075
"5160",0.0871109118053189
"5161",0.047498742086915
"5162",0
"5163",0
"5164",0.528438785145209
"5165",0
"5166",0
"5167",0
"5168",0
"5169",0.960439607401428
"5170",0.138571074133482
"5171",0.611322181765289
"5172",0.158689041236803
"5173",0.167897779976317
"5174",0
"5175",0.724615634513261
"5176",1.37341665759396
"5177",2.35428708783237
"5178",1.41904508894066
"5179",1.49240742105172
"5180",1.36938294708806
"5181",0.513459934289898
"5182",0.436644637205657
"5183",0.404053772762296
"5184",0
"5185",1.74365300646441
"5186",0
"5187",0.0320818394325704
"5188",0
"5189",0.680650819786468
"5190",0
"5191",0.236837175978367
"5192",0.850949617798295
"5193",1.37436897648446
"5194",0.456072329006004
"5195",1.36160360804132
"5196",1.69274657732859
"5197",1.27337462437005
"5198",1.00155166119852
"5199",0
"5200",0
"5201",0
"5202",0.956629552560432
"5203",0.562270276540354
"5204",0.797893513531493
"5205",0
"5206",0.585356676482542
"5207",0
"5208",0
"5209",0
"5210",0
"5211",0.56080018544699
"5212",0
"5213",0.0595963117187889
"5214",0.0677148399617931
"5215",0
"5216",0
"5217",0.240153437368401
"5218",0.19841549169564
"5219",2.5575896201315
"5220",0.295896934943173
"5221",1.31080303481883
"5222",1.18087113178853
"5223",0.307627345121945
"5224",0
"5225",1.51024633511003
"5226",0
"5227",0.602819626965166
"5228",0
"5229",0.135215201540143
"5230",0
"5231",1.7842811076003
"5232",0
"5233",2.1358129183812
"5234",0
"5235",0.630664399862387
"5236",1.20264406924171
"5237",0
"5238",1.05858578979769
"5239",0.119145793074091
"5240",0
"5241",0.847298952833775
"5242",0.199855764300837
"5243",2.40949578744253
"5244",1.7633026847543
"5245",1.22273113018799
"5246",0.414434249431094
"5247",1.21700343007973
"5248",0
"5249",0.973037653546488
"5250",0.125144121917018
"5251",0
"5252",0.170843914835385
"5253",0.198127542389904
"5254",0
"5255",0
"5256",0
"5257",0.512419602489599
"5258",0.00228366558852511
"5259",0.878620459945802
"5260",0.199388912242176
"5261",0.657993647399207
"5262",0
"5263",0.478199186924518
"5264",0.194831233136583
"5265",0.798262971487768
"5266",0.588995190116919
"5267",0.42187284084511
"5268",0.114715307832825
"5269",0.618206071020233
"5270",0.810200284290417
"5271",0.663077443799819
"5272",1.56885739021201
"5273",0.518871206813339
"5274",0.61489047887898
"5275",0.759052824327212
"5276",0.260420007081255
"5277",0.14866562888856
"5278",0
"5279",0
"5280",0.41858671183312
"5281",0.18444936270811
"5282",0.311999707521657
"5283",0.183732402836388
"5284",0.667139593115574
"5285",0
"5286",1.0250409191205
"5287",0.538161965260788
"5288",0.00226375563842574
"5289",0.528236504948441
"5290",0.195160288526989
"5291",0.669015929624529
"5292",0.942313400757291
"5293",1.39654346164357
"5294",0.243284696832712
"5295",1.65983966782246
"5296",1.40180531369557
"5297",0
"5298",1.82619770372149
"5299",0.93126359143592
"5300",0
"5301",0
"5302",2.00103844751415
"5303",0
"5304",1.48590607581014
"5305",0.080710300171858
"5306",0.103951294919703
"5307",0
"5308",0
"5309",0
"5310",0.489924843653574
"5311",0.998459581089835
"5312",0.624255747620506
"5313",0.228436429144589
"5314",1.20331181712038
"5315",0.378178358435464
"5316",0
"5317",0.10502285765794
"5318",0.223932645635891
"5319",0
"5320",0.150709016012195
"5321",1.00743359702156
"5322",0.980057988491423
"5323",0.758120320212538
"5324",1.14958467293239
"5325",0
"5326",1.4940593961141
"5327",0.142667334616329
"5328",0
"5329",1.67096687370986
"5330",0
"5331",0.873000916752565
"5332",0.0533358237957096
"5333",0.684370289000151
"5334",1.41451471982399
"5335",0.146107237201013
"5336",0.329214858237062
"5337",0.0512984609374016
"5338",0
"5339",0
"5340",0
"5341",1.59713622259884
"5342",0
"5343",0
"5344",0
"5345",0
"5346",0.482975348030018
"5347",0
"5348",1.37848004944148
"5349",0.810028319138243
"5350",0
"5351",0.329742601258513
"5352",1.12002986073208
"5353",1.57028354978729
"5354",0.812145295459817
"5355",1.47811255063469
"5356",0.356029065248262
"5357",0
"5358",0
"5359",0.2439215957526
"5360",0.194661222281239
"5361",0.0855514890000375
"5362",0
"5363",0.562015239843518
"5364",0
"5365",1.11862768430557
"5366",0
"5367",0
"5368",1.19706002942384
"5369",0.342124288213058
"5370",0
"5371",0.990086234676142
"5372",0
"5373",0
"5374",0
"5375",0.552755228386537
"5376",0
"5377",0
"5378",0
"5379",0
"5380",0.0400242294752631
"5381",0
"5382",0
"5383",0
"5384",1.40814357756801
"5385",1.21454485271672
"5386",0
"5387",1.03140137143123
"5388",0.643269146935304
"5389",2.16263598451025
"5390",0
"5391",0
"5392",0
"5393",0
"5394",0
"5395",0.82235886273187
"5396",0
"5397",0
"5398",0.182159936108778
"5399",0.143752667032729
"5400",0
"5401",0.0832985447883235
"5402",0
"5403",0.226990552076651
"5404",0.0515445904829002
"5405",0.560073439318696
"5406",0
"5407",0.0261201027020876
"5408",0
"5409",0.572790923008094
"5410",0.37088429876903
"5411",0.25148481624427
"5412",0.939056592481878
"5413",0.807328132171585
"5414",0.44600648811463
"5415",0.44600648811463
"5416",0.084744414465842
"5417",0.212934841573036
"5418",0.394500518008031
"5419",0.878150131897778
"5420",0.355361835171063
"5421",0.862519049334307
"5422",0.577441756779891
"5423",0.222243926905314
"5424",0.562452429446467
"5425",1.03502488167924
"5426",0.667847019403342
"5427",0.377367676943494
"5428",1.06758328790964
"5429",0.189506510595208
"5430",0.886083885167806
"5431",0
"5432",0.30782703063203
"5433",0.423241517305153
"5434",0
"5435",0
"5436",0
"5437",0.854673818412176
"5438",0.296947290442931
"5439",0.955754392242256
"5440",0
"5441",0.613242345633024
"5442",1.24959690107586
"5443",0.593568726770318
"5444",1.74429676681092
"5445",1.4756028924909
"5446",0
"5447",0
"5448",0.422093758777785
"5449",0.597996682805813
"5450",1.73214778666277
"5451",0
"5452",1.44127433928203
"5453",0.0988470591800059
"5454",0.73555775615131
"5455",0
"5456",0.700025028013937
"5457",0
"5458",0.0221865138489441
"5459",0.47953483889277
"5460",0
"5461",1.35795877898693
"5462",0.362642928706579
"5463",0.986446662835837
"5464",0.312217645656094
"5465",0
"5466",0
"5467",0.176552884243045
"5468",0.0397475661265636
"5469",0.359722595469195
"5470",0.0691239335217844
"5471",1.36583876491135
"5472",0.022232257048048
"5473",0
"5474",0
"5475",0
"5476",0.924058455844208
"5477",0
"5478",0.254360673625952
"5479",0.675538780433722
"5480",1.47513092503757
"5481",0.454199960281342
"5482",0.354690924924556
"5483",0.690265104392084
"5484",0.235042291237781
"5485",0.194088922449977
"5486",0.0325280605834126
"5487",1.37909241804118
"5488",0
"5489",0.393504333257875
"5490",0
"5491",0.853961824035479
"5492",0
"5493",0.118702396876126
"5494",0.848515775917207
"5495",0
"5496",0
"5497",0.201937187888604
"5498",0.870762343266742
"5499",0
"5500",1.16654830982811
"5501",0
"5502",1.32248009170488
"5503",1.50972469264178
"5504",0.661345189988484
"5505",1.12157211507972
"5506",0
"5507",0.618168793565931
"5508",0
"5509",0.323446033960813
"5510",0.340967403485195
"5511",1.10726505564628
"5512",0
"5513",0.186965418858287
"5514",2.23082067288293
"5515",2.76459163653948
"5516",2.79562360162831
"5517",1.09434435459706
"5518",0
"5519",0
"5520",0
"5521",1.48924493523785
"5522",0.632400119410116
"5523",0.716121134483977
"5524",0.241673428955566
"5525",0.533536585046076
"5526",0
"5527",1.43811080223715
"5528",0.44396120613688
"5529",0.634374731608701
"5530",1.58516163649419
"5531",0
"5532",0
"5533",0.361778911418749
"5534",0.39914550064478
"5535",1.33308845929115
"5536",0
"5537",1.54727897844017
"5538",0.564751603791701
"5539",0.349564153851241
"5540",0.094261040531138
"5541",0.928625382415918
"5542",0
"5543",0
"5544",0
"5545",0
"5546",0.121234895450037
"5547",0
"5548",0
"5549",0.139102204029443
"5550",0
"5551",0
"5552",0
"5553",0.75528842859025
"5554",0.252136940454696
"5555",0.619234001525014
"5556",0.413854812069354
"5557",0.617432631614883
"5558",0.672541348055711
"5559",1.06392638645108
"5560",1.07655224664223
"5561",1.48915251825983
"5562",0
"5563",0.807328132171585
"5564",0.44600648811463
"5565",0.44600648811463
"5566",0.44600648811463
"5567",0.0846848440576742
"5568",0.0846848440576742
"5569",0.0846848440576742
"5570",0.0846848440576742
"5571",0.0846848440576742
"5572",0.341184839088398
"5573",0.26625052049267
"5574",0.349975314747454
"5575",0.423904507869369
"5576",0.380884959588942
"5577",0.126394647334073
"5578",0.704985511993881
"5579",0.847850602112938
"5580",0
"5581",0
"5582",0
"5583",0.324056656101773
"5584",0
"5585",0.126666760254731
"5586",0
"5587",0.330097573265482
"5588",0.804573495396086
"5589",0
"5590",0.836993645697332
"5591",0.607503643143792
"5592",0.851624093961987
"5593",0
"5594",0.39740479208013
"5595",0.237230560477822
"5596",0.525171275390798
"5597",0.700707386651148
"5598",0.678872110327281
"5599",0.473636687215609
"5600",0.795026700777948
"5601",0
"5602",0.207361313315985
"5603",1.64170000928784
"5604",0.145991836421994
"5605",1.75084217109396
"5606",0
"5607",0
"5608",1.73476803386277
"5609",0.176207653991951
"5610",0.236986968252714
"5611",0
"5612",0.404610585540857
"5613",0.250328746376615
"5614",0
"5615",0.696912459772626
"5616",0
"5617",0.618164074389685
"5618",0.343935474540788
"5619",0.455302759105574
"5620",0.121159701901657
"5621",0.110984643957192
"5622",0.24095307401982
"5623",0
"5624",0.700869422933383
"5625",0.188903088400168
"5626",0
"5627",1.77538638758546
"5628",2.58447445775053
"5629",0
"5630",1.56431093837345
"5631",0
"5632",0.085800811665814
"5633",0.289430133664442
"5634",1.60195794442615
"5635",1.2072928891115
"5636",0.704019648052283
"5637",0.448236740256589
"5638",0
"5639",0.309836850890514
"5640",0
"5641",1.61553541438786
"5642",0.668057405863963
"5643",0.675103852110404
"5644",0
"5645",1.0933802934394
"5646",0.111902651131459
"5647",1.5242456588063
"5648",0.658346910871253
"5649",0.859893954609735
"5650",0
"5651",0.34685600507068
"5652",0.759903518675226
"5653",0
"5654",1.7372861897043
"5655",0
"5656",1.51524383024048
"5657",0.90056159470555
"5658",0.800816943883065
"5659",0.824715755211651
"5660",0
"5661",1.68531961253958
"5662",0
"5663",1.2072655071689
"5664",0.720916857298963
"5665",1.25604934804494
"5666",0.223851793771992
"5667",0.272572167688614
"5668",0
"5669",0
"5670",0.185746704739684
"5671",1.65331701030661
"5672",0.530728582906837
"5673",0.323581122148488
"5674",0
"5675",1.74782829190519
"5676",0.973275718638033
"5677",0.36533139612483
"5678",0
"5679",0
"5680",1.76937892111704
"5681",1.4617815346503
"5682",0.48346352339648
"5683",2.08535760181281
"5684",0.399291623224707
"5685",0.278314486031172
"5686",0.644454689080466
"5687",0.366920858406714
"5688",0.9234385095585
"5689",0.225925988166519
"5690",0
"5691",0.132162386525962
"5692",0
"5693",0.0527388328292882
"5694",0.71932163525919
"5695",0.325285473535419
"5696",0.215860798823932
"5697",0.792357302727636
"5698",0
"5699",0.130329538768481
"5700",0.294112272071606
"5701",0.465101401686488
"5702",0
"5703",0.131425263250436
"5704",0.552848630913381
"5705",0
"5706",1.03917983447771
"5707",2.43317519016096
"5708",1.79332366472448
"5709",0
"5710",0.162115761774659
"5711",0.373404808670228
"5712",0.350714371524338
"5713",0.716546670139708
"5714",0.184581951095221
"5715",1.27546761281784
"5716",1.13351236814492
"5717",0.0180155599703
"5718",0.707016163383611
"5719",0.807328132171585
"5720",0.44600648811463
"5721",0.0846848440576742
"5722",0.0846848440576742
"5723",0.0846848440576742
"5724",0.0846848440576742
"5725",0.0846848440576742
"5726",0.0846848440576742
"5727",0.0846848440576742
"5728",0.0846848440576742
"5729",0.0846848440576742
"5730",0.0846848440576742
"5731",0.212934841573036
"5732",0.0846848440576742
"5733",0.0941457201258005
"5734",1.23928688107295
"5735",0.104391515486931
"5736",1.01103228441056
"5737",1.14047639958693
"5738",1.09064716319242
"5739",0.505022524804241
"5740",1.01356183876623
"5741",0
"5742",0.0572983697617588
"5743",0
"5744",0.181882866648106
"5745",0.460204144591776
"5746",0.920622676931298
"5747",0.106227650876163
"5748",1.3351028140001
"5749",0.552892009743688
"5750",1.09286309550449
"5751",0.0125493872079412
"5752",0
"5753",0.518467269158271
"5754",0.815204606699905
"5755",0.2126267424497
"5756",0.538451257069482
"5757",0.362896018488255
"5758",0.540408031405798
"5759",1.4600183675016
"5760",0
"5761",0
"5762",0.59513703633532
"5763",0
"5764",1.49464313488612
"5765",1.58714889488525
"5766",0.897801646691317
"5767",1.27091914171726
"5768",0.345930083618261
"5769",0.497751026418444
"5770",0.357480275747855
"5771",0.0926075678162999
"5772",0
"5773",0.848691491626217
"5774",0.47306450341742
"5775",0.533478368287917
"5776",0.0493469114164974
"5777",0.869364178761888
"5778",0.529698509673931
"5779",0.615542273829321
"5780",1.51180265794571
"5781",0.210093891197065
"5782",0.857660235730883
"5783",1.22889594229103
"5784",1.36955113597107
"5785",0
"5786",2.38794825968586
"5787",0.492347211172703
"5788",1.70012363168314
"5789",0.856276819573562
"5790",0.0674801899108227
"5791",1.4183389916778
"5792",0.0748970824285899
"5793",1.4822196491142
"5794",0.705710045166046
"5795",0.312573734078952
"5796",1.46483301270648
"5797",0.330023297261549
"5798",0.788828876015886
"5799",2.72066820644196
"5800",0.628026065600334
"5801",1.90486945611149
"5802",0.122712375855551
"5803",0.774165868685297
"5804",0
"5805",0.84670212164307
"5806",2.66998776863137
"5807",0.314703820801622
"5808",1.24859577773613
"5809",1.58676576533979
"5810",2.49316952071172
"5811",0.412024329561699
"5812",0.212116114649813
"5813",0.860313189917191
"5814",0.303553833324375
"5815",1.4983032185614
"5816",0
"5817",0.698870443404799
"5818",0.896632607210155
"5819",0.817173364022533
"5820",0.376426540387619
"5821",1.20299481282427
"5822",0.427411067707107
"5823",2.05351498542248
"5824",0
"5825",2.44014670862382
"5826",1.03164655167731
"5827",0
"5828",0
"5829",0
"5830",0.738805534145349
"5831",0
"5832",0.262317340591288
"5833",0.332125298514481
"5834",1.76325820062497
"5835",0.558215041111535
"5836",0
"5837",1.57460756208321
"5838",0.517387899772542
"5839",0.245383757826954
"5840",0.704590843462197
"5841",0.332108251000059
"5842",0
"5843",0.998452220835089
"5844",0
"5845",0.643484421046585
"5846",0.329225575324112
"5847",0
"5848",1.21221106978007
"5849",0.242927063824049
"5850",0.168816116931809
"5851",0.40273399011121
"5852",0
"5853",0.275944558004997
"5854",0.243956183803468
"5855",0.705311966179648
"5856",0.364658050776176
"5857",0
"5858",0.862064848829325
"5859",0.3257957496079
"5860",1.70891045592257
"5861",2.20898173801117
"5862",0.333260834740862
"5863",0.549062644012318
"5864",1.20238244956619
"5865",0.518561678483044
"5866",0
"5867",0
"5868",1.02983613996407
"5869",0.804205393830159
"5870",0
"5871",0.589855565172559
"5872",0.923003619935988
"5873",0.469176123963305
"5874",0.807328132171585
"5875",0.0846848440576742
"5876",0.0846848440576742
"5877",0.0846848440576742
"5878",0.0846848440576742
"5879",0.0846848440576742
"5880",0.0846848440576742
"5881",0.0846848440576742
"5882",0.0846848440576742
"5883",0.0846848440576742
"5884",0.0846848440576742
"5885",0.0846848440576742
"5886",0.0846848440576742
"5887",0.0846848440576742
"5888",0.0846848440576742
"5889",0.341184839088398
"5890",0.0723552347800459
"5891",0.457532738910108
"5892",0.236049695859488
"5893",0.980060203854909
"5894",0.413036715548801
"5895",1.34816117952986
"5896",1.02302380703287
"5897",0
"5898",0.358279551496019
"5899",0.927233837967451
"5900",0.453221414832828
"5901",0
"5902",0
"5903",0.683735494569716
"5904",0.366324434650237
"5905",2.51144923223867
"5906",0
"5907",0.782316216791022
"5908",0.8869231035056
"5909",0.333060655869565
"5910",0.340261699420151
"5911",0
"5912",1.34796997161384
"5913",0
"5914",0
"5915",0.348662200605035
"5916",1.07896746151707
"5917",2.30449184125595
"5918",0.161886695645913
"5919",2.67008314679351
"5920",0.937184066897521
"5921",1.63589360305511
"5922",1.01235210103073
"5923",1.71193523310348
"5924",0.627600289020849
"5925",0.752914318728281
"5926",0.982980672745267
"5927",0.659996020915423
"5928",0
"5929",0.828549302977144
"5930",0.0297755814839156
"5931",0.60490199483452
"5932",0.0853219173518079
"5933",0.197492527714723
"5934",0.246432592483737
"5935",0.250755868357039
"5936",0.0207115667716646
"5937",0.038077679547305
"5938",0.382067079884969
"5939",1.42429859033505
"5940",0
"5941",3.22026758171714
"5942",1.93881545946689
"5943",0.948832964532285
"5944",1.69320555860653
"5945",1.43889073972955
"5946",0.320070764746346
"5947",0.413995375037421
"5948",0
"5949",0
"5950",1.70333051925611
"5951",0.998307537358034
"5952",1.97050568786976
"5953",0.499015221851987
"5954",2.40302321976232
"5955",0.635103352327138
"5956",1.80606568750987
"5957",0
"5958",1.15042553954581
"5959",0
"5960",2.23652450581023
"5961",0.144190603215241
"5962",0.000264518538917624
"5963",0.530848536358395
"5964",0.571416304199709
"5965",0
"5966",0.649513654945869
"5967",1.00649411428489
"5968",1.68031007542222
"5969",0.307206314750936
"5970",0.602725030659963
"5971",0
"5972",0.8670864420509
"5973",1.37501642862244
"5974",0.174792911474462
"5975",1.27478884797398
"5976",2.37898349173949
"5977",0
"5978",0.329646487780465
"5979",0.866405481937079
"5980",1.44886231518499
"5981",1.99588236790032
"5982",0
"5983",0.455058193283362
"5984",1.23991536549257
"5985",0.0549349472073923
"5986",0
"5987",0
"5988",0.109579880361044
"5989",0
"5990",0.175178906897338
"5991",0
"5992",2.28265399045254
"5993",0.171599638279368
"5994",1.08183767162075
"5995",0.235952129671519
"5996",0.545097420802178
"5997",0.0286169400920906
"5998",0.547919170488259
"5999",1.04144000654337
"6000",0
"6001",0.693899763137014
"6002",0
"6003",0.402550301172871
"6004",0.94018318242159
"6005",0.0353062510285962
"6006",0.659254968115477
"6007",0.160445206315086
"6008",0.747091543878309
"6009",0.401223830253885
"6010",0
"6011",1.01125746454152
"6012",0.912911638236863
"6013",1.20519107404627
"6014",2.32020883364601
"6015",2.05321150907778
"6016",0.484572168992764
"6017",0.693609592131191
"6018",1.19198452470958
"6019",0
"6020",0.359051518862797
"6021",0
"6022",0.185810887335464
"6023",0
"6024",0
"6025",0.202311104581039
"6026",0.577707693194679
"6027",0
"6028",0.807328132171585
"6029",0.0846848440576742
"6030",0.0846848440576742
"6031",0.0162505253360188
"6032",0.0846848440576742
"6033",0.0846848440576742
"6034",0.0846848440576742
"6035",0.0846848440576742
"6036",0.0846848440576742
"6037",0.0846848440576742
"6038",0.0846848440576742
"6039",0.0846848440576742
"6040",0.0846848440576742
"6041",0.0846848440576742
"6042",0.0846848440576742
"6043",0.0846848440576742
"6044",0.0846848440576742
"6045",0.597684834119121
"6046",0.0940744606995211
"6047",0.866025152898087
"6048",0
"6049",0
"6050",0.512157404337577
"6051",0.268251920728716
"6052",0
"6053",0
"6054",0.620359046362955
"6055",0
"6056",0
"6057",0
"6058",0.333544463833188
"6059",0
"6060",0
"6061",0.822514741011265
"6062",0
"6063",0
"6064",0
"6065",0.695564714568733
"6066",0.665155227455848
"6067",0
"6068",0
"6069",0
"6070",0.943096519074836
"6071",0
"6072",1.78353705673364
"6073",1.03207242040669
"6074",1.47157469653851
"6075",0.275295712172774
"6076",0.543933616329053
"6077",1.1874081008833
"6078",0.517059643249585
"6079",1.50855760902397
"6080",1.23342980778488
"6081",2.14569171200037
"6082",0.0188119053837821
"6083",0.0235213189626524
"6084",0
"6085",0.592513039831531
"6086",0.469010086763132
"6087",1.00363394773372
"6088",0.047059150246007
"6089",0.988516838169337
"6090",0.0932429108272217
"6091",2.05044963430014
"6092",1.05741693085426
"6093",0
"6094",0.766217944725704
"6095",1.22827760827323
"6096",0.784701269452739
"6097",0.762870010177154
"6098",0.908005574008312
"6099",0.616969468114566
"6100",0.658805903315068
"6101",1.4296319023446
"6102",0.469718053963498
"6103",0.786491629602297
"6104",0.811178978067354
"6105",0
"6106",2.97749223214534
"6107",0.895764475870661
"6108",4.62820111306057
"6109",0
"6110",0.251518198542557
"6111",0
"6112",6.08860139400698
"6113",0
"6114",0.397631107381452
"6115",0.16184282120072
"6116",0.948102167224802
"6117",0
"6118",0.0384986156708322
"6119",0.0385454536686254
"6120",0.120177181706222
"6121",1.0393732519421
"6122",1.61859166170153
"6123",0.20831436078648
"6124",0
"6125",0.242854419592711
"6126",0.00883427430354256
"6127",0
"6128",1.42947690240556
"6129",0
"6130",2.57540087967364
"6131",0
"6132",2.54052621358765
"6133",2.32177034350197
"6134",1.46582546801637
"6135",0.183860057590215
"6136",0
"6137",0
"6138",0
"6139",0.533570258328538
"6140",0.66143321639189
"6141",1.8867257964435
"6142",1.17840129349009
"6143",0
"6144",0
"6145",0
"6146",0.890650788824112
"6147",0.463317304065236
"6148",0.721265265602559
"6149",0.260718752609284
"6150",0.110637785204418
"6151",0.401216786405231
"6152",0
"6153",0.740688285054012
"6154",0
"6155",0.271369309145627
"6156",1.41844474925413
"6157",0.0459904097660613
"6158",1.27330386259883
"6159",0.860798413397779
"6160",1.26522578327003
"6161",0.571122636327546
"6162",0.76720663531146
"6163",1.23321436746306
"6164",0.00837164564886095
"6165",0.565183343548354
"6166",0.52857334348844
"6167",1.70173567956635
"6168",1.5519809796196
"6169",1.34117257809818
"6170",0.0439892091295637
"6171",0.515635169713658
"6172",0.640971519078052
"6173",0.00683783814829264
"6174",0
"6175",0.728371396422664
"6176",0.274214182838443
"6177",0
"6178",0.404159627909338
"6179",0.380695627303055
"6180",0
"6181",0.807328132171585
"6182",0.0846848440576742
"6183",0.0162505253360188
"6184",0.358422124247517
"6185",0.0162505253360188
"6186",0.0846848440576742
"6187",0.0846848440576742
"6188",0.0846848440576742
"6189",0.0846848440576742
"6190",0.0846848440576742
"6191",0.0846848440576742
"6192",0.0846848440576742
"6193",0.212934841573036
"6194",0.0846848440576742
"6195",0.212934841573036
"6196",0.0846848440576742
"6197",0.0846848440576742
"6198",0.0846848440576742
"6199",0.363858228908886
"6200",0.0829969983156518
"6201",1.04779730302929
"6202",0.00719773397953105
"6203",2.34965501675828
"6204",1.07972204575195
"6205",0
"6206",0
"6207",0.818073996778551
"6208",0.480616253083469
"6209",0
"6210",0.138225109589146
"6211",0
"6212",0.296486272283483
"6213",1.58258257875048
"6214",0
"6215",2.34752405446853
"6216",0
"6217",0
"6218",0
"6219",0.710018176966497
"6220",1.19226879810664
"6221",0
"6222",2.73177673744305
"6223",0.92422980531768
"6224",0.699014268550049
"6225",0
"6226",0.527417444991446
"6227",0
"6228",0.188726322304603
"6229",0.386827311710547
"6230",0.49516571647247
"6231",0.397335012399781
"6232",0.619353597337445
"6233",1.03373420632159
"6234",0
"6235",0.768371303965306
"6236",0.684033318910618
"6237",0.555721024504079
"6238",0.852725537185911
"6239",1.0206604065219
"6240",0.131892755859423
"6241",0.918033727689092
"6242",1.24747069163461
"6243",1.1630469683825
"6244",0
"6245",2.35344140362088
"6246",0.193979275214385
"6247",0
"6248",0.465615181167188
"6249",0
"6250",0.0954708208411312
"6251",0.288663437183563
"6252",0.162862051725801
"6253",0.833714941598868
"6254",0.746763005722916
"6255",0.821757594375483
"6256",1.193016428415
"6257",0
"6258",0.562636984881276
"6259",0.453360175664946
"6260",1.15172382589744
"6261",1.25401531323368
"6262",1.98859128315379
"6263",0
"6264",5.76883231276802
"6265",3.35481445614181
"6266",0
"6267",0
"6268",0.787931151665175
"6269",0.845815679013306
"6270",0.453198751939164
"6271",1.30557310938821
"6272",0.374154536298669
"6273",1.46139499217486
"6274",0.362196320841801
"6275",0.0524202075601807
"6276",0
"6277",0
"6278",0.248895124544807
"6279",1.12115087543175
"6280",0.891198504165617
"6281",0
"6282",1.42014539514356
"6283",0
"6284",2.38400083410843
"6285",0.669230418746287
"6286",1.04173768897929
"6287",0.425485537096088
"6288",0.107259413515779
"6289",0
"6290",0.962566080165641
"6291",0
"6292",1.38028143424261
"6293",0.0276186971823851
"6294",0.0454805595310224
"6295",0.962144179837137
"6296",1.66081435437968
"6297",0
"6298",0.884542972653545
"6299",0.076817622495942
"6300",0.48687713890615
"6301",0.411462238314826
"6302",0.245757510616946
"6303",0.548009619359729
"6304",0.326830552060813
"6305",0.186828333507437
"6306",0
"6307",0.0723218822774656
"6308",0
"6309",0
"6310",0.763185125324505
"6311",0
"6312",1.33574879240001
"6313",0.539130400525062
"6314",0.642544484395487
"6315",0.790998513462333
"6316",0
"6317",0.488651419992882
"6318",0
"6319",0.116533771987653
"6320",0.463742767443719
"6321",1.33631599622234
"6322",0.291452820927667
"6323",0.0376863893880737
"6324",0.388215290853305
"6325",0.0538326094467145
"6326",0.20190671872151
"6327",0.14477858068214
"6328",0.126574349954546
"6329",0.060605576982899
"6330",0.598258140147893
"6331",0.0470891400001351
"6332",0.773807447223367
"6333",0.366715768845493
"6334",0.707394784671489
"6335",0.44600648811463
"6336",0.0846848440576742
"6337",0.0162505253360188
"6338",0.0846848440576742
"6339",0.212934841573036
"6340",0.212934841573036
"6341",0.0846848440576742
"6342",0.212934841573036
"6343",0.0846848440576742
"6344",0.0762530920958169
"6345",0.450588448937111
"6346",0.314577671107833
"6347",0.576363805087958
"6348",0.696946861319743
"6349",0.462733777089729
"6350",0.337613411940394
"6351",0.0792462633022213
"6352",0.174321620540393
"6353",0.169024724443842
"6354",0.432180070923892
"6355",0.326878967762227
"6356",0.761950843334881
"6357",0.802282207678266
"6358",0.120741408938101
"6359",0
"6360",0.130125256142046
"6361",0.724430540233295
"6362",0.24556308487858
"6363",0.261446096912048
"6364",0.714634726563371
"6365",0
"6366",1.16446121854672
"6367",1.278176659398
"6368",0.176981862002281
"6369",0.727333758461829
"6370",0
"6371",0.503721190051452
"6372",0.663015320151606
"6373",0.196830452043366
"6374",2.45858286624897
"6375",1.82868151043661
"6376",0
"6377",0.553461331118938
"6378",0.158212469372208
"6379",0
"6380",0
"6381",0.000446285493590604
"6382",0
"6383",0
"6384",0
"6385",0.0863315832748952
"6386",0
"6387",0.339619897093305
"6388",1.19662670514559
"6389",1.01813320327363
"6390",0.9856460580352
"6391",0.6418076363831
"6392",1.61629256338452
"6393",2.05001674711766
"6394",0
"6395",1.30095472455012
"6396",0
"6397",0
"6398",1.77093331096274
"6399",0.54163744180219
"6400",1.91073205713481
"6401",1.13719078652878
"6402",1.00705459627955
"6403",0.852680124821955
"6404",0.331683289027593
"6405",0
"6406",0.109537840798687
"6407",0
"6408",0
"6409",0
"6410",1.57895873921566
"6411",1.29034747270486
"6412",0.300736705398337
"6413",0.99507016375063
"6414",1.15145587566984
"6415",0
"6416",2.1140647037199
"6417",1.09910070374482
"6418",0.208659227422844
"6419",1.00905370665501
"6420",0.438318094849358
"6421",0
"6422",0.68049257524114
"6423",0.0907617017387139
"6424",0.552866774190629
"6425",1.2787220810951
"6426",0.885560571001881
"6427",0.747006835249776
"6428",0.61254360004534
"6429",0.597283591183535
"6430",0
"6431",0
"6432",0
"6433",0
"6434",1.14999613906641
"6435",0.270736711268063
"6436",0.521762169663129
"6437",0.244588760573612
"6438",0
"6439",0.0776364533778031
"6440",0.231212627947124
"6441",0.2699767889092
"6442",0.14495270523661
"6443",0.219913317655333
"6444",0.298317584202633
"6445",0.971390415416888
"6446",0.947433929107621
"6447",0.855876220509657
"6448",0.618752284577229
"6449",0.605207766408543
"6450",0
"6451",0.0781155305705978
"6452",0
"6453",0.239205722278475
"6454",0
"6455",0.386282870582625
"6456",0
"6457",0
"6458",0.38306820519522
"6459",0
"6460",1.16362065934836
"6461",0
"6462",0.966676284837356
"6463",0
"6464",0
"6465",0
"6466",0.128504874227118
"6467",0.577696710058605
"6468",0.557438846965702
"6469",0
"6470",0
"6471",0
"6472",0
"6473",0.321797494573989
"6474",0
"6475",0.0957193987439685
"6476",0.470700790586027
"6477",0
"6478",0.513425029898911
"6479",0
"6480",0.364252815828692
"6481",0.471707069705044
"6482",0
"6483",0.24063030051006
"6484",0.387253620839744
"6485",0.290824207724893
"6486",0.44600648811463
"6487",0.0846848440576742
"6488",0.0846848440576742
"6489",0.341184839088398
"6490",0.522750515523393
"6491",0.71943483176041
"6492",0.597684834119121
"6493",0
"6494",0.332753087126541
"6495",0.451638234518689
"6496",0.096497596631092
"6497",0.932528970896301
"6498",1.30700776110267
"6499",1.19646270426761
"6500",1.2849973312312
"6501",0
"6502",0.715256397227638
"6503",0
"6504",0.527281926900331
"6505",0.0673081631771117
"6506",0.293745630466371
"6507",0.403616573647229
"6508",0.384529793566263
"6509",0.586066483131423
"6510",0.162958284053003
"6511",0.900971665878392
"6512",0.430727557501822
"6513",0
"6514",0.535258538277355
"6515",0
"6516",0
"6517",0
"6518",0.34814692829838
"6519",0.960810335379228
"6520",0.594873708095188
"6521",1.04444506004063
"6522",0.0869726183179309
"6523",1.54842272851131
"6524",1.78761391066161
"6525",1.37909185876757
"6526",0
"6527",0.920862527522942
"6528",0.280055894426248
"6529",0.483993708668987
"6530",0.234654777928989
"6531",0.0331672076975934
"6532",0.142647434544858
"6533",0
"6534",0.0520416026802117
"6535",0.666127429100717
"6536",0.981606728593542
"6537",0
"6538",0.493169032628054
"6539",1.2305083665167
"6540",0.606763010930573
"6541",0.0729465014239068
"6542",0.3140545708653
"6543",0.906508076283145
"6544",0.609452166303553
"6545",0.384360109663545
"6546",1.1643712852725
"6547",0
"6548",0.510037927115021
"6549",0
"6550",0
"6551",0.760378894494289
"6552",1.03430455279502
"6553",0.30857157687225
"6554",1.13479002838893
"6555",1.04427488189223
"6556",1.13169986647267
"6557",0
"6558",2.0153443403698
"6559",0.547741844752602
"6560",1.78723164549329
"6561",1.5813390228299
"6562",1.96474653496094
"6563",3.0487478187615
"6564",1.27161105011714
"6565",1.04175472197287
"6566",0.958488324442071
"6567",0.238436307726334
"6568",0
"6569",0.094588172842891
"6570",0
"6571",0.480728060718409
"6572",0
"6573",0
"6574",0
"6575",0.671435211076511
"6576",0.108998066245201
"6577",0.653894663872781
"6578",1.0494091791842
"6579",1.39789779136491
"6580",0.780524616778941
"6581",1.02976400868364
"6582",0.921919927221467
"6583",0.811919954454732
"6584",1.45130125984102
"6585",1.04166498283225
"6586",3.04433251356004
"6587",0.463939000496276
"6588",1.04239755457756
"6589",0.113225732664427
"6590",0.319790577795243
"6591",0
"6592",0.286985288235996
"6593",0.119097377302841
"6594",0
"6595",0
"6596",0
"6597",1.22258120527438
"6598",0.559769365918245
"6599",1.01004857947984
"6600",0.292333976006109
"6601",0.603014756720844
"6602",0.124609692145741
"6603",0.905025758943471
"6604",0.137485618850633
"6605",0
"6606",0
"6607",0.684368274570515
"6608",0.274098143255682
"6609",0
"6610",0.321558416345469
"6611",0
"6612",0.208786725510125
"6613",0
"6614",0.302583721302248
"6615",0
"6616",0.696542485673341
"6617",0
"6618",0.0551756886938886
"6619",0
"6620",0.126339743392525
"6621",0
"6622",0
"6623",0
"6624",0
"6625",0.958601320652498
"6626",0
"6627",0.0387077713992486
"6628",0
"6629",0
"6630",0
"6631",0
"6632",0
"6633",0
"6634",0.371618346950134
"6635",0
"6636",0.662063098078289
"6637",0.132302351524512
"6638",0.301027259581227
"6639",0.807328132171585
"6640",0.0846848440576742
"6641",0.212934841573036
"6642",0.394500518008031
"6643",1.5061721020117
"6644",0.659488736592584
"6645",0.482219268297191
"6646",0
"6647",0
"6648",0.0258160592861912
"6649",0
"6650",0.685599418037517
"6651",1.25536555254756
"6652",1.05819242578823
"6653",0
"6654",0
"6655",0
"6656",0.429440161034019
"6657",0
"6658",0.354822189369751
"6659",0
"6660",0.836707026879279
"6661",0.295642407785821
"6662",0.241764796598888
"6663",0.592162941495259
"6664",0.53090410108631
"6665",0.0652366489938724
"6666",0
"6667",0
"6668",1.43123348803621
"6669",0
"6670",1.05425208916365
"6671",0
"6672",0.578866759151985
"6673",0
"6674",0
"6675",0
"6676",0.178375229180549
"6677",0.579516778742461
"6678",1.04212507896112
"6679",0.201225028845889
"6680",0.69115719712807
"6681",0.273354481827967
"6682",0
"6683",0.170064929263594
"6684",0.362904775444351
"6685",0.342982881647951
"6686",0.475435830400847
"6687",0.953454185044501
"6688",0
"6689",0.209757739942977
"6690",0.990242989533322
"6691",0
"6692",0.578739719714241
"6693",0.604365018526681
"6694",0.497629190931015
"6695",0.710622064348076
"6696",1.15438367246443
"6697",0.551611220832681
"6698",2.20634833093468
"6699",2.78327138481699
"6700",0
"6701",2.65337703173827
"6702",1.05411596486213
"6703",0.00574997583322867
"6704",0
"6705",0.0102178086358169
"6706",1.36854472917246
"6707",0.370722350333578
"6708",0.560117234902324
"6709",0
"6710",0
"6711",0
"6712",1.75749586122046
"6713",0.552559953297417
"6714",0.905825999168105
"6715",1.55956169780371
"6716",1.5139010124285
"6717",1.80782670703052
"6718",0.728960376192918
"6719",1.41848726304431
"6720",1.45570090376058
"6721",1.18786012834742
"6722",1.39364218441576
"6723",0.71380919338905
"6724",0.5197686124778
"6725",0.831458299629499
"6726",0.712410123556465
"6727",0.463990175777167
"6728",0.948692091221987
"6729",0
"6730",0.0568228246257347
"6731",0.831459648164327
"6732",1.14306453222981
"6733",1.18243188760861
"6734",0.691002639386276
"6735",0
"6736",0
"6737",0.751359752349067
"6738",1.5888378211129
"6739",0.576980816464274
"6740",1.53579653681464
"6741",0.996250601933758
"6742",0.147662969953927
"6743",0
"6744",0
"6745",0.134726069638896
"6746",0.0826119454827662
"6747",0.280845151401258
"6748",0.348703898602393
"6749",1.55702032228671
"6750",1.28494239118214
"6751",0.939469557918772
"6752",0.145632223176857
"6753",0.64473591695057
"6754",0.632412935428815
"6755",0.621375618920813
"6756",0
"6757",0.578325203863018
"6758",0
"6759",0.612315256552608
"6760",0.165552681283615
"6761",0.241334788143365
"6762",0.221086468972985
"6763",0.490681029722499
"6764",0.257157877604795
"6765",0
"6766",0.443854918408479
"6767",0.0298292326745901
"6768",0.716971805643007
"6769",0
"6770",0.551389511982336
"6771",0
"6772",0.23733433976079
"6773",0
"6774",0.134732386778246
"6775",0.0485487847228399
"6776",0
"6777",0.706877192657535
"6778",1.14032259622102
"6779",0
"6780",0.600295327444511
"6781",0.659117790305526
"6782",0.437245849164607
"6783",0
"6784",1.01156784732132
"6785",0.157921574677595
"6786",0.010095219287265
"6787",0
"6788",0.182255858043002
"6789",0.202384924115972
"6790",0.44600648811463
"6791",0.0846848440576742
"6792",0.725934831634483
"6793",0
"6794",0.340278091084149
"6795",0.342585303018406
"6796",0.0667175632982695
"6797",0.370165011302064
"6798",0.469761250103921
"6799",0.167322492298177
"6800",0.350880153377563
"6801",0.812371360373853
"6802",0.833114103577595
"6803",1.13772793338202
"6804",0
"6805",0.584288402480683
"6806",0.0502696825244733
"6807",0.433132811738438
"6808",0
"6809",0.406363107968001
"6810",0
"6811",0.632675054057675
"6812",0.528735343888797
"6813",0.613431296290662
"6814",0.345041016411965
"6815",0.379973850979026
"6816",0
"6817",0.646638792719466
"6818",0.829291070952776
"6819",1.81917627684986
"6820",0
"6821",0.412812051156983
"6822",0
"6823",0.0126121185743647
"6824",0.622980332974469
"6825",1.22672263783015
"6826",1.10416652741587
"6827",1.72712381747644
"6828",0.321647161582529
"6829",0.30335777685732
"6830",1.01860531475105
"6831",0.508924308688992
"6832",0.978171947611017
"6833",0.516479192771077
"6834",0.487105924765959
"6835",0.55658485422246
"6836",0
"6837",0.265627762183083
"6838",0.00359669830377851
"6839",0
"6840",0.959850384787828
"6841",0
"6842",0.375643264228126
"6843",0.538895724937819
"6844",0.474220061931477
"6845",2.71324731017278
"6846",0.617545996320408
"6847",2.05492450720529
"6848",1.2933243430718
"6849",0.715094072183039
"6850",1.83524322813969
"6851",0.269692791837923
"6852",0.367898069641068
"6853",0.620057073378725
"6854",1.1864382111819
"6855",0.258855230261344
"6856",0
"6857",1.22605254433262
"6858",0.580314212401043
"6859",2.76704391619104
"6860",1.55175305491844
"6861",1.72028370995062
"6862",1.64994561995543
"6863",1.20650244254778
"6864",1.5512733876298
"6865",0.0291054076603987
"6866",0
"6867",0.854575567464268
"6868",0.910560930175392
"6869",0.245419134761046
"6870",0
"6871",0
"6872",0.831779421726723
"6873",0.640244363805167
"6874",0.716521399031293
"6875",0.826874107953003
"6876",0.0141457537500318
"6877",0.330500076775322
"6878",0
"6879",0
"6880",0
"6881",0.337267356524268
"6882",0
"6883",0
"6884",2.42941021990238
"6885",0
"6886",1.22017750056924
"6887",2.07137846955373
"6888",1.10451502240158
"6889",0.432236214586573
"6890",0.193869320733819
"6891",0.123926744638459
"6892",0
"6893",0.786076600905212
"6894",1.833337893325
"6895",1.41729705342106
"6896",1.26623773735643
"6897",0.973206262310151
"6898",0.273245729054619
"6899",0.869501299586741
"6900",0.472573041748272
"6901",0.901888109410445
"6902",0
"6903",1.00109706179173
"6904",0.45968434754999
"6905",0
"6906",0.894488932988892
"6907",0
"6908",0.360104508642625
"6909",0
"6910",0.390679468839122
"6911",0
"6912",0.249568256920949
"6913",0.0507471458851646
"6914",0.195532417132558
"6915",0.697262243940173
"6916",0.338392120904024
"6917",0
"6918",0
"6919",0
"6920",0.32498645269743
"6921",0
"6922",0.128738447949814
"6923",0.307357803373357
"6924",0.33823689113855
"6925",0
"6926",0.466467356790807
"6927",0
"6928",0.91060609388136
"6929",0
"6930",0.445690111241305
"6931",1.16700789284691
"6932",0
"6933",0.634292866339251
"6934",0.023281100584008
"6935",0.304876178120853
"6936",0.807328132171585
"6937",0.212934841573036
"6938",0
"6939",0.286642648554567
"6940",0
"6941",0.213211932006693
"6942",0.089714642633083
"6943",0.108595699860526
"6944",0
"6945",0.145789473075373
"6946",0.166416648596952
"6947",0.222630155862201
"6948",0.367458093713936
"6949",0.254459681459125
"6950",0.138213736719248
"6951",0.141950121210724
"6952",0.0573140098625864
"6953",0.0590759329200594
"6954",0.626896512115564
"6955",0
"6956",0.646877210730907
"6957",0.247683281119372
"6958",0.644121960298036
"6959",0.529504513941174
"6960",0.23358308855348
"6961",0
"6962",1.03611001899992
"6963",1.95635898372966
"6964",1.47823289380919
"6965",1.03394626244945
"6966",0.193914607473928
"6967",0
"6968",0.124109616846233
"6969",0
"6970",0.38054118925825
"6971",0.476226666992014
"6972",0.180336311558112
"6973",0.298114911873287
"6974",0.209025120910925
"6975",1.00662403725595
"6976",1.92850124577155
"6977",0.730165739296125
"6978",1.56134198396505
"6979",0
"6980",0.126144580196494
"6981",0.799716180700158
"6982",0
"6983",0.816562041630913
"6984",0.927718321349957
"6985",0.270415940740845
"6986",0
"6987",0
"6988",0.745118011203141
"6989",1.38925007902494
"6990",0.919280014343738
"6991",2.75062554458868
"6992",3.07596809577865
"6993",3.05524742783974
"6994",1.43537830483554
"6995",1.77746377674617
"6996",1.33476047601862
"6997",4.13386025147144
"6998",0.577642874695408
"6999",0.62085988995489
"7000",2.2099014302617
"7001",2.18156854549921
"7002",4.24605679191482
"7003",1.82196836464913
"7004",1.29594418839475
"7005",0.758865061217516
"7006",1.28380564466333
"7007",1.00054981457713
"7008",0.314077823052954
"7009",1.2456978308876
"7010",1.63061217119528
"7011",1.05741771337423
"7012",0
"7013",0
"7014",0
"7015",0
"7016",0.970077117668459
"7017",0
"7018",1.11248547957358
"7019",0
"7020",1.74593498504917
"7021",1.04172018060242
"7022",0.851177441176161
"7023",0.852327389248444
"7024",0.689991259642933
"7025",0
"7026",0
"7027",0
"7028",0.562618136892539
"7029",0.924509675405595
"7030",1.19056925743402
"7031",0.88335416686434
"7032",0
"7033",0
"7034",0
"7035",0
"7036",0
"7037",0
"7038",0
"7039",0.49773304319127
"7040",0.935516992860826
"7041",0.186835618171885
"7042",1.32319990147401
"7043",0.233553614931771
"7044",0
"7045",0.0299322359570429
"7046",0.621217837577449
"7047",0
"7048",0
"7049",0
"7050",0
"7051",0.0944363302416106
"7052",0
"7053",0
"7054",0
"7055",0.14670916709124
"7056",0.430967245109727
"7057",0.371308177112428
"7058",0.229046996625691
"7059",0.252879192752881
"7060",0
"7061",0
"7062",0
"7063",0.277950359737683
"7064",0.0744527607168711
"7065",0.00124928358620346
"7066",0
"7067",0
"7068",0
"7069",0.0864577095110408
"7070",0
"7071",0.236611592082839
"7072",0.338403877217804
"7073",0.435127023001469
"7074",0
"7075",0
"7076",0.429684311887164
"7077",0.0384343095284526
"7078",0
"7079",0.807328132171585
"7080",0.341184839088398
"7081",0
"7082",0.478386232607973
"7083",0
"7084",0.00885368139939635
"7085",0
"7086",0.284704593021183
"7087",0
"7088",0.230542248727985
"7089",0.527379702399611
"7090",0
"7091",0.437432014629094
"7092",0.0160511971299306
"7093",0.0935513787453248
"7094",0.0839060339367552
"7095",0.308449806745805
"7096",0
"7097",0.285797628707535
"7098",0.0237537562152401
"7099",0.753824405849313
"7100",0.270799719522094
"7101",0.26044711398825
"7102",0.0137179475936151
"7103",0.579459297038621
"7104",0.14927042225831
"7105",1.34249182973442
"7106",0.676699360025924
"7107",0.72997081589306
"7108",0.190900399556186
"7109",0.24796462706252
"7110",0
"7111",0
"7112",0
"7113",0.132520392404567
"7114",0.27115457868504
"7115",0.390127054686473
"7116",0.321998097712691
"7117",0.407172738520768
"7118",0.722539171709869
"7119",0.907952355644642
"7120",0.524002616563132
"7121",0
"7122",0.399808917391798
"7123",2.36402673738172
"7124",0.905227529555411
"7125",0.408094105684223
"7126",0.624334603204819
"7127",0.638867302681342
"7128",0
"7129",0.345113100440305
"7130",0.687739864036842
"7131",0.843602413830837
"7132",5.21346629309981
"7133",2.04733705215851
"7134",1.5297091314379
"7135",0.865400029653581
"7136",0.88612865685149
"7137",0.44119438489029
"7138",1.00852467016798
"7139",0
"7140",0.347821424043429
"7141",2.40825311778481
"7142",0.832281569565615
"7143",0
"7144",0.900968734470562
"7145",0.0843083682856722
"7146",0
"7147",0
"7148",0.955026607348818
"7149",0.368156719603304
"7150",0.960813396716313
"7151",1.45773785898096
"7152",0
"7153",0
"7154",0.624229300379021
"7155",0.928993154932037
"7156",1.16453368056917
"7157",1.21518090663858
"7158",0
"7159",0
"7160",0
"7161",0.758270838214983
"7162",0.8723602122099
"7163",1.87427853472484
"7164",0.349045205592136
"7165",1.14084734310786
"7166",1.0943713653562
"7167",0.343405583644928
"7168",1.48054488367567
"7169",1.14161152393241
"7170",0.270834112325844
"7171",1.08561469629134
"7172",0
"7173",0.228452875385238
"7174",1.22307260563806
"7175",0
"7176",0.885115200502035
"7177",0
"7178",0.442949518364489
"7179",0.814128136642185
"7180",0.440304671473178
"7181",0.524570637468566
"7182",1.09619127379742
"7183",0
"7184",0.474460201848848
"7185",0.879065626284279
"7186",0
"7187",1.44513150413613
"7188",0
"7189",0.0992959002235621
"7190",0.526050898786592
"7191",0.206934922494468
"7192",0
"7193",0.353054262046164
"7194",0.167142828184271
"7195",0.296617490821917
"7196",0.946222396518139
"7197",0.211523691785982
"7198",0.122300778370299
"7199",0.579262547805862
"7200",0.0937459815515049
"7201",0.492018800324147
"7202",0.344185739267999
"7203",0.267655018517775
"7204",0.176562012804381
"7205",0.927926298588721
"7206",0
"7207",1.66907071327457
"7208",0.00707602702299592
"7209",0.477629344568067
"7210",0.288904814310599
"7211",0.319993700852404
"7212",0.858053097145632
"7213",0.649431227141656
"7214",0.466797063693565
"7215",0.165614357696716
"7216",0.130807453102927
"7217",0.0518832308285903
"7218",0.0396076272824315
"7219",0.208596284384762
"7220",0
"7221",0.774098712702391
"7222",0.0889200682964825
"7223",0.587123192611657
"7224",0
"7225",0.436148538658782
"7226",0.0347746131523314
"7227",0.257037513691361
"7228",0
"7229",0
"7230",0
"7231",0.822132052068573
"7232",1.01348938471559
"7233",0
"7234",0.367877402446444
"7235",0.452275976031457
"7236",0
"7237",0.398331483212377
"7238",0.181584118218818
"7239",0.825791163115907
"7240",0.128131423393712
"7241",0.367177687117639
"7242",0
"7243",0.215061392699435
"7244",0
"7245",0.215061392699435
"7246",0.215061392699435
"7247",0
"7248",0.403127069008504
"7249",0
"7250",0.704049736263859
"7251",0.56317738194526
"7252",0.498129510323736
"7253",1.57595050307521
"7254",0.183781944028164
"7255",3.15450331285696
"7256",2.61725423613345
"7257",1.69198314714397
"7258",0
"7259",0
"7260",0
"7261",1.14980503502925
"7262",2.06512527232706
"7263",1.08104237877617
"7264",0.980529116838065
"7265",1.96330100903452
"7266",0.427688804294771
"7267",1.83058316709703
"7268",0.470068330664941
"7269",3.38046906249833
"7270",2.42313381581425
"7271",1.39153644275653
"7272",0.79849865404996
"7273",1.04441526902066
"7274",0.77336558837072
"7275",1.59190813130586
"7276",0
"7277",0
"7278",0.260323995541404
"7279",0
"7280",1.48619088759388
"7281",0.522018458307071
"7282",4.33502968993112
"7283",2.44110238441779
"7284",1.2655053348781
"7285",0
"7286",0
"7287",1.52006948365412
"7288",0
"7289",0
"7290",0.582842950286993
"7291",0.0286014703068096
"7292",0.904048278478665
"7293",0
"7294",1.801983455577
"7295",0.237393198075406
"7296",0.965702396213775
"7297",1.43418709764902
"7298",0.286012037849453
"7299",1.13103826279495
"7300",1.38317903832896
"7301",1.67107391525875
"7302",0.295104749829512
"7303",1.59445989873442
"7304",1.90037812965795
"7305",0
"7306",2.32439611655572
"7307",1.48608376960395
"7308",0
"7309",0
"7310",0.965992226411663
"7311",0.318259993350342
"7312",0.348753090591798
"7313",0.157152555999053
"7314",0.216201073455016
"7315",1.36434879429576
"7316",0.209049099970214
"7317",0.494583974012879
"7318",0.318167076328898
"7319",0.69956060589064
"7320",0.468365216485171
"7321",0.574863771505335
"7322",0.737652330512884
"7323",0.710481064432858
"7324",0.729267039604422
"7325",1.64816403592565
"7326",1.05592458181117
"7327",1.55444664943811
"7328",1.73484164532016
"7329",0.47272101037562
"7330",1.30023820559059
"7331",0.432403167088803
"7332",0.210911845536618
"7333",1.00994399598751
"7334",0.0945313448960694
"7335",0.293295888288804
"7336",0.136273367597607
"7337",0.568974703760466
"7338",0.971585498723829
"7339",0.632488121457498
"7340",0.531623765283069
"7341",0.379860457155342
"7342",0.72482891228606
"7343",0.125753531089173
"7344",0.420421544715933
"7345",0
"7346",0.0220861923543261
"7347",0
"7348",0.117760808559414
"7349",0
"7350",0.833925814965759
"7351",0
"7352",0.016665878406214
"7353",0
"7354",0.306387065766276
"7355",0
"7356",0.319942289848028
"7357",0.115803460132486
"7358",0
"7359",0
"7360",0
"7361",0.0144202749052611
"7362",0
"7363",0
"7364",0.0675089428447038
"7365",0.268747702853851
"7366",0
"7367",0.74132323427213
"7368",0
"7369",0.743139552766283
"7370",1.6868390081914
"7371",0.389867590866884
"7372",0.654990815860119
"7373",0
"7374",0.424792333596063
"7375",0.47863443547535
"7376",0.855454407551279
"7377",0.441075900929684
"7378",0.700758499188568
"7379",0.762111764826496
"7380",0.454861549323265
"7381",0.185601236115978
"7382",0
"7383",0.0750914824579014
"7384",0
"7385",0
"7386",0.0596346145654902
"7387",0.0563314252433842
"7388",0.0461923519228078
"7389",0.485023502638428
"7390",0
"7391",0
"7392",0
"7393",2.27153089569152
"7394",0.422346812599756
"7395",1.19246922669105
"7396",2.25489977424979
"7397",1.12174995973193
"7398",0
"7399",0.304325662205281
"7400",2.02198814964999
"7401",0
"7402",1.4357445329698
"7403",0.84692685078267
"7404",1.25026896157632
"7405",1.31352318367455
"7406",0.689487418410583
"7407",0.715098462948737
"7408",0.999174537544287
"7409",3.68546174853215
"7410",0.116429102650869
"7411",0
"7412",2.8316674149525
"7413",5.94846836789216
"7414",2.120476240495
"7415",1.91239509095538
"7416",1.47255914152472
"7417",1.3871836935506
"7418",0
"7419",0.486404051780949
"7420",1.36806762250194
"7421",0.47273490372932
"7422",2.36378704793376
"7423",5.70285670775033
"7424",3.30589156905262
"7425",2.02130860080661
"7426",0.941662534683881
"7427",0
"7428",1.38327498736701
"7429",1.76299410851152
"7430",0
"7431",1.90366113500283
"7432",0.496611013601311
"7433",0.322090241237983
"7434",0
"7435",1.65179353848024
"7436",0.921969859190188
"7437",0.381002222131803
"7438",1.0907359968093
"7439",1.52127886302052
"7440",0.394718181585679
"7441",2.1303379624955
"7442",1.94319596498332
"7443",1.40548168139104
"7444",0
"7445",1.90846853980647
"7446",0.529905326612763
"7447",0.404658019194144
"7448",1.98639081251429
"7449",0.85256053505944
"7450",0
"7451",1.72630948857383
"7452",0.668853078939342
"7453",0
"7454",0.00161772609777788
"7455",1.40122809607463
"7456",1.14670879090819
"7457",0.67938085657826
"7458",0.122716558965893
"7459",0.175801297103854
"7460",0.896895100410616
"7461",0.446770046450674
"7462",0.506666390728273
"7463",0.957652716516632
"7464",1.17895650446018
"7465",0.364279884241145
"7466",0.867210090790947
"7467",1.27877829592929
"7468",0.748139905159528
"7469",2.61825720380727
"7470",0
"7471",4.87879496138851
"7472",0.182600884601897
"7473",2.30286298553459
"7474",0.792053406514133
"7475",1.26865788210996
"7476",0.252309548901131
"7477",0
"7478",0
"7479",0
"7480",0.382167324359646
"7481",0.480790612316652
"7482",0.752916156710282
"7483",0.456758611634859
"7484",0.954674670390696
"7485",0.0869344911906033
"7486",0.522737502833899
"7487",0.112653062463728
"7488",0.505256281432459
"7489",0.334332943742395
"7490",0.295654659123115
"7491",0.39737277935211
"7492",0.335893464814112
"7493",0.312468412819773
"7494",0.465047177874303
"7495",0.376010860268494
"7496",0.269344272778184
"7497",0.414372931887505
"7498",0
"7499",0.0897553435389917
"7500",0
"7501",0.400445574705807
"7502",0.484245192996479
"7503",0
"7504",0.574319784736766
"7505",0
"7506",0.615200775989921
"7507",0
"7508",0.363346226406199
"7509",0.069644053769814
"7510",0.710201741985183
"7511",0.201616748893042
"7512",0.497524071654179
"7513",0.695976616262051
"7514",0.893156134856724
"7515",0.540632294979217
"7516",0
"7517",0.516845507783746
"7518",0.40769032106336
"7519",0.9181935867702
"7520",0.121085139795117
"7521",0
"7522",0
"7523",1.08616824782229
"7524",0
"7525",0.370747434917574
"7526",0
"7527",0
"7528",0
"7529",0
"7530",0.179805227794913
"7531",0
"7532",0.478243899729062
"7533",0
"7534",1.2713044354629
"7535",0
"7536",0.507260222892897
"7537",0
"7538",1.57253067446656
"7539",0.973340997999301
"7540",1.1121899436823
"7541",1.81883442208614
"7542",0.773232062146227
"7543",2.06692054685663
"7544",0
"7545",0
"7546",0
"7547",1.18698846216016
"7548",1.71392691838609
"7549",0.257343349505138
"7550",1.26488523479207
"7551",0.188592161067789
"7552",1.53782250237085
"7553",1.12108032711733
"7554",0
"7555",0.398561576732324
"7556",3.15390495360826
"7557",1.87735496985738
"7558",0
"7559",0.0207780149286787
"7560",0.710675283737757
"7561",1.57877694714944
"7562",0
"7563",0
"7564",4.24063333724884
"7565",2.66441103278716
"7566",5.85477514647598
"7567",2.09243394071974
"7568",5.06336722510111
"7569",0
"7570",1.0482353692899
"7571",0
"7572",2.30966088098013
"7573",0
"7574",2.76652307889156
"7575",0
"7576",2.83483360928016
"7577",2.69794894769755
"7578",1.15049075942685
"7579",0.492274189991753
"7580",2.59279305602913
"7581",3.54282261320083
"7582",1.37108654778388
"7583",2.4533283762156
"7584",1.45718019589887
"7585",0.315424651178847
"7586",3.33425611874615
"7587",0.180860762758637
"7588",1.29623179531889
"7589",0
"7590",2.08819849025343
"7591",0.246769923021065
"7592",2.46635695942861
"7593",1.16230833277635
"7594",2.47317880089069
"7595",0.957894220234603
"7596",1.04488058520854
"7597",0.548814821398473
"7598",0.692047846058238
"7599",0.5643804067466
"7600",0.951136653256702
"7601",0.114742819290002
"7602",0.65670190660074
"7603",0.496839186094594
"7604",0
"7605",0
"7606",1.31531136655409
"7607",0.983370040707135
"7608",2.19916364350825
"7609",0.91406915730333
"7610",0.819258214463917
"7611",1.66318880916572
"7612",1.35471926176562
"7613",0.461175438238274
"7614",1.5112831347078
"7615",0
"7616",0
"7617",0.109418449940625
"7618",0.895861170239442
"7619",0.107177393744168
"7620",3.65829192872672
"7621",2.01542594278346
"7622",1.42913082151729
"7623",0
"7624",0.627490534700469
"7625",0.344227371174123
"7626",0.264836132412918
"7627",1.08962951456471
"7628",0
"7629",0.661329236280493
"7630",0
"7631",0
"7632",0
"7633",0.117289947767346
"7634",0.196195997136178
"7635",1.08000274437255
"7636",0.370973288080809
"7637",0.590327584410457
"7638",0
"7639",0.449505392416526
"7640",0.414210396736716
"7641",0.840912012933253
"7642",0.63584512952203
"7643",0
"7644",0.957840330178908
"7645",0.598393953229163
"7646",0.402480078317586
"7647",0
"7648",0.611613997719311
"7649",0
"7650",0.649508453373965
"7651",0.258011410272498
"7652",0
"7653",0.221807768429077
"7654",0.106542245220681
"7655",1.28116089393321
"7656",0
"7657",0.343408243343646
"7658",0.472392186697848
"7659",1.39976078153598
"7660",0
"7661",1.17964658586437
"7662",0
"7663",0.183755611543663
"7664",0.4505219082587
"7665",0
"7666",0
"7667",1.47205260836868
"7668",0
"7669",0.622176097906364
"7670",0
"7671",0.648275942105769
"7672",0.224958666301376
"7673",0.0096080234050413
"7674",0.261105571414634
"7675",0
"7676",0.400225678437104
"7677",0.0717275441708267
"7678",0.398353879653442
"7679",0
"7680",2.19402661230196
"7681",0
"7682",0.184056908168321
"7683",0.0902347960556642
"7684",1.47030463476944
"7685",0.404825437488052
"7686",0.820675701052548
"7687",0.817306015187822
"7688",1.14477416581865
"7689",2.11483967229993
"7690",0
"7691",1.62648063874198
"7692",0.276666274289343
"7693",0.418531020521554
"7694",0
"7695",0.75847682937296
"7696",0.47341818327739
"7697",0.669963223523931
"7698",2.60404741561083
"7699",0
"7700",1.22566122332586
"7701",2.73903035483055
"7702",0.511817734335715
"7703",0.545636738040209
"7704",0
"7705",0.440250559684322
"7706",3.41138569791326
"7707",1.60943167806883
"7708",3.30831604590708
"7709",3.55115633972683
"7710",3.20402497021672
"7711",0
"7712",0
"7713",0
"7714",5.52364719430047
"7715",3.84331058943733
"7716",1.0228991028701
"7717",2.01495716522088
"7718",2.50823343071153
"7719",0
"7720",0
"7721",0
"7722",1.53102215845787
"7723",5.0811423987705
"7724",5.7250235529251
"7725",0
"7726",3.90865477380725
"7727",2.10324349257074
"7728",0.397617915383769
"7729",0.0515195285771197
"7730",0.0458878370832894
"7731",0
"7732",2.78450497324379
"7733",0.647074740438543
"7734",2.13422171624837
"7735",1.09637743165205
"7736",1.95782953204181
"7737",1.53523950578874
"7738",0.656045114434563
"7739",0.0109542684994386
"7740",0
"7741",0.252246344436919
"7742",0.995003757323237
"7743",2.15764556440219
"7744",0.933754805373163
"7745",1.42775110265465
"7746",0.358152467044766
"7747",0.822490390542145
"7748",0.453216879857941
"7749",0.84907098697251
"7750",0
"7751",1.37985113775504
"7752",0.884132655127046
"7753",0.460059402419766
"7754",0.770530658526656
"7755",3.24126505132787
"7756",0.776219386272818
"7757",2.70177235144731
"7758",0
"7759",1.01883126820158
"7760",0.598874101269166
"7761",1.40188930034999
"7762",0.719386590116349
"7763",0.4461433838513
"7764",0
"7765",0.0614822124896457
"7766",0
"7767",0
"7768",1.15016479199832
"7769",0.161260739068263
"7770",0.687387145723139
"7771",0.235702816215542
"7772",0.482519702148941
"7773",0.391613724154275
"7774",0.582440942015153
"7775",0.363914054137367
"7776",0
"7777",0
"7778",0
"7779",0.357768595718875
"7780",0.704804921220254
"7781",0.455366375522563
"7782",0
"7783",0
"7784",0
"7785",0.0282582049147957
"7786",0.325942256360262
"7787",0.35528759984481
"7788",0.0968998180857195
"7789",0.302814335940674
"7790",0
"7791",0.234178428979785
"7792",0.117020915965406
"7793",0
"7794",1.86439365587411
"7795",0.156277990695886
"7796",0
"7797",0.325397816006515
"7798",1.45886339823421
"7799",0
"7800",1.20946006599212
"7801",0.88755424435369
"7802",0.644761214489444
"7803",0.20517542676651
"7804",1.32127364011519
"7805",0
"7806",0.866668952932928
"7807",0.835888262755996
"7808",0.211386482718212
"7809",0
"7810",1.8635610338121
"7811",0.562746915805695
"7812",0.270219663080664
"7813",0.610711459297296
"7814",0.0774048296763528
"7815",1.1911391509215
"7816",0
"7817",1.49201298488316
"7818",0
"7819",0.50332206278679
"7820",0.198236521985274
"7821",1.4775793802807
"7822",0.152510179616596
"7823",0.762029401520912
"7824",0.112485523174818
"7825",0
"7826",0.315059797076882
"7827",0
"7828",0.963075582679616
"7829",0.555620907444657
"7830",2.44138539353157
"7831",0.245816082793557
"7832",0.142367904940401
"7833",0
"7834",0
"7835",0.359721284067174
"7836",0.10265377006749
"7837",1.24193791607137
"7838",0.645268773373087
"7839",0.163192049483259
"7840",2.16283649283267
"7841",0.558224759717144
"7842",0.909438775577385
"7843",0.466468392218057
"7844",1.24661194865406
"7845",0.466525376620997
"7846",0
"7847",4.16561741696953
"7848",1.53457965343639
"7849",0
"7850",1.1202032867176
"7851",5.18407823078983
"7852",0
"7853",3.42995935727748
"7854",1.33847725981454
"7855",2.24727732198441
"7856",1.59349340757973
"7857",1.77617173779644
"7858",1.31040669522624
"7859",3.05503208289988
"7860",0.419075613156695
"7861",2.9736433194454
"7862",1.04919522277755
"7863",0.329506597867336
"7864",5.74842662244813
"7865",7.20266906019034
"7866",2.53600752109672
"7867",0
"7868",2.95860170174604
"7869",2.07022896873479
"7870",3.54420619098541
"7871",0
"7872",2.93771799244066
"7873",1.95289362920097
"7874",1.78229296415678
"7875",0.368317813698742
"7876",2.24558822849583
"7877",1.48839758961635
"7878",1.46993533124729
"7879",0.810135565143582
"7880",0.271910048778794
"7881",0.390908840870896
"7882",1.16286082108158
"7883",1.01302596104869
"7884",0.753755771139689
"7885",1.26407996893116
"7886",0
"7887",0
"7888",1.66100583140853
"7889",1.02615012850923
"7890",0.79529725453137
"7891",2.45322689652177
"7892",1.04474548466665
"7893",0.105196841897851
"7894",1.78920871334408
"7895",1.97870538614462
"7896",0
"7897",0.347913355557035
"7898",0.535599815393992
"7899",0
"7900",0.764943804268025
"7901",0.277734520241327
"7902",0.741592236445313
"7903",0.372549088555706
"7904",0.156599753969895
"7905",0.306949846980187
"7906",1.02400355955024
"7907",0.39639866847031
"7908",0.866228215691561
"7909",0
"7910",0.6803041876544
"7911",0.0878021186759423
"7912",0.309836639898863
"7913",0.0187771686514638
"7914",0.164306904275163
"7915",0.164306904275163
"7916",0.309836639898863
"7917",1.08076599151026
"7918",0
"7919",0.562206820701349
"7920",0
"7921",0.661343486488757
"7922",0.479704933585318
"7923",0.702501025078704
"7924",0.188283867074733
"7925",0
"7926",0.773984055199771
"7927",0.446747789126902
"7928",0.144839908182302
"7929",0.585192299263908
"7930",1.2509263271751
"7931",0
"7932",2.88601004360632
"7933",0
"7934",0
"7935",0.73995348580664
"7936",0.197272497305464
"7937",0.619110308989722
"7938",0.247307222499241
"7939",0.357275872149615
"7940",1.40124361231289
"7941",0.570384716365768
"7942",0.630518705104798
"7943",0.108713867414345
"7944",1.31976463595332
"7945",0.313334676023178
"7946",1.49333301707281
"7947",0
"7948",0.357262579024578
"7949",0.953866451019033
"7950",0.718648569030501
"7951",0.113815674459306
"7952",0.0333368756086456
"7953",1.28326750792332
"7954",0.0746417793629139
"7955",0.820915612430451
"7956",0.307945551011871
"7957",0.539344191092029
"7958",0
"7959",0
"7960",0.29891837895805
"7961",0.330877804514157
"7962",1.75414049500675
"7963",0
"7964",1.42796650849273
"7965",0.441981131751621
"7966",0.266955758886491
"7967",0.101650087278098
"7968",1.22965696589795
"7969",0
"7970",0.135166094397728
"7971",0.95953063992433
"7972",0.17895401373306
"7973",1.50011093716355
"7974",1.31633741944928
"7975",2.15739205162248
"7976",2.12975542960507
"7977",1.96053716513971
"7978",1.3890160361691
"7979",0.889726083242338
"7980",0.271951449647544
"7981",0.0102982998188974
"7982",1.60630190955913
"7983",1.09268848017088
"7984",0.343750149901513
"7985",2.45975679850712
"7986",0.907076170095517
"7987",2.31563471022408
"7988",1.13451482764357
"7989",0.58397793445277
"7990",0
"7991",0
"7992",0
"7993",0.507597474080727
"7994",2.10531293004785
"7995",5.98028117387171
"7996",5.32122311542962
"7997",3.43872586844662
"7998",0
"7999",1.99902758593099
"8000",2.67830294442892
"8001",1.32378508012535
"8002",2.35862809674399
"8003",3.22093551848556
"8004",0
"8005",1.64753958257325
"8006",4.88995128522299
"8007",0
"8008",0.0783921992064531
"8009",0.984681722076186
"8010",1.24807913453177
"8011",1.13559186554405
"8012",0
"8013",2.24557497906334
"8014",6.47828084721698
"8015",1.02808845552696
"8016",1.86858784495809
"8017",0.851668489203741
"8018",1.0816126479942
"8019",0.80478049450201
"8020",0.364428408655376
"8021",0
"8022",1.10919194459784
"8023",0
"8024",0.313768505782692
"8025",0.801607521109682
"8026",1.01626349687716
"8027",1.10882891704438
"8028",0.779536829027681
"8029",0.0377058012526896
"8030",0.235400966840738
"8031",0.0970199086186008
"8032",0.128772333327323
"8033",0.784500729962389
"8034",0
"8035",0.426025869387312
"8036",0.0126647985005688
"8037",0.164306904275163
"8038",0.0187771686514638
"8039",0.0187771686514638
"8040",0.0187771686514638
"8041",0.0187771686514638
"8042",0.309836639898863
"8043",0
"8044",0.431988371572223
"8045",0
"8046",1.09164922859641
"8047",0.900074344092488
"8048",0.850545560401343
"8049",1.28087336983399
"8050",1.48903717989666
"8051",1.72792420476373
"8052",1.03595100933509
"8053",1.57975153694812
"8054",0.472419257038635
"8055",1.48600699317397
"8056",0.660925356303502
"8057",1.13325482462432
"8058",0.536304259438259
"8059",1.5534373080435
"8060",0
"8061",1.04943554770456
"8062",0
"8063",0
"8064",0
"8065",0.732390931077807
"8066",0.155337286313698
"8067",1.54960699005278
"8068",0.25833885921808
"8069",1.20443819077329
"8070",0.48760720596779
"8071",0.345922597231018
"8072",1.18695945281499
"8073",0.586585216313845
"8074",0.183008517664965
"8075",1.15739954491733
"8076",1.45383842020984
"8077",0.957174877686155
"8078",0.341938568112377
"8079",0.0249086652825379
"8080",1.0655478593587
"8081",0
"8082",1.07945765896495
"8083",1.13676323722072
"8084",1.1958340980064
"8085",0.660745135779415
"8086",0
"8087",0.736204143618772
"8088",0.884425875250195
"8089",0.016350113077563
"8090",0.732256312470501
"8091",0
"8092",0
"8093",0
"8094",0.419026316048973
"8095",0.756641396194996
"8096",0
"8097",0.67101955981828
"8098",2.14230201223378
"8099",0.882915696067197
"8100",0.41666497645894
"8101",1.49399172476955
"8102",2.42907699489696
"8103",1.21531139628256
"8104",0.850962395965876
"8105",0.607250121958031
"8106",0
"8107",0.222360280882183
"8108",3.5575248658281
"8109",1.52620071629717
"8110",0.269471057471689
"8111",2.99105009240589
"8112",0
"8113",1.16363210896979
"8114",0
"8115",0
"8116",0
"8117",0.725683248726286
"8118",0.987372838336813
"8119",0.259682528142136
"8120",0
"8121",6.78026184014395
"8122",8.53721881530882
"8123",9.15208442989052
"8124",5.5877017843495
"8125",3.96598290592913
"8126",4.73518310190458
"8127",0.793966852951066
"8128",3.30024589487953
"8129",2.62535903378286
"8130",1.42533402354081
"8131",0
"8132",5.73738083238226
"8133",0.185815099412711
"8134",1.30325436448314
"8135",0
"8136",9.69983428775978
"8137",0.513000000000002
"8138",4.539
"8139",1.67911822111946
"8140",1.05091457203952
"8141",0.35870326435497
"8142",0
"8143",0.777557537728458
"8144",1.11347365188378
"8145",1.16050302698163
"8146",0.606071953615894
"8147",0.873615829093488
"8148",0.778058673785524
"8149",1.63376169202775
"8150",2.05730266401979
"8151",0
"8152",1.00638973409982
"8153",0
"8154",0.634588950591226
"8155",0
"8156",0.718108350183989
"8157",0.697622457194086
"8158",0.811979809410514
"8159",0.180755720780352
"8160",0.0752662999465596
"8161",0.0752662999465596
"8162",0.316446275864526
"8163",0.04134798927589
"8164",0.703396346244455
"8165",0.0691907759752196
"8166",0.775878770613443
"8167",0.309836639898863
"8168",0.0187771686514638
"8169",0.0187771686514638
"8170",0.0187771686514638
"8171",0.0187771686514638
"8172",0.0187771686514638
"8173",0.164306904275163
"8174",0.663297392461031
"8175",0.866413241717484
"8176",0
"8177",0.507561867828554
"8178",0
"8179",1.04153802643196
"8180",0.699347569113489
"8181",1.62968299621561
"8182",1.17675964203367
"8183",1.22560656444404
"8184",0.434069731698147
"8185",0
"8186",1.14726210137362
"8187",0.276968364167791
"8188",1.42555290940252
"8189",0.527164206541385
"8190",0.618568762923209
"8191",0
"8192",0.819668722474047
"8193",0.668701010054363
"8194",0
"8195",1.31063755184658
"8196",1.03831802256203
"8197",0.114268799110347
"8198",0.910164469069659
"8199",0.209902662545385
"8200",0.220324960059964
"8201",0.834556909895193
"8202",0.62900160358345
"8203",0.359098556017833
"8204",0.428449923920485
"8205",0
"8206",0.610153860624925
"8207",0.177164529814594
"8208",0
"8209",0.770125690036294
"8210",0.486889696690609
"8211",1.30032583916971
"8212",0
"8213",0.212459883166221
"8214",0.332287994497426
"8215",2.33828389012465
"8216",0.95394316918905
"8217",1.29076821763923
"8218",0.211661691559622
"8219",0.669567852142813
"8220",0.471504099405181
"8221",0
"8222",1.1406544278542
"8223",0.681089680275104
"8224",1.17071004829919
"8225",0.320878899090563
"8226",0.502305670995901
"8227",0.734127237264155
"8228",0
"8229",0.178882424311386
"8230",0.982387804284698
"8231",1.51643746781798
"8232",0
"8233",3.40855892350172
"8234",3.1479217082527
"8235",1.18747689503663
"8236",1.40790437777864
"8237",0.0155424478961868
"8238",1.29108544543947
"8239",1.78246881397898
"8240",0.77620989910294
"8241",0.670349646767168
"8242",2.11417124458044
"8243",0
"8244",1.14471494500732
"8245",0.242813209572001
"8246",0.650632118908344
"8247",0
"8248",0.381132114190922
"8249",1.67490878087794
"8250",1.80670481721813
"8251",1.25012706537611
"8252",4.669
"8253",1.026
"8254",0
"8255",0
"8256",0.0260000000000034
"8257",1.591
"8258",1.78717672204051
"8259",1.5301686989282
"8260",1.64470888892093
"8261",3.11351905660503
"8262",4.71207115483231
"8263",0
"8264",0
"8265",0
"8266",2.84597834287143
"8267",1.07687917573113
"8268",2.29239055229376
"8269",0
"8270",0.394511187435428
"8271",0.318004983339806
"8272",1.06980805061616
"8273",1.06593703221072
"8274",0.455849027456804
"8275",0.644444513030756
"8276",0.218867079162948
"8277",1.44169125423381
"8278",1.19848637473816
"8279",0
"8280",0.0133622736046546
"8281",0.188824025366307
"8282",0.147012045895938
"8283",0.155074809020157
"8284",0
"8285",1.39574006929191
"8286",0.181215369711395
"8287",0.892174324235298
"8288",0.190032875220893
"8289",0.141132596906819
"8290",0.0752662999465596
"8291",0.0752662999465596
"8292",0.0632201904674636
"8293",0.170439737443472
"8294",0.421759151840051
"8295",0.379989637287053
"8296",0.659039252804634
"8297",0.164306904275163
"8298",0.0187771686514638
"8299",0.0187771686514638
"8300",0.0187771686514638
"8301",0.0187771686514638
"8302",0.0187771686514638
"8303",0.0187771686514638
"8304",0.164306904275163
"8305",0.164306904275163
"8306",0.309836639898863
"8307",0.460891966899915
"8308",0.207077452975739
"8309",0.437145346685607
"8310",0
"8311",0.750228958151528
"8312",0.927435443751679
"8313",1.65078372840386
"8314",1.12553493526224
"8315",0.90049979475412
"8316",0.381020790268704
"8317",0.382699827172384
"8318",0.155680715483389
"8319",0.750031585098198
"8320",0.140342357510103
"8321",1.21283854918749
"8322",0.0241492945588634
"8323",0.733702596905117
"8324",0.856929162327598
"8325",0.447740415415085
"8326",0.748230220977983
"8327",0
"8328",0.854019217847255
"8329",0
"8330",0.118301533144566
"8331",0
"8332",1.98550334507254
"8333",1.0112515703267
"8334",0.0640205262017102
"8335",0
"8336",0
"8337",0.629670233442969
"8338",0
"8339",0.370208162201463
"8340",0.167077013728363
"8341",0.125140870869686
"8342",1.01945019712441
"8343",0.0359968556324998
"8344",1.62991913022476
"8345",1.99730878409643
"8346",1.17810039756183
"8347",1.41070163235949
"8348",2.22875861354646
"8349",2.85744450633524
"8350",1.05361426136439
"8351",0.806200285963103
"8352",0.409785939580301
"8353",1.66188169638486
"8354",0
"8355",0.403413060570642
"8356",0.29631949960712
"8357",0.126530825616777
"8358",0.35795682985816
"8359",0
"8360",0
"8361",0.463913623424317
"8362",0
"8363",0.505027925552473
"8364",0
"8365",3.85516211729697
"8366",1.47159557483303
"8367",3.44926690621615
"8368",2.74927447302276
"8369",1.16238985355469
"8370",1.40255004912523
"8371",0.737456911256547
"8372",1.31667971493364
"8373",2.41387809658291
"8374",1.60651695174439
"8375",1.14464630788714
"8376",0
"8377",0.430702760363481
"8378",1.04542889979052
"8379",0.472399037821738
"8380",0.734754229642452
"8381",1.1113817057768
"8382",0.794583939497898
"8383",1.31417158094866
"8384",7.84734210179652
"8385",1.6191122539521
"8386",0
"8387",0
"8388",0
"8389",0
"8390",0
"8391",2.72968936190357
"8392",0.696107997493808
"8393",1.87595785730645
"8394",0.313715803837493
"8395",2.56139767400748
"8396",1.55923018457192
"8397",1.58890463278571
"8398",8.70948772829898
"8399",3
"8400",7.40611143241208
"8401",5.75709095091823
"8402",0.920571942808129
"8403",0.490545890764956
"8404",1.81207753658993
"8405",1.40207198459075
"8406",0.967983891714494
"8407",0
"8408",0.941506405720767
"8409",0.801643144940412
"8410",0.704537142696244
"8411",0.0774106166295763
"8412",0.619393897066102
"8413",0.832888898684736
"8414",0.703827159225715
"8415",1.84001169339929
"8416",0.209975994549201
"8417",0.486436083878202
"8418",1.86492508081371
"8419",0
"8420",2.31023868076025
"8421",0
"8422",0.0908724538244678
"8423",0
"8424",0.571275914546401
"8425",0.0300990934726659
"8426",0.0752662999465596
"8427",0.33838045049599
"8428",0.330645612950414
"8429",0.596495937086014
"8430",0.549056896821249
"8431",0.0187771686514638
"8432",0.0187771686514638
"8433",0.0187771686514638
"8434",0.0187771686514638
"8435",0.0187771686514638
"8436",0.0187771686514638
"8437",0.0187771686514638
"8438",0.0187771686514638
"8439",0.164306904275163
"8440",0.779090073157012
"8441",0.484361795403136
"8442",0.434707599526394
"8443",0.492741260289272
"8444",0
"8445",0.391506444649077
"8446",0.131292741075683
"8447",0.736282246855653
"8448",0.633822261754666
"8449",0.0225825834116453
"8450",0
"8451",0.0233299920360597
"8452",0.759935202187056
"8453",0.243447193217635
"8454",0.197100821158548
"8455",0
"8456",0.158060649987988
"8457",0.019753845568413
"8458",1.32574930127326
"8459",1.42709326983779
"8460",0.784192884236674
"8461",0.0681661451059763
"8462",0.114487465275941
"8463",1.15174394455678
"8464",0
"8465",1.26200151333281
"8466",0.53450162341407
"8467",0.0961573297341031
"8468",0
"8469",0
"8470",0.581610468420598
"8471",0.701071916367831
"8472",0.467718058064959
"8473",0
"8474",0.292901061106408
"8475",0.489665125158659
"8476",0.329368914216094
"8477",0.587151368888902
"8478",0.286154589510463
"8479",0.951740142997258
"8480",1.71102353909946
"8481",0.40552786341726
"8482",3.51463008783105
"8483",1.96483646450586
"8484",1.82917309495348
"8485",0.615477541261478
"8486",0.144667977312359
"8487",0.0314496260307292
"8488",0.975566542986363
"8489",0.24577536322257
"8490",0.0292456492390195
"8491",0
"8492",0.484798373237427
"8493",0
"8494",0.277261990388296
"8495",0
"8496",0.379502694446479
"8497",0
"8498",1.36775829675327
"8499",0
"8500",0
"8501",0
"8502",0.344779836621228
"8503",2.89118144331681
"8504",0.601404906527167
"8505",1.5065624421974
"8506",1.82466092627012
"8507",2.0940718496771
"8508",1.20628457322724
"8509",1.62833811766786
"8510",0
"8511",1.22304702609797
"8512",1.73385207281882
"8513",1.14998585041887
"8514",0.733949452451005
"8515",1.49980797605774
"8516",0.770257703052242
"8517",1.87961641055873
"8518",1.93620454474555
"8519",3.156
"8520",0
"8521",0
"8522",0
"8523",0
"8524",0
"8525",0
"8526",4.23529207054919
"8527",0
"8528",0
"8529",0
"8530",0
"8531",6.92177974385402
"8532",6.69482775307552
"8533",1.26855185538797
"8534",2.04469325090435
"8535",1.37106831954029
"8536",0
"8537",1.59727937957121
"8538",1.81407077596153
"8539",0.401303884777739
"8540",0
"8541",0.404087121525075
"8542",1.00069477434044
"8543",3.61882480436729
"8544",0.0965027349286669
"8545",1.86802780528149
"8546",1.37931144539494
"8547",0.557758684621534
"8548",2.41671470638166
"8549",0
"8550",0
"8551",0.940751290414445
"8552",2.18654242483473
"8553",0.320108649001357
"8554",0.0150802100535237
"8555",0
"8556",0.617909879449345
"8557",0.231856322600139
"8558",0.398630258396133
"8559",0.113090447282143
"8560",0.598272477813513
"8561",0.334084410011429
"8562",1.03962487215907
"8563",1.23005787377456
"8564",1.54536238647273
"8565",1.0528915526429
"8566",0.431956961053284
"8567",0.528270161795434
"8568",0.570392353686732
"8569",0.0204960981744554
"8570",0.376144479614968
"8571",0.601338709737279
"8572",0
"8573",0
"8574",0.403527161197549
"8575",0.0187771686514638
"8576",0.0187771686514638
"8577",0.0199700846748899
"8578",0.0197971407595791
"8579",0.0187771686514638
"8580",0.0187771686514638
"8581",0.0187771686514638
"8582",0.164306904275163
"8583",0.448590996030574
"8584",0
"8585",0
"8586",0.59204402664684
"8587",0.225488469890712
"8588",0.00493389566411029
"8589",0.193023165870065
"8590",0
"8591",0.30768673768877
"8592",0.0464332452993721
"8593",0.101897028903348
"8594",0.0990252713212665
"8595",0.671275835052771
"8596",0.820857507534927
"8597",0.778831495719305
"8598",0.856094093415615
"8599",0
"8600",0
"8601",0.55025932365881
"8602",0.816733231395225
"8603",1.44873641564325
"8604",0
"8605",0.810715410629226
"8606",0.660329405969211
"8607",1.12907085415616
"8608",0.0360844424835364
"8609",0.469177428119406
"8610",0.658565129131301
"8611",0.120632277441541
"8612",0.59044131198571
"8613",0.188758463672939
"8614",0.066025967012862
"8615",0.95042603027595
"8616",0.483149316474407
"8617",0
"8618",0
"8619",0
"8620",0.0949888254637721
"8621",0.733298870476757
"8622",0.968460837254704
"8623",0
"8624",1.405805087212
"8625",1.00390835097807
"8626",1.65328053255152
"8627",1.1296088986232
"8628",0
"8629",0
"8630",0.664629503030202
"8631",0
"8632",0.173945174691337
"8633",0
"8634",0
"8635",0
"8636",1.63310773277193
"8637",0
"8638",0.484682325877908
"8639",0.115126732126287
"8640",0.139533209849853
"8641",1.36404809714876
"8642",4.69268354169736
"8643",1.62798404747182
"8644",4.27829241529563
"8645",2.47442936148019
"8646",1.3798135642125
"8647",1.23208593094462
"8648",0.727322493965925
"8649",1.73831299101359
"8650",0.386390777067062
"8651",1.90043932739136
"8652",0.927465741312139
"8653",1.72386463003006
"8654",0
"8655",4.87658777473735
"8656",5.61941548713616
"8657",2.86845008520942
"8658",2.02216254167338
"8659",4.38803227658754
"8660",0.979969127064633
"8661",4.104
"8662",0
"8663",0.591000000000003
"8664",0
"8665",0.513
"8666",0
"8667",0
"8668",0
"8669",3.026
"8670",0
"8671",0
"8672",0
"8673",0
"8674",0
"8675",0
"8676",0
"8677",0
"8678",0
"8679",3.104
"8680",5.27350201700895
"8681",0.123907489410587
"8682",1.06311888237782
"8683",0.148282236362275
"8684",0.201424619312307
"8685",1.69929429224537
"8686",0.504544745494138
"8687",0.412383541429216
"8688",0.620842138541314
"8689",0.586736810656542
"8690",1.38791536967299
"8691",1.3566716857321
"8692",0
"8693",1.44840776306604
"8694",1.04341575802955
"8695",0.224782568465753
"8696",0.896329655565651
"8697",2.32696078593567
"8698",1.11307953181192
"8699",0.328588120979874
"8700",1.72670022636874
"8701",0.813660766101771
"8702",0.234568473236842
"8703",0
"8704",0.101678394349789
"8705",0
"8706",0.0068277559012242
"8707",0.32232118958074
"8708",0
"8709",0.105664332965595
"8710",0.677452588239911
"8711",0.659400850751289
"8712",0.35282068015112
"8713",0.716210651526454
"8714",1.03391779824917
"8715",0.746921868888144
"8716",0.635799771068908
"8717",0.893951448365631
"8718",0.254613088464784
"8719",0
"8720",0.788277153743635
"8721",0.0187771686514638
"8722",0.0187771686514638
"8723",0.0179591284852679
"8724",0.138134949040541
"8725",0.0124924998421519
"8726",0.0204734262966694
"8727",0.0187771686514638
"8728",0.0187771686514638
"8729",0
"8730",0.309836639898863
"8731",0.0750213183531108
"8732",0
"8733",0.191538520893099
"8734",0.811821860952342
"8735",0.00157253838086624
"8736",0
"8737",0.00439728224192493
"8738",0
"8739",0.175669581260907
"8740",0
"8741",0.628613980229851
"8742",0
"8743",0.101989527650143
"8744",0.283433075530679
"8745",0
"8746",0
"8747",0
"8748",0.348319025345056
"8749",0.838767040652231
"8750",0
"8751",0
"8752",0
"8753",0.895190539654759
"8754",0
"8755",0.464917038873971
"8756",0.147639919962528
"8757",0.17176949027873
"8758",0
"8759",0.316580154841085
"8760",0
"8761",0.516379639883144
"8762",0.173291657815036
"8763",0.118979008410689
"8764",1.22504035403102
"8765",0.407587783182622
"8766",0.039186468161707
"8767",0
"8768",0
"8769",0
"8770",0.171638522178013
"8771",0
"8772",1.67940602999892
"8773",0.383396659225379
"8774",0.302803613730604
"8775",0.338182740890529
"8776",0
"8777",0.00860964177084811
"8778",0.490968308130994
"8779",0.183306727827547
"8780",0.789113707828802
"8781",0
"8782",1.23540409126019
"8783",0.120143219927703
"8784",0.982147141307769
"8785",0.0498567480452989
"8786",0.226568244145571
"8787",0.596957995326866
"8788",0
"8789",0
"8790",2.49774387928794
"8791",2.02135626229461
"8792",1.80633998376587
"8793",2.22139695023742
"8794",0
"8795",0.542676946609445
"8796",0.101800123598647
"8797",1.35665693793853
"8798",0
"8799",0
"8800",0
"8801",0
"8802",0
"8803",3.87657814048934
"8804",4.75963488969657
"8805",1.53727903008465
"8806",1.30921829827765
"8807",1.156
"8808",2.565
"8809",1.617
"8810",0
"8811",0
"8812",0
"8813",0.0520000000000014
"8814",0
"8815",0
"8816",0
"8817",0
"8818",0
"8819",0
"8820",0.539000000000001
"8821",0
"8822",0
"8823",0
"8824",0
"8825",1
"8826",5.65414506700785
"8827",7.01380659414693
"8828",5.9757877321942
"8829",2.20598935458995
"8830",0.693012224082459
"8831",0
"8832",1.07115806156825
"8833",1.47994260528681
"8834",0.774974446917101
"8835",1.50445450554136
"8836",0
"8837",0
"8838",1.94324576289024
"8839",1.26326127446977
"8840",2.0662659796029
"8841",1.39488928111146
"8842",1.09436514601138
"8843",2.08557831565649
"8844",0.389093308994813
"8845",2.69816293835773
"8846",0.589098769278732
"8847",0.506366811878749
"8848",1.59945947711134
"8849",0.969268730166296
"8850",2.14122660082348
"8851",0.158000959297087
"8852",1.47791966539253
"8853",0
"8854",0.403526735219032
"8855",0
"8856",1.79517969726585
"8857",0.0150888500289901
"8858",1.43963352139832
"8859",0
"8860",0.716375835501433
"8861",0
"8862",0.346219751544727
"8863",0.456547519321534
"8864",0.622955297263663
"8865",0
"8866",0
"8867",0.0922056792772995
"8868",0.147027166166826
"8869",0.146377311406414
"8870",0
"8871",0.225696961552825
"8872",0
"8873",0.280826256669813
"8874",0.0138656543262075
"8875",0.0194534541885542
"8876",0
"8877",0.292514448841307
"8878",0
"8879",0.164306904275163
"8880",0.455366375522563
"8881",0.211012014917158
"8882",0.110785768025858
"8883",0.506922520643009
"8884",0
"8885",0.206568378217265
"8886",0
"8887",0
"8888",0.0913851971871011
"8889",0.0660401551935862
"8890",0.998573001871918
"8891",0
"8892",0.734896514385924
"8893",0
"8894",0.42827623913724
"8895",0
"8896",1.4440302153059
"8897",0
"8898",0.195698490705478
"8899",0.492638141689872
"8900",1.13598847985045
"8901",0.309455495620068
"8902",0.972044547868793
"8903",0
"8904",0
"8905",0.00492162288496401
"8906",0.946816505040576
"8907",1.02380933318069
"8908",0
"8909",0.555867468113887
"8910",0.622016514558123
"8911",1.27555398042525
"8912",0
"8913",1.62410806205535
"8914",0
"8915",1.54819536026209
"8916",0.683381756702542
"8917",0
"8918",0.356257634087965
"8919",0.73889459268453
"8920",0
"8921",1.4530277962364
"8922",0
"8923",0.0140653373257933
"8924",0
"8925",0.152062608342343
"8926",0.288907106731794
"8927",0.217587727201383
"8928",0.801719272586802
"8929",0
"8930",1.16491434646885
"8931",1.24120843874038
"8932",0.166056953574879
"8933",0.767722840302883
"8934",0.382752924513694
"8935",1.67862836140553
"8936",1.23610900870155
"8937",0.323252376153574
"8938",1.58974297880706
"8939",0.464590441618043
"8940",1.57825301258507
"8941",0.931399139188993
"8942",2.70262289072479
"8943",1.33416993659073
"8944",0.15601404012275
"8945",0.827814282670784
"8946",1.97284513578323
"8947",1.32179123232157
"8948",2.32260124679901
"8949",0
"8950",2.77992914056669
"8951",0.205925885304881
"8952",2.30779279210728
"8953",0.472254285235521
"8954",3.3829977951138
"8955",1.77152350065792
"8956",5.05697780679989
"8957",3.42054089481416
"8958",5.3462630131811
"8959",6.156
"8960",3.052
"8961",0
"8962",3.104
"8963",3.643
"8964",1.23570601498699
"8965",0
"8966",0
"8967",0
"8968",1.539
"8969",2.643
"8970",3.052
"8971",2.13
"8972",0
"8973",0
"8974",0
"8975",0
"8976",4.234
"8977",2.93240929845475
"8978",0
"8979",2.14161018666768
"8980",9.91910402485488
"8981",0.204042524583584
"8982",0.452849041711178
"8983",2.25167500216906
"8984",3.36476834500162
"8985",1.27237222283615
"8986",0.473860301657088
"8987",0.703565565242281
"8988",1.17558743330996
"8989",2.22230576786883
"8990",0.653494150705928
"8991",0.662024043558021
"8992",2.01033569525528
"8993",0.13205536991361
"8994",1.24061127616328
"8995",0
"8996",0.445679429269832
"8997",0.212009069849101
"8998",0
"8999",1.41374842623129
"9000",0.881847213980673
"9001",0.675664437188662
"9002",0.260621413397349
"9003",0.585566531849178
"9004",0
"9005",0.508443137266366
"9006",0
"9007",0
"9008",0
"9009",0.47986043017058
"9010",0.0907431373358853
"9011",0.205464220649204
"9012",0.285454626150951
"9013",0.783976300913466
"9014",0.781463445538698
"9015",1.06967955603685
"9016",0.69394153985793
"9017",0
"9018",0.011507163267554
"9019",0.240220226898507
"9020",0
"9021",0
"9022",0
"9023",0.304955839962013
"9024",0.240677606084408
"9025",0.265238041974913
"9026",0.843758977261732
"9027",0
"9028",0
"9029",0
"9030",0.140301326587133
"9031",0.148178514057194
"9032",0.0187771686514638
"9033",0
"9034",0.0587405534003662
"9035",0.174178901103026
"9036",0.627256946900589
"9037",0
"9038",0.161666781932838
"9039",0
"9040",0.345407326351907
"9041",0.141002502168694
"9042",0.591945521173379
"9043",0.399142087208018
"9044",0.208105875622939
"9045",0.300976404640188
"9046",0
"9047",0
"9048",0.793984672475542
"9049",0
"9050",0.181080686213755
"9051",0.0490917411204002
"9052",0.465894466323928
"9053",0.376083184218948
"9054",0
"9055",1.7728529601755
"9056",0
"9057",1.74194317725678
"9058",1.08377139361342
"9059",0
"9060",0.522685740544746
"9061",0.815788079672886
"9062",0.244758153252629
"9063",0
"9064",0
"9065",1.25304285707047
"9066",0.566162587044384
"9067",1.29214006264403
"9068",0
"9069",0
"9070",0
"9071",0.503334658140494
"9072",0.0850325459800161
"9073",0.155015946588498
"9074",0
"9075",0.897746265796229
"9076",0
"9077",0.112868787217585
"9078",0
"9079",0.63322402171914
"9080",0.178707789250318
"9081",0
"9082",0
"9083",0
"9084",0
"9085",0.0639572996592972
"9086",2.20479537506199
"9087",1.63388059500285
"9088",1.50728363945065
"9089",1.92287497402346
"9090",0.593526533635294
"9091",0.313540227976697
"9092",0.530529201889328
"9093",0
"9094",0.701237436232921
"9095",0.986612873627556
"9096",1.50377618034537
"9097",2.71965316828973
"9098",1.61081166097822
"9099",0.409516851347775
"9100",0.0661715203180693
"9101",1.06431192309862
"9102",0.945727435527569
"9103",0.721028822243808
"9104",0
"9105",2.17426590820733
"9106",0
"9107",0.254986045408523
"9108",0.599498848138745
"9109",0.637356230209309
"9110",2.22694168087187
"9111",1.16510846622896
"9112",0.0586620872990737
"9113",3.96853964311515
"9114",1.57828841865873
"9115",1.69309804175111
"9116",5.13
"9117",10.1196705590035
"9118",4.8435345955444
"9119",0.977765450912903
"9120",9.208
"9121",4.052
"9122",2.65416250143877
"9123",5.04063967713403
"9124",3.21628464552666
"9125",5.9861879473972
"9126",1.95172574893393
"9127",4.695
"9128",4.539
"9129",0
"9130",2.695
"9131",0
"9132",2.77326710231804
"9133",1.24711245627189
"9134",0
"9135",0
"9136",1.01555579365787
"9137",0.28228552304709
"9138",1.27598302962307
"9139",2.94432157533298
"9140",0.679849408661941
"9141",1.07500641440009
"9142",0
"9143",0.696627679199583
"9144",0.946018102413079
"9145",0.960805141366009
"9146",1.82266159641082
"9147",0
"9148",0.600278514814065
"9149",0.273473514711597
"9150",0.36839282501542
"9151",1.3430836159084
"9152",0
"9153",0.369128965301361
"9154",0.239354918242206
"9155",1.21833231524465
"9156",0.942319988858734
"9157",0.0456601885388713
"9158",0
"9159",0
"9160",0
"9161",0.503913354780793
"9162",0
"9163",1.94798006500581
"9164",0.136973762266819
"9165",1.1856319301821
"9166",0.00695366405511677
"9167",0.495556632698204
"9168",0.389168139912184
"9169",0.501285855781991
"9170",0.0646149764741535
"9171",0.826073642922402
"9172",0.310021704789785
"9173",0
"9174",0.571021974870121
"9175",0.775304606534227
"9176",1.04447258534366
"9177",0.554138639340662
"9178",0.449940799343049
"9179",0
"9180",0.315910876465282
"9181",0
"9182",0.218949440252514
"9183",0
"9184",0.533069827380001
"9185",0.234155680101993
"9186",0.400539172417767
"9187",1.31279456190336
"9188",0
"9189",1.17154619942272
"9190",0
"9191",0.23502931988803
"9192",0.276428511572555
"9193",0.240737443190187
"9194",0.329582639489968
"9195",0.0879226410840396
"9196",0
"9197",0.237236387980962
"9198",0.591718935904643
"9199",0
"9200",0
"9201",0.112614637074654
"9202",0
"9203",0.869190036548483
"9204",0.164867207452071
"9205",0
"9206",0.550570942450311
"9207",0.626713037931873
"9208",0
"9209",0.67770327858563
"9210",0.121035835844197
"9211",0.462087345521069
"9212",0
"9213",0
"9214",0
"9215",0.460667181528247
"9216",0.171069762781514
"9217",0
"9218",0
"9219",0
"9220",1.69438280095809
"9221",0.0827563172506119
"9222",0
"9223",1.06018040013272
"9224",0.0334801251961361
"9225",0.473855950740883
"9226",0.922304565159243
"9227",0
"9228",0.859305758964386
"9229",0
"9230",2.24095927950451
"9231",0
"9232",1.84665379939038
"9233",0.686906979344479
"9234",0.55417019209724
"9235",0
"9236",0
"9237",0
"9238",1.31958318821208
"9239",0
"9240",0.599989591361476
"9241",0.214799557307621
"9242",0.0869005649689463
"9243",0.0922797723163651
"9244",0.704091759014211
"9245",2.5085385720178
"9246",0
"9247",3.02180011823505
"9248",0.719190581935866
"9249",1.94341182096301
"9250",0.846345173859186
"9251",0.724104137363143
"9252",0.109128330106631
"9253",0.452143023135328
"9254",0
"9255",0
"9256",0
"9257",0.331861325642193
"9258",1.08044557123065
"9259",1.81820531523451
"9260",1.82953368510075
"9261",0.358656393124
"9262",0
"9263",0.423772292098144
"9264",0.201434217092547
"9265",0.211107078819701
"9266",1.37399968735142
"9267",0.306573072926158
"9268",0.960062995624975
"9269",0
"9270",1.1169269527317
"9271",2.96194355446404
"9272",0
"9273",1.12811155990586
"9274",2.75781798726152
"9275",0.945869723993512
"9276",3.15411539962881
"9277",0
"9278",2.66718449043211
"9279",6.79091441738948
"9280",4.41577125472311
"9281",2.28311738448022
"9282",0.255222934542763
"9283",3.16280094821855
"9284",1.05585708042035
"9285",4.16995668924654
"9286",2.19031403884322
"9287",1.84007349143122
"9288",1.52073222930166
"9289",0.342533348374657
"9290",7.65048816657052
"9291",7.16358147938663
"9292",5.44202089790403
"9293",3.17604431253607
"9294",0.87573065385037
"9295",1.24946267861607
"9296",1.14330395424574
"9297",2.12483271749855
"9298",0.0149773009238841
"9299",0
"9300",1.12408213565379
"9301",0.186100911443144
"9302",0.374466804806477
"9303",0.0608904935348367
"9304",1.59877073713523
"9305",0.175525488851998
"9306",1.31464345041953
"9307",0.744302473858613
"9308",0.623481236324894
"9309",0.237685360390801
"9310",0
"9311",0.374109605316443
"9312",0
"9313",0
"9314",0.970810276216695
"9315",0.136918431579544
"9316",1.46571221019352
"9317",0.902793297291559
"9318",1.21378645530316
"9319",1.81280773960182
"9320",0.594414914921851
"9321",0
"9322",1.14699101007811
"9323",0
"9324",1.31169401284719
"9325",0.165717501585471
"9326",0.0899707629963307
"9327",0
"9328",0.155522034014045
"9329",0.6942107524353
"9330",0.0884453734410638
"9331",0
"9332",0
"9333",0
"9334",0.18090869998243
"9335",0.0532644138850249
"9336",0
"9337",0
"9338",0.136819722710525
"9339",0.354742944765364
"9340",1.10799433525848
"9341",1.220452241056
"9342",1.4408620908458
"9343",1.21554097216759
"9344",0.504547497914567
"9345",0.162745438876926
"9346",0.170046194336954
"9347",0.0804912852133561
"9348",0
"9349",0.351550980357041
"9350",0.766760614823736
"9351",0.506801748797378
"9352",0.378993779502815
"9353",0.682265937897758
"9354",0
"9355",0.0444707436986835
"9356",0
"9357",0.648259738073846
"9358",0.106974439863212
"9359",0.251247630127963
"9360",0.748953672403371
"9361",0.114981372826449
"9362",0.232969348408223
"9363",0
"9364",0.00442185690798286
"9365",0.270626959845793
"9366",0.47468057350959
"9367",0.241237836520928
"9368",0.0818432361169843
"9369",0.289653282994966
"9370",0.482351655886611
"9371",1.06098443337873
"9372",0.804880904889636
"9373",0.192607090738153
"9374",0.504080628139373
"9375",0.354057238940018
"9376",0.62185767368159
"9377",0.334617785899501
"9378",0.55918244139891
"9379",0.783409764376188
"9380",1.39138597758713
"9381",0
"9382",0
"9383",0
"9384",0.582890517688384
"9385",1.82520335492923
"9386",0
"9387",1.76375810225415
"9388",0
"9389",0.634848513870888
"9390",0.511081144034006
"9391",0.437566066447871
"9392",0
"9393",0.149144549481303
"9394",0.068733741484004
"9395",0.422772635114317
"9396",0.691679833318176
"9397",0.278836051818734
"9398",1.14666436093303
"9399",1.39694692076296
"9400",1.33742915582246
"9401",0
"9402",0.172319164761568
"9403",0.406855887562373
"9404",0
"9405",1.1400369808549
"9406",0.746325361325592
"9407",0
"9408",0.690590775679204
"9409",0.0281896455325629
"9410",0.569410470643664
"9411",0.413380461728749
"9412",0.962490918709776
"9413",0
"9414",0
"9415",0
"9416",2.70809968897535
"9417",0
"9418",1.12401892774482
"9419",0.644632479671549
"9420",1.39952215230068
"9421",0.22501259528806
"9422",0.524241202994587
"9423",0.046569288080884
"9424",0
"9425",0.536626970822011
"9426",0.268454195486701
"9427",1.50613008929102
"9428",3.26995472346368
"9429",2.4957450883257
"9430",1.75155361774835
"9431",1.42377771339166
"9432",0
"9433",0
"9434",0
"9435",0.0164620088915353
"9436",0
"9437",0.758672425867626
"9438",0.466913507189884
"9439",0
"9440",0
"9441",0.728859920992867
"9442",0.867111398387854
"9443",0.034783266947227
"9444",2.45024131538723
"9445",1.56542933607806
"9446",3.42415688247037
"9447",0
"9448",2.2475046113193
"9449",4.36247537036061
"9450",4.51694734528976
"9451",3.30929131562495
"9452",1.71328201608399
"9453",3.40381638757357
"9454",0
"9455",0
"9456",1.55664384700452
"9457",5.41466959320061
"9458",0
"9459",3.74947801691207
"9460",0.797427885582983
"9461",2.65687799297418
"9462",0
"9463",2.21843223630267
"9464",0
"9465",0.388644093084687
"9466",0.556366812543091
"9467",2.00787384795954
"9468",1.21123818715884
"9469",0.214884719310084
"9470",0
"9471",0.527142664947946
"9472",1.01150504148457
"9473",1.6239210255721
"9474",0
"9475",0
"9476",0.252308590176372
"9477",0.0780373195579089
"9478",0.0688228691405959
"9479",0.4533955323835
"9480",0
"9481",1.31938819911654
"9482",0.425258071889877
"9483",0.672679747919276
"9484",0.582976500962249
"9485",0
"9486",0.941996415056181
"9487",0.430391030886784
"9488",0
"9489",0.264498857278246
"9490",0
"9491",0.0709579894560535
"9492",0.635142615844789
"9493",1.56265934137041
"9494",0
"9495",0.283630823802704
"9496",0.473911884315417
"9497",0
"9498",0
"9499",0.671876274159641
"9500",0
"9501",0
"9502",0.736734177119294
"9503",0
"9504",0
"9505",0
"9506",0
"9507",0
"9508",0.142008044202165
"9509",1.09101733803515
"9510",1.65763127598912
"9511",0.938722044661929
"9512",0.54225686270679
"9513",0.290765749281291
"9514",0.16333846830623
"9515",0.055867601192036
"9516",0.336016234571943
"9517",0.707369506752508
"9518",0.765489610115859
"9519",1.22761798844388
"9520",0.432112965899587
"9521",0.151782231376067
"9522",0.264259410431071
"9523",0
"9524",1.14534942773908
"9525",0
"9526",0
"9527",0.343214614254294
"9528",0.113297394744312
"9529",0.21052455322076
"9530",0
"9531",0
"9532",0
"9533",0.121245153928025
"9534",0.162799625799577
"9535",0
"9536",0
"9537",0.609064177318988
"9538",0.3542419841462
"9539",0.581326355037932
"9540",0
"9541",0.476643247503675
"9542",0.417554094071249
"9543",0.730222581513161
"9544",0.655276519001886
"9545",0.169942509303074
"9546",0.372865806876335
"9547",0.722183644107318
"9548",0.681705788244798
"9549",1.63495842160742
"9550",0.923840727697046
"9551",1.09354000368923
"9552",0
"9553",0.676643975801567
"9554",0
"9555",0
"9556",0
"9557",0.155400868958004
"9558",0.208459787914959
"9559",0.721730519250218
"9560",0.796930044257898
"9561",1.48870362943712
"9562",0.146050414415592
"9563",0.707253043926931
"9564",0.645245618978108
"9565",0.0470699502997615
"9566",0
"9567",0
"9568",0
"9569",1.13850031366194
"9570",1.16376077483206
"9571",0.599072074199413
"9572",0.864520369810648
"9573",0.244145806736149
"9574",0.414462847565634
"9575",0.899387340599813
"9576",1.15844426214077
"9577",0.491110266560897
"9578",0.332933747032141
"9579",0.0624997817620681
"9580",0
"9581",0.29257157104918
"9582",0.975589683259009
"9583",1.9159758893825
"9584",0.0854701112429286
"9585",2.36304460376941
"9586",0
"9587",1.29751565067508
"9588",0.0171260198427852
"9589",1.13586343203751
"9590",1.10755313875826
"9591",0
"9592",0.113740886283107
"9593",0
"9594",0
"9595",0.244664854188324
"9596",0
"9597",1.00701549811298
"9598",2.90635480821712
"9599",1.47635561194166
"9600",1.40982137456941
"9601",0.623535043177216
"9602",0.809000437933642
"9603",0.43253071751373
"9604",1.35273720148873
"9605",1.16803171539412
"9606",0.223763448858106
"9607",0.53628684856709
"9608",0.0790512155732213
"9609",1.44057951880567
"9610",0
"9611",0.171093443066208
"9612",0
"9613",0.379322449244371
"9614",0.165383143408902
"9615",1.82399290222445
"9616",1.78036139721808
"9617",4.87237158783087
"9618",4.89678862737719
"9619",3.01428812672041
"9620",3.84543104372699
"9621",2.43343760518278
"9622",2.44292307146554
"9623",0
"9624",2.98714331564766
"9625",2.01194013735635
"9626",1.65209101671102
"9627",0
"9628",2.85275492446444
"9629",0
"9630",4.07082789481805
"9631",0
"9632",1.73978192362463
"9633",0.570438257146384
"9634",0.706923076691475
"9635",1.99087431994073
"9636",0.402237857144945
"9637",1.26425732155229
"9638",0.954788725435444
"9639",0
"9640",1.05149669995971
"9641",0
"9642",1.4130208247478
"9643",0
"9644",0.834628956234922
"9645",0.0478211532456481
"9646",1.13122415230049
"9647",1.75305773740224
"9648",1.08301099259268
"9649",0
"9650",0.272602132656251
"9651",0.137844691235247
"9652",0.16466259983815
"9653",0.19725936510925
"9654",0
"9655",0.35076334364947
"9656",0.678268781141198
"9657",0
"9658",0.740062474572931
"9659",0
"9660",1.09558585708385
"9661",0
"9662",1.87083822015144
"9663",0.73043405302596
"9664",1.26320596915741
"9665",0.242273290105735
"9666",0.00935963859143296
"9667",0.0494853841969622
"9668",0
"9669",0.202076233728714
"9670",0.397487431234564
"9671",0
"9672",0.86506469176877
"9673",0.771751292749636
"9674",0
"9675",0.326374281586749
"9676",0.368209134142485
"9677",0.0579354174210801
"9678",0.419222180815958
"9679",1.15109010928811
"9680",0.267345272387435
"9681",0.350626006704652
"9682",0
"9683",0.568638720416213
"9684",0
"9685",0.573669433115401
"9686",0.298048365297742
"9687",0.0507613213243292
"9688",1.19309131785743
"9689",0.370587147302357
"9690",0.210484946895411
"9691",0.585496267665793
"9692",0
"9693",0.961424900895555
"9694",0.0255296332428236
"9695",0
"9696",0.306935869293604
"9697",0
"9698",0.105774406138839
"9699",0
"9700",0
"9701",0
"9702",0
"9703",0.0384739940156497
"9704",0.0888315636862697
"9705",0
"9706",0.162799625799577
"9707",0.683407426385968
"9708",1.432926413835
"9709",1.56955814596501
"9710",0.0277054084386865
"9711",0.145709733126202
"9712",0
"9713",0.110027065693162
"9714",0.112122452575947
"9715",0.837951254507792
"9716",0.96173617669771
"9717",0.747343842123096
"9718",0.602355142780904
"9719",0
"9720",0.589887712955378
"9721",0.724376144708295
"9722",0.809031753081211
"9723",0.326798458133783
"9724",0.0955618737286055
"9725",0.0254823762182502
"9726",0.415246934546129
"9727",0.401586960407374
"9728",0.376167002986795
"9729",0.172821284487784
"9730",0
"9731",0.356475327078642
"9732",1.03078172710698
"9733",0.715354429019471
"9734",0.63626327961972
"9735",1.13035894111816
"9736",0
"9737",0.844303585315988
"9738",0.455536705263606
"9739",0
"9740",0.277331495994244
"9741",1.17378408779302
"9742",1.03967417659243
"9743",0
"9744",0.0665849153653899
"9745",0
"9746",0.26919358903615
"9747",1.32739641658898
"9748",0.202746901643857
"9749",1.22709824106217
"9750",2.26333092620009
"9751",0.854612567967034
"9752",0.196239010778938
"9753",1.1288873539398
"9754",0.343603196974436
"9755",1.72606250265379
"9756",2.16251266677757
"9757",0
"9758",0
"9759",0.0456660894632464
"9760",1.83628091878153
"9761",0.17451288537559
"9762",0.0821474705299123
"9763",0
"9764",1.14505444947325
"9765",0.0540474314824543
"9766",0.770249710876766
"9767",0.243189106636475
"9768",0.49427900746362
"9769",1.37378744281405
"9770",0.0680141989685193
"9771",1.5915833735726
"9772",0
"9773",1.53016839243166
"9774",0
"9775",0
"9776",0.136990191952379
"9777",0.649079345237419
"9778",0.48838843722911
"9779",0.328322328319121
"9780",0
"9781",1.44835245660411
"9782",0
"9783",0.00880877690225479
"9784",0.326294215446987
"9785",0.766412585277958
"9786",1.27482208019579
"9787",0.753900258712708
"9788",4.57940985096915
"9789",2.4695549413922
"9790",1.26773236317873
"9791",0.156000000000001
"9792",2.59423289421128
"9793",4.79276891588005
"9794",3.28000589295573
"9795",0
"9796",0.438672709679339
"9797",2.31692091925957
"9798",2.67644475501113
"9799",0.0995403808914614
"9800",0.452634282041489
"9801",3.40802141054063
"9802",0
"9803",0
"9804",0
"9805",0.721400673654605
"9806",0
"9807",0.553742316205751
"9808",0.569231125501187
"9809",0.804546279511917
"9810",0
"9811",0
"9812",0.133561465997156
"9813",1.20628503517547
"9814",0.472213815149787
"9815",1.29968697651103
"9816",0.535650906114232
"9817",1.32375241919651
"9818",0
"9819",1.59903724051193
"9820",1.10046003197887
"9821",0.194805570232944
"9822",0
"9823",0.494172979114334
"9824",0.83486455186082
"9825",0
"9826",0.381361187030037
"9827",0.594127977341079
"9828",0.140984912331994
"9829",1.29455924469949
"9830",0.70711212366763
"9831",1.47725898469493
"9832",0.609251405310423
"9833",0.0162425165835014
"9834",0.208720890911371
"9835",0.901200574258698
"9836",0.453581111409834
"9837",0.923193855513916
"9838",0.831060557930213
"9839",0.549256909824564
"9840",0
"9841",0.4105045678011
"9842",0.721325455002579
"9843",0.436720405846629
"9844",1.29078161264981
"9845",0.864097506811218
"9846",0.322582918873387
"9847",0.321625060547239
"9848",0.860093291281341
"9849",0
"9850",1.16731681812476
"9851",0
"9852",0.867347575842502
"9853",0
"9854",0.255402274559136
"9855",0
"9856",0.0808478848387637
"9857",0
"9858",0
"9859",0
"9860",0
"9861",0.308986711763337
"9862",0.128718047048274
"9863",0
"9864",0
"9865",0
"9866",0.276551063774585
"9867",0.0904989050314202
"9868",0
"9869",0.0121640861114555
"9870",0.037469900754082
"9871",0
"9872",0
"9873",0
"9874",0
"9875",0
"9876",0.0888315636862697
"9877",0.0148635015729627
"9878",0.0148635015729627
"9879",2.65027766152125
"9880",1.66010951536146
"9881",2.9071813649211
"9882",0
"9883",0.645597111914279
"9884",0.21662349217556
"9885",0.280028680716801
"9886",0.394793050319685
"9887",0
"9888",0
"9889",0
"9890",0.570634155547969
"9891",0.489466064305564
"9892",0
"9893",0.197294028225273
"9894",0.0430518974158686
"9895",0.117910382746018
"9896",0
"9897",0
"9898",0.126368877520753
"9899",0.201704088462857
"9900",0.412019859521939
"9901",0.332064599923272
"9902",0
"9903",0.486520818074215
"9904",0.1694212224593
"9905",0.575785527336508
"9906",0.805570243184591
"9907",0.139745934209138
"9908",0
"9909",0.381129332270363
"9910",0.643928615563251
"9911",1.17985035390069
"9912",0.195107561153595
"9913",1.27553237500147
"9914",0.203195218862349
"9915",0
"9916",0
"9917",0.565592119076307
"9918",0
"9919",0
"9920",0
"9921",0.299216954622193
"9922",1.81340108355475
"9923",1.93647348590236
"9924",1.6395781885033
"9925",0.14265724669647
"9926",1.40425463619759
"9927",0.734903825592629
"9928",1.8206475158704
"9929",1.0080621217908
"9930",0.376656240592629
"9931",1.61568665254968
"9932",0.355191745144247
"9933",0.149079274352529
"9934",0.184202884705987
"9935",0
"9936",0.338469378625363
"9937",2.71808083622263
"9938",0
"9939",0.866840002756785
"9940",0.738158512559613
"9941",0.450485485513997
"9942",1.92721439343272
"9943",0
"9944",0.403587303948831
"9945",0.709897722061799
"9946",1.46830522566701
"9947",1.99728048464672
"9948",1.08417322130194
"9949",0.639519187393588
"9950",0.797043065201105
"9951",0.368959059566632
"9952",0.439093614124831
"9953",0
"9954",0.085305523098002
"9955",0.632780906567066
"9956",1.2152420792984
"9957",2.53372623770066
"9958",0
"9959",3.38582239952513
"9960",1.81290153790769
"9961",4.69596745110764
"9962",4.29937806176024
"9963",4.11484778228268
"9964",5.08004799132524
"9965",3.73022150391554
"9966",3.59593410783118
"9967",0.068392401888965
"9968",2.93213980055775
"9969",2.00259264716591
"9970",0.260369923980598
"9971",0.441400182750599
"9972",0.0589416320677045
"9973",3.16172152279372
"9974",0
"9975",0.580653558512351
"9976",1.26832844497221
"9977",0.582404059887097
"9978",0.127755682327562
"9979",0.563666048797648
"9980",0.877646731217544
"9981",0.413284672951381
"9982",0.868984749021445
"9983",0.516496601110583
"9984",1.43888896587067
"9985",0.336632348162946
"9986",0.827364860718323
"9987",0.602389008782705
"9988",0.420075996662159
"9989",0.81107617064115
"9990",0
"9991",0
"9992",1.22610747122984
"9993",0.287887059246502
"9994",0.00336778348896738
"9995",0.219939038991279
"9996",0.198611207748939
"9997",0.331846338511799
"9998",1.45301166321555
"9999",0
"10000",0
"10001",0
"10002",0
"10003",0.422603805032719
"10004",0
"10005",0.226246021097036
"10006",0.454002913170343
"10007",0.196629950363469
"10008",0.0828305419412536
"10009",0
"10010",0.690588946070746
"10011",0.612440688968565
"10012",0.844428138572714
"10013",0.700578007712473
"10014",0.224388104273772
"10015",0.161517205960438
"10016",0
"10017",0.755044545142876
"10018",0.986779678535833
"10019",0.466429152738452
"10020",0.216310292770005
"10021",0
"10022",1.0669213280828
"10023",0.796844931172994
"10024",0.0909067047321759
"10025",1.74399677936136
"10026",0.787851468975373
"10027",0
"10028",0.0717737640227116
"10029",0.610267075493352
"10030",0.180802341077129
"10031",0
"10032",0.705844854606534
"10033",0
"10034",0.042993347846927
"10035",0.809243670638635
"10036",0
"10037",0.77909384906289
"10038",0
"10039",0.326584188334905
"10040",0.0816527624876913
"10041",0
"10042",0.0697588055802887
"10043",0
"10044",0
"10045",0
"10046",0
"10047",0
"10048",0.197395434490379
"10049",0
"10050",0.0148635015729627
"10051",0.0148635015729627
"10052",0.553747113712665
"10053",0.342633924731103
"10054",0
"10055",0.221054219173352
"10056",0.127406008886339
"10057",0.594525502347228
"10058",0.497109188761102
"10059",0
"10060",0.848503565773126
"10061",0
"10062",0.715531288087356
"10063",0.452990651333995
"10064",0.218990868684028
"10065",0
"10066",0.0460616750491892
"10067",0.0408836662592326
"10068",0
"10069",0.256566738620687
"10070",0.303076491676115
"10071",0.360751879539004
"10072",0.783786079477355
"10073",0.67770014577955
"10074",0.0895395754475473
"10075",0.314500864364869
"10076",0.148005702120061
"10077",0
"10078",0
"10079",0.68542306181617
"10080",1.6080963403093
"10081",0.271373576745498
"10082",0.558734469934103
"10083",0.421415160520939
"10084",0
"10085",0
"10086",0.697026317619585
"10087",1.2224671204103
"10088",0.219275694898445
"10089",0.524608138830793
"10090",0
"10091",0.831573362669905
"10092",0.639879901879228
"10093",0
"10094",1.16916078293428
"10095",1.12686108254939
"10096",1.80277269795573
"10097",0.761760365454123
"10098",0
"10099",0
"10100",1.0342671539504
"10101",0.0394970810012336
"10102",0.635767857553959
"10103",0.546992821108102
"10104",0
"10105",0
"10106",0.598714485494882
"10107",0.638185244428482
"10108",0
"10109",1.47083845754023
"10110",0
"10111",0.41609504707261
"10112",0
"10113",1.10222954795403
"10114",0.280367669185045
"10115",0.453616766221035
"10116",0.703492216113697
"10117",0
"10118",0.309555389611523
"10119",0
"10120",0.466884130293725
"10121",0.350954009053775
"10122",0.97905844383208
"10123",0
"10124",1.68552215915631
"10125",0.339348008881038
"10126",0
"10127",0.115840864349318
"10128",2.13073066414987
"10129",2.3203607705033
"10130",2.10547204797662
"10131",0.525993959806771
"10132",0
"10133",3.69549271188621
"10134",2.93913562084488
"10135",3.19106324871932
"10136",4.35402285304036
"10137",1.46725402379579
"10138",1.35620506355083
"10139",0.145293606593549
"10140",2.89559459024098
"10141",2.49692689318414
"10142",0.46744141616152
"10143",1.13628058646491
"10144",0
"10145",1.87644953656258
"10146",0
"10147",0.0839464274196295
"10148",0.00520788279616946
"10149",1.32817230231681
"10150",1.00123980456937
"10151",0.978055104399813
"10152",0.142026100546112
"10153",0
"10154",0
"10155",0.562091663823596
"10156",0.274796423780422
"10157",0
"10158",0.734418125286747
"10159",1.94063960539467
"10160",0.346030810515625
"10161",0.996744885747246
"10162",1.17924474385378
"10163",0
"10164",0
"10165",0
"10166",2.34795224244577
"10167",0.113690698622316
"10168",1.06030072371003
"10169",0
"10170",0
"10171",0.558832854560525
"10172",0.222680706830078
"10173",0
"10174",0
"10175",2.58213426624114
"10176",0.632343769833266
"10177",0.749725418838882
"10178",2.18174070578051
"10179",1.69218927901258
"10180",1.29171363854215
"10181",1.03461470368175
"10182",0.690628445138295
"10183",0
"10184",0
"10185",0
"10186",0.623505111069273
"10187",0.801777152491666
"10188",0.162137759491829
"10189",0
"10190",0.835832042711896
"10191",0
"10192",0.409297079127146
"10193",0.845731151631352
"10194",0.477694950879648
"10195",1.09946498183739
"10196",0.68096601154181
"10197",1.06980738562372
"10198",0.731999278269332
"10199",0.693318133091593
"10200",0
"10201",0.254279811358295
"10202",0.170603827471775
"10203",0.271864575450583
"10204",0.24153505229707
"10205",0.172383017881374
"10206",0.219703802377072
"10207",0.633047033107918
"10208",0
"10209",0.447434597350155
"10210",0
"10211",0
"10212",0
"10213",0.100164450736213
"10214",0
"10215",0.0239649087635753
"10216",0
"10217",0
"10218",0
"10219",0
"10220",0.0711907798098632
"10221",0
"10222",0
"10223",0
"10224",0.0691454369750174
"10225",0.0148635015729627
"10226",0
"10227",0
"10228",0.0328813574916982
"10229",2.99023568525175
"10230",0.93118697415655
"10231",0.322498810198317
"10232",0.124524720287493
"10233",0.136475701948231
"10234",0
"10235",0.4015676017228
"10236",0.371322146454427
"10237",0
"10238",0.0179683882843389
"10239",0.0405362837684661
"10240",0.0379664885066456
"10241",0.033365505532874
"10242",0
"10243",0.2462266413244
"10244",0.252146063547366
"10245",0.210043441059936
"10246",0.496514315282084
"10247",0.0463789328338213
"10248",0.124346039913745
"10249",0.327950655786218
"10250",0
"10251",0.493535025898246
"10252",0.389591655810175
"10253",0.179678918174012
"10254",0.591931877872754
"10255",0.435109587726891
"10256",0
"10257",1.63038528841345
"10258",0
"10259",1.7442540494622
"10260",1.44571666418911
"10261",0.623620544347541
"10262",0
"10263",0
"10264",0
"10265",0
"10266",0.102521863097736
"10267",1.3292802205859
"10268",0.799996719501235
"10269",0.326186298300288
"10270",1.02925884526226
"10271",0
"10272",1.35512034085431
"10273",0
"10274",0.193060301719849
"10275",0
"10276",0.985072646183535
"10277",0
"10278",0.548060854775965
"10279",0.610026324648739
"10280",0.753598630752723
"10281",1.05185211109876
"10282",1.15932136207833
"10283",3.65142648936124
"10284",0
"10285",1.97380255002223
"10286",0.545895465109649
"10287",0
"10288",0
"10289",0.482340672902337
"10290",1.41977051479386
"10291",0.728984691336865
"10292",0.936162308102314
"10293",0.831685923017269
"10294",1.50117738442637
"10295",0
"10296",0.429557767958856
"10297",0
"10298",2.67595871772297
"10299",0
"10300",0.626995548830974
"10301",1.9893714718824
"10302",1.58991433049296
"10303",2.80636500031727
"10304",0.413112201276454
"10305",2.08335536193749
"10306",0.833093786365184
"10307",2.22837825438575
"10308",3.48976905121861
"10309",1.84849851825643
"10310",3.07360486951394
"10311",0.0578684235034794
"10312",0.703879100223107
"10313",0.8167735418201
"10314",0
"10315",0.602600574029379
"10316",0.151290698211726
"10317",0
"10318",0.514364643952669
"10319",0.858490522976818
"10320",0.218558655770049
"10321",1.5644500667684
"10322",0.535719033784211
"10323",0.351223988535554
"10324",1.25104824133315
"10325",1.82896590073061
"10326",1.48364966946845
"10327",0.242629998800943
"10328",1.36156748325568
"10329",0
"10330",0.213098785299011
"10331",0.375101441596392
"10332",1.10118420752372
"10333",1.21261571968781
"10334",0.703249707364332
"10335",0.913563459822833
"10336",3.944306205598
"10337",5.87098820499406
"10338",0
"10339",1.56962236181159
"10340",0.812867154979832
"10341",0.948344826287003
"10342",0.982690009082477
"10343",0.337405784320024
"10344",1.43682597449125
"10345",1.73886434631551
"10346",1.00110621684386
"10347",0.824994496620649
"10348",0.868218213665133
"10349",1.16861114422315
"10350",0
"10351",0.701975307308609
"10352",0.493078585818475
"10353",0
"10354",1.9530816874277
"10355",0
"10356",1.82613966683269
"10357",0.828103402132167
"10358",1.06080666371342
"10359",0.210368359833459
"10360",0.477226875503025
"10361",0.903198257514787
"10362",0.198962339481219
"10363",0.142247900966187
"10364",0.148873734541361
"10365",0
"10366",0.957538677854476
"10367",0.442177711943895
"10368",0.223775550310236
"10369",0.535190374257644
"10370",0
"10371",0.113793456044678
"10372",0
"10373",0.0398285824247568
"10374",0.374698276541984
"10375",0.516030035325798
"10376",0
"10377",0.390077737662191
"10378",0.0992138296742454
"10379",0.261930293508507
"10380",0
"10381",0
"10382",0
"10383",1.04977320818915
"10384",0
"10385",0.557200366516304
"10386",0
"10387",0.0566092215176009
"10388",0
"10389",0
"10390",0
"10391",0
"10392",0
"10393",0
"10394",0.197451356372109
"10395",0
"10396",0.197395434490379
"10397",0
"10398",0
"10399",0.0148635015729627
"10400",0.0148635015729627
"10401",0.0888315636862697
"10402",0
"10403",3.14957773119728
"10404",1.35321976336876
"10405",1.263393754753
"10406",1.01104967956454
"10407",0.278858407474863
"10408",0
"10409",0
"10410",0.237645597475701
"10411",0.389971253236682
"10412",0
"10413",0
"10414",0
"10415",0
"10416",0.0406278702298953
"10417",0.271758938918729
"10418",0
"10419",0.25080415815397
"10420",0.34722912990719
"10421",0
"10422",0.202485980846274
"10423",0.0655504893847934
"10424",0.203886539564765
"10425",0.287763160487766
"10426",0.772459886082124
"10427",0.514755942547569
"10428",0
"10429",0.651178428899669
"10430",0
"10431",0
"10432",0
"10433",1.76419013502377
"10434",1.63336117093912
"10435",2.40458120778711
"10436",1.52443854243422
"10437",0.105927075168346
"10438",0.19083905240986
"10439",0
"10440",0.0998916902687046
"10441",1.21267449825428
"10442",0.0520248587531389
"10443",1.48466498350399
"10444",0.738761802065028
"10445",0.446087850174719
"10446",0.371171133450602
"10447",0.329984382776155
"10448",0.454476988596651
"10449",0.0555774536893694
"10450",0.642890811484105
"10451",0
"10452",0
"10453",0
"10454",0.715788713531629
"10455",1.14794784555199
"10456",0.861223071517986
"10457",1.6363809300987
"10458",0.756911020323029
"10459",1.7865882482168
"10460",0
"10461",0.100864141127665
"10462",0.17182376073875
"10463",0.31664106101115
"10464",1.19131213164722
"10465",0.645159675822938
"10466",1.503522634153
"10467",0.905507107660668
"10468",1.68170611947366
"10469",0
"10470",2.07129101840796
"10471",0
"10472",2.55750699543488
"10473",0
"10474",0.820233218318019
"10475",0.4888054189601
"10476",0.567659517234181
"10477",2.13413975298205
"10478",3.38475656564622
"10479",2.04135391682953
"10480",1.16973031835125
"10481",2.86704806651036
"10482",1.60965571879302
"10483",0.870027221432067
"10484",1.26970244835754
"10485",0.334230084500765
"10486",1.51738986969651
"10487",0.165175508676128
"10488",1.38688676362065
"10489",0
"10490",0.798467417538502
"10491",0.535179789195237
"10492",0.0476834414531728
"10493",0.274053752155267
"10494",0.297954907178039
"10495",0.389900571259396
"10496",0
"10497",0
"10498",0
"10499",0.758107957903478
"10500",2.66533274498124
"10501",0
"10502",0.958493360102767
"10503",0
"10504",1.33858805155502
"10505",0
"10506",0.705106219483086
"10507",2.00431293512717
"10508",0
"10509",1.51325455643319
"10510",0
"10511",2.47840653939241
"10512",2.42109010606095
"10513",1.40736559970757
"10514",2.04875919964418
"10515",0.0324992361011276
"10516",1.10457006108895
"10517",1.4021535328117
"10518",0.614333160883667
"10519",1.87887133129935
"10520",1.27987863253184
"10521",0.668636533168044
"10522",0.250741885460863
"10523",0.516764335111684
"10524",0.635127364234855
"10525",0.703199450076472
"10526",0.403115662607581
"10527",0
"10528",0.117713319250241
"10529",0.101933933260948
"10530",0
"10531",0
"10532",0.854919698470003
"10533",0
"10534",1.03152148354563
"10535",0.0756435980908652
"10536",0.327251466695916
"10537",0.705800821034406
"10538",0.585804242411281
"10539",0.150625007547539
"10540",0.489725435222318
"10541",0.576881990201097
"10542",0.437952214088329
"10543",0.876670164783143
"10544",0.324778775762459
"10545",1.31633062282534
"10546",0.0366535721926948
"10547",0
"10548",0.299590150145514
"10549",1.13581725903192
"10550",0.0367423021617306
"10551",0
"10552",0.413239989942578
"10553",0.383763280837085
"10554",0
"10555",0.481481964672699
"10556",0
"10557",0.0665177127094121
"10558",0
"10559",0.922970557455385
"10560",0
"10561",0.866031902678574
"10562",0.156135414562734
"10563",0
"10564",0
"10565",0
"10566",0
"10567",0
"10568",0
"10569",0
"10570",0.129882974757886
"10571",0.0870467644364053
"10572",0
"10573",0
"10574",0
"10575",0
"10576",0
"10577",0.0148635015729627
"10578",0.0148635015729627
"10579",0.00611389175409305
"10580",0.021997111654088
"10581",0.193123299405649
"10582",0.528075573855708
"10583",0
"10584",0
"10585",0.605927688877233
"10586",0.434399039438094
"10587",0.29599310652014
"10588",0
"10589",0.753759102693744
"10590",0
"10591",0
"10592",0.0210912239420797
"10593",0.0132862674497876
"10594",0.267216467218691
"10595",0
"10596",0.287452104993499
"10597",0.0565110942729132
"10598",0
"10599",0.445774303147151
"10600",0
"10601",0.412722665441238
"10602",0.725028601116663
"10603",0.496809636386109
"10604",0
"10605",0.788627414990187
"10606",0.278393489637063
"10607",0
"10608",0
"10609",1.11876656805365
"10610",0.359029466485768
"10611",1.30660847282741
"10612",0.899650925629587
"10613",0.801507194985386
"10614",1.75543598744456
"10615",1.13872520345235
"10616",0.473918538097413
"10617",0.0155802943143555
"10618",0.0517255201954466
"10619",0.475226681283916
"10620",0
"10621",0
"10622",1.35450261712449
"10623",0.949177864441199
"10624",1.30261336538054
"10625",0.238284157255426
"10626",0
"10627",0.0937047556061068
"10628",0.0198462418576656
"10629",0.225975773696231
"10630",0.464504149027989
"10631",0
"10632",1.3804849695489
"10633",0
"10634",0.915098969808541
"10635",1.18137341803638
"10636",0
"10637",0.399399803188648
"10638",0
"10639",0.0998353346953524
"10640",1.22177466035146
"10641",0.521553576193131
"10642",0.8382416445204
"10643",0.707028773957715
"10644",2.44974183719197
"10645",1.45426494826935
"10646",2.49349112429894
"10647",0
"10648",0.482201308922166
"10649",0.229375523901265
"10650",0.957968914209342
"10651",0
"10652",1.90312110784439
"10653",0.303023543432976
"10654",0
"10655",0.618130258929591
"10656",1.85289475854381
"10657",1.66066077155085
"10658",0.5996590450731
"10659",1.76272680645518
"10660",0.304633491716155
"10661",1.69771011898926
"10662",1.44914176777841
"10663",0.00263049804996518
"10664",2.57244535721762
"10665",0
"10666",1.81257406200924
"10667",1.097391791737
"10668",0
"10669",0.251471523095256
"10670",1.01533943915101
"10671",0
"10672",2.61151509134802
"10673",0
"10674",0.286840293692684
"10675",0.0312044536054858
"10676",0
"10677",0.724835133707682
"10678",1.57093545772213
"10679",0
"10680",0.465990718738138
"10681",0
"10682",0
"10683",0
"10684",1.90714212207847
"10685",2.30658901216323
"10686",0
"10687",0
"10688",1.55188265749467
"10689",0.467470293157874
"10690",2.83447200888849
"10691",0.493147845219863
"10692",1.54193040201103
"10693",2.27333453757701
"10694",2.33593672144226
"10695",2.57239764383625
"10696",1.87530710846132
"10697",2.35269196269842
"10698",0.887275440912408
"10699",2.59392014007345
"10700",0.459822518832682
"10701",0
"10702",0.0208720845005235
"10703",1.39236987615607
"10704",1.53353638201536
"10705",0.636894442048146
"10706",0.830346312903085
"10707",0
"10708",1.0313389178323
"10709",0.461928688690819
"10710",1.16496432762401
"10711",0.960294860427198
"10712",0.944596701288972
"10713",0
"10714",0
"10715",0.0218891600572135
"10716",0.997715783049489
"10717",0.168983872208002
"10718",0.459568520720494
"10719",0.246839870187683
"10720",0.041056285334512
"10721",0.330188344071175
"10722",0
"10723",0
"10724",0
"10725",1.18748839762337
"10726",0.152524965677888
"10727",1.0051823452444
"10728",0.317822390930803
"10729",0.404733633849742
"10730",0
"10731",1.17819249651499
"10732",0.345239180544356
"10733",0.172225450361634
"10734",0
"10735",0.681818667750354
"10736",0
"10737",0.985802062867964
"10738",0
"10739",0
"10740",0
"10741",0.321877265404865
"10742",0.15272358312377
"10743",0
"10744",0
"10745",0
"10746",0
"10747",0
"10748",0.13491232108535
"10749",0.127790231171984
"10750",0
"10751",0.215275731860129
"10752",0
"10753",0
"10754",0
"10755",0
"10756",0
"10757",0
"10758",0
"10759",0
"10760",0.105363623109714
"10761",1.07920808419339
"10762",0.428869465537365
"10763",1.15561870431927
"10764",0.772825429586284
"10765",0.541906461536636
"10766",0.0421129698103506
"10767",0.283104336482302
"10768",0
"10769",0.185178593972732
"10770",0
"10771",0
"10772",0.0978111533489312
"10773",0
"10774",0.178991242754903
"10775",0.777200720749406
"10776",0.840274428034143
"10777",1.02461316299412
"10778",0.672098879258636
"10779",0
"10780",1.04953181608427
"10781",0
"10782",1.86090901796448
"10783",1.12474078805745
"10784",0.482261209788818
"10785",1.07475048060411
"10786",0
"10787",0
"10788",0
"10789",0.782111082887157
"10790",0
"10791",0.34924702651615
"10792",1.33073342236633
"10793",1.12286470175379
"10794",0.94837803666923
"10795",0.203370835565002
"10796",0
"10797",0.286455080006071
"10798",0
"10799",0.288794327389833
"10800",0
"10801",1.0998590001022
"10802",1.25668328351067
"10803",0
"10804",1.35510878490345
"10805",0.906775626954633
"10806",0.315627494148867
"10807",0.313859328013911
"10808",0
"10809",0.68146855007388
"10810",0.75578862509981
"10811",0
"10812",0
"10813",1.59674087519604
"10814",1.22334537353244
"10815",1.45414628240035
"10816",0.0869479327290175
"10817",1.50650901949411
"10818",0.1834762839423
"10819",0.626338255478399
"10820",0.395250169692194
"10821",0.480456406443122
"10822",0
"10823",0.655320283908074
"10824",1.36813155814267
"10825",1.16720866705597
"10826",0.613265690651635
"10827",0.721765499395766
"10828",2.38526043702081
"10829",0.505691419758919
"10830",1.22765872738034
"10831",2.710510183
"10832",1.4466919573639
"10833",3.63129349098783
"10834",0
"10835",1.5827604137169
"10836",0.896781125323108
"10837",1.44784039567599
"10838",0.255758826690382
"10839",1.67089175209195
"10840",1.87335338611474
"10841",1.87183260598518
"10842",2.32537655930277
"10843",0
"10844",0
"10845",0.154040373959897
"10846",2.87959365118344
"10847",0.904925788772429
"10848",0.885314437277751
"10849",0.390222020620779
"10850",1.83192596840384
"10851",0.307924448325455
"10852",0.716180440046637
"10853",0.331237877607749
"10854",0
"10855",0.952843472761457
"10856",0.444178984211588
"10857",0
"10858",0.459477265974252
"10859",0
"10860",2.49749065881066
"10861",2.39023000527493
"10862",0
"10863",1.27075011867873
"10864",0.203570778200348
"10865",0
"10866",0
"10867",0.263947011574049
"10868",2.74044393908992
"10869",0.0774808922560917
"10870",1.39369215104757
"10871",0.456285363285831
"10872",1.01544982598674
"10873",1.95511875570009
"10874",2.66295385634002
"10875",1.21905714578575
"10876",1.36465330930907
"10877",0.686179872278995
"10878",0.392487595826359
"10879",0.628691140701324
"10880",0
"10881",1.15469922825564
"10882",0.542542237995901
"10883",2.72671206941945
"10884",1.24172965478817
"10885",1.47697805505135
"10886",0.291190837979678
"10887",0.812028151178406
"10888",0.340169237383788
"10889",0
"10890",0
"10891",0
"10892",0.0586195882338632
"10893",0
"10894",0.213939537325161
"10895",0.537576805561801
"10896",0.932088239074855
"10897",0
"10898",0.631044304078053
"10899",0.897519508613991
"10900",0.575577592720615
"10901",0.619614383809968
"10902",0
"10903",1.42949605198486
"10904",0.164320515064765
"10905",1.07435243576821
"10906",0.232007418121028
"10907",0.100088465770022
"10908",0.492377804473992
"10909",0.158650720990213
"10910",0.101337314205625
"10911",0.679589205177158
"10912",0.0999620401841084
"10913",0
"10914",0
"10915",0.109697474304921
"10916",0
"10917",1.47238306460888
"10918",0
"10919",0.195961309041672
"10920",0
"10921",0.0982418001887723
"10922",0
"10923",0
"10924",0
"10925",0
"10926",0.071870248778997
"10927",0
"10928",0
"10929",0
"10930",0
"10931",0.0691454369750174
"10932",0
"10933",0
"10934",0
"10935",0
"10936",0
"10937",0.213173482174406
"10938",0
"10939",0
"10940",0
"10941",0.360754391628571
"10942",0.000702495347323195
"10943",0.0691368140689787
"10944",0.172488892703402
"10945",0.150321056162579
"10946",1.00696782488792
"10947",0.0310366282259326
"10948",0.00400243941159806
"10949",0
"10950",0
"10951",0.352181960418184
"10952",0
"10953",0.712143805385599
"10954",0.148410069100215
"10955",0
"10956",0.0981961226566073
"10957",0.860663240386124
"10958",0.414870997729401
"10959",1.56023971643543
"10960",0.0282000992648541
"10961",0.368181525193605
"10962",0
"10963",0
"10964",0
"10965",0
"10966",0
"10967",1.55990473153887
"10968",0.26355263929967
"10969",0
"10970",0.732494997373937
"10971",0
"10972",0.80090992379189
"10973",0.666616212027229
"10974",0.0994541860427997
"10975",0.810293529031543
"10976",0.248755754060031
"10977",0.495121798573156
"10978",0.287568578242793
"10979",0
"10980",0
"10981",0.17797426614378
"10982",0
"10983",0.896823566345859
"10984",0.834562427405123
"10985",1.59224153057213
"10986",0.086974555799598
"10987",1.73709619576912
"10988",1.94647498629338
"10989",1.42392023423225
"10990",3.25726989707145
"10991",1.02943056787166
"10992",0.253107679061421
"10993",0.219907515990729
"10994",0.393832321245068
"10995",0.283388428696021
"10996",0
"10997",1.07829666780018
"10998",0.459295926610563
"10999",0.639070055899578
"11000",0.435953822526509
"11001",0.194513609603806
"11002",0.513500753468069
"11003",0
"11004",0.470051043305773
"11005",0
"11006",1.66231275998803
"11007",0.402992709725651
"11008",1.04844717446573
"11009",0.340777167444969
"11010",0.397646226900656
"11011",0
"11012",0.646805611507693
"11013",1.1897114186451
"11014",0.410479239265639
"11015",0.244204253358978
"11016",5.05557523480545
"11017",0
"11018",0
"11019",0
"11020",1.14956803603471
"11021",1.00189238828598
"11022",0
"11023",0.580951922848601
"11024",2.38228871820687
"11025",1.31710885831161
"11026",1.08170841349268
"11027",2.99887906047695
"11028",0
"11029",1.45702613344194
"11030",0
"11031",1.51923866524947
"11032",0
"11033",0
"11034",0.291604437347426
"11035",0
"11036",0
"11037",0
"11038",0.872296777161777
"11039",0.496219159558981
"11040",0.9895181614548
"11041",1.4072179565615
"11042",0.0878580087077807
"11043",1.25427427288263
"11044",1.35072509667732
"11045",1.13682146542182
"11046",0
"11047",0
"11048",1.79487822097644
"11049",0
"11050",1.36204639291699
"11051",0
"11052",0
"11053",0.826510935311384
"11054",0
"11055",0.74819041008674
"11056",0
"11057",1.06772493960749
"11058",0.263498307438937
"11059",0.21387756411009
"11060",1.43997533751124
"11061",0.0901577667629612
"11062",1.0231494747887
"11063",0
"11064",0.461032165641617
"11065",0.343944726623828
"11066",2.90150364198963
"11067",0
"11068",1.82865548113476
"11069",0.526598706334103
"11070",0.454322123873849
"11071",0.335700918838565
"11072",0.704739328148018
"11073",0
"11074",1.09358886828242
"11075",0.609833008169772
"11076",0
"11077",0.101399623474782
"11078",0.575183832494607
"11079",0.457262835656588
"11080",0
"11081",0
"11082",0.315581272324852
"11083",0.62939436807282
"11084",0.148218602935531
"11085",0.97010607797752
"11086",0.267518693173753
"11087",1.12087008717961
"11088",0.924537937932546
"11089",0.343826952498371
"11090",0
"11091",0
"11092",0.53946482102066
"11093",0.322616937239449
"11094",0
"11095",0.0937619889917262
"11096",0.129447839735967
"11097",0.0532774634055005
"11098",0
"11099",0
"11100",0.261015073090678
"11101",0.292296890318099
"11102",1.28704243772825
"11103",0.75544722748948
"11104",0.0607668118474878
"11105",0
"11106",0.596069623475603
"11107",0
"11108",0
"11109",0.00687509442921583
"11110",0
"11111",0.0972147461004381
"11112",0.123847208302502
"11113",0
"11114",0.371712345360913
"11115",0
"11116",0
"11117",0
"11118",0
"11119",0
"11120",0
"11121",0
"11122",0
"11123",0
"11124",0
"11125",0
"11126",0
"11127",0
"11128",0
"11129",0.0691368140689787
"11130",0.172488892703402
"11131",0.03382991891808
"11132",0
"11133",0.225403395553081
"11134",0
"11135",0.0541066147351075
"11136",0
"11137",0.238099633302951
"11138",0.936026604187886
"11139",0.699266034697717
"11140",0.758546393898955
"11141",0.0357235735601013
"11142",0.225913252683388
"11143",0.407508864034705
"11144",2.14865765197581
"11145",0
"11146",0.386087150873399
"11147",0
"11148",0
"11149",0
"11150",1.69443459067648
"11151",0.447826900208093
"11152",1.7981629609565
"11153",0.681850228783864
"11154",0.00323565965560646
"11155",0.137947345449934
"11156",0
"11157",0.592724944807296
"11158",0.798506676687852
"11159",0.715051307730156
"11160",0.502770088641205
"11161",0.118574860945634
"11162",0.0339650781225455
"11163",0.597847803351558
"11164",0
"11165",0.553416449386828
"11166",0.183483786728356
"11167",0.277443761609605
"11168",0
"11169",0
"11170",0.432254441494659
"11171",0.81837251271011
"11172",0.65695411453637
"11173",1.34609875543683
"11174",1.05400120064688
"11175",1.59325003390558
"11176",2.30718156212684
"11177",3.03492544406042
"11178",0.384991223948719
"11179",1.26878307563284
"11180",0.143075383957593
"11181",0
"11182",1.2617275842028
"11183",0
"11184",1.30822521521017
"11185",0.676985721932765
"11186",0.187134118424106
"11187",0
"11188",0.834501977572899
"11189",0.569897959940018
"11190",0.29194694136234
"11191",0.0797537273628319
"11192",0
"11193",1.65665412605425
"11194",0.256793819307986
"11195",0.390523340415664
"11196",0
"11197",0
"11198",0.869905422974947
"11199",0.308750215949524
"11200",1.52951642971737
"11201",1.68565995513296
"11202",0
"11203",0.168178443118287
"11204",0
"11205",0.550214730830827
"11206",0.235156730956188
"11207",1.49624482055765
"11208",0
"11209",1.1932073203921
"11210",0.670868834908978
"11211",0.722053109089562
"11212",1.54742374855615
"11213",0.224557260988743
"11214",3.14205129556948
"11215",0.170924266347632
"11216",2.13119971517229
"11217",0
"11218",1.25986661485062
"11219",0.637285043592048
"11220",1.59459024571926
"11221",0
"11222",1.1947563058086
"11223",0
"11224",0.586102666156502
"11225",1.22012193996189
"11226",0
"11227",0
"11228",0.376941910937057
"11229",0
"11230",0
"11231",0.457446223108334
"11232",0.0547007697921817
"11233",0
"11234",0
"11235",0.836234613307282
"11236",0.778439616694675
"11237",0
"11238",1.73911997890325
"11239",0
"11240",0.832301096061938
"11241",0.687175984540976
"11242",0.32315537836704
"11243",0.579504645511127
"11244",0.709566793074157
"11245",0
"11246",0.49103447807319
"11247",0.834742997050809
"11248",0.571740205258086
"11249",0
"11250",0.236056513230334
"11251",1.46139883972809
"11252",0
"11253",0.498339858618955
"11254",0
"11255",1.3250486788157
"11256",0.391297557408188
"11257",0.231756769767357
"11258",0.948457050862359
"11259",0.491963025041281
"11260",0
"11261",0.0767170412537601
"11262",0.368417287110158
"11263",0.189972221343281
"11264",0
"11265",0
"11266",0.735531285210936
"11267",0.0374586502765071
"11268",0.773177673500856
"11269",0
"11270",0
"11271",0.813127372369311
"11272",1.18088963677276
"11273",0.680224453795822
"11274",0.361803338747184
"11275",0.0182153606181388
"11276",0
"11277",0.0966499614766629
"11278",0.50068563388781
"11279",0
"11280",0
"11281",0
"11282",0.318621916281524
"11283",0.271631604799016
"11284",0
"11285",0.403673629268538
"11286",0.230747538678397
"11287",0.471061579075713
"11288",1.80831456543
"11289",0.0342703480313522
"11290",0
"11291",0
"11292",0
"11293",0.342932476191098
"11294",0.029073299088564
"11295",0.362335199820021
"11296",0.263015962782975
"11297",0.224848900479976
"11298",0
"11299",0
"11300",0
"11301",0.0379218967954453
"11302",0
"11303",0
"11304",0
"11305",0
"11306",0
"11307",0
"11308",0
"11309",0
"11310",0
"11311",0
"11312",0
"11313",0
"11314",0
"11315",0
"11316",0.172488892703402
"11317",0.222304672586749
"11318",0
"11319",0
"11320",0
"11321",0.317004773812315
"11322",0.250567202266443
"11323",0.211390151493686
"11324",1.2393305533731
"11325",0.482895426740672
"11326",1.46071216152933
"11327",0.301996279957562
"11328",0.0976632551680262
"11329",0.163821906477097
"11330",1.18428837365327
"11331",0
"11332",0.570492143073439
"11333",0
"11334",1.1333111273253
"11335",0
"11336",0.653114108505199
"11337",0.633564861175051
"11338",0.94001693271339
"11339",0.451703252393324
"11340",0.118707225842032
"11341",0.681483491168723
"11342",0.324602187989583
"11343",0.315412465970549
"11344",0.307472552868969
"11345",0.710840519215019
"11346",1.0297062793698
"11347",0.608439565750995
"11348",0.443141678643453
"11349",0.28584827855668
"11350",0
"11351",0
"11352",0.00300377588614553
"11353",0
"11354",0
"11355",0
"11356",0.685895381252119
"11357",0.224238124578658
"11358",0
"11359",0
"11360",0.868222509379968
"11361",2.97802598022424
"11362",1.3005004571369
"11363",3.82431908830236
"11364",0.780876938647543
"11365",1.18606286357115
"11366",0.546850427162609
"11367",0.1420439598372
"11368",1.21034721220859
"11369",0
"11370",0
"11371",0.379169009628544
"11372",0
"11373",0.7899769566811
"11374",0
"11375",0.262508310888728
"11376",0
"11377",2.22200470457602
"11378",0
"11379",0.235364958388131
"11380",0.256127169108039
"11381",0.998072683631326
"11382",0.387741206278765
"11383",0.464008436842335
"11384",0.629105819892132
"11385",0
"11386",0
"11387",0.503187796273652
"11388",1.17252415434399
"11389",0.515094724044333
"11390",0.133205631597867
"11391",0.684275179828919
"11392",0.32347514821438
"11393",0
"11394",0.882443025125924
"11395",0.662003630962111
"11396",0.0532921892041229
"11397",1.23482431706757
"11398",0
"11399",0.440530201436332
"11400",1.22064794371746
"11401",0
"11402",2.93987962959671
"11403",0
"11404",0.607356459002068
"11405",0
"11406",0.648442116836616
"11407",0.27780333506461
"11408",0
"11409",0
"11410",1.31223934915216
"11411",0
"11412",0
"11413",0.570005875579431
"11414",0
"11415",0.530312047937189
"11416",0.975214740772985
"11417",0.800404991051638
"11418",1.04076146197981
"11419",0.63983698133869
"11420",0.307969934966848
"11421",0.568768838113369
"11422",0
"11423",0.576240042506912
"11424",0.273896849612346
"11425",0
"11426",0.303850742951663
"11427",0
"11428",0.482314447981518
"11429",1.17581578660795
"11430",0.410885432612414
"11431",0
"11432",0.722960551394207
"11433",0.126696044224761
"11434",0
"11435",0.239863255305139
"11436",0.118762124834903
"11437",0
"11438",0.102100099618785
"11439",1.24979738186986
"11440",0
"11441",1.30892223684883
"11442",0.548527176299169
"11443",0.403440773606881
"11444",0.263144254105033
"11445",0.471320889623427
"11446",1.12444250234187
"11447",0.642100617314608
"11448",0
"11449",0.12978509331035
"11450",0.0812401227535149
"11451",0.960826642353286
"11452",0
"11453",0.754993025735682
"11454",0.930993597599285
"11455",0.281539459654295
"11456",0.586923508238675
"11457",0.0193961186198602
"11458",0.857596991064361
"11459",0.529092948895067
"11460",0.706160131680633
"11461",0
"11462",1.23900850882769
"11463",0
"11464",0.987723349933248
"11465",0.313060100653493
"11466",0.715194151211286
"11467",0
"11468",0
"11469",0.259528494237713
"11470",0.124953398684791
"11471",0.670660706578428
"11472",0
"11473",0.138096266873112
"11474",0.930189020039755
"11475",0.549636169104172
"11476",1.3156160563268
"11477",0
"11478",0
"11479",0.701531795555657
"11480",0.100955202769371
"11481",0.415172456212864
"11482",0.308531420850002
"11483",0.291244422414834
"11484",0.47217291459328
"11485",0.713483066445276
"11486",0
"11487",0.174866273286895
"11488",0.440937587866734
"11489",0
"11490",0.069561365629479
"11491",0
"11492",0
"11493",0
"11494",0
"11495",0
"11496",0
"11497",0
"11498",0
"11499",0
"11500",0
"11501",0
"11502",0.172488892703402
"11503",0.0834062050203759
"11504",0
"11505",0.0176629389823608
"11506",0.0676925337823998
"11507",0
"11508",0
"11509",0
"11510",0
"11511",0
"11512",0
"11513",0.366639639217575
"11514",0
"11515",0.263543269786787
"11516",0.144562798568291
"11517",1.07773165284473
"11518",0.348239036276297
"11519",0.646590366987608
"11520",0.791873682985301
"11521",0.263239546529304
"11522",0.0631645582381382
"11523",0.225079330293386
"11524",0
"11525",0.745712962345783
"11526",0.291087197203681
"11527",0.735536976427151
"11528",0
"11529",0
"11530",0.0432947268021071
"11531",0.410880909487208
"11532",0.802110427333742
"11533",0.535051868728739
"11534",0.677397923256635
"11535",0.218773297937504
"11536",0.104453531041169
"11537",0.121665191471644
"11538",0.0596608007740989
"11539",0.231091066440582
"11540",0
"11541",0.625271931781034
"11542",0
"11543",0
"11544",0
"11545",0.206004272430371
"11546",0.753508590954763
"11547",1.19063967246602
"11548",1.87182135436589
"11549",1.08317759167226
"11550",1.21955614316679
"11551",0.137218028799748
"11552",0.387178153850576
"11553",0.71355084406344
"11554",0.617873432006913
"11555",1.4746835660741
"11556",0
"11557",0
"11558",0
"11559",0
"11560",0.238660200393723
"11561",0.696164755074041
"11562",0.742329080919215
"11563",0.341211556140778
"11564",1.51096082950558
"11565",0
"11566",0.262620184770094
"11567",0.0108081523660553
"11568",0.946835685928354
"11569",0.585630601311786
"11570",0.157197164195607
"11571",0.705382995779606
"11572",0.00075356515246594
"11573",0.989698924124058
"11574",0.671934435347384
"11575",0
"11576",0.160348506238269
"11577",0.361745490620431
"11578",0.0100634492898743
"11579",0
"11580",0
"11581",0.640794218260253
"11582",0.267847114718297
"11583",0
"11584",0
"11585",1.2474442363418
"11586",0.349426367288696
"11587",2.76945716734754
"11588",0.301699938590553
"11589",2.93133860771884
"11590",0
"11591",1.62109994572222
"11592",0.281254544032599
"11593",0.266441384295263
"11594",1.05003842769681
"11595",1.22337408874287
"11596",0
"11597",0.923461125644518
"11598",0.00833335659426204
"11599",0
"11600",0.274697349366485
"11601",0.225169937549377
"11602",1.02901726722827
"11603",0.575556654583978
"11604",0.216198289972723
"11605",0.771893309124426
"11606",0.43509599715562
"11607",0.0839895936768036
"11608",0.220425575505008
"11609",1.02803769484789
"11610",0.308470297762058
"11611",0.388696745648946
"11612",0
"11613",0.508029300538895
"11614",0.147845588691433
"11615",0.895529464373451
"11616",0.473556625518977
"11617",0.46843826444278
"11618",0
"11619",0
"11620",0
"11621",0
"11622",0.0822124809934618
"11623",0
"11624",0
"11625",0.340875963825304
"11626",0.550522062532334
"11627",0.244714391734308
"11628",0.0271751623225933
"11629",0.358966398527117
"11630",0
"11631",0.993258575407214
"11632",0
"11633",1.05366248100416
"11634",0.175269629555313
"11635",0.454002538963345
"11636",0.845800465413392
"11637",0
"11638",0.716255664981488
"11639",0
"11640",0.429430280266136
"11641",0.695577515042299
"11642",0.443250541391621
"11643",1.30053738618372
"11644",0.473459014384838
"11645",0.869144733551811
"11646",0
"11647",1.18658913546835
"11648",0
"11649",0.343730411057081
"11650",0.290044837830941
"11651",0.0296582208904994
"11652",0.114663644035195
"11653",0.317267014191916
"11654",0.029640029942662
"11655",0.250377167110357
"11656",0.0348014417775555
"11657",0
"11658",0.487949902022359
"11659",0.190289875991986
"11660",1.00308093763384
"11661",0.795251751524905
"11662",0
"11663",0.115745056906118
"11664",0
"11665",0
"11666",0.142195532214917
"11667",0.307312306453686
"11668",0.649751940691222
"11669",1.15029031641317
"11670",1.01549808883009
"11671",0
"11672",0.738657196650581
"11673",1.26551093295945
"11674",0
"11675",1.19150383783024
"11676",0.117654968106418
"11677",0.185090184570093
"11678",0
"11679",0
"11680",0
"11681",0
"11682",0
"11683",0
"11684",0
"11685",0
"11686",0
"11687",0.172488892703402
"11688",0.0834062050203759
"11689",0.201007732484727
"11690",0.137338672739843
"11691",0.119654271781254
"11692",0
"11693",0.162908302317827
"11694",0
"11695",0.327119198174632
"11696",0
"11697",0
"11698",0
"11699",0.0249342737615629
"11700",0.0471572688847494
"11701",0.762944679865038
"11702",0
"11703",0.784317760853008
"11704",0
"11705",0
"11706",0.0994607194148208
"11707",0.422908957190519
"11708",0.601195391990001
"11709",1.51892447793703
"11710",0.206382219654863
"11711",1.44869267261437
"11712",1.15338013660678
"11713",0.980853227904717
"11714",0
"11715",0.600139223647405
"11716",0.53293862964927
"11717",1.76048718816323
"11718",0.163591187376587
"11719",0.658567102827947
"11720",0.543700387510314
"11721",0.112969016268748
"11722",0.158212117607591
"11723",0
"11724",0
"11725",0.0795567933559856
"11726",0.00173628733461895
"11727",0
"11728",0.351081310264509
"11729",0.362455069153913
"11730",1.27042064257945
"11731",0
"11732",0.819061954792755
"11733",0.864908518831246
"11734",1.740516125222
"11735",0.833160141497211
"11736",0
"11737",0
"11738",1.03139793872932
"11739",0.370738087731547
"11740",0.873049298828554
"11741",0.578738405001229
"11742",0.555715212242495
"11743",0
"11744",1.79307728533424
"11745",0.954161823119711
"11746",2.16025081606763
"11747",0
"11748",0.134689839906804
"11749",0
"11750",1.09492732608975
"11751",0.254995363945677
"11752",1.08443487368153
"11753",1.5591383367076
"11754",0
"11755",0.021258376094775
"11756",0.0564793274671535
"11757",0.529107548851613
"11758",0.204740126663178
"11759",0
"11760",0
"11761",0.0918728851377938
"11762",0.620571110178209
"11763",0.352429061401546
"11764",0
"11765",0.754217815321878
"11766",0
"11767",0.655426727996139
"11768",0
"11769",0
"11770",1.25501747656769
"11771",0.263480172216739
"11772",0.876790049147376
"11773",3.27364654525549
"11774",1.14515826515615
"11775",2.59044078305874
"11776",0.664899630253586
"11777",1.45734272384655
"11778",0.838637772431597
"11779",0
"11780",0
"11781",0
"11782",1.53051462775787
"11783",0
"11784",1.51029073800918
"11785",0
"11786",1.2968501164327
"11787",0
"11788",0
"11789",0.166840315167758
"11790",0.242550434667591
"11791",0.864078117658461
"11792",0.0505742959308446
"11793",0.453101947289398
"11794",0.302451116618218
"11795",0
"11796",0
"11797",0.261125516800444
"11798",0.238649595386764
"11799",0
"11800",0
"11801",0
"11802",0.245700536045893
"11803",0
"11804",0.0382692270529864
"11805",0.330732584722455
"11806",0
"11807",0.135925226579411
"11808",0
"11809",0.673550110780466
"11810",0.220323540334457
"11811",0.37670657973055
"11812",0
"11813",0.537591669008172
"11814",1.53603979986963
"11815",1.22684356697443
"11816",2.72529559116111
"11817",2.86385106406074
"11818",1.62472326995616
"11819",1.86110712729655
"11820",1.88490020359194
"11821",1.93705796392996
"11822",1.32249770035065
"11823",0.0213084919486608
"11824",0
"11825",1.64311057873315
"11826",0.9213817646598
"11827",2.21920999761424
"11828",0.125984242334616
"11829",1.48414854881725
"11830",0
"11831",0
"11832",0
"11833",0
"11834",0.394590484490978
"11835",0.129247217069631
"11836",0.407411194315222
"11837",0.119484500806507
"11838",0.127144835312155
"11839",0.336104627756562
"11840",0.495712309676541
"11841",0
"11842",0.479193597369228
"11843",0.0858716905354669
"11844",0.256981595032374
"11845",1.24252557142813
"11846",0
"11847",0.405454191878913
"11848",0.429469239713742
"11849",0
"11850",0.367767192155819
"11851",0.45256386607739
"11852",0.242234931713226
"11853",0.235054738143255
"11854",0.643691894259875
"11855",0
"11856",0
"11857",0
"11858",0
"11859",0
"11860",0
"11861",1.23714532696321
"11862",0.148998199348923
"11863",0.0936336696891241
"11864",0
"11865",0
"11866",0
"11867",0
"11868",0
"11869",0
"11870",0
"11871",0.172488892703402
"11872",0.211656202535738
"11873",0.127011651180954
"11874",0.750281001710247
"11875",0.072940081811554
"11876",0.170155667948331
"11877",0
"11878",0
"11879",0.0101061599171194
"11880",0.681370968847522
"11881",0.00442227665109918
"11882",0.166101920786408
"11883",0.361343158586771
"11884",0.900087352737112
"11885",0
"11886",0.327252144546756
"11887",0
"11888",0
"11889",0
"11890",0
"11891",0
"11892",0.884477931764905
"11893",0.0224496598478491
"11894",0.589834648902078
"11895",0.0965156035905276
"11896",1.80431822366159
"11897",0.102066323597956
"11898",0.399174736874563
"11899",0.0999042957594793
"11900",0.945193859894686
"11901",0
"11902",0.422536414198656
"11903",0
"11904",0.332278332670697
"11905",0
"11906",0.194027666015476
"11907",0.0976293585937185
"11908",0
"11909",0
"11910",0
"11911",0.121106294909262
"11912",0.285692326705191
"11913",1.27506518278149
"11914",0.604852079132034
"11915",0.614916182349559
"11916",0.227216569687539
"11917",0.965060718462471
"11918",0.135631245733854
"11919",0
"11920",0
"11921",0.20722456561824
"11922",0
"11923",0.332284670239532
"11924",0.332320461914221
"11925",0.308446424797891
"11926",0.384481159641961
"11927",0.562795028734797
"11928",1.38172348409338
"11929",1.21489617771913
"11930",1.77509832840444
"11931",1.51291036326703
"11932",0.176533071631519
"11933",0.337649702242726
"11934",0
"11935",0
"11936",0.114395804781241
"11937",0
"11938",0.409359180724571
"11939",0.331714467567516
"11940",0.0732513579074652
"11941",0.438400310600981
"11942",0.0268645729644624
"11943",0
"11944",0
"11945",0
"11946",0
"11947",0
"11948",1.65783048361351
"11949",0
"11950",0.0616747199104133
"11951",3.83135266319628
"11952",0
"11953",0.978976762177869
"11954",1.10632876444044
"11955",0
"11956",2.83914419628275
"11957",1.7011146027576
"11958",1.84428459685972
"11959",0.812613948133013
"11960",1.54419757013937
"11961",0.830175094406445
"11962",0.222589001028809
"11963",0.356007372070969
"11964",0.0606660485425159
"11965",0
"11966",1.20205474842925
"11967",0.122295529673665
"11968",0
"11969",1.72331778902944
"11970",0.117681608448279
"11971",1.25129370754268
"11972",0.184473326494471
"11973",0.172543909531936
"11974",0
"11975",0
"11976",0.649371098562056
"11977",0.151566682776808
"11978",0
"11979",0
"11980",0.164680023818427
"11981",0.820441983376024
"11982",0.404888349326142
"11983",0.829795155836509
"11984",0
"11985",0.556510307417426
"11986",0.0958700314495241
"11987",0.203376505899015
"11988",0.229800969070682
"11989",0.27389290110492
"11990",0
"11991",0
"11992",0
"11993",0
"11994",0.243363135373403
"11995",0
"11996",0
"11997",0.173979907157812
"11998",0
"11999",1.37089849638034
"12000",0.866211739961515
"12001",1.84647409204328
"12002",2.89952145067194
"12003",2.22394924604022
"12004",0.537440282037366
"12005",1.75546906353815
"12006",0.854366425741864
"12007",0.360693573386086
"12008",0.203392590507189
"12009",0.27300180877801
"12010",2.14846040406464
"12011",0.77064066922108
"12012",0
"12013",0.0334885332033583
"12014",0.977619340094235
"12015",0
"12016",0.911304525809918
"12017",0
"12018",0
"12019",0.153804319999324
"12020",0.129468178976535
"12021",0.234800439027468
"12022",0.0405845308760707
"12023",0.507470878780731
"12024",0.194666277095088
"12025",0.19108360927873
"12026",0
"12027",0.370546253045943
"12028",0.293249612748296
"12029",0.232561579955514
"12030",0
"12031",0
"12032",0.488490362817376
"12033",1.41529806361245
"12034",1.3921453388161
"12035",0.0788070545004509
"12036",0.660872467194476
"12037",0
"12038",0.617474056287887
"12039",1.66374342342584
"12040",0.456855304523908
"12041",0.503612350994265
"12042",1.11979781641799
"12043",0
"12044",1.01789466874442
"12045",0.319741656502802
"12046",0.215516223788847
"12047",0
"12048",0.239522015624398
"12049",0
"12050",0
"12051",0
"12052",0
"12053",0
"12054",0.0691368140689787
"12055",0.109433668536693
"12056",0.243140425282864
"12057",0.153553045477708
"12058",0.200082042303854
"12059",0
"12060",0.237038105041259
"12061",0
"12062",0.126248074728024
"12063",0
"12064",0.11877548126155
"12065",0
"12066",0.521706283124198
"12067",0.957939320773874
"12068",1.05690980219703
"12069",0.0148989490630327
"12070",1.25604591871998
"12071",0
"12072",0.369738816770026
"12073",0.0798452952574179
"12074",0.761320941472851
"12075",0.0649747152815457
"12076",0.668777783634881
"12077",0
"12078",0.605611929900989
"12079",0.539906660061295
"12080",0.533695555708954
"12081",0
"12082",0.768677803549113
"12083",0.167711934353894
"12084",0.391810574334649
"12085",0
"12086",0
"12087",2.11617808024832
"12088",1.60369308417368
"12089",0
"12090",0
"12091",1.13076747577116
"12092",0.314476332650679
"12093",0
"12094",0
"12095",0.353358855125056
"12096",0.178264351567355
"12097",0
"12098",0
"12099",0.812903426041476
"12100",0.0537194391366779
"12101",0
"12102",0.166459058766069
"12103",0
"12104",0.350125772147399
"12105",0.501202454679663
"12106",0.173889599378795
"12107",0.622290711301259
"12108",0
"12109",0
"12110",0.124717509676036
"12111",0
"12112",0.558894244799628
"12113",1.80604386187736
"12114",1.68169496918838
"12115",1.12601265363861
"12116",0.23661992696359
"12117",0.349664753430117
"12118",0
"12119",0.612357536921099
"12120",1.44466053939847
"12121",0
"12122",0.713282228270514
"12123",1.33621544808323
"12124",0.786912230044501
"12125",0.299693137526086
"12126",0.0278239574420721
"12127",0
"12128",0
"12129",0.614302439945004
"12130",2.09150241018691
"12131",1.87797792013625
"12132",1.24131320826845
"12133",4.27055213588438
"12134",0
"12135",0
"12136",0
"12137",0
"12138",0.268613274738427
"12139",0.875056894370213
"12140",1.48220931653024
"12141",0.0933810499971175
"12142",1.16386944813225
"12143",1.49742118901376
"12144",1.01808558508447
"12145",0.128251714984857
"12146",0.337041393106714
"12147",0.334153730724162
"12148",0.295702716122496
"12149",1.25577728418533
"12150",0.124657987177695
"12151",1.94782843947302
"12152",0.244517477832383
"12153",0
"12154",0
"12155",0.506561459252497
"12156",0.421074616527382
"12157",0
"12158",0.65139129932147
"12159",0
"12160",0.599988072964263
"12161",0.0211677981754577
"12162",1.3542210429884
"12163",1.06340054678113
"12164",0.364482919567253
"12165",1.03523947560697
"12166",0.278448789789849
"12167",0.767148044658337
"12168",0
"12169",0.771455581427934
"12170",0.101459044353904
"12171",0.900908170950956
"12172",0.290144780111505
"12173",0
"12174",0.209717840970384
"12175",0.234652775338519
"12176",0
"12177",0
"12178",0.350645349872733
"12179",0.461910200518052
"12180",0.264328637669288
"12181",0.36101617976913
"12182",0
"12183",0.494684364802046
"12184",1.663270375399
"12185",1.77418352283383
"12186",2.04893004029109
"12187",0.450825281381451
"12188",1.2088049438335
"12189",0.684158044160751
"12190",0.58413990941789
"12191",0
"12192",0.890099766988313
"12193",1.6729804072365
"12194",1.16156747461379
"12195",0
"12196",0.892861333462325
"12197",0
"12198",0.689553154489345
"12199",0.124804132406915
"12200",0.201361168097966
"12201",0.245012891148628
"12202",0
"12203",0
"12204",0
"12205",0.110978342609535
"12206",0
"12207",0.292857487153248
"12208",0.351367904448108
"12209",0.448805602493038
"12210",0.751209694506922
"12211",0.244169708561511
"12212",1.1269926907011
"12213",0.474474014059208
"12214",0.842059923336141
"12215",1.97433750387379
"12216",0.716690195822907
"12217",0.365228625872193
"12218",0
"12219",0
"12220",0
"12221",0.0135037318220588
"12222",0.533792257697321
"12223",0.831219254354667
"12224",0
"12225",1.35066991742951
"12226",0.151651025489475
"12227",0
"12228",0
"12229",0.0517019827295717
"12230",0
"12231",0
"12232",0.0691368140689787
"12233",0.0691368140689787
"12234",0.0691368140689787
"12235",0.0691368140689787
"12236",0
"12237",0.0691368140689787
"12238",0.108278685597321
"12239",0
"12240",0.232424093329888
"12241",0
"12242",0
"12243",0
"12244",0.244014182793648
"12245",0
"12246",0.0607796110544534
"12247",0.104353262103459
"12248",0.16185291175745
"12249",0
"12250",1.51280105722284
"12251",0.512631449954636
"12252",1.61493558213611
"12253",0.717483748389196
"12254",0.28417556625643
"12255",0.746797947517795
"12256",0.0149539763137724
"12257",0.45053498258858
"12258",0.994040726669286
"12259",0
"12260",0.457018131736359
"12261",0
"12262",0.384989120347163
"12263",0
"12264",0.148100417090539
"12265",0.348868585808346
"12266",0.463032692553267
"12267",0.352072295170055
"12268",1.66051237652687
"12269",0
"12270",0
"12271",1.40749223761896
"12272",2.17068807502143
"12273",0
"12274",0.7017155217371
"12275",1.21544920853726
"12276",0.801724752068292
"12277",0
"12278",0
"12279",0.53659188126705
"12280",0
"12281",0.503075705585896
"12282",0
"12283",0.0903553590317921
"12284",0
"12285",0
"12286",0.294209775478362
"12287",0
"12288",0.427490904523571
"12289",0.166877304529271
"12290",0
"12291",0.350532102059638
"12292",0.393125141277339
"12293",0
"12294",0.774577043345885
"12295",0.606958310289373
"12296",2.52349871505915
"12297",0.212313033922262
"12298",1.94155911731044
"12299",0.627673283872426
"12300",0.320787657567651
"12301",0.335131799147422
"12302",0.192592312636271
"12303",0.218856514779789
"12304",0.0260340057829742
"12305",1.15995549912047
"12306",0.506076631648499
"12307",0.5262790887224
"12308",0.0387805712247338
"12309",0.347775683749609
"12310",0.156268774504182
"12311",0.141327908676872
"12312",1.03714863797146
"12313",0.994670919042521
"12314",1.73048989651784
"12315",1.30802637836297
"12316",0.900048447820979
"12317",0.133196996969924
"12318",0
"12319",0.433089558056976
"12320",0.161324652864333
"12321",0.724348270775575
"12322",0.326552543488302
"12323",0.884787368223199
"12324",0
"12325",0.316532888595596
"12326",0
"12327",0.604930546643143
"12328",0
"12329",0.331166252502799
"12330",0.82991148568422
"12331",0.840807642075657
"12332",0.346881173601863
"12333",1.85303859702346
"12334",0.56367084086143
"12335",0.370303278920578
"12336",0
"12337",0.257022281077686
"12338",0.36570203216733
"12339",0.908773980027304
"12340",0.764310122203799
"12341",0.696889452699453
"12342",1.43268443509278
"12343",0.710292189753506
"12344",0.361458396947161
"12345",1.14333425057982
"12346",0.681664370887523
"12347",0.891695781737027
"12348",0.417292549394864
"12349",0.838656042745751
"12350",0.662085731951262
"12351",1.37472521720038
"12352",1.02487534895877
"12353",0.675273788119702
"12354",0.0451912861741876
"12355",0
"12356",0
"12357",0
"12358",0.0792330391742806
"12359",0.0364532224907455
"12360",0
"12361",0
"12362",0
"12363",1.1484734220571
"12364",0
"12365",0.548497364708353
"12366",0
"12367",1.54347635855877
"12368",1.23342173926187
"12369",1.76354950249048
"12370",1.82181773130256
"12371",1.15921405664918
"12372",0.911727445846484
"12373",0.767043807204161
"12374",0.43242987454196
"12375",1.11226923601394
"12376",1.70253823272617
"12377",0
"12378",0.126685618499524
"12379",0.673505417573624
"12380",0
"12381",0.141948817645536
"12382",0
"12383",0.461161406934624
"12384",0.671885051118756
"12385",0
"12386",1.10472212651683
"12387",0
"12388",2.02749057427617
"12389",2.53641861169999
"12390",0
"12391",0.388572254396701
"12392",1.08862918661186
"12393",0.710590941462353
"12394",0.258374246210614
"12395",0
"12396",0
"12397",0
"12398",0.324054828524267
"12399",0.222607475158962
"12400",0.872404389464996
"12401",0.0937689749093684
"12402",0.442443247004851
"12403",0
"12404",0.250946738722098
"12405",0.731245198592712
"12406",0
"12407",0.466440087542245
"12408",0
"12409",0.145292755868314
"12410",0
"12411",0.594589537878005
"12412",0.192536077716937
"12413",0
"12414",0.094528945461464
"12415",0.172488892703402
"12416",0.172488892703402
"12417",0.194893521243921
"12418",0.0994204877501242
"12419",0
"12420",0.26153499041261
"12421",0
"12422",0.277734335632397
"12423",0.0212712607433987
"12424",0.277771255774122
"12425",0
"12426",0.346125809600474
"12427",0.17329220450644
"12428",0
"12429",0.268514523382393
"12430",0
"12431",0
"12432",0.472407863210924
"12433",0.330897779525138
"12434",0.232571622918428
"12435",0
"12436",0.0885943761285966
"12437",0
"12438",1.12096195782912
"12439",0.240086181525788
"12440",0.949291895483398
"12441",0
"12442",0
"12443",0.405865646474014
"12444",0
"12445",0.341923026407428
"12446",0.0270876555204375
"12447",0
"12448",0.773891046432747
"12449",0
"12450",0.986874380973375
"12451",0.818234979329528
"12452",0.0654161140405458
"12453",2.10737060282295
"12454",1.19417631339884
"12455",0.107035348713068
"12456",0.108178446741156
"12457",0.938734462926225
"12458",0
"12459",0.0448901825219193
"12460",0
"12461",0.443417196046779
"12462",0.160775126836646
"12463",0.472476877991888
"12464",0
"12465",0.168967043954093
"12466",0.188227829800806
"12467",0.121286433749764
"12468",0.0270370064976166
"12469",0
"12470",0.969615290149206
"12471",0.210301637969137
"12472",0
"12473",0.499939951095696
"12474",0.577280230442437
"12475",0
"12476",0.612556490140587
"12477",0
"12478",0
"12479",0
"12480",0.861147243957795
"12481",0.843542104464896
"12482",0
"12483",0
"12484",0
"12485",0
"12486",0
"12487",0.35201776197941
"12488",0.14655430900418
"12489",0.446104446560051
"12490",0
"12491",0.643679675584443
"12492",0
"12493",0
"12494",1.6083515876925
"12495",0.777728526952714
"12496",2.75964493825223
"12497",1.59457513531677
"12498",0.206916399044243
"12499",0
"12500",0.706433790591564
"12501",1.09380845837248
"12502",0.0774927134004029
"12503",0.206148056953603
"12504",0
"12505",0.91465183834851
"12506",0.263527389895505
"12507",0.828871700230111
"12508",0.0820022538943341
"12509",0.0194468178780687
"12510",0
"12511",0
"12512",0.596400239255577
"12513",0.629140695280226
"12514",0.790974177614705
"12515",0.498290018156594
"12516",0
"12517",0
"12518",0.101014780521356
"12519",0.344044761751875
"12520",0.597716608654106
"12521",0.109912255688342
"12522",0.615879399270071
"12523",0.496068738009494
"12524",0.856622253541778
"12525",0.281468939768658
"12526",0.690484363542337
"12527",0
"12528",1.40960733856016
"12529",0.459030659452417
"12530",0.914573169890403
"12531",0.550925283463807
"12532",0.830564466610601
"12533",0.35229074574138
"12534",0
"12535",0.684862273784828
"12536",0.202056687269124
"12537",0.717270470129286
"12538",0.0511458510758146
"12539",0
"12540",0
"12541",0.538770908300694
"12542",0
"12543",0
"12544",0
"12545",0.840446950755112
"12546",0
"12547",0.682853596314508
"12548",1.51872001521727
"12549",1.59333598296337
"12550",1.99155346057227
"12551",0.644403059175467
"12552",0
"12553",0.206527663755389
"12554",0
"12555",0
"12556",1.44124366615432
"12557",0.823880907746442
"12558",0
"12559",0
"12560",0.00289272032830667
"12561",0.296105050288006
"12562",0.203656975318353
"12563",0.515899092547188
"12564",0.833385230816546
"12565",0
"12566",0.0933538728203347
"12567",0.413088147096335
"12568",2.1887767041162
"12569",1.42254626929214
"12570",1.25898747036009
"12571",0.932270264730754
"12572",0.32822411574194
"12573",0.258146273506047
"12574",1.81648673438662
"12575",0.230490874730086
"12576",1.08028648285524
"12577",0
"12578",0.500754514401867
"12579",0.238844551555417
"12580",0.319089745790147
"12581",0.398167696397217
"12582",0.0243848969074333
"12583",0
"12584",0.0116228043934009
"12585",1.58136403252004
"12586",0
"12587",1.44714960397943
"12588",0
"12589",0.606963727487409
"12590",0
"12591",0
"12592",0.990021606347505
"12593",0
"12594",0.245818600033783
"12595",0.0979563543066159
"12596",0.0609573376104026
"12597",0.0132327684261128
"12598",0.127504548889
"12599",0
"12600",0
"12601",0
"12602",0.277771255774122
"12603",0
"12604",0
"12605",0
"12606",0
"12607",0
"12608",0
"12609",0
"12610",0.0955971371509357
"12611",0.597970252064671
"12612",0.687229941885236
"12613",0
"12614",0.384209926005185
"12615",0.395954877060152
"12616",0
"12617",0.645882853344771
"12618",0.345806737494855
"12619",0.19186893311858
"12620",0.286106526072378
"12621",0
"12622",0
"12623",0.217911512557636
"12624",0
"12625",0.565871280564092
"12626",0.689265720263721
"12627",0
"12628",1.71662151804047
"12629",1.6830253936753
"12630",0.0319836039715247
"12631",0
"12632",0
"12633",1.43411925733037
"12634",0.137087546228881
"12635",0.793075753927671
"12636",0
"12637",0
"12638",0
"12639",0
"12640",0
"12641",0.588322278931329
"12642",0
"12643",0.122116695709178
"12644",0
"12645",1.04872384975548
"12646",0
"12647",0.165641411428346
"12648",0.608126237308922
"12649",0
"12650",0.563557095617232
"12651",0.907781688096023
"12652",0
"12653",1.39335732864035
"12654",0.48634361920374
"12655",0.0414334200057266
"12656",1.54540142935969
"12657",0
"12658",1.43882190787412
"12659",0.688546844495476
"12660",0.416629535582338
"12661",0.661943232580895
"12662",0.27278753636106
"12663",0
"12664",0.71396646454858
"12665",0
"12666",0
"12667",0.458514142064686
"12668",0
"12669",0
"12670",0
"12671",0.8545740497349
"12672",0.25258684678975
"12673",0
"12674",0.0109605006716413
"12675",0.762895455337207
"12676",0.476692368106376
"12677",0
"12678",0.824687193138997
"12679",1.07000126849851
"12680",0
"12681",1.56096264020298
"12682",0
"12683",0.166523573378536
"12684",0.403615346040984
"12685",0.929201132143546
"12686",0
"12687",0
"12688",0
"12689",1.30654649264288
"12690",0.635233524256967
"12691",0.662318845440546
"12692",1.12079266961951
"12693",1.23407822786662
"12694",0.078213206102334
"12695",0
"12696",0.597763430090342
"12697",0
"12698",0
"12699",0.233425122495357
"12700",0.202759503167297
"12701",0
"12702",1.67592083681773
"12703",1.50613646364547
"12704",0.854631036631684
"12705",0.969949495139819
"12706",0
"12707",0.208474226803335
"12708",0.696628851895938
"12709",0
"12710",0
"12711",0
"12712",0
"12713",0
"12714",0.853877383761372
"12715",0.509267951082529
"12716",0.602152271855648
"12717",0.378861181881753
"12718",0.0515800228620238
"12719",0.583454115463209
"12720",0.531551089256092
"12721",0.630889741492554
"12722",0.601939940234175
"12723",0.904869764595699
"12724",0.0726380997664753
"12725",0.963333495067472
"12726",0
"12727",0.0336909255210074
"12728",0.955650533408279
"12729",1.2002230005918
"12730",0.446402993859427
"12731",0
"12732",0.457742266856836
"12733",0.215208317641525
"12734",0
"12735",0.990694698409065
"12736",1.15583370151611
"12737",0
"12738",0
"12739",0.592209165383738
"12740",0
"12741",1.0710948431586
"12742",0.808709469851594
"12743",0
"12744",0
"12745",0
"12746",0.23786973129895
"12747",0
"12748",0.452186426740464
"12749",1.61744759542534
"12750",0
"12751",0.91164999787268
"12752",0.239735055993907
"12753",0.53668765669897
"12754",0.375509517241428
"12755",1.03912295351525
"12756",0.785302366181691
"12757",0.00418080563302736
"12758",0.260743268751631
"12759",0.327084552585842
"12760",0.130005989588006
"12761",0
"12762",0.0300047904564861
"12763",0.716441472504845
"12764",0
"12765",0
"12766",0
"12767",0.702881584079193
"12768",0.417968752757529
"12769",0
"12770",0
"12771",0
"12772",0
"12773",0
"12774",0.226445346508076
"12775",0.228105670190098
"12776",0.0647871523120335
"12777",0.0817312326055551
"12778",0
"12779",0.264718268989399
"12780",0
"12781",0.277771255774122
"12782",0.0212712607433987
"12783",0.242190240863929
"12784",0
"12785",0.193488415349834
"12786",0.21613054687631
"12787",0
"12788",0.582671129829241
"12789",0.043807648390192
"12790",0.0201175631995769
"12791",0.375995810290762
"12792",0
"12793",0
"12794",0.356510187254254
"12795",0.361552648812976
"12796",0
"12797",0.462231642865582
"12798",0.281916908567181
"12799",0.934214906060173
"12800",0
"12801",0.207060848596635
"12802",0.387767619036134
"12803",0
"12804",0.0157977876119357
"12805",0
"12806",0.0904129436061546
"12807",0.14546779805108
"12808",0.852168919242216
"12809",1.57436127000629
"12810",1.5504857752064
"12811",0
"12812",1.84205826486446
"12813",0.923938265390321
"12814",0
"12815",0
"12816",0
"12817",0.685573174904251
"12818",0
"12819",0.315457298877186
"12820",0
"12821",0
"12822",0.0972734274137754
"12823",0.396416909828424
"12824",0.915986164825357
"12825",0
"12826",0
"12827",0
"12828",0.0479431673715069
"12829",0
"12830",0.767292871510162
"12831",1.08404537205562
"12832",0
"12833",0.41198649637721
"12834",0.806313003261129
"12835",0.834957261635823
"12836",0.00415340294835287
"12837",1.35453848245762
"12838",0.499361185969606
"12839",0.0134559818958018
"12840",0.071147738183823
"12841",0.296890491960947
"12842",0.16773178688004
"12843",0.169463447841149
"12844",0
"12845",0
"12846",0.221710214453558
"12847",0
"12848",0.168628551126544
"12849",0
"12850",0.545332831264806
"12851",0.062217243002507
"12852",0.568843921037515
"12853",0.356539513151984
"12854",0.0164884330962694
"12855",0.551798337395237
"12856",0.270540483869112
"12857",0
"12858",0
"12859",0.0483596301298337
"12860",0.171495026062181
"12861",0.252576912152232
"12862",1.36954958527316
"12863",0
"12864",0.998351586046765
"12865",0.164427282028852
"12866",0.446235887493695
"12867",0.551668014254528
"12868",1.22534573230836
"12869",1.10033570780402
"12870",0.492026214654298
"12871",0
"12872",0.887024082091956
"12873",0.270779338970603
"12874",0
"12875",0.293195403615375
"12876",0
"12877",0
"12878",0.00483389001933654
"12879",0.197931197136653
"12880",0
"12881",0.926524297355587
"12882",0.666504921565628
"12883",1.38008659347075
"12884",0.557587719768855
"12885",1.02207891276702
"12886",0.106462365548792
"12887",1.43748717189239
"12888",1.88844678724323
"12889",1.6627060522912
"12890",0
"12891",0
"12892",0.0828976916057304
"12893",0.819947833244969
"12894",1.13398845937586
"12895",0.91925088497158
"12896",0.532560132992141
"12897",0.0748169878839585
"12898",0.404414395540092
"12899",0.561185106648956
"12900",0
"12901",0.0673218452967552
"12902",0.381018347259553
"12903",0
"12904",0
"12905",0
"12906",1.11702235340143
"12907",0
"12908",0.166632210838259
"12909",0.797638773708729
"12910",0
"12911",0.862038865060701
"12912",1.33873753848157
"12913",0
"12914",1.06686049948739
"12915",0.674888272586815
"12916",0
"12917",0.951246400685322
"12918",0.290943174787404
"12919",0.340041974057339
"12920",0.883573576874011
"12921",0.355121049322973
"12922",1.27122097791326
"12923",0.979818340744449
"12924",0
"12925",1.09150770051224
"12926",0.336767345585236
"12927",0
"12928",1.7432640317771
"12929",0.907221991309536
"12930",0
"12931",0.320526705933815
"12932",0.349913281532647
"12933",0.633819516791383
"12934",0.822034196173097
"12935",1.20098072221887
"12936",0.286149271191238
"12937",0.922993505111285
"12938",0.220585976603764
"12939",0.471929669509177
"12940",0.177502671129908
"12941",0.134196762708071
"12942",0.181951654128653
"12943",0
"12944",1.40960957515786
"12945",0
"12946",1.48672292510883
"12947",0
"12948",0
"12949",0.822108271046544
"12950",0
"12951",1.16029446692811
"12952",0
"12953",0.491639203876122
"12954",0.202828251476946
"12955",0.159545923389255
"12956",0.0183035074287493
"12957",0
"12958",0.108572191737127
"12959",0
"12960",0.149521258258761
"12961",0.0212712607433987
"12962",0.0212712607433987
"12963",0
"12964",0.197783504310701
"12965",0
"12966",0.264500188324455
"12967",0.598587661464223
"12968",0
"12969",0.0531023765368223
"12970",0.115792519487393
"12971",0.289943222786128
"12972",0.0104715941944369
"12973",0.241720974713191
"12974",0.447901864566015
"12975",0.616399868345223
"12976",0
"12977",0.166136931075111
"12978",0.27814754548602
"12979",0
"12980",0
"12981",0
"12982",0.407228780747297
"12983",1.09781854730753
"12984",0.158925757038289
"12985",1.21415582381678
"12986",0.116771393135949
"12987",0
"12988",0.657620736650862
"12989",1.83153287258898
"12990",1.93255960721664
"12991",2.15784726154358
"12992",2.42773755124766
"12993",0
"12994",0.465216754710699
"12995",0
"12996",0.544081623698994
"12997",0
"12998",0
"12999",0
"13000",0.0325557648889161
"13001",0.489659190342737
"13002",0.196457478419092
"13003",0.725753474902523
"13004",0
"13005",0.598346395842538
"13006",0
"13007",1.63980219821222
"13008",0.758145388270887
"13009",0
"13010",1.03707275330867
"13011",2.59128618709742
"13012",0.282363520226462
"13013",1.67795265082972
"13014",1.0413947634724
"13015",0
"13016",1.76900299655451
"13017",0.550552993463872
"13018",0
"13019",0.87674937629415
"13020",0.0594728814601015
"13021",0.785645867344185
"13022",1.19579067434601
"13023",0.765178935948901
"13024",1.21994178334947
"13025",0
"13026",0
"13027",0.222826267123502
"13028",0.467946221259606
"13029",0.966086622517034
"13030",0
"13031",0.465749123296626
"13032",0
"13033",0.446796967070783
"13034",0.101791036008475
"13035",0.71322602149666
"13036",0
"13037",0.733068172062473
"13038",0.655667585249734
"13039",1.24177159240269
"13040",2.11471611680711
"13041",3.09141960710952
"13042",2.04538517213273
"13043",0.74134942875975
"13044",0.244817443517999
"13045",1.42493748902513
"13046",0.448234909693378
"13047",1.12862811599758
"13048",0.706048042970238
"13049",0.583832448911816
"13050",1.15813141301665
"13051",1.71673956063845
"13052",0
"13053",1.69923163301513
"13054",0.441906535002917
"13055",0
"13056",0.152544186970535
"13057",0.143497442718371
"13058",0
"13059",0
"13060",1.56122229768662
"13061",1.18776161801603
"13062",1.73930936980653
"13063",1.06324310743681
"13064",0.66490008006767
"13065",0.738587165714129
"13066",1.09384353125987
"13067",0.00060457530014657
"13068",1.64981334946316
"13069",1.55118545216799
"13070",0.0886575639766225
"13071",0
"13072",0.533970782175902
"13073",0.464911318706749
"13074",2.04985015236337
"13075",0.168332835932431
"13076",0.966119279873056
"13077",0
"13078",0
"13079",0.437069605207104
"13080",0.484623360437964
"13081",0
"13082",0.648077778683871
"13083",0.302066462671898
"13084",0.28139531999434
"13085",0
"13086",0
"13087",0.467390823108495
"13088",0
"13089",0.108453053212271
"13090",0
"13091",0.463559319923543
"13092",1.30988300860945
"13093",0.248274244526642
"13094",1.02169542661052
"13095",0.256683020717272
"13096",0.735752046920508
"13097",0
"13098",0.22669846331473
"13099",0.526129554153912
"13100",0.269117504092155
"13101",1.26400362601578
"13102",0.465799015122481
"13103",0.148620077032697
"13104",0.376149385108205
"13105",0.155822256522617
"13106",0.619388006003672
"13107",0
"13108",0.328094768492567
"13109",0
"13110",0
"13111",0.94750326805879
"13112",2.31389371836612
"13113",1.02269165166448
"13114",0.450519082077017
"13115",0.342675881163286
"13116",0
"13117",0
"13118",0.865201519818993
"13119",0.11508245522354
"13120",0.203943321603566
"13121",0.459703539102093
"13122",0
"13123",0.366415815521286
"13124",0.347519245220133
"13125",0.755330684291739
"13126",0
"13127",0
"13128",0
"13129",0
"13130",0.422904755958298
"13131",0
"13132",0
"13133",0
"13134",0.276315217988825
"13135",0.0162021815786132
"13136",0
"13137",0.359021663473477
"13138",0
"13139",0.018412953753044
"13140",0.0212712607433987
"13141",0.0212712607433987
"13142",0.0222266447054043
"13143",0
"13144",0.0327451107340613
"13145",0
"13146",0.216012637164133
"13147",0.0958473071100019
"13148",0
"13149",0
"13150",0
"13151",0.226958652910251
"13152",0.515143351374869
"13153",0.248470611197289
"13154",1.05475626724129
"13155",0.132807551921102
"13156",0.65511748604396
"13157",0
"13158",0.60861094823673
"13159",0
"13160",0.883422781445515
"13161",0.847867660553687
"13162",0.306070173024203
"13163",0.156790956709379
"13164",0.523083866272845
"13165",0.748888287096009
"13166",0.811893227360517
"13167",0.299056565110715
"13168",0
"13169",1.12092388813338
"13170",0.774033421822941
"13171",1.80426271784997
"13172",1.52209738482133
"13173",0
"13174",0.283523866230426
"13175",0.879178986159729
"13176",0.102325596095299
"13177",0.885079884576143
"13178",0
"13179",0.509730191116665
"13180",0.213197804039244
"13181",0
"13182",1.32977775366102
"13183",0.441676478348356
"13184",1.56814581971435
"13185",0
"13186",1.68081832075924
"13187",0
"13188",1.31750681401511
"13189",1.03168187704323
"13190",2.12076054632905
"13191",1.03500192767716
"13192",1.84764480966856
"13193",1.11058757500487
"13194",0
"13195",0.489060504670251
"13196",1.17721812626006
"13197",1.44589915387534
"13198",1.63937474812237
"13199",0
"13200",0.337930651773074
"13201",0.633965711894088
"13202",0.599219439328579
"13203",1.04974556673653
"13204",0.519343362045669
"13205",0.384974541385661
"13206",0.510833919752276
"13207",0.0154213509664107
"13208",0.904641171969602
"13209",0.325980789504175
"13210",0.0167904913823327
"13211",0
"13212",0.0849476378691121
"13213",0
"13214",0.0411090875490818
"13215",0
"13216",0
"13217",0.520954754405153
"13218",0
"13219",1.53313638970127
"13220",1.62986295206578
"13221",2.4222014715656
"13222",1.41116457720824
"13223",1.25452511298374
"13224",0.82169680376787
"13225",0.152577571434954
"13226",0.0250152536415893
"13227",0.612158680411122
"13228",0.956931776113047
"13229",1.11809301312479
"13230",2.00567249756513
"13231",0.186098356357534
"13232",0
"13233",0.0215250256580521
"13234",1.05348464813464
"13235",0.283837839239524
"13236",0
"13237",0
"13238",0
"13239",0.694489063416185
"13240",0.775681242982433
"13241",2.72441885329715
"13242",1.22985329643222
"13243",0.278551642223096
"13244",0.386322006135806
"13245",0.526579884201521
"13246",0.796987615747816
"13247",0.64797043962666
"13248",0
"13249",0.0305548025073192
"13250",0.125070805760703
"13251",0.469403316219783
"13252",0
"13253",0.708662659284229
"13254",0
"13255",0.99412947061228
"13256",0
"13257",0
"13258",0.232378102680813
"13259",0.52854198222429
"13260",0
"13261",0.137506638621546
"13262",0
"13263",0
"13264",0.73120922996435
"13265",0.169204822197019
"13266",0
"13267",0.819835245966887
"13268",0
"13269",1.31157074834388
"13270",0
"13271",1.69617561890059
"13272",0.200016479396087
"13273",0.109016501574887
"13274",0.717713618669816
"13275",1.84919886381299
"13276",0.190208945188947
"13277",0.586078418437794
"13278",0.426356947909889
"13279",0
"13280",0
"13281",0
"13282",0.140924636093537
"13283",0.152749396962296
"13284",0.0223250043862215
"13285",0.219079446376016
"13286",0.476603366284126
"13287",0.503286071127801
"13288",0.606799505044982
"13289",0.431921856212552
"13290",1.10286016064773
"13291",3.13482243491501
"13292",0.663064500747306
"13293",0.735664926561579
"13294",0.211220451871308
"13295",0.748340394032406
"13296",0
"13297",0.755073183994818
"13298",0
"13299",0.570703347076855
"13300",0
"13301",0
"13302",0
"13303",0
"13304",0.163647838910862
"13305",0.026106868504824
"13306",0
"13307",0
"13308",0
"13309",0
"13310",0
"13311",0.167513212168454
"13312",0
"13313",0.146258699783719
"13314",0.0161994211015616
"13315",0.0565356325545077
"13316",0
"13317",0.0157443252576222
"13318",0.0212712607433987
"13319",0.0212712607433987
"13320",0.023064110612704
"13321",0.0454224031855437
"13322",0
"13323",0.0162452883114629
"13324",0
"13325",0.234952792827755
"13326",0.546337025612728
"13327",0
"13328",0.269367080614907
"13329",0.514555565492122
"13330",0.103375770579839
"13331",0.0994988980190356
"13332",0.236439817482453
"13333",0.27213428013355
"13334",0.515362606016679
"13335",0.111080152772857
"13336",0.325054117834707
"13337",0
"13338",0.666744989402937
"13339",0.298719511106651
"13340",0.577824488330607
"13341",0.809031697227268
"13342",0.133344803493074
"13343",0.552355109589536
"13344",1.20936413510926
"13345",0
"13346",0.997926718051345
"13347",0.545041512117154
"13348",0
"13349",0
"13350",0
"13351",1.30784177876838
"13352",0
"13353",0.866264697203752
"13354",0.0294340615873869
"13355",0.185104328489268
"13356",0.923736390889099
"13357",0.431130046634831
"13358",1.25886262285471
"13359",0.668837108595097
"13360",1.11669296226129
"13361",0
"13362",0.645195222994746
"13363",0
"13364",0
"13365",0
"13366",2.43298517812584
"13367",0.348200930477703
"13368",1.05290634239744
"13369",0.264811103541598
"13370",0.763997925186594
"13371",0.38113196756743
"13372",0.340860970209419
"13373",0.527972247399114
"13374",0.180626054313503
"13375",0.977820825142338
"13376",2.81425003700956
"13377",0.282254804571935
"13378",1.35598760892317
"13379",0.544936723069484
"13380",0
"13381",0.978452168164628
"13382",1.61617664450858
"13383",0.853076580165006
"13384",0
"13385",0.0368027439009982
"13386",1.02175775063762
"13387",1.04484836576826
"13388",1.1655724661516
"13389",0
"13390",1.54967146644629
"13391",0.330050348557604
"13392",0.980433723795099
"13393",0.755690332186448
"13394",1.00671378608924
"13395",0.229421142659353
"13396",0.671445998991683
"13397",0.483303100128196
"13398",0.255172842937438
"13399",1.62812473795055
"13400",1.596402970888
"13401",1.88008039168563
"13402",0.895368236456341
"13403",0.758174924409463
"13404",1.06070408553424
"13405",0.139025710638296
"13406",1.51300968139751
"13407",0.444179151624299
"13408",0.139364009958237
"13409",0.295143155909144
"13410",1.2354041125885
"13411",1.09973365260072
"13412",1.36230411337813
"13413",0
"13414",0
"13415",0.471736251288355
"13416",0.0603329077502267
"13417",0
"13418",0.532648446423668
"13419",0.884716186233613
"13420",1.50089457036253
"13421",1.98578287563325
"13422",1.2902680501482
"13423",1.47507110552256
"13424",1.6888056474323
"13425",1.3470765473902
"13426",0.534585511917626
"13427",2.00928538299453
"13428",0
"13429",0.516178879365262
"13430",0.441513092325285
"13431",0.71960791694237
"13432",0
"13433",0.706140801204399
"13434",0
"13435",0
"13436",0
"13437",0.394024883123449
"13438",0
"13439",0.923069680153802
"13440",0
"13441",0.556000225535999
"13442",0
"13443",0.583655437725733
"13444",0.191943096267316
"13445",0.210170345435112
"13446",0
"13447",1.09325442567364
"13448",0.438101695766109
"13449",0.71171881007302
"13450",0.0677065339020804
"13451",0
"13452",0
"13453",0
"13454",0
"13455",1.26470849317723
"13456",0
"13457",0.0590303988313073
"13458",0.219462154805482
"13459",0.17520109086205
"13460",0.275682702517822
"13461",0.24261367927943
"13462",0.020164830396097
"13463",0.141188459531131
"13464",0.255216388791408
"13465",0.641901043087825
"13466",0.56441314720843
"13467",1.22495987308017
"13468",1.08305255706276
"13469",2.6160353222378
"13470",0.655189116688801
"13471",0.394027322060074
"13472",0
"13473",0.255000352531166
"13474",0.204742342366821
"13475",0.608007063786125
"13476",0.0558156925190739
"13477",0.388501581656544
"13478",0
"13479",0.969160839722214
"13480",0.150125441368698
"13481",0
"13482",0.191845209191229
"13483",0.124900065178565
"13484",0.0819704115914899
"13485",0
"13486",0
"13487",0
"13488",0
"13489",0
"13490",0
"13491",0.334228460309439
"13492",0.146258699783719
"13493",0.0178067393110027
"13494",0.0843361640870495
"13495",0
"13496",0.0212712607433987
"13497",0.0212712607433987
"13498",0.0221622276273319
"13499",0.0322445618493306
"13500",0
"13501",0
"13502",0
"13503",0.0556985316403574
"13504",0.0403528258966226
"13505",0.398428903295947
"13506",0.183930552687884
"13507",0.543680953824906
"13508",0.0730942012732444
"13509",0.0955741184124945
"13510",0.00629537407577385
"13511",0.441655577966633
"13512",0.261832558029218
"13513",0.244982431674601
"13514",0.404480894025198
"13515",0
"13516",0.932895752149153
"13517",0.425219236687709
"13518",1.61453127436033
"13519",0
"13520",0.84646045421098
"13521",0.868116646882265
"13522",0.716277093330274
"13523",0.287640438682515
"13524",0
"13525",0
"13526",0.453125727988579
"13527",0.972480424359355
"13528",0
"13529",0.290283914132264
"13530",0.0666392579350383
"13531",0.56891682907672
"13532",0.573063212257208
"13533",0
"13534",0.452775857717291
"13535",0
"13536",0.42228301811877
"13537",0.653809745965289
"13538",1.63556269258049
"13539",0
"13540",0.0403963166818118
"13541",0
"13542",1.503216911945
"13543",0
"13544",1.15316162887923
"13545",0
"13546",0.200938895685365
"13547",0.675844400966995
"13548",1.38823940823225
"13549",0.188204276913835
"13550",1.10370544438773
"13551",0.582475910137281
"13552",0.537031950712606
"13553",0
"13554",0
"13555",0.438950905465052
"13556",0
"13557",0
"13558",0
"13559",0
"13560",0
"13561",0.384328455667257
"13562",0
"13563",0
"13564",0.071436699556738
"13565",0
"13566",1.16399115960177
"13567",0
"13568",0
"13569",0.618902532900203
"13570",0.709656170889452
"13571",0.839610049213872
"13572",1.57871121776511
"13573",0.831124617461453
"13574",2.46064518650504
"13575",1.24260886619785
"13576",0.223292448329224
"13577",0.289613870571941
"13578",0.205061812903084
"13579",1.1033604484908
"13580",1.08960395584088
"13581",1.67011305281666
"13582",0.42293918342172
"13583",0
"13584",0.1571881362177
"13585",0.402458505828522
"13586",0.468603415072827
"13587",0
"13588",0.436118545977641
"13589",0.6830649195505
"13590",0.814838373125223
"13591",2.07388272121427
"13592",0
"13593",0
"13594",0
"13595",0.479909959709875
"13596",1.13793125751763
"13597",1.75690202669625
"13598",2.32421968262523
"13599",2.13338917898046
"13600",0.153501118172399
"13601",0.774525833029869
"13602",2.25653684697145
"13603",1.61683264940078
"13604",2.17113293648928
"13605",1.32660150789646
"13606",0.420213179474216
"13607",0.475982432460142
"13608",0.126003988762272
"13609",0.196305569933663
"13610",0.066347626349388
"13611",0.76253459665715
"13612",0.421082610660517
"13613",0.643446036176617
"13614",0
"13615",0.150749114125133
"13616",0.73805458709731
"13617",0
"13618",0
"13619",0.0960234867244415
"13620",0.11938078202208
"13621",0
"13622",0
"13623",0.86314923197335
"13624",0.311854896502061
"13625",0
"13626",0.200461463140963
"13627",0.714150281087008
"13628",0
"13629",0.13369553823213
"13630",0
"13631",0.377441285562801
"13632",0.242522763652755
"13633",0.481462584028817
"13634",0.0305663306115378
"13635",0
"13636",0.451557263613486
"13637",0.105256226371902
"13638",0.7588491842736
"13639",0.122180733916042
"13640",0.0112103942033721
"13641",0
"13642",0
"13643",0.503229329796599
"13644",0.0417847728593838
"13645",0
"13646",0
"13647",1.24873145357031
"13648",0.876208717748073
"13649",1.31627032232624
"13650",0
"13651",0
"13652",0
"13653",0.403521386436248
"13654",0
"13655",0
"13656",0
"13657",0
"13658",0
"13659",0.748041308647419
"13660",0.157097090359217
"13661",0.267066170006607
"13662",0.355812395811365
"13663",0
"13664",0
"13665",0
"13666",0
"13667",0
"13668",0
"13669",0.106670097566237
"13670",0.277920136532739
"13671",0.0781499213524646
"13672",0
"13673",0.251969441908931
"13674",0
"13675",0.0084673050357878
"13676",0.0124691957493858
"13677",0.0360106933485833
"13678",0
"13679",0
"13680",0
"13681",0
"13682",0
"13683",0
"13684",0.212774475812577
"13685",0
"13686",0
"13687",0.195384016389892
"13688",0.0276818302326076
"13689",0.299121024579551
"13690",0.896312529637214
"13691",0.951941695494603
"13692",0
"13693",0
"13694",0.138453196290211
"13695",1.43896679351261
"13696",0.437221852030757
"13697",0.765911081832285
"13698",0.690469214270102
"13699",0
"13700",0.854199865243167
"13701",1.43768812168235
"13702",0
"13703",0.38771748341094
"13704",0.236204427392408
"13705",0.421636448051242
"13706",0.487134147821029
"13707",0.438002760374125
"13708",0.441139829279963
"13709",0
"13710",0.345938162274861
"13711",0
"13712",0.0443015283030834
"13713",0.67543344266939
"13714",0
"13715",1.07370797470923
"13716",0.240375959290431
"13717",1.75156287111021
"13718",0
"13719",1.17365306845517
"13720",0
"13721",0.812023466158608
"13722",0.0363996013031682
"13723",0.363208027067963
"13724",0
"13725",0.663719059198402
"13726",3.13760688359171
"13727",0
"13728",0.351375480002986
"13729",0.830985311673635
"13730",0.214646364947783
"13731",0.0847585735967911
"13732",0.306806489543465
"13733",0.717246255375461
"13734",0
"13735",0.484223402786737
"13736",0.404291151733151
"13737",0
"13738",0
"13739",0.400552111537515
"13740",0
"13741",0
"13742",0
"13743",0.0338882440470747
"13744",0
"13745",0.794999093447367
"13746",0.190629397213404
"13747",1.22974341702559
"13748",0.176612707516932
"13749",1.23439054216227
"13750",0.50028847073695
"13751",0.238088139978817
"13752",0.43896056760887
"13753",0.972651863296129
"13754",0.372226826332414
"13755",0
"13756",0.561032917127478
"13757",0.0696172347682438
"13758",1.22153405207548
"13759",0
"13760",1.18651452920301
"13761",0
"13762",0.24054731793347
"13763",1.31949227881443
"13764",0.251218717679484
"13765",0.345715970289304
"13766",0.93314202163973
"13767",0
"13768",0.958469182079563
"13769",0.259885248688241
"13770",1.59946159386057
"13771",0
"13772",0.55193767561704
"13773",0.186582580084333
"13774",0.0353301282188582
"13775",0.784208456175508
"13776",1.50998973493223
"13777",1.38064844889101
"13778",0.605057106155781
"13779",0.657671171770487
"13780",2.2069785907586
"13781",0.883792936544344
"13782",2.22253446583554
"13783",0.420038105846676
"13784",0.603244221716838
"13785",0.0863538457815659
"13786",0
"13787",0.144688771314432
"13788",0.319533532499674
"13789",0.532216616938443
"13790",1.30730689944036
"13791",0.657250757474727
"13792",0.640338902095494
"13793",1.54219096865407
"13794",0.743808800283715
"13795",0.789584036505309
"13796",0
"13797",0.844600333125506
"13798",0.0378636133429644
"13799",0
"13800",0
"13801",0.617798253472399
"13802",0.592866272378199
"13803",0.338385168023293
"13804",0.738025994375532
"13805",0.902201500701081
"13806",0.0394272685239929
"13807",0.0948571799692414
"13808",0.120729063885441
"13809",0
"13810",0.249191288047439
"13811",0.242691288173366
"13812",0.249191288047439
"13813",0
"13814",0
"13815",0.192984612219522
"13816",0
"13817",0.135219747127602
"13818",0.158008112880699
"13819",0.13957186456079
"13820",0.400491415585365
"13821",0
"13822",0.742568620907227
"13823",0.143693953453377
"13824",0.820455842801183
"13825",1.22001037929766
"13826",0.470017491098776
"13827",0.0358924382892866
"13828",0.452580535147267
"13829",0
"13830",0
"13831",0.231422714042774
"13832",0.639152829390919
"13833",0.339129574778444
"13834",0.164839067560941
"13835",0
"13836",0.698253864922773
"13837",0.582866268303458
"13838",0.558884270766593
"13839",0
"13840",0
"13841",0.0762163644016364
"13842",0.0415488580350076
"13843",0
"13844",0
"13845",0
"13846",0
"13847",0.218208573355184
"13848",0
"13849",0.58918760631088
"13850",0
"13851",0.761338817375632
"13852",0.478593213462529
"13853",0.0129661718198047
"13854",0
"13855",0.00184663094874532
"13856",0
"13857",0
"13858",0
"13859",0
"13860",0
"13861",0
"13862",0
"13863",0.00696404491060643
"13864",0
"13865",0
"13866",0.568742597677658
"13867",0.598548727244389
"13868",1.19700474969647
"13869",1.01860457572589
"13870",0
"13871",0.580486792882601
"13872",0.22417579366048
"13873",0.443300326945044
"13874",0.134232511116556
"13875",0
"13876",0
"13877",0
"13878",0.696222253071475
"13879",0.487742043906289
"13880",0.470262035936003
"13881",0
"13882",0.280505254896407
"13883",0.873298534791827
"13884",0.360291337767712
"13885",0
"13886",0
"13887",0.842580213975675
"13888",0.0669223576184999
"13889",0.520914345455324
"13890",0
"13891",0
"13892",0
"13893",0.697371243273065
"13894",0.624751872504163
"13895",1.12452904577452
"13896",0.282734899746869
"13897",0
"13898",0.398070898759439
"13899",0.493822622986282
"13900",0
"13901",0
"13902",0.72199141791982
"13903",0.524773166938719
"13904",0
"13905",2.48843104061505
"13906",0
"13907",0.0682086378454274
"13908",0
"13909",0
"13910",0.145849813423277
"13911",0.303066424670598
"13912",0.5166081687033
"13913",0
"13914",0.505170659718739
"13915",0
"13916",0.150124063087756
"13917",1.58545345867581
"13918",0
"13919",1.18264565842418
"13920",0
"13921",1.04567818993456
"13922",0
"13923",0.993469325222411
"13924",0
"13925",0
"13926",0.109647930210684
"13927",0.944605669000469
"13928",0.0541738339318882
"13929",0.646144179421821
"13930",0.0282591195053029
"13931",0.279589142142713
"13932",0.025367597627747
"13933",0
"13934",1.34836423080455
"13935",1.10615898717243
"13936",1.2212455269803
"13937",0.961172324731598
"13938",1.57626544076782
"13939",1.33606312968215
"13940",0.221924516423851
"13941",0.668111665558889
"13942",0
"13943",0.128702069556911
"13944",0.0856160367988033
"13945",0.0253279477265804
"13946",0.708730884648815
"13947",0
"13948",0.843968879435199
"13949",0.622227584221796
"13950",0
"13951",0.848127350387792
"13952",0.422474942731578
"13953",1.13665552617872
"13954",0.255352592851508
"13955",0.300927027463346
"13956",0.194562430888788
"13957",0.15037923824
"13958",0.933317710269216
"13959",0.230764212110454
"13960",1.02544025826715
"13961",0.272901342519835
"13962",0.320754930059409
"13963",0.0089626064923789
"13964",0.392346338580458
"13965",0.000716714671252783
"13966",0
"13967",0.0568014651031348
"13968",0
"13969",0.0815563724533099
"13970",0
"13971",0
"13972",0
"13973",0.297285549907292
"13974",0.407813289592523
"13975",0
"13976",0
"13977",0.0221744144209379
"13978",0.174280697594217
"13979",0
"13980",0
"13981",0
"13982",0.380769163468791
"13983",0.256130068960574
"13984",0.218535151626449
"13985",0
"13986",0
"13987",0
"13988",0.249191288047439
"13989",0
"13990",0
"13991",0
"13992",0.103390463561014
"13993",0.215214886537117
"13994",0.140828730882331
"13995",0.0598736997428898
"13996",0.289444582617146
"13997",0.149247066658936
"13998",0
"13999",0
"14000",0.523833895130929
"14001",0.344041812930472
"14002",0.741439220703784
"14003",0
"14004",0.333749122588675
"14005",0.00485841203232862
"14006",0.323708764921457
"14007",0
"14008",0.357615830975987
"14009",0.227081007520217
"14010",0.25866381031442
"14011",0.729458571506441
"14012",0.452711245972056
"14013",0.674983941602418
"14014",0.463583251949292
"14015",0.312076330386333
"14016",0.120133415607405
"14017",0.32040798261533
"14018",0
"14019",0.0047677915299682
"14020",0.0184310003641043
"14021",0
"14022",0
"14023",0.0904777868009591
"14024",0.0614416474969936
"14025",0.234452337641751
"14026",0
"14027",0
"14028",0.294355922544228
"14029",0.64466999157959
"14030",1.06568549224583
"14031",0.0498508622893006
"14032",0.085019006611032
"14033",0
"14034",0
"14035",0
"14036",0
"14037",0.0998676056144367
"14038",0
"14039",0
"14040",0
"14041",0.803644870887612
"14042",0.56831638694205
"14043",0.041972069190781
"14044",1.18996622714244
"14045",0.528803803787027
"14046",0
"14047",0
"14048",0.0307866524810032
"14049",0.213088338211142
"14050",0
"14051",0.165356103575806
"14052",0.601176702704616
"14053",0
"14054",0.792077159188377
"14055",0.0940290835322007
"14056",0
"14057",0.561145121734358
"14058",0.205780404535338
"14059",1.05750541332729
"14060",0.19894735448785
"14061",1.33891401208756
"14062",0.48310412851474
"14063",0.2398087921204
"14064",0.18282457302119
"14065",0
"14066",0
"14067",0.4344616258217
"14068",0.0261595891146255
"14069",0.498814481324392
"14070",0.806493300068638
"14071",0.414240973346653
"14072",0.566746245463865
"14073",0.520893119472965
"14074",0.329496880576415
"14075",0.399259562799068
"14076",0
"14077",0.788831462642898
"14078",0.447274720016344
"14079",1.15589350854703
"14080",0
"14081",1.75111247403877
"14082",0.192205752083813
"14083",1.0296256928012
"14084",0
"14085",0
"14086",1.20043286759499
"14087",0
"14088",0.0102262046954976
"14089",0
"14090",0
"14091",0
"14092",0
"14093",0
"14094",0
"14095",1.26830779851229
"14096",0
"14097",0.593540642106805
"14098",0
"14099",0.545558737050441
"14100",0.134252663548429
"14101",0.489118071544549
"14102",0.177379726092626
"14103",0
"14104",0.859624618697346
"14105",0.353462701146456
"14106",0.389055221030949
"14107",0
"14108",0.35872400402433
"14109",0.286382890868133
"14110",0.442859023170773
"14111",1.5652269599282
"14112",1.91455570632663
"14113",0.542030863957713
"14114",0.876138145313923
"14115",1.5067407441737
"14116",0.844717251307622
"14117",0
"14118",0.0992905773882671
"14119",0.527520817235742
"14120",0.354247580775306
"14121",0
"14122",1.30621159784026
"14123",0.596287453387368
"14124",0.770390789078912
"14125",0.691458801883653
"14126",0.197051435782162
"14127",0.801988225722836
"14128",0.208978545042606
"14129",0.0526494161276357
"14130",1.06997404149277
"14131",0.508069534737297
"14132",0.823273810931936
"14133",0
"14134",1.47756258541473
"14135",0
"14136",1.15918969743164
"14137",0
"14138",0
"14139",0
"14140",0.174119656585395
"14141",0
"14142",0
"14143",0
"14144",0.704732657467933
"14145",1.14750506248339
"14146",0.367715993128606
"14147",1.44511136365615
"14148",0
"14149",0.906696051046392
"14150",0.349348813838883
"14151",0.655885790343046
"14152",0.316171311382828
"14153",0.213362724343734
"14154",0
"14155",0.597848510334715
"14156",0
"14157",0.606710932407576
"14158",0.182937971985346
"14159",1.40554421769274
"14160",0.553245076155804
"14161",0
"14162",0.119611500126375
"14163",0
"14164",0.249191288047439
"14165",0.242691288173366
"14166",0.249191288047439
"14167",0
"14168",0
"14169",0
"14170",0.057877048354901
"14171",0.144736355642211
"14172",0.58677590249261
"14173",0
"14174",0.816946607190661
"14175",0.121909231309709
"14176",0.454747077271607
"14177",0.0796253234313885
"14178",0.75939650770849
"14179",0
"14180",0.434391543865592
"14181",0
"14182",0
"14183",0
"14184",0
"14185",0.0992417246246056
"14186",0
"14187",0.466161530215665
"14188",0.970368336109568
"14189",0
"14190",1.00503012344619
"14191",1.19664174835571
"14192",0.241433018902473
"14193",0.242298107797523
"14194",0.232564769668267
"14195",0
"14196",0
"14197",0.010230505825934
"14198",0
"14199",0
"14200",0.0904777868009591
"14201",0.208218943195168
"14202",0.447001521817531
"14203",0.306474897311942
"14204",0
"14205",0.827073205206547
"14206",1.62229228613944
"14207",0.369239557512446
"14208",0.539821302522363
"14209",0.0395510224727371
"14210",0
"14211",0
"14212",0.0998676056144367
"14213",0.35362503643046
"14214",0
"14215",0.236991235229879
"14216",0
"14217",0.448516043028535
"14218",0.458002780105828
"14219",0.648204653978761
"14220",0.723730697944394
"14221",0.00250506931992822
"14222",1.10734300716352
"14223",0
"14224",0
"14225",0.123335139778841
"14226",0.00733527760010322
"14227",0
"14228",0.319106224295964
"14229",0
"14230",1.66470193716099
"14231",0
"14232",1.02639341079891
"14233",0.683454060194313
"14234",0.146196778236011
"14235",0.829267227846034
"14236",0.302752194175879
"14237",0.46396830524346
"14238",0.449860856432632
"14239",0.614413836411893
"14240",0.0890968513591485
"14241",0.390053505926341
"14242",0
"14243",0.765538102476805
"14244",0
"14245",0.157430572871117
"14246",1.19525264142556
"14247",0.738241293277708
"14248",0.371275905227
"14249",0.00321568567146846
"14250",1.49450556139999
"14251",0.219330398465283
"14252",0.00132368143867345
"14253",0.901809390414658
"14254",0
"14255",0.609149351523683
"14256",0.323274385534653
"14257",1.15314958325365
"14258",0.457515552568287
"14259",2.09746147415053
"14260",0.332296927882384
"14261",0.505855669641398
"14262",0.0101701387526421
"14263",0
"14264",0.542503708733158
"14265",0.0224921589884447
"14266",0
"14267",0
"14268",1.51258353146258
"14269",0.385817241731597
"14270",0.285810405107683
"14271",1.91687977900364
"14272",0.372362096726236
"14273",0.294504808309316
"14274",0.116690592610156
"14275",0
"14276",0.669609366009383
"14277",0.0632091234472181
"14278",0.219304689083967
"14279",0
"14280",0.426301906340551
"14281",0
"14282",0
"14283",0.407376218664675
"14284",0.617721645878066
"14285",0.400616342460481
"14286",0.321471748937819
"14287",0.754647640182606
"14288",1.039984221594
"14289",2.06909219659016
"14290",0.758850133966172
"14291",1.18993284444043
"14292",0
"14293",1.27694116596726
"14294",0.354107320856967
"14295",0.52639504427412
"14296",0
"14297",0
"14298",0.404531748261831
"14299",0.799675769317176
"14300",2.02130328747804
"14301",0.197468145848871
"14302",0.838364873262403
"14303",0
"14304",0.621545842611887
"14305",0.284564080511334
"14306",0
"14307",0.346377572986115
"14308",0.841645519108433
"14309",0.975449444184779
"14310",1.50739283596406
"14311",0
"14312",1.00363053085909
"14313",0.0887193697260802
"14314",1.04135866332293
"14315",0
"14316",0.162652956679819
"14317",0.0668281766351798
"14318",0.55545992978527
"14319",0.51043335225833
"14320",0
"14321",0.695139971138416
"14322",0.556947016956827
"14323",0.273761263162432
"14324",0.362792654173616
"14325",0.709327513153201
"14326",0.569701883912236
"14327",0.138716013823632
"14328",0.935352577777802
"14329",0.505630862788466
"14330",0.475971900842169
"14331",0
"14332",0.274609983545303
"14333",0.887858335698578
"14334",0.145469158461242
"14335",1.26917133030063
"14336",1.49950931886004
"14337",0.935402876198667
"14338",0.692915937205911
"14339",0
"14340",0.346533820891509
"14341",0.241495617006082
"14342",0.505691283078163
"14343",0.242691288173366
"14344",0.120941290532078
"14345",0
"14346",0
"14347",0
"14348",0.0417775612600092
"14349",0.101479352767613
"14350",0
"14351",0.203406032954669
"14352",1.08755418875448
"14353",0.254207780507705
"14354",0.564334660939903
"14355",0.149264796713993
"14356",0.655364272593989
"14357",0.182044896143597
"14358",0.413406057795504
"14359",0
"14360",0.00437965883722896
"14361",0.14519650828267
"14362",0.0844711318661815
"14363",0.384274723583045
"14364",0.601708856400496
"14365",0.63600654525257
"14366",0
"14367",1.16584810658208
"14368",0.159405685425657
"14369",0
"14370",0.364802887891901
"14371",0.589351403318959
"14372",0.466763685835893
"14373",0.0392967339351948
"14374",0.00149761693470513
"14375",0
"14376",0
"14377",0.0904777868009591
"14378",0.230336116544166
"14379",0.416889248866241
"14380",0.00876049451585825
"14381",1.51474449741448
"14382",0.272262705921035
"14383",1.04083265226043
"14384",0.0214415514463794
"14385",0.163548725649713
"14386",0.103957482340395
"14387",0.063997204337011
"14388",0.0877419447368021
"14389",0
"14390",0
"14391",0
"14392",0.494247663969965
"14393",0.354781329001072
"14394",1.73270068174259
"14395",2.23312737335258
"14396",1.45932769883763
"14397",1.44463579460399
"14398",0.175139495098744
"14399",0
"14400",0.0332027373619243
"14401",0
"14402",0
"14403",0.155803332444545
"14404",0
"14405",0.668135573084168
"14406",0
"14407",0
"14408",0.00190550603930539
"14409",1.01595824894059
"14410",0.640091578635122
"14411",0.359301843130716
"14412",1.10162363769856
"14413",0.802371920461536
"14414",1.21406496787147
"14415",0.0916230968035777
"14416",0.22858536441301
"14417",0
"14418",0.755259123675915
"14419",0
"14420",0
"14421",0
"14422",0
"14423",0.939939836011956
"14424",0.0667748489788602
"14425",1.11281578604687
"14426",1.11948346188499
"14427",0.279734577220292
"14428",1.93871001640479
"14429",1.41908615175297
"14430",0.422809980520694
"14431",0.877465122604384
"14432",0.642737307933949
"14433",0.288141414612828
"14434",0.299539981646845
"14435",0.770316424137658
"14436",0.361796907148973
"14437",0.798544192169109
"14438",0
"14439",0.601941668423381
"14440",0
"14441",0.0162068063250312
"14442",0.744522248051888
"14443",0.241833841729634
"14444",1.27446322086574
"14445",0.420873798033254
"14446",1.28354922159726
"14447",0.944777869120309
"14448",1.82022036844807
"14449",0.745054496214194
"14450",0
"14451",0
"14452",0
"14453",0.365554486894668
"14454",0.479553057692165
"14455",0.0546225892347505
"14456",0.279991327669078
"14457",0
"14458",0
"14459",0.234509774473736
"14460",0.296325256103224
"14461",0.883464513992171
"14462",0.941158378472876
"14463",0.0671580566388094
"14464",0.735636667222642
"14465",0
"14466",0.560975613539534
"14467",0
"14468",0.221118587863267
"14469",0.173758144949913
"14470",0.646638952212669
"14471",0.157819303746997
"14472",0.337245034093915
"14473",0.61168485617896
"14474",0.619729636285409
"14475",1.93073958883821
"14476",0.863724121643051
"14477",0
"14478",0.927911798327855
"14479",0.0980711067997966
"14480",0.940239798088603
"14481",0.867545508091278
"14482",0.0650704289160986
"14483",0.63246329182998
"14484",0.53589673427208
"14485",0.711667470770125
"14486",0.525917139468957
"14487",0
"14488",0
"14489",1.62545467133083
"14490",0
"14491",1.34395622012313
"14492",0.175133393730176
"14493",0
"14494",0.194011450047148
"14495",0.955888765510849
"14496",0
"14497",0.182726495497186
"14498",0.403575295526362
"14499",0.88916108107861
"14500",0.57031558362239
"14501",0.666155239699308
"14502",0.619514699549251
"14503",0.617434803557727
"14504",0.25642545925907
"14505",0.215197204785957
"14506",0
"14507",0
"14508",0
"14509",0.226321700793648
"14510",0.882833080464673
"14511",1.00656410376506
"14512",0.977037685628804
"14513",0.622322857294174
"14514",0.0167076324228194
"14515",0
"14516",0
"14517",0.286054671440866
"14518",0.221171304016228
"14519",0.762191278108887
"14520",0
"14521",0
"14522",0
"14523",0
"14524",0.175017181195526
"14525",0.235343097014082
"14526",0
"14527",0.450447695927667
"14528",0.251032228619567
"14529",0
"14530",0.0294377326834141
"14531",1.14771010137193
"14532",0.227698430138831
"14533",0.989616177522384
"14534",0
"14535",0.156403337701245
"14536",0
"14537",0.0945912644182674
"14538",0.0418354581878561
"14539",0
"14540",0.362702148734751
"14541",0.504021480391529
"14542",0
"14543",0.203606427551021
"14544",0.368119371067757
"14545",0.370166778141004
"14546",1.0728837125327
"14547",1.47092194839666
"14548",0.751438600618951
"14549",0.221241049470865
"14550",0
"14551",0.0904777868009591
"14552",0.0904777868009591
"14553",0.190895345290499
"14554",0
"14555",0
"14556",0.22162298264257
"14557",0
"14558",0.513184936576568
"14559",0.00552598918696101
"14560",0.233197858319909
"14561",0.563570745946082
"14562",0
"14563",0
"14564",0.366472576985634
"14565",0.713254891292998
"14566",0.554076267433151
"14567",0.617321216162629
"14568",1.85137524697494
"14569",1.35506202281108
"14570",1.49343175393851
"14571",0.813813156980752
"14572",0.0125177551043891
"14573",0
"14574",0.00661084783023719
"14575",0
"14576",0
"14577",0.134194288168401
"14578",0.308986454681777
"14579",0.0170126479824558
"14580",1.59478352821845
"14581",0
"14582",1.02156521580892
"14583",0.678427039573224
"14584",0
"14585",0
"14586",0.704885845814646
"14587",1.03385029524999
"14588",0.643195976908998
"14589",0
"14590",0
"14591",0.504181964772325
"14592",0
"14593",0
"14594",0
"14595",0.308001142304971
"14596",0
"14597",0.83321838377949
"14598",1.1394042912663
"14599",0.289845666022392
"14600",0.288929097895481
"14601",0.475461282075145
"14602",0.208506453831582
"14603",1.53093686013575
"14604",0.539724869898676
"14605",0.597764814193613
"14606",0.142503961518558
"14607",0
"14608",0.892593848108843
"14609",0
"14610",0.30128996276145
"14611",0
"14612",0
"14613",0
"14614",0.075916962470848
"14615",0.218878279990139
"14616",0.496453507768538
"14617",0.509404921765533
"14618",0.490497061095102
"14619",0.838537009532632
"14620",0
"14621",1.04445168640315
"14622",0.181651335616292
"14623",1.39025673756594
"14624",0.297630924101653
"14625",0.399422700627615
"14626",1.30029132452268
"14627",0.49968030604814
"14628",0
"14629",0
"14630",0.226429923791723
"14631",0.84624060614925
"14632",0.418294566060439
"14633",0.29882522400243
"14634",0
"14635",0.765666431106988
"14636",0.113639059143008
"14637",0.129723018346539
"14638",0.60142486994656
"14639",0.106691548549913
"14640",0.233555287496595
"14641",1.41900622546293
"14642",0
"14643",0.0785639261880795
"14644",0.177340291959204
"14645",0.21310818783267
"14646",0.609517537401338
"14647",0.0334717617400453
"14648",2.29116696797168
"14649",0
"14650",3.24515219437518
"14651",0
"14652",1.065438604526
"14653",0.704618397319333
"14654",0.307648398563179
"14655",0.236918803692023
"14656",0.285280671830892
"14657",0.253772821162662
"14658",0.0278650802694062
"14659",0.871186848731803
"14660",0
"14661",0.850097136155661
"14662",1.45851924197315
"14663",0
"14664",0
"14665",0
"14666",0.580787926946612
"14667",0.0263797255437836
"14668",0
"14669",0
"14670",0.0231617288172028
"14671",0.430352048257724
"14672",0.572499761908866
"14673",0.605166627618975
"14674",0.154074113606244
"14675",0.29482824469223
"14676",0.321634509503062
"14677",0
"14678",0
"14679",0.082908034720663
"14680",0.148693052547725
"14681",0.38372679321576
"14682",0.0215602904100646
"14683",0
"14684",0.661606452558486
"14685",1.12101240746035
"14686",0.769948014821829
"14687",0.365515166664632
"14688",0.354930855627578
"14689",0.466753783695714
"14690",0
"14691",0.726565945150772
"14692",1.09426903899182
"14693",0
"14694",1.01668418037446
"14695",0
"14696",0
"14697",0.127928278077791
"14698",0.0186235588922091
"14699",0.0793745321657146
"14700",0.108480683979101
"14701",0.128267135431439
"14702",0.064782900107854
"14703",0
"14704",0
"14705",0.151278764967854
"14706",0.388891738188917
"14707",0
"14708",0.238607575517053
"14709",0
"14710",0.0752926450319439
"14711",0.0747240833708402
"14712",0.282021121577227
"14713",0.0848263041845212
"14714",0.345598281055618
"14715",1.26148158324043
"14716",0.334165151506785
"14717",0.865082178048863
"14718",1.16549908125223
"14719",0.367380468467692
"14720",1.16713138881805
"14721",1.14288331292205
"14722",0.804824497767223
"14723",0.0972213136841138
"14724",0.190895345290499
"14725",0.0744266660812454
"14726",0
"14727",0
"14728",0
"14729",0.0645947497242905
"14730",0.197992599084851
"14731",0.766109182006134
"14732",0.954534168713462
"14733",0.949359449355933
"14734",0
"14735",0.0181263528679756
"14736",0.965922740194218
"14737",0.773268432372098
"14738",0.659778590886056
"14739",0.0898310581422662
"14740",0.139158286524255
"14741",0
"14742",0
"14743",0
"14744",0
"14745",0.725855912878106
"14746",0
"14747",0.216988615318525
"14748",0
"14749",0.417068720268867
"14750",0.495384643602672
"14751",1.01290355729203
"14752",1.10866351921398
"14753",0.0278845536772919
"14754",0.0575021785198701
"14755",0.00638888872944254
"14756",0.638772993102043
"14757",0
"14758",0.7658008337712
"14759",0.248820483445197
"14760",2.47373829743451
"14761",0
"14762",2.26011124425957
"14763",0
"14764",0.701508641079815
"14765",0
"14766",1.18161338177616
"14767",0.865139733068949
"14768",0.557454439046037
"14769",1.07359755158113
"14770",0.716802957386155
"14771",1.68056114879352
"14772",0
"14773",1.59398472025957
"14774",0
"14775",0.695683406017857
"14776",0
"14777",0.460646058676625
"14778",0.138609090568759
"14779",0.400579095524472
"14780",0.138004556896269
"14781",0
"14782",0
"14783",0
"14784",0.208677641035366
"14785",0
"14786",0.796336363331603
"14787",1.13446621356776
"14788",0.355180448162288
"14789",0.564650887586911
"14790",0
"14791",0
"14792",0.934525321657985
"14793",0
"14794",1.31545385989539
"14795",1.12152683736494
"14796",0.132123080266039
"14797",0.654863461598067
"14798",0
"14799",0.154605812225182
"14800",1.23330322020366
"14801",0.694958074294614
"14802",0.475635152731394
"14803",0
"14804",0.390537464204263
"14805",0
"14806",1.02554761028606
"14807",0
"14808",0.335594648977008
"14809",0.576069384480055
"14810",0
"14811",1.25895581639354
"14812",0.126500662507326
"14813",0
"14814",0.408004562650558
"14815",0.926487722322704
"14816",1.09568761744876
"14817",1.54822239173401
"14818",1.2249198493177
"14819",0.957683103124025
"14820",0.411217977836705
"14821",0.029075879140166
"14822",0.608651838971282
"14823",0
"14824",0
"14825",0.663248970695407
"14826",0.352483773104031
"14827",2.14091375699299
"14828",0
"14829",1.58615615061983
"14830",0.0617990238003396
"14831",0.183535626350621
"14832",0.426777247969638
"14833",0
"14834",0.200238424343111
"14835",0.20888937314328
"14836",0.975705749170775
"14837",0.493341933491825
"14838",0
"14839",0
"14840",0.20130412297614
"14841",0.688561439897848
"14842",0.612734957815716
"14843",0.595645405693605
"14844",0.584198934144344
"14845",0
"14846",0
"14847",0.484225589460517
"14848",0.558195115789358
"14849",0
"14850",0.0259982204461044
"14851",0.592469695077641
"14852",0.264663415379004
"14853",0
"14854",0.00766594237997742
"14855",0.0029006450556448
"14856",0.0977561516933974
"14857",0.413490292225748
"14858",0.313378717599924
"14859",0
"14860",0.0963992047886064
"14861",0.231675565613235
"14862",0
"14863",0.277803670543377
"14864",0
"14865",0
"14866",0.0535850128271618
"14867",0.290764983555713
"14868",0.152424774210301
"14869",0
"14870",0.263767431546685
"14871",0.253918477723797
"14872",0.880634177338919
"14873",1.00698107519916
"14874",0.230665959358509
"14875",0
"14876",0.551002047808253
"14877",1.07720145646082
"14878",0
"14879",0.305215097630185
"14880",0.0565463687114958
"14881",0
"14882",0
"14883",0.183790779434604
"14884",1.17589279159931
"14885",0.312099347160981
"14886",0
"14887",0.353584013999098
"14888",0
"14889",0.277924505953293
"14890",0
"14891",0
"14892",0
"14893",0
"14894",0.101551823765419
"14895",0
"14896",0.424947286984749
"14897",0.243785523927835
"14898",0.57617714874087
"14899",0.389033785321768
"14900",0.0156943528385741
"14901",0
"14902",0.0992378245427276
"14903",0
"14904",0
"14905",0.683985011051122
"14906",0
"14907",0
"14908",0
"14909",1.31377274571129
"14910",0
"14911",0
"14912",0
"14913",1.49858836683033
"14914",0.565760298510701
"14915",1.259431253611
"14916",1.1978845717862
"14917",0
"14918",0
"14919",0
"14920",0.0567507748734086
"14921",0
"14922",0.655190746971795
"14923",0
"14924",0.217451385477333
"14925",0
"14926",0.841329485945603
"14927",0.370030408920293
"14928",0
"14929",0.329992608411514
"14930",0.161629870421193
"14931",0.38536405265337
"14932",0.301958189218933
"14933",2.15744763706869
"14934",1.26057131023972
"14935",1.48146618061787
"14936",0.60965698599604
"14937",0.335815840363439
"14938",0.460604392155265
"14939",0.763895784383912
"14940",1.51618520359911
"14941",0.585289748728381
"14942",0
"14943",0.380212075832496
"14944",0.267005906390277
"14945",1.69840364804747
"14946",0.180555679031428
"14947",1.60799613276154
"14948",0.466215439919088
"14949",0.796134043220288
"14950",0.380299477233365
"14951",0
"14952",0
"14953",0.851592512881111
"14954",0.369346184422798
"14955",0
"14956",0
"14957",0.5303701575171
"14958",2.38783426433969
"14959",0.849944449769686
"14960",0
"14961",0.997004754186176
"14962",0.990101006984625
"14963",1.50076771118138
"14964",2.14822925393991
"14965",0.872949899991132
"14966",0.589663406247918
"14967",0.747185772963359
"14968",0
"14969",1.06542179387784
"14970",0.212285184280869
"14971",0.93762489058617
"14972",0.460485940782641
"14973",0
"14974",2.66176394815179
"14975",0.976572377025693
"14976",1.91878374873575
"14977",1.01460593118374
"14978",0.307507578481068
"14979",0.0790666184125887
"14980",0
"14981",0.588182804467038
"14982",0
"14983",0.681892015715463
"14984",0.0609543915486177
"14985",0
"14986",0.547970163166878
"14987",0.610074029523748
"14988",0.457149943143423
"14989",1.37564341428738
"14990",0
"14991",0.343356360653831
"14992",0.536879025485267
"14993",0
"14994",0.427118111317997
"14995",0.737039340624034
"14996",0.0250808063146308
"14997",0.0046714666938068
"14998",0.0230840969677619
"14999",0.0547284834067013
"15000",0.0271877205963986
"15001",0.113622575135723
"15002",0
"15003",0.154302701935054
"15004",0.155220793059315
"15005",0.356609969186113
"15006",0
"15007",0.117295842788661
"15008",0
"15009",0.271042500985744
"15010",0
"15011",0.389799886237807
"15012",0
"15013",0
"15014",0.0553426270267254
"15015",0.759880011703853
"15016",1.49744405451663
"15017",0
"15018",1.5985072318673
"15019",0.487345242620286
"15020",0.927199761558295
"15021",0
"15022",0
"15023",0
"15024",0.0565463687114958
"15025",0
"15026",0.183790779434604
"15027",0.0572183399430096
"15028",0.301306748134674
"15029",0
"15030",0
"15031",0
"15032",0
"15033",0
"15034",0
"15035",0.506557986528875
"15036",0
"15037",0
"15038",0.0245523700652007
"15039",0.241259596916656
"15040",0
"15041",0.330580619003327
"15042",0
"15043",2.37166468265446
"15044",0
"15045",2.45585439161349
"15046",0.161892872841762
"15047",1.33585749545854
"15048",0
"15049",0
"15050",0.0187734640610855
"15051",0.837325319524745
"15052",0.680424985961216
"15053",1.11287508052432
"15054",1.96175870817392
"15055",0
"15056",0.923182832778751
"15057",0
"15058",0.353498500440896
"15059",0
"15060",0.0874107257724985
"15061",0
"15062",0.459818074064919
"15063",0
"15064",0.00932931545286486
"15065",0
"15066",0
"15067",0.0557578760133911
"15068",0.466036915768601
"15069",0.485985252015581
"15070",2.5839042590885
"15071",0.277546109228848
"15072",1.14475529314846
"15073",0.876773401329603
"15074",0
"15075",0
"15076",0
"15077",0.656323698152162
"15078",1.43955014737041
"15079",0.37774581756113
"15080",1.83370261360142
"15081",0
"15082",0
"15083",0.617101559906268
"15084",0
"15085",0.527084676562462
"15086",1.85643962997063
"15087",0
"15088",1.14441293036819
"15089",0.762449964709614
"15090",0.271235739050518
"15091",0.806446693771561
"15092",0.995275367447282
"15093",0
"15094",0.88966169742732
"15095",1.76727755462659
"15096",0.501209264080726
"15097",0
"15098",0.544715324597248
"15099",0.440496607121181
"15100",1.82601350728736
"15101",1.81380303193492
"15102",1.64642878361532
"15103",1.30616991684827
"15104",0
"15105",0
"15106",0.0159967441171014
"15107",1.33499736526101
"15108",0.82365016703082
"15109",0.56059517475988
"15110",0.69458563342443
"15111",0
"15112",2.15834132952942
"15113",0.69827168509393
"15114",0.186942076228033
"15115",0.0486873944973283
"15116",0
"15117",0.501856841437413
"15118",0
"15119",0.204976878404514
"15120",0
"15121",0.357608670164217
"15122",0.63862093405625
"15123",0.267837353229036
"15124",0.00321326001955446
"15125",0.488873675255907
"15126",0.647232057203402
"15127",1.0337247473743
"15128",0.743848734036178
"15129",0.211454379727715
"15130",0.0714522254154382
"15131",0
"15132",0.517671456755254
"15133",0.0046714666938068
"15134",0.0857240678760869
"15135",0
"15136",0
"15137",0
"15138",0
"15139",0.0478859601782544
"15140",0.0177861841810983
"15141",0.169472024521629
"15142",0
"15143",0
"15144",0.0072664757862653
"15145",0
"15146",0.263766470816989
"15147",0
"15148",1.13935482556329
"15149",0
"15150",0.874371278592652
"15151",1.03969739093749
"15152",0.077458422482005
"15153",0
"15154",0
"15155",1.65455438365724
"15156",0
"15157",1.13927088047156
"15158",0
"15159",0.360173407947391
"15160",0.361515820479445
"15161",0.183790779434604
"15162",0
"15163",0.183790779434604
"15164",0.167413571815432
"15165",0
"15166",0
"15167",0
"15168",0
"15169",0.367844442861597
"15170",0
"15171",0.0104481849500926
"15172",0.0204230845945943
"15173",0.550107458356376
"15174",0
"15175",0.438937422952564
"15176",0.502900910830844
"15177",0.217023405079411
"15178",0
"15179",1.52965711113568
"15180",0.302901607705259
"15181",0.608178234181195
"15182",0.707693361028345
"15183",0
"15184",0
"15185",0.274485088149235
"15186",0.0359732156216535
"15187",0.495592743672059
"15188",0.503368411108553
"15189",0.83165730726636
"15190",0.624568252288988
"15191",0
"15192",0.232649280882334
"15193",0.15012569509193
"15194",0.849712849197982
"15195",0
"15196",0.632052232885498
"15197",0
"15198",0
"15199",0
"15200",0
"15201",0.151181700894505
"15202",0.371264936665698
"15203",0
"15204",0.00214435278162961
"15205",0.87573068796498
"15206",0.652562493280754
"15207",0.475992150002917
"15208",1.15916610293564
"15209",0.65163240652338
"15210",0.355937658645132
"15211",0.932353893219208
"15212",1.09590492824161
"15213",0.0923034790495458
"15214",1.57891946808713
"15215",1.14040638203123
"15216",0
"15217",1.61168548087758
"15218",0
"15219",0.729680088281772
"15220",1.44063119954209
"15221",0
"15222",0.361754734041881
"15223",0.410163990980275
"15224",0.881121212250024
"15225",0
"15226",0.573265212023335
"15227",0
"15228",0.814056689691383
"15229",0
"15230",0
"15231",1.08576377814071
"15232",0
"15233",0.832695019965615
"15234",0.8159588112144
"15235",0.32065889084725
"15236",1.16040638943882
"15237",1.04511292289468
"15238",0.656216526072902
"15239",0.639112418343904
"15240",0
"15241",1.4579174894506
"15242",1.73826148990052
"15243",0.410371907475213
"15244",1.12151731278958
"15245",0.448219463560947
"15246",1.11187195743535
"15247",0.541207007709129
"15248",0.175114433361623
"15249",0
"15250",0
"15251",0.643774358712866
"15252",0
"15253",1.14665058261042
"15254",0.533723158873718
"15255",0.362497077136926
"15256",1.00912853903094
"15257",1.43057517333257
"15258",0
"15259",1.0306714468167
"15260",0.254671461850458
"15261",0.137311149535249
"15262",0.171080922473049
"15263",0
"15264",0
"15265",0
"15266",0
"15267",0.21030972246323
"15268",0
"15269",0
"15270",0
"15271",0.135516473301627
"15272",0.0072664757862653
"15273",0.135516473301627
"15274",0
"15275",0
"15276",0
"15277",0.650799346760714
"15278",0
"15279",0.138188787687649
"15280",1.3132854745708
"15281",0
"15282",1.46464152969194
"15283",0
"15284",0
"15285",0
"15286",0.596756246945534
"15287",0.0892438364078602
"15288",0.372663206167591
"15289",0.183790779434604
"15290",0.183790779434604
"15291",0.167413571815432
"15292",0.0703576990327446
"15293",0
"15294",0
"15295",0.316953157131848
"15296",0
"15297",0
"15298",0.121295941241402
"15299",0
"15300",0
"15301",0
"15302",0.0981733308754273
"15303",0
"15304",0.214740597480572
"15305",0
"15306",0.0836463986502909
"15307",0.541267138998655
"15308",0.0850741528903369
"15309",0
"15310",0
"15311",0.637358092366759
"15312",0.023446988703953
"15313",0
"15314",0.345058509592506
"15315",0.307319276078094
"15316",0.175073123733453
"15317",0
"15318",0.299879735700822
"15319",0.369492048048283
"15320",0.630755407671371
"15321",0.784230889479298
"15322",0
"15323",0.0746099221474708
"15324",0
"15325",0.361429236370079
"15326",0.0901070782822386
"15327",0.273558373179166
"15328",0
"15329",1.92543345370896
"15330",0.436614133794597
"15331",2.88097470348118
"15332",0.984711920762131
"15333",2.57704577413752
"15334",0.112986776896903
"15335",0.865161446837659
"15336",0.957496445433151
"15337",0.368096038937855
"15338",0.250594619427732
"15339",0
"15340",0
"15341",0
"15342",0.333346981951455
"15343",0
"15344",0.39327882957913
"15345",0.421418655967528
"15346",0.144930982734814
"15347",1.48069229046558
"15348",0.928126788656655
"15349",2.5035227016536
"15350",0.00759096829930761
"15351",0.356977095260419
"15352",0.0951519203710637
"15353",0.476612959988286
"15354",0.433352125385191
"15355",0.801905620667262
"15356",0.610775081587626
"15357",0
"15358",0
"15359",0
"15360",0
"15361",0.210650297374502
"15362",0.220072456636661
"15363",0.417939811782831
"15364",0.182488853769267
"15365",0.246400286924384
"15366",0.250822888467147
"15367",0.461318469831562
"15368",1.0149772598528
"15369",0.176920154519882
"15370",0.622927919581649
"15371",0.607494447548131
"15372",1.39908082793241
"15373",1.7452065138284
"15374",0.194350781946285
"15375",0.281670938340532
"15376",0.149366246819667
"15377",0.19636713001286
"15378",0.881166669321968
"15379",0.0217757605510696
"15380",1.09879873675361
"15381",0.767217039715979
"15382",1.0228124994197
"15383",0.254671461850458
"15384",0.26117146172453
"15385",0.0641373964924453
"15386",0.0181736000755137
"15387",0
"15388",0
"15389",0
"15390",0
"15391",0
"15392",0.119793112508652
"15393",0
"15394",0.263715517514385
"15395",0
"15396",0.195332152095333
"15397",0.0072664757862653
"15398",0.263766470816989
"15399",0
"15400",0.503097880867217
"15401",0
"15402",0.370815553900545
"15403",0.300284786503479
"15404",0
"15405",0.706077408044576
"15406",0.301598572110888
"15407",0.730256759014592
"15408",0
"15409",0.834310199304044
"15410",0.0517202907388677
"15411",0.347550718386137
"15412",0.134686595892173
"15413",0.0372485711010547
"15414",0.346211199869216
"15415",0.20367116622413
"15416",0
"15417",0
"15418",0.265484643407694
"15419",0
"15420",0.497793184152958
"15421",0
"15422",0
"15423",0
"15424",0.229309248168152
"15425",0
"15426",0
"15427",0.389285904389603
"15428",0
"15429",1.13848526831651
"15430",0
"15431",0.669845800868254
"15432",0.143870351599878
"15433",0.281972108303004
"15434",0.406449732205496
"15435",0.0302824753805246
"15436",0
"15437",0
"15438",0.905617157099222
"15439",0.80722534310329
"15440",0.455864825899705
"15441",0.292353736519502
"15442",0
"15443",0.275882470480036
"15444",0
"15445",0.127004623114974
"15446",0
"15447",0.196043576627499
"15448",0.178193312508147
"15449",1.29626008019504
"15450",0.599831443516941
"15451",0.681399136362863
"15452",0
"15453",1.54101294734993
"15454",0.653154692881302
"15455",0.537914332922387
"15456",0.118773853185994
"15457",0
"15458",0.0175230679019897
"15459",0
"15460",0.537498159941753
"15461",0
"15462",0.00323885433170013
"15463",0.0351345115417606
"15464",1.2104518269159
"15465",0.596354978406919
"15466",0.702709424795398
"15467",1.05355418153502
"15468",0.177279470548994
"15469",0.405363476679887
"15470",0
"15471",0.649662907962911
"15472",0.680531838863502
"15473",0.623594816253746
"15474",0.551990935024053
"15475",0.499044921244435
"15476",0.347331644859912
"15477",0.424689194590883
"15478",0.868376132877962
"15479",1.549377492549
"15480",0
"15481",0.488076436778411
"15482",0.259395899293459
"15483",0.143155389097024
"15484",0.105224766238841
"15485",0.222104554056846
"15486",0.121829764168722
"15487",0.869357439074025
"15488",0.114027749374509
"15489",1.25416230383992
"15490",0.631011633851818
"15491",1.09680490096419
"15492",0.802672343828185
"15493",1.70289549583136
"15494",0
"15495",0.498729159277297
"15496",0.201147656840051
"15497",0.198590025457828
"15498",0.695215290372673
"15499",0.873335013329298
"15500",0.638062506873619
"15501",0.257357705678124
"15502",0.159458174404823
"15503",0
"15504",0
"15505",0
"15506",0
"15507",0.00349424107070601
"15508",0.0588788720653564
"15509",0
"15510",0.135465519999023
"15511",0.000766465973639607
"15512",0
"15513",0.274503746163482
"15514",0.0670821545799717
"15515",0.0072664757862653
"15516",0.133994523480821
"15517",0
"15518",0.235578785123602
"15519",0.220455552481578
"15520",0
"15521",0
"15522",0
"15523",0.102138217255967
"15524",0.0483001854573503
"15525",0.433050178003436
"15526",0.0517401761645
"15527",0.373869353803342
"15528",1.17414561015213
"15529",0.18433566690614
"15530",0.0536950666494449
"15531",0.146092490360752
"15532",0.170696234197734
"15533",0.349649997496052
"15534",0.219784584483227
"15535",0.405869021409317
"15536",0.129267674838963
"15537",0.0529780237288254
"15538",0.0807739372694192
"15539",0.544263184324506
"15540",0
"15541",0.119347301602629
"15542",0.516587835588733
"15543",0
"15544",0
"15545",0
"15546",0.964496585595576
"15547",1.03538617502097
"15548",1.28198968413708
"15549",0.156200989755746
"15550",0.0622081314838121
"15551",0.268475410407245
"15552",0.313880615724453
"15553",0
"15554",0.355200638163086
"15555",0
"15556",0
"15557",0
"15558",0
"15559",0.0543353351522105
"15560",0.0904593801458481
"15561",0
"15562",0.788453228131208
"15563",0.944281524006943
"15564",0.671021734186956
"15565",0
"15566",1.47334808208633
"15567",0
"15568",1.48502950160517
"15569",1.07360705779116
"15570",0
"15571",0.637080184995502
"15572",0.0614055918920428
"15573",0.0389269295190026
"15574",0
"15575",0.0312971703728425
"15576",0.0989600790948694
"15577",0.109651967693912
"15578",0.13932875600019
"15579",0.0654625176838957
"15580",0.15031559460135
"15581",0.0985300340845323
"15582",0.91955879583426
"15583",0
"15584",0.429922688857536
"15585",0.292555120624495
"15586",0.997582906046076
"15587",0
"15588",1.11543548312732
"15589",0.127898316021769
"15590",0
"15591",0
"15592",1.23726752642544
"15593",1.1133611093217
"15594",0.376519898565235
"15595",0.395271565626639
"15596",0.307273577959044
"15597",0.409124025242587
"15598",0.165174982782679
"15599",0.184020804131459
"15600",0.0656961797661987
"15601",0.312011300264893
"15602",0.767784844912828
"15603",0
"15604",0.559688354527399
"15605",0.229994732310199
"15606",0.227686202460182
"15607",0.524742120908623
"15608",0
"15609",0.251921503579285
"15610",0.37518046718032
"15611",0.246571434543156
"15612",0.259031482006603
"15613",0.479764653919306
"15614",0.00614901843096566
"15615",0.118452485839776
"15616",0.118452485839776
"15617",0.118452485839776
"15618",0.122335470611145
"15619",0.182589060650488
"15620",0
"15621",0.182169142095209
"15622",0.560419134767221
"15623",0.175669132282583
"15624",0.445332147251984
"15625",0.135516473301627
"15626",0.0072664757862653
"15627",0
"15628",0.109901183941747
"15629",0.156279104055838
"15630",0.0281681289134006
"15631",0.324329109215892
"15632",0
"15633",0.236365861766418
"15634",0.0483001854573503
"15635",0.0483001854573503
"15636",0.0483001854573503
"15637",0.362627626083526
"15638",0.767216352853477
"15639",0.201592596033107
"15640",0
"15641",0.0979483831842205
"15642",0.219784584483227
"15643",0.824956178299522
"15644",0.26026488038778
"15645",0.276359296182951
"15646",0
"15647",0
"15648",0
"15649",0.0824602278255949
"15650",0.0824602278255949
"15651",0.0769486437211614
"15652",1.29961188598642
"15653",0
"15654",0.343027179355576
"15655",0
"15656",0.521841931792515
"15657",0.344811680514953
"15658",0
"15659",0
"15660",0.266309494999734
"15661",0
"15662",0
"15663",0
"15664",0.0200049630765794
"15665",0
"15666",0
"15667",0.0200049630765794
"15668",0.141754950779315
"15669",0
"15670",0
"15671",0
"15672",0.176853633843478
"15673",0.832095804320748
"15674",0.518435591152576
"15675",0
"15676",0
"15677",0
"15678",0.585653454286629
"15679",0.489956596819677
"15680",0
"15681",0.016637781189112
"15682",0.367260593856979
"15683",0.0314457356506169
"15684",0.389379092275655
"15685",0.769326133111662
"15686",0.602231817196904
"15687",1.37024441240036
"15688",0.0774831090800209
"15689",0.338906119195253
"15690",0.600491745703155
"15691",0
"15692",0.706052428833294
"15693",0
"15694",1.38410386644167
"15695",0.0181772273257812
"15696",0
"15697",0.808305758862859
"15698",0.756183220675408
"15699",0
"15700",1.89770528658793
"15701",0.236050354233017
"15702",1.37488007400749
"15703",0.68019024684251
"15704",0.336228378839823
"15705",0.663047730383748
"15706",0.482628466287703
"15707",0.350947794306563
"15708",0.160566480740117
"15709",0.218892125241459
"15710",0.0764210107665757
"15711",0
"15712",0
"15713",0
"15714",0.580359141619654
"15715",0
"15716",0.863754005145137
"15717",0
"15718",1.33238130360461
"15719",0.338384496325313
"15720",0.183676466437971
"15721",0.22882181088879
"15722",0.0539191445798467
"15723",0.00731423174321777
"15724",0.141021376331475
"15725",0.300422477648338
"15726",0.0540182500077481
"15727",0.074954653657275
"15728",0.0530712343713894
"15729",0.108115864251057
"15730",0.322037465647193
"15731",0
"15732",0.205463905770438
"15733",0.362627626083526
"15734",0.571440558845865
"15735",0.0382189080482318
"15736",0.294718903078955
"15737",0.219784584483227
"15738",0.669923879145957
"15739",0.012592586862304
"15740",0.0374742786629466
"15741",0.0748583649688233
"15742",0.0748583649688233
"15743",0.0748583649688233
"15744",0
"15745",0.210710225340957
"15746",0
"15747",0.992649003432347
"15748",0
"15749",0.179201600698634
"15750",0.092693049939758
"15751",0.280758726248826
"15752",0
"15753",0.231347601338053
"15754",0
"15755",0.0263922004702105
"15756",0
"15757",0.148254960591941
"15758",0
"15759",0
"15760",0
"15761",0.276504958107303
"15762",0.648254950905243
"15763",0.652183947218775
"15764",0.0507271237970316
"15765",0.536901452831022
"15766",0.158364549262237
"15767",0.152392644560773
"15768",0.905639189377796
"15769",0.643184829486037
"15770",0
"15771",0.378281266795936
"15772",0.36039030993511
"15773",0
"15774",0.198678081823051
"15775",0.220172614688933
"15776",0
"15777",0.890838312614687
"15778",1.19759532998844
"15779",1.80142935444992
"15780",1.23828914453324
"15781",0.906822071497474
"15782",0.477611393126772
"15783",0.217057983973286
"15784",0.298580324369032
"15785",0.194771055343794
"15786",0
"15787",0.656866088532974
"15788",0
"15789",1.39974007905903
"15790",0.386992076299958
"15791",0.809208018167835
"15792",0.771805318212951
"15793",0.263287835014873
"15794",0.381099318255001
"15795",0.52111448003109
"15796",0.684905616554131
"15797",0.80800101644133
"15798",0.649019193002192
"15799",0.68774156435732
"15800",0.557455579792469
"15801",0.887830572215002
"15802",0.493353145881409
"15803",0.185382078059106
"15804",0.109955906677289
"15805",0.230257542559029
"15806",0
"15807",0.147352722585332
"15808",0
"15809",0
"15810",0
"15811",0.976091819951771
"15812",0.139383155386705
"15813",0.330585059761854
"15814",0.360877141264516
"15815",0.202952562051442
"15816",0.0483001854573503
"15817",0.0483001854573503
"15818",0
"15819",0.362627626083526
"15820",0.571440558845865
"15821",0.304829733447048
"15822",0.699690556361227
"15823",0.195506499627414
"15824",0.0748583649688233
"15825",0.179394614356798
"15826",0
"15827",0.044833802719951
"15828",0
"15829",0
"15830",0.00370842504788549
"15831",0.130419860536676
"15832",0.0180778082103591
"15833",0
"15834",0.125021631202999
"15835",0
"15836",0.0182499764058889
"15837",0
"15838",0
"15839",0.0200049630765794
"15840",0.141754960717868
"15841",0.660980395718502
"15842",0.511549804066704
"15843",0.550225559413718
"15844",0.00787464727891504
"15845",0.637089282739553
"15846",0.15267793258859
"15847",0.520969680662593
"15848",0.657044208370931
"15849",0.763347504717984
"15850",0
"15851",0
"15852",0.461936556557756
"15853",0
"15854",0
"15855",0.0341213073289794
"15856",0
"15857",1.21607056818027
"15858",1.53459150477448
"15859",0.361945657392201
"15860",0.787374291627027
"15861",0.211905174205414
"15862",0.151888748191099
"15863",0.194837421824449
"15864",0.5418586196366
"15865",1.51174116772516
"15866",0
"15867",0.233102649258977
"15868",0.504294124960708
"15869",0.505657813600428
"15870",0.537269619554303
"15871",0
"15872",0.832473128944957
"15873",0.0300273555458971
"15874",1.40193445883999
"15875",0
"15876",0.608706512116711
"15877",0.629967411288201
"15878",0.34858173847311
"15879",0.329596644861075
"15880",0.590419023062885
"15881",0.218082346883684
"15882",0.570577827489943
"15883",0.105914477674248
"15884",0.516395639850222
"15885",0.294735897219881
"15886",0
"15887",0.251473579011932
"15888",0
"15889",0.272274472997099
"15890",0.23136182285808
"15891",0.68652950856803
"15892",0
"15893",0.362627626083526
"15894",0.205463905770438
"15895",0.362627626083526
"15896",0.231504408236488
"15897",0
"15898",0.0449832068566324
"15899",0.0657716567061755
"15900",0
"15901",0
"15902",0.00955941648531367
"15903",0.130475421174369
"15904",0
"15905",0.17588155283638
"15906",0
"15907",0.205595864259085
"15908",0
"15909",0
"15910",0.205498460936866
"15911",0.139270068301313
"15912",0.2076832973143
"15913",0
"15914",0.409654845169557
"15915",0
"15916",0.521227812607716
"15917",0
"15918",0
"15919",0
"15920",0
"15921",0.639537803741497
"15922",0.425373421705967
"15923",1.05799698826144
"15924",0.304224710485636
"15925",0
"15926",1.69358595545587
"15927",1.83973638266151
"15928",0.609954051280601
"15929",0
"15930",0.48932903957799
"15931",0.36916161577371
"15932",0
"15933",0.120941889908679
"15934",0.0850419858677979
"15935",0
"15936",0
"15937",0
"15938",0.642170683234775
"15939",0.987344930598529
"15940",0
"15941",0.454967978684679
"15942",0.696503511781202
"15943",1.38456139020737
"15944",0
"15945",1.42854508448052
"15946",0
"15947",0.706511517445451
"15948",0.802371592939214
"15949",0.607934592599595
"15950",0.172117215240836
"15951",0.0913472297119742
"15952",0
"15953",0.214591571436014
"15954",0.0467380275845128
"15955",0.198052909908424
"15956",0.124531781419783
"15957",0.405032804149303
"15958",0.0576119667799583
"15959",0
"15960",0.109443831236848
"15961",0
"15962",0
"15963",0.26892211279181
"15964",0
"15965",0.00192445791708995
"15966",0
"15967",0.047794856968407
"15968",0.0726614466919506
"15969",0
"15970",0.318817068186159
"15971",0.0157268500391865
"15972",0
"15973",0
"15974",0.0373911756062648
"15975",0
"15976",0
"15977",0
"15978",0
"15979",0
"15980",0
"15981",0.128328344805728
"15982",0
"15983",0
"15984",0
"15985",0.185045994734809
"15986",0.108914400762387
"15987",1.14598185898601
"15988",0.756468603355627
"15989",1.01324036455374
"15990",0
"15991",0.349763421014374
"15992",0.105483384510298
"15993",0.384805464138366
"15994",0.616834388532435
"15995",0
"15996",0.324396466627955
"15997",0
"15998",0.0318807399836588
"15999",0
"16000",0.318858967868278
"16001",0.270687821419043
"16002",0.650584139472095
"16003",0.2589431320796
"16004",0.176138824138144
"16005",0.274542473197252
"16006",0.754197025460104
"16007",0
"16008",0.53078884760168
"16009",0
"16010",0.0158562835809901
"16011",0
"16012",0.983730423614362
"16013",0.170651573456232
"16014",0.864468449440056
"16015",0.189887989758279
"16016",0.100578296066944
"16017",0
"16018",0.416610417191185
"16019",0.0229428179305891
"16020",0.1956235103991
"16021",0.0816898856192003
"16022",0.0464443752841063
"16023",0
"16024",0.371476768385959
"16025",0.559595886323602
"16026",0
"16027",0.651062641544079
"16028",0
"16029",0.37178494798587
"16030",0.0601177604782794
"16031",0.503283674052519
"16032",0
"16033",0
"16034",0
"16035",0.339896996784836
"16036",0
"16037",0.0520554956554926
"16038",0.188291778455105
"16039",0.229637382204324
"16040",0
"16041",0.173962179459837
"16042",0.153151872429629
"16043",0.775324588547044
"16044",0.325550513244363
"16045",0.496578945823863
"16046",0.322095646151047
"16047",0
"16048",0.164820036306821
"16049",0.785594066052265
"16050",0.901555036601339
"16051",0
"16052",0.910377527622156
"16053",0.151923115111131
"16054",0.638739276469031
"16055",0.605025875571282
"16056",0.436071037957233
"16057",0.144472000813492
"16058",0.205335807630527
"16059",0
"16060",0.112006764065748
"16061",0
"16062",0.366817369804483
"16063",0
"16064",0.44276314324342
"16065",0.263472831146296
"16066",0.536721874258317
"16067",0
"16068",0
"16069",0
"16070",0.14556489111945
"16071",0
"16072",0.521489139514229
"16073",1.06406946491509
"16074",0
"16075",1.4110499085583
"16076",0.232274481782864
"16077",0.678549763660816
"16078",0.395399829358486
"16079",0.990289666328929
"16080",0
"16081",0.764443555724461
"16082",0.0645857422564594
"16083",0.138306457483186
"16084",0.304205298511182
"16085",0
"16086",0
"16087",0
"16088",0.139381663289545
"16089",0.124341601423501
"16090",0.304887848557314
"16091",0.0500693206116194
"16092",0.275052133056426
"16093",0
"16094",0.0854170863831132
"16095",0
"16096",0.171207542184941
"16097",0
"16098",0
"16099",0.321716542134839
"16100",0.261160096986775
"16101",0
"16102",0.025715998638308
"16103",0
"16104",0.813622474049414
"16105",0.276412936139675
"16106",0.102394615193661
"16107",0.540279168143467
"16108",0.132689090369098
"16109",1.01225602359476
"16110",0
"16111",0
"16112",0
"16113",1.13112820257888
"16114",1.20551221428125
"16115",1.9327174040392
"16116",0.750538945034675
"16117",0.125493379187905
"16118",0
"16119",0
"16120",0
"16121",0
"16122",0
"16123",0.0215980069436039
"16124",0
"16125",1.37214220902938
"16126",0
"16127",0
"16128",0
"16129",0.304242074728397
"16130",0
"16131",0.204826128028651
"16132",0.825096073658641
"16133",0.400639310276744
"16134",0.20628382429047
"16135",0.568408228664742
"16136",0.60456386046182
"16137",0
"16138",0.47317260974192
"16139",0.688913602609984
"16140",0.557908263892351
"16141",0
"16142",0.0163820127728065
"16143",0
"16144",0.354426156465365
"16145",0.0816460741771049
"16146",0.126425458450433
"16147",0.508441516108898
"16148",0.20496399855678
"16149",0.0208572959524809
"16150",0
"16151",0.299338687779249
"16152",0
"16153",0
"16154",0
"16155",0.207760746640198
"16156",0
"16157",0
"16158",0.883870777924216
"16159",1.31964989602471
"16160",0
"16161",0.526173985070041
"16162",0
"16163",0
"16164",0.463210958859228
"16165",0
"16166",0
"16167",0
"16168",0.475745333971516
"16169",0.956067133340336
"16170",0.687858040123022
"16171",1.02537731055895
"16172",1.59254732030694
"16173",0.758597966160078
"16174",0.467161611812863
"16175",1.070440454183
"16176",0.265612690300709
"16177",0
"16178",0.530950394711159
"16179",0
"16180",1.68515128119576
"16181",0
"16182",1.82116504070364
"16183",0
"16184",0.265125048450339
"16185",0.0153456421149529
"16186",1.19095366011662
"16187",0.670380299038187
"16188",1.49178400042196
"16189",0.124811889230913
"16190",0.266981383065519
"16191",1.45062453792476
"16192",0.838337565604417
"16193",0.457346469355138
"16194",1.41832268901226
"16195",1.08686516217549
"16196",1.59439530087802
"16197",0
"16198",0.0562307661161672
"16199",0.968644536843613
"16200",0.31281907086557
"16201",0.336199184894301
"16202",0.32517840906193
"16203",0.0208572959524809
"16204",0
"16205",0
"16206",0
"16207",0
"16208",0.192530616493675
"16209",0
"16210",0.991217458159646
"16211",2.06248065876506
"16212",1.88642930866027
"16213",0
"16214",0.880399458967684
"16215",0
"16216",0.548696691469058
"16217",0.556041683052
"16218",0.0754190275970645
"16219",1.46199040765352
"16220",0.909429866498039
"16221",1.03815447385739
"16222",0.737264643972178
"16223",0.0371103947561511
"16224",0
"16225",0
"16226",1.00383734855372
"16227",0.71832031100392
"16228",1.05753321207966
"16229",0.292954492117025
"16230",0.106292474158431
"16231",0
"16232",0.0758869297249585
"16233",1.09856457141901
"16234",0
"16235",0
"16236",0
"16237",0.856409922084064
"16238",0.355181950343036
"16239",1.60745319784689
"16240",1.60586662469369
"16241",1.50953478603445
"16242",1.29682715651121
"16243",1.4415414173857
"16244",0.0912302729808493
"16245",0.588809998181505
"16246",0
"16247",1.53139246494425
"16248",0.195579844674388
"16249",0.0968389562675864
"16250",0.157186886008021
"16251",0
"16252",0
"16253",0.319133550215255
"16254",0.767962689574845
"16255",0.286562727906707
"16256",0.4226973082788
"16257",0.144363181830917
"16258",0.0208572959524809
"16259",0.0208572959524809
"16260",0
"16261",0.149107293467843
"16262",0
"16263",0
"16264",0
"16265",0.917701801024996
"16266",0.253962276656369
"16267",0.705219505100379
"16268",0.199252407023377
"16269",1.75494548775526
"16270",0.0531696172853074
"16271",0
"16272",0
"16273",0.399892735267127
"16274",0
"16275",0.726372225231446
"16276",0.599869432429904
"16277",0.487878563738915
"16278",0.0681049414137498
"16279",0.996904853182809
"16280",0.541514662933156
"16281",0.278959283642138
"16282",0.234169415972909
"16283",0.473403914292076
"16284",0.109058520171343
"16285",0.148910210607895
"16286",0
"16287",0.0740791323097181
"16288",1.97615614436538
"16289",0
"16290",1.54103148379457
"16291",0
"16292",0.494704604756063
"16293",0.769597744945468
"16294",0.866279847851669
"16295",0
"16296",0.0615066946691698
"16297",0
"16298",0
"16299",0
"16300",0
"16301",0
"16302",0.51374990185788
"16303",0.162546977656003
"16304",0.749620158674949
"16305",0.165702423812304
"16306",0.705378787808306
"16307",0.604841601610259
"16308",0.402603195819319
"16309",0.380994118201134
"16310",0.431678601172692
"16311",0.267869067709353
"16312",0.297937115290849
"16313",1.00361597412843
"16314",0
"16315",1.96448195746695
"16316",0.226618812439911
"16317",2.96031980614916
"16318",0.639857987020345
"16319",0.149799092334579
"16320",0
"16321",0.412953580329367
"16322",0
"16323",0
"16324",0
"16325",0.408312568887051
"16326",0
"16327",0
"16328",0
"16329",0.229352179085514
"16330",0
"16331",0
"16332",0.412212260123249
"16333",0
"16334",0
"16335",0
"16336",0.0392819351136685
"16337",0
"16338",0.225173645673469
"16339",0.101928629745693
"16340",0.504168739830067
"16341",0.605149510653983
"16342",0.364639838073088
"16343",1.93950584415848
"16344",2.18985206557762
"16345",0.5266426826387
"16346",0.860202875490097
"16347",0
"16348",1.30833410363915
"16349",0.0429700111500164
"16350",0.552426293186179
"16351",0.397030836990877
"16352",0.123295792942359
"16353",0.19285320755817
"16354",0.816714162035173
"16355",0
"16356",0.404718812233239
"16357",0.256676310013333
"16358",0.135433002603363
"16359",0.410869399399773
"16360",1.13558010479403
"16361",1.25609782365257
"16362",0.0734100537604072
"16363",0
"16364",0
"16365",0.161312467196133
"16366",0
"16367",0.423529200431421
"16368",0
"16369",1.27358627661214
"16370",0
"16371",0.622331979641554
"16372",0
"16373",0
"16374",0
"16375",0.488945546936312
"16376",0.0704317945610147
"16377",0
"16378",0
"16379",0
"16380",0.0225885113306568
"16381",0
"16382",0
"16383",0
"16384",0.213159829902069
"16385",0
"16386",0.16039002056612
"16387",0.464317939592279
"16388",0.769399495760549
"16389",0
"16390",1.83696368050202
"16391",1.07006689167594
"16392",0
"16393",0
"16394",0.798977246942127
"16395",0.900339607290472
"16396",0.456272811144703
"16397",1.25832632143974
"16398",0
"16399",0.0533141802931922
"16400",0
"16401",0.224128299010107
"16402",0
"16403",0
"16404",0.264002494680584
"16405",0.128168035131718
"16406",0.407781724205935
"16407",0
"16408",0.668303512762906
"16409",0
"16410",0.440972995608528
"16411",0
"16412",0
"16413",0
"16414",0.335436324036422
"16415",0
"16416",0.134274379238988
"16417",0
"16418",0.411394894756129
"16419",0.163302693406097
"16420",0
"16421",0.162671346927196
"16422",0
"16423",0.4407196021981
"16424",0
"16425",0
"16426",0
"16427",0
"16428",0
"16429",0.0497207233217682
"16430",0.155063694903956
"16431",0.398481654564108
"16432",0
"16433",0.424498837133132
"16434",0.170790024434304
"16435",0.738478730244571
"16436",0
"16437",1.17176423118066
"16438",0.287836915291987
"16439",0.932889913772911
"16440",1.47299735109796
"16441",0
"16442",1.63101805351297
"16443",0.366471314125617
"16444",0.635979675710884
"16445",0.0779551759996961
"16446",0
"16447",0.948299012138122
"16448",0.0662525894606496
"16449",0.128168035131718
"16450",0.407781724205935
"16451",0.702000397263074
"16452",0.101082394567152
"16453",0.398675090069796
"16454",0
"16455",0.288197029456231
"16456",0.0378172976456323
"16457",0
"16458",0
"16459",0.0340361679578565
"16460",0
"16461",0
"16462",0
"16463",0
"16464",0.0348919222357816
"16465",0
"16466",0
"16467",0
"16468",0
"16469",0
"16470",0.171307787279222
"16471",0.0793481777915699
"16472",0
"16473",0
"16474",0
"16475",0
"16476",0.581453913658981
"16477",0
"16478",0.722536785397596
"16479",0.144683586740182
"16480",0
"16481",0.414133287858836
"16482",0
"16483",0.715274174781715
"16484",0.274985483732353
"16485",1.50140609428137
"16486",0.127011091808788
"16487",0.0476924862984442
"16488",0.742663347729025
"16489",0.19800554799448
"16490",0.650446907287207
"16491",0.139714922218495
"16492",0.450448650141201
"16493",0.227085983328813
"16494",0.367300557706896
"16495",0.350609846572334
"16496",0
"16497",0.0960402799126986
"16498",0.18570347610887
"16499",0
"16500",0
"16501",0
"16502",0
"16503",0
"16504",0
"16505",0
"16506",0
"16507",0
"16508",0
"16509",0
"16510",0.284097103643731
"16511",0
"16512",0.37376038201161
"16513",0.264294016133442
"16514",0
"16515",0.700839425802531
"16516",0
"16517",0.43727941351549
"16518",0.559827093685549
"16519",0.234556096740412
"16520",0.351718241727803
"16521",0.642969688763192
"16522",1.38523925936596
"16523",0
"16524",1.00247893044182
"16525",0.870521292623638
"16526",0.0485513067029242
"16527",0.623110286688282
"16528",1.00408256811484
"16529",0.295691264012114
"16530",0.189471021757842
"16531",0.563353225026658
"16532",0.403841003347373
"16533",0.378434027385825
"16534",0
"16535",0
"16536",0
"16537",0
"16538",0
"16539",0.0626204645115158
"16540",0.0448041072497691
"16541",0.0451130073304377
"16542",0.045433596612006
"16543",0.0457554653311095
"16544",0.0450498049892261
"16545",0.0430644845831335
"16546",0.0409634000600471
"16547",0
"16548",0.036904896470313
"16549",0.0642496686458824
"16550",0.0801396821860836
"16551",0.306570489212862
"16552",0.347522165983626
"16553",0
"16554",0
"16555",0.239946549489858
"16556",0.184573479092078
"16557",0.690035304239151
"16558",0.182826664737227
"16559",0.370918203364899
"16560",0.396804412089074
"16561",0.646114995650434
"16562",0.672592985026228
"16563",0.0501240517200567
"16564",0
"16565",0.552861265368347
"16566",0.75920088409779
"16567",0.500941478035353
"16568",0.744348547067615
"16569",0.0161559846692862
"16570",0.230270741797963
"16571",0
"16572",0.168262596718635
"16573",0
"16574",0
"16575",0
"16576",0.0386811522266684
"16577",0.0323958973305524
"16578",0.0312003414454941
"16579",0.0312003414454941
"16580",0.0312003414454941
"16581",0.0312003414454941
"16582",0.159450338960856
"16583",0.0312003414454941
"16584",0.00568231253570428
"16585",0
"16586",0.385611005071194
"16587",0.204267548034669
"16588",0
"16589",0.211494394474121
"16590",0.235479571832639
"16591",0
"16592",0.156021480098832
"16593",0.3367397398508
"16594",0.180566348782726
"16595",0
"16596",0
"16597",0.531931662374073
"16598",0.189533002291691
"16599",0.718134755128063
"16600",0.665134703913276
"16601",0.486292999323153
"16602",0.0366164977888177
"16603",0.412380977241474
"16604",0.241854608655822
"16605",0.677109799839666
"16606",0
"16607",0
"16608",0.11524247710204
"16609",0
"16610",0
"16611",0
"16612",0.0187661367525556
"16613",0.0344374332542405
"16614",0.0312003414454941
"16615",0.0312003414454941
"16616",0.0312003414454941
"16617",0.287700336476218
"16618",0.212766017880489
"16619",0.287700336476218
"16620",0.0312003414454941
"16621",0
"16622",2.33921877291765e-05
"16623",0
"16624",0
"16625",0
"16626",0.144984631409805
"16627",0.126799107631205
"16628",0.128945373655989
"16629",0
"16630",0.462124177334534
"16631",0.578003839248923
"16632",0.0754138022036719
"16633",0.620681325636499
"16634",1.35660555717002
"16635",0
"16636",0.950346577092259
"16637",0
"16638",0.349021541781644
"16639",0
"16640",1.24544426980422
"16641",1.75228037190629
"16642",0.0339555292859222
"16643",0.979825393598462
"16644",0.012871053832703
"16645",0
"16646",0
"16647",0
"16648",0.0365526079368192
"16649",0.0312003414454941
"16650",0.0312003414454941
"16651",0.159450338960856
"16652",0.212766017880489
"16653",0.817937611696784
"16654",0.212766017880489
"16655",0.159450338960856
"16656",0.0312003414454941
"16657",0.152630177901875
"16658",0.409450324178954
"16659",0
"16660",0.281200326663592
"16661",0.159450338960856
"16662",0.287700336476218
"16663",0.212082367585012
"16664",0.277476037200854
"16665",0.275497898879362
"16666",0
"16667",0
"16668",0.60836950857044
"16669",0
"16670",1.05363072837727
"16671",0
"16672",0.355620786818937
"16673",0
"16674",1.19940041225344
"16675",0.957999302086995
"16676",0.392214592099498
"16677",0
"16678",0.209583925727595
"16679",0.012871053832703
"16680",0.0384639847340455
"16681",0
"16682",0
"16683",0
"16684",0.0312003414454941
"16685",0.0312003414454941
"16686",0.0312003414454941
"16687",0.287700336476218
"16688",0.212766017880489
"16689",0.287700336476218
"16690",0.0312003414454941
"16691",0
"16692",0.672450329022303
"16693",0.787700326789519
"16694",0.665950319209677
"16695",0.537700331632868
"16696",0.287700336476218
"16697",0.212766017880489
"16698",0.817937611696784
"16699",0.212766017880489
"16700",0.149500030903952
"16701",0.465714956004375
"16702",0.217003278779025
"16703",0
"16704",0
"16705",0
"16706",1.17387118770752
"16707",0
"16708",1.24051699363886
"16709",0.0103747553058597
"16710",0.719620135825177
"16711",1.17836914360275
"16712",0.219499892120428
"16713",1.2155335417068
"16714",0.243206831272719
"16715",0
"16716",0.192696651521626
"16717",0.0712281433579811
"16718",0.428098387464026
"16719",0
"16720",0.0312003414454941
"16721",0.0312003414454941
"16722",0.0312003414454941
"16723",0.159450338960856
"16724",0.0312003414454941
"16725",0
"16726",0.946187609212146
"16727",0.712766008193791
"16728",1.31370031659911
"16729",0.659450329274157
"16730",0.415950333991579
"16731",0.0312003414454941
"16732",0.287700336476218
"16733",0.212766017880489
"16734",0.287700336476218
"16735",0
"16736",0.425400005914132
"16737",0.45935975962077
"16738",0.452859749808144
"16739",0
"16740",1.27464084590915
"16741",0.77350900595702
"16742",0.533863678994313
"16743",0
"16744",0.213636835336504
"16745",0.336175724734908
"16746",0
"16747",0.272125110003085
"16748",0.151662725724289
"16749",0.151662725724289
"16750",0.151662725724289
"16751",0.0312003414454941
"16752",0.0312003414454941
"16753",0.287700336476218
"16754",0.46276601303714
"16755",1.31370031659911
"16756",0.781200326915446
"16757",0.672450329022303
"16758",0.0312003414454941
"16759",0.0312003414454941
"16760",0.0312003414454941
"16761",0.159450338960856
"16762",0.151662725724289
"16763",0.272125110003085
"16764",0.272125110003085
"16765",0.151662725724289
"16766",0.151662725724289
"16767",0.664662715785737
"16768",0.531200331758795
"16769",0.792912713301098
"16770",0.151662725724289
"16771",0.151662725724289
"16772",0.151662725724289
"16773",0.151662725724289
"16774",0.272125110003085
"16775",0.649087489312604
