"","x"
"1",3
"2",0.778789137663375
"3",0.545173807796394
"4",0.0779431480624319
"5",0.545173807796394
"6",0.311558477929413
"7",0.0779431480624319
"8",1.02727989731899
"9",0
"10",0.965729227226418
"11",0
"12",0
"13",0
"14",0
"15",0.467507151049251
"16",0.031895353087715
"17",0.543294327854501
"18",0
"19",0
"20",0
"21",0.624721412732453
"22",0.346158997882782
"23",0
"24",0.0924203225965937
"25",0
"26",0
"27",0
"28",0
"29",0
"30",0
"31",0
"32",0.341200012100765
"33",0.133422566702203
"34",0.0383343433541667
"35",0.524523931491473
"36",0.871907687927838
"37",0.646923068748319
"38",0
"39",0.94874018969041
"40",0
"41",0.0851274607716455
"42",0.203167349043706
"43",0.220670320111956
"44",0
"45",0.226058300324511
"46",0
"47",0
"48",0
"49",0
"50",0
"51",0
"52",0
"53",0.455492285629135
"54",0
"55",0
"56",0.0596566817473595
"57",0
"58",0.422679892805229
"59",0.979647346730892
"60",0
"61",0.56122622723271
"62",0.204544121653361
"63",0.134390168909786
"64",0.0505466754312781
"65",0
"66",0.0745218007932081
"67",0.205781693941788
"68",0
"69",0
"70",0
"71",0.0978083028091491
"72",0
"73",0
"74",0
"75",0
"76",0
"77",0.157289704658832
"78",0.0226667288390725
"79",0
"80",0
"81",0
"82",0.261979360634832
"83",0
"84",0
"85",0
"86",0.704475392951556
"87",0.111364403790893
"88",0
"89",0
"90",0
"91",0
"92",0.0766176243546653
"93",0.0615217387185691
"94",0.220670320111956
"95",0
"96",0.354308297839873
"97",0
"98",0
"99",0
"100",0
"101",0
"102",0
"103",0.278600210492163
"104",0
"105",0
"106",0.132457394585373
"107",0
"108",0.334739477138395
"109",0.178437235497885
"110",0
"111",0.816900469776407
"112",0.136967113920285
"113",0
"114",0
"115",0
"116",0
"117",0
"118",0.247022143913958
"119",0.22232474908912
"120",0
"121",0.58487839565854
"122",0.1592072258468
"123",0.0913082929965233
"124",0
"125",0.226058300324511
"126",0
"127",0
"128",0
"129",0
"130",1.08129050260362
"131",0
"132",0.166725090424921
"133",0.739363253493936
"134",0
"135",0.712521712771747
"136",0.0479727268111027
"137",0.541883982896358
"138",0.24013551063892
"139",0.0382571210996513
"140",0.161932342696764
"141",0
"142",0
"143",0
"144",0
"145",0
"146",0.285937961790891
"147",0.137934235928043
"148",0.125469505428589
"149",0
"150",0.237160474977108
"151",0
"152",0
"153",0
"154",0.189191126983428
"155",0
"156",0
"157",0
"158",0.0978019968165115
"159",0
"160",0
"161",0
"162",0
"163",0
"164",0.566840166089193
"165",0
"166",0
"167",0
"168",0
"169",0
"170",0.590391757588347
"171",0
"172",0.928986054761811
"173",0
"174",0.263719567744385
"175",0
"176",0
"177",0
"178",0
"179",0
"180",0.2554754388877
"181",0.276944047112795
"182",0
"183",0.703435670508908
"184",0
"185",0.309501448703519
"186",0.703113467886304
"187",0
"188",0
"189",0.44336857548064
"190",0
"191",0
"192",0
"193",0
"194",0
"195",0
"196",0
"197",0
"198",0.667950472314258
"199",0
"200",1.26425392673657
"201",0.0343311610174926
"202",0.138257481496619
"203",0
"204",0
"205",0
"206",0
"207",0
"208",0.351091574465234
"209",0
"210",0.167518050531482
"211",0
"212",0.16487019910806
"213",0
"214",0
"215",0.155267378622634
"216",0.448973206898661
"217",0.0317069197310069
"218",0.00288966732195184
"219",0.343720114546676
"220",0
"221",0
"222",0
"223",0.0166750763980669
"224",0.241840944531496
"225",0
"226",0.0894374647980047
"227",0
"228",0
"229",0.122604511784624
"230",1.3980217069334
"231",0
"232",0
"233",0
"234",0.510811752086891
"235",0
"236",0.618971451432788
"237",0
"238",0.745806615655623
"239",0
"240",0.43003674009632
"241",0.0764180096913797
"242",0.0139382893298939
"243",0.275110183301326
"244",0
"245",0.16487019910806
"246",0
"247",0
"248",0
"249",0.154893802312752
"250",0
"251",0
"252",0.512401370108072
"253",0
"254",0.388813347550424
"255",0.0689725595498594
"256",0
"257",0.0716050254420068
"258",0.115570605069926
"259",0.37404053650911
"260",0
"261",0.226058300324511
"262",0
"263",0.0553737319787296
"264",0.455945852789028
"265",0
"266",1.1467619696763
"267",0
"268",0.0630097712366218
"269",0.171882315513874
"270",0.452406237620602
"271",0
"272",0.714017698426477
"273",0
"274",0.102038786208111
"275",0.257796277277068
"276",0
"277",0.214963242949729
"278",0
"279",0
"280",0.0511823936795899
"281",0.262666055454722
"282",0.473183336862532
"283",0.0603043702509662
"284",0
"285",0
"286",0.0839940586219816
"287",0
"288",0
"289",0
"290",0
"291",0.0839079915734988
"292",0.339903577285903
"293",0
"294",0.46836995145851
"295",0.0464030045466298
"296",0.148861496848028
"297",0
"298",0
"299",0
"300",0.0864197095656933
"301",0
"302",0.0448290741959478
"303",0
"304",0
"305",0.57737940097299
"306",0.0707450184355835
"307",0.650717425382369
"308",0.1764124154942
"309",0.512408622944346
"310",0.302795139315674
"311",0
"312",0.00175378228402001
"313",0.275935899325379
"314",0
"315",0.315488929473388
"316",0
"317",0
"318",0
"319",0.203453457818012
"320",0
"321",0.233084024202741
"322",0
"323",0.379765668823448
"324",0
"325",0.168032369506973
"326",0.152807765126812
"327",0.0603043702509662
"328",0
"329",0
"330",0
"331",0.218188271722773
"332",0.201524901541055
"333",0
"334",0.464997804495707
"335",0.126283552209874
"336",0
"337",0
"338",0
"339",0.106789279817742
"340",0.0368945813349523
"341",0.219428183276292
"342",0
"343",0.180447609479701
"344",0
"345",0
"346",0
"347",0.526259038893389
"348",0.00675903901931629
"349",0.503525348651295
"350",0
"351",0.203846759152313
"352",0
"353",0
"354",0
"355",0.0468343747490672
"356",0.324938328401675
"357",0
"358",0
"359",0
"360",0
"361",0
"362",0.173483465981587
"363",0
"364",0.0295436886196613
"365",0
"366",0
"367",0.100770603997496
"368",0
"369",0
"370",0
"371",0.156098995487365
"372",0.0783292631196849
"373",0
"374",0.116092571952043
"375",0.188553728767943
"376",0
"377",0
"378",0
"379",0.0417509941371629
"380",0
"381",0
"382",0
"383",0.193242314202447
"384",0.233549615913884
"385",0
"386",0.24040319862123
"387",0
"388",0.0541635099853345
"389",0
"390",0.0780042673381695
"391",0.0199357165578317
"392",0.000361037737336839
"393",0
"394",0
"395",0.0709572205125502
"396",0
"397",0
"398",0
"399",0.398009041378027
"400",0.101061120838956
"401",0.461860409838861
"402",0.130321626891583
"403",0
"404",0.34026970391525
"405",0
"406",0.179052979638111
"407",0
"408",0
"409",0.211616371914657
"410",0
"411",0
"412",0
"413",0.572289595678978
"414",0.144503287020155
"415",0.118265549116355
"416",0.177896802335304
"417",0
"418",0.426359116397672
"419",0
"420",0
"421",0.674587793733103
"422",0
"423",0.606834825746086
"424",0.443786150949982
"425",0
"426",0.0494636142031666
"427",0
"428",0
"429",0.209623424908385
"430",0
"431",0.0116256367122909
"432",0
"433",0.234082289791066
"434",0
"435",0.17665670525338
"436",0.018919296236502
"437",0
"438",0.11475287264828
"439",0.030136009672766
"440",0.0398213609170556
"441",0.101228670204924
"442",0
"443",0.107745636962007
"444",0
"445",0
"446",0
"447",0
"448",0
"449",0.0720706853697357
"450",0.387129623973881
"451",0
"452",0
"453",0.248000209054374
"454",0.269759043862666
"455",0.101061120838956
"456",0
"457",0
"458",0
"459",0.0552828389750285
"460",0
"461",0
"462",0.0976188107743954
"463",0.157554863044711
"464",0
"465",0.0628227738478169
"466",0.0698423438944621
"467",0
"468",0
"469",0.319399735634276
"470",0.0121359904667614
"471",0.173319265777462
"472",0.22486780659688
"473",0
"474",0
"475",0
"476",0.135753751257022
"477",0.40591848606082
"478",0
"479",0
"480",0
"481",0.233611206892841
"482",0
"483",0
"484",0.00413577816652683
"485",1.1323831759729
"486",0.00385449604162069
"487",0
"488",0
"489",0.109160463943692
"490",0.012146872049039
"491",0
"492",0
"493",0.070538208635771
"494",0
"495",0.00582771552952394
"496",0
"497",0.176947972286449
"498",0
"499",0
"500",0
"501",0.22168794218538
"502",0
"503",0.224881666838381
"504",0
"505",0
"506",0
"507",0
"508",0
"509",0
"510",0.0670967562084144
"511",0.25887962645852
"512",0
"513",0
"514",0
"515",0.25887962645852
"516",0.032586859303281
"517",0.0325749688201331
"518",0.718360404869585
"519",0
"520",0.440032831521114
"521",0
"522",0
"523",0
"524",0
"525",0
"526",0
"527",0.172580230706829
"528",0
"529",0.146417721212461
"530",0.163785037837381
"531",0.213616458551373
"532",0
"533",0
"534",0
"535",0.672218740451005
"536",0
"537",0.407825461712294
"538",0.0170304482589307
"539",0.0819447625753353
"540",0.414785747068531
"541",0
"542",0.432524332187545
"543",0.014019280719381
"544",0
"545",0.0033027839080087
"546",0.834661999953091
"547",0
"548",0
"549",0.00480839065742888
"550",0.0631041100595771
"551",0
"552",0
"553",0.105299618398522
"554",0
"555",0.0441123977874905
"556",0
"557",0
"558",0.320517920920916
"559",0
"560",0.241008080532168
"561",0
"562",0.157220817425891
"563",0
"564",0.0966316693230187
"565",0
"566",0
"567",0
"568",0.0966316693230187
"569",0
"570",0
"571",0
"572",0
"573",0
"574",0
"575",0.248762097446219
"576",0.0670967562084144
"577",0.130629628943158
"578",0.504500204085097
"579",0
"580",0.504500204085097
"581",0.130629628943158
"582",0
"583",0.029792744242875
"584",0.53574199519281
"585",0
"586",0
"587",0
"588",0.18353283649039
"589",0
"590",0
"591",0
"592",0
"593",0
"594",0
"595",0.0646619836111479
"596",0
"597",0.0202349900754347
"598",0.0262588305138315
"599",0.546546451916726
"600",0
"601",0.244926572795767
"602",0
"603",0
"604",0
"605",0.182197845405463
"606",0
"607",0.445284397151547
"608",0.0277653976134683
"609",0.224450508133582
"610",0
"611",0.138168200167909
"612",0.663620268550932
"613",0
"614",0
"615",0
"616",0.538939015791526
"617",0.591477422754622
"618",0.328446113046723
"619",0.865723163374015
"620",0.0543764695923485
"621",0
"622",0
"623",0
"624",0.361799613429245
"625",0
"626",0
"627",0
"628",0.0186333571279678
"629",0.00128420287982195
"630",0
"631",0.105624775808897
"632",0
"633",0
"634",0
"635",0.0966316693230187
"636",0
"637",0.224881666838381
"638",0
"639",0.224881666838381
"640",0
"641",0
"642",0
"643",0
"644",0
"645",0
"646",0.430427438684023
"647",0
"648",0.505262092476942
"649",0.398009041378027
"650",0
"651",0
"652",0
"653",0.643629619004605
"654",0.107694652738458
"655",0.129518563677352
"656",0
"657",0.594237237650843
"658",0
"659",0.156175353547753
"660",0.488429929234985
"661",0
"662",0.56178281922385
"663",0.18353283649039
"664",0
"665",0.671834331255698
"666",0
"667",0
"668",0.209505395188972
"669",0
"670",0.377580732787755
"671",0.720204135682493
"672",0
"673",0.186127084997099
"674",0.0531875788170351
"675",0
"676",0.463662359210199
"677",0
"678",0.452744178586469
"679",0
"680",0
"681",0
"682",0.240547059799835
"683",0.225701410290593
"684",0
"685",0.249239021100371
"686",0
"687",0.616714997076206
"688",0
"689",0.552676553637589
"690",0.249907192312729
"691",0.177950971858848
"692",0.155619254767125
"693",0.149272908790437
"694",0.161940196180161
"695",0.772671293152971
"696",0
"697",1.15560216734326
"698",0
"699",0.583339627695263
"700",0.371716778157426
"701",0
"702",0.361799613429245
"703",0
"704",0
"705",0
"706",0
"707",0
"708",0
"709",0
"710",0.0110197537746461
"711",0.257715912359572
"712",0
"713",0.145982417510161
"714",0
"715",0
"716",0
"717",0.0966316693230187
"718",0
"719",0
"720",0
"721",0
"722",0
"723",0
"724",0.17904188689827
"725",0
"726",0
"727",0
"728",0.387129623973881
"729",0
"730",1.41974639379876
"731",0
"732",1.02968255644304
"733",0
"734",0.146535013784487
"735",0
"736",0.626315955908969
"737",0
"738",0
"739",0
"740",0.623185378922586
"741",0
"742",0.631631229441992
"743",0
"744",0
"745",0
"746",0.318963401978167
"747",1.50381004845379
"748",0
"749",1.03172717243296
"750",0.318205058212684
"751",0
"752",0
"753",0
"754",0
"755",0
"756",0
"757",0
"758",0.707292264338053
"759",0
"760",0.0453458832280575
"761",0
"762",0.922300645893668
"763",0
"764",0.746685859111679
"765",0
"766",0
"767",0
"768",0
"769",0
"770",0
"771",0.678743704696611
"772",0
"773",0
"774",0.409091808405055
"775",0
"776",0
"777",0.36985178915011
"778",0
"779",0
"780",0
"781",0.261820626647779
"782",0
"783",0
"784",0.105299618398522
"785",0
"786",0
"787",0
"788",0
"789",0
"790",0
"791",0
"792",0.00259660970096937
"793",0.0425051990455627
"794",0.0119046293590789
"795",0.233616891849239
"796",0
"797",0
"798",0
"799",0
"800",0
"801",0
"802",0
"803",0
"804",0
"805",0
"806",0
"807",0.180619809444965
"808",0.167427433840673
"809",0
"810",0.130629628943158
"811",0.69282480234118
"812",0
"813",0
"814",0
"815",0
"816",0
"817",0.323278587552192
"818",0.0108928397131809
"819",0.297974712477639
"820",0
"821",0.500147642836216
"822",0.28014504099325
"823",0.86775064672818
"824",0
"825",0.93719681563721
"826",0
"827",0.113607721209128
"828",0.791311353204448
"829",0
"830",0
"831",0
"832",0.463206904612007
"833",0.164580573745682
"834",0
"835",0.520790743740894
"836",0.537875168730694
"837",0
"838",0.941272517655503
"839",0.634111070556233
"840",0
"841",0.678494888879381
"842",0
"843",0.23792296154019
"844",0
"845",0
"846",0
"847",0.116323451611008
"848",0.0523821355887789
"849",0.0141643639758583
"850",0.433886216099018
"851",0
"852",0.0475310851713338
"853",0
"854",0
"855",0
"856",0
"857",0.381929370765559
"858",0
"859",0.242428721078058
"860",0.85957036546174
"861",0
"862",0.753184446920315
"863",0
"864",0.217197462692098
"865",0
"866",0
"867",0
"868",0
"869",0
"870",0
"871",0
"872",0
"873",0
"874",0.279484233688485
"875",0
"876",0.139310344626616
"877",0
"878",0
"879",0
"880",0
"881",0
"882",0
"883",0
"884",0
"885",0
"886",0
"887",0
"888",0.14903491717515
"889",0
"890",0.414877993287092
"891",0.113140913940692
"892",0.329574722656372
"893",0.257819763051028
"894",0.623145636756698
"895",0
"896",1.72205581852894
"897",0.634186150337766
"898",0
"899",0
"900",0
"901",0.225169490288782
"902",0
"903",0.722346032122671
"904",0
"905",0.139532507779867
"906",0
"907",0
"908",0
"909",0.90289038403889
"910",0.282375802487854
"911",0.303823893287726
"912",0.644932501769726
"913",0
"914",1.21094057563533
"915",0
"916",0.769961100454067
"917",0
"918",0.734640324497508
"919",0.369458072641973
"920",0.215269637382764
"921",1.19972614084752
"922",0
"923",1.12404149092722
"924",0.512520661896321
"925",0
"926",0.28696499570719
"927",1.02445295615971
"928",0
"929",0.452834770937431
"930",0
"931",0
"932",0.0768719750593677
"933",0
"934",0.279060741957351
"935",0
"936",0.271068433959032
"937",0.651630601519014
"938",0
"939",0.468582071167716
"940",0
"941",0.315839056324086
"942",0
"943",0.699408857729605
"944",0.392753918893395
"945",0
"946",0
"947",0.100138154771224
"948",0
"949",0
"950",0
"951",0
"952",0
"953",0
"954",0.00889874755709197
"955",0.00720491401084938
"956",0.368439435879833
"957",0
"958",0
"959",0
"960",0.0775433118365279
"961",0
"962",0
"963",0
"964",0
"965",0
"966",0
"967",0
"968",0.000533699912319788
"969",0
"970",0.324108666908763
"971",0
"972",0
"973",0.137125902160206
"974",0
"975",0.322725575061599
"976",0.372509218543098
"977",0
"978",0
"979",0.416679394589442
"980",0
"981",0.772032559404068
"982",0
"983",0.837565363441732
"984",0
"985",0.536993560190413
"986",0
"987",0.17831594437844
"988",0.587726407070868
"989",0
"990",0
"991",0.774091562735876
"992",0
"993",0.698736153395561
"994",1.16912813873741
"995",0
"996",0.599936569520127
"997",0
"998",1.41958275726548
"999",0.235491795073254
"1000",0.7564842065386
"1001",0
"1002",0
"1003",0
"1004",0.623717530775328
"1005",1.58063377865978
"1006",0
"1007",0
"1008",0
"1009",0.651046649804807
"1010",0
"1011",0
"1012",0.930675387877695
"1013",0.114641751092385
"1014",0
"1015",0
"1016",0.0348770510831649
"1017",0.341339913453977
"1018",0
"1019",0
"1020",0
"1021",0.237110717496622
"1022",0
"1023",0
"1024",0.0800443934853494
"1025",0.503345361649911
"1026",0
"1027",0
"1028",0
"1029",0.538749583564034
"1030",0.426836005428009
"1031",0.23071372357181
"1032",0
"1033",0
"1034",0
"1035",0
"1036",0.108271751855552
"1037",0
"1038",0.0291966707591539
"1039",0
"1040",0.509486335663507
"1041",0
"1042",0.695562045866391
"1043",0
"1044",0.455731547446112
"1045",0
"1046",0
"1047",0
"1048",0
"1049",0
"1050",0.240856624716592
"1051",0
"1052",0.00414226654715615
"1053",0
"1054",0.329581941140384
"1055",0
"1056",0.688543437680339
"1057",0.0625372864126079
"1058",0
"1059",0
"1060",0
"1061",0.120512099930857
"1062",0
"1063",0.265999382605338
"1064",0
"1065",0.908773975682177
"1066",0
"1067",0
"1068",0
"1069",0
"1070",0
"1071",0
"1072",0
"1073",0.253230608230544
"1074",0.660858264390946
"1075",0
"1076",1.86613250702537
"1077",0
"1078",1.25831270973567
"1079",0.702942294843453
"1080",0
"1081",0
"1082",0
"1083",0
"1084",0
"1085",0
"1086",1.18625345866751
"1087",0.658414448093423
"1088",0.764886299014716
"1089",0.0283646894638219
"1090",0
"1091",0
"1092",0
"1093",0.764840416887474
"1094",0.277570230800913
"1095",0
"1096",0
"1097",0.741313668150045
"1098",0
"1099",0
"1100",0.691359131398404
"1101",0
"1102",0.443653766272217
"1103",0
"1104",0
"1105",0.708499660453974
"1106",0
"1107",0.677216180312736
"1108",0
"1109",0.271417571132469
"1110",0
"1111",0.147361584439233
"1112",0
"1113",0
"1114",0
"1115",0
"1116",0
"1117",0
"1118",0
"1119",0.189746741057682
"1120",0.0797317245783219
"1121",0
"1122",0
"1123",0
"1124",0.212671213258661
"1125",0
"1126",0.259858813300037
"1127",0
"1128",0.41400650055885
"1129",0
"1130",0
"1131",0
"1132",0.370678468613799
"1133",0.169003433242477
"1134",0.167706777826012
"1135",0.0365085153885105
"1136",0.193107029481918
"1137",0.237108056314385
"1138",0
"1139",0
"1140",0
"1141",0
"1142",0.177967351479846
"1143",0
"1144",0
"1145",0
"1146",0
"1147",0
"1148",0
"1149",0.430427438684023
"1150",0
"1151",0.173927443653299
"1152",0
"1153",0
"1154",0.0670967562084144
"1155",0.853277231349468
"1156",0
"1157",1.61979874996719
"1158",0
"1159",0.569731745104995
"1160",0.414265699485106
"1161",0
"1162",0.619234732996778
"1163",0.757086574496894
"1164",0
"1165",0
"1166",0
"1167",0
"1168",0
"1169",0.898087906965857
"1170",0.270222868527287
"1171",0
"1172",0
"1173",1.49184097664376
"1174",0
"1175",1.04472538482341
"1176",0.632977743824696
"1177",0
"1178",0
"1179",0
"1180",0
"1181",0
"1182",0
"1183",0
"1184",0.539215576088603
"1185",0
"1186",0.404030849665308
"1187",0
"1188",0
"1189",0.445299352750472
"1190",0.149224379567075
"1191",0
"1192",0
"1193",0.174207901404093
"1194",0.598473392041531
"1195",0
"1196",0
"1197",0
"1198",0.340243562866597
"1199",0
"1200",0.323630877679235
"1201",0
"1202",0.269591313293605
"1203",0.236440900973663
"1204",0.167629974196755
"1205",0
"1206",1.22038705328988
"1207",0.0932720006122716
"1208",0.573844601584666
"1209",0.0168960594038888
"1210",0
"1211",0
"1212",0
"1213",0.0596119772130199
"1214",0
"1215",0
"1216",0
"1217",0.116491238244544
"1218",0
"1219",0.354074480805567
"1220",0
"1221",0.536695446354483
"1222",0
"1223",0.149048809233557
"1224",0
"1225",0.0170802914988166
"1226",0.1106085221087
"1227",0.0700360100202602
"1228",0.422507326222804
"1229",0
"1230",0.161740938767602
"1231",0
"1232",0
"1233",0
"1234",0
"1235",1.01316959780262
"1236",0
"1237",0.255609566157055
"1238",0.5332019873607
"1239",0
"1240",0.430427438684023
"1241",0
"1242",0.361993119962367
"1243",0
"1244",0
"1245",0.142268050869804
"1246",0.141383770336191
"1247",0.0558664310202805
"1248",0
"1249",0
"1250",0.100344589531968
"1251",0.182131027285417
"1252",0
"1253",1.15120047438899
"1254",0
"1255",0
"1256",0
"1257",0.881459563707465
"1258",0
"1259",0
"1260",1.58867902440326
"1261",0.0835578288907707
"1262",0.187037505675755
"1263",0.159018579746567
"1264",0
"1265",0
"1266",0.591637566547211
"1267",0.593156077986684
"1268",0
"1269",0.285159432964579
"1270",0.981613675696883
"1271",0
"1272",1.3783439127891
"1273",0
"1274",1.42687956466257
"1275",0.0107822773090573
"1276",0.53321720720732
"1277",0.529665683949493
"1278",0.612308246666059
"1279",0.0182067689500927
"1280",0.0989031762300161
"1281",0.260753425885837
"1282",0
"1283",0
"1284",0
"1285",0
"1286",0.735122823474226
"1287",0
"1288",0.683664497611492
"1289",0
"1290",0.0705305700383569
"1291",0
"1292",0
"1293",0
"1294",0
"1295",0.117053650176031
"1296",0.251879238450126
"1297",0
"1298",0.587499576097941
"1299",0
"1300",0
"1301",0
"1302",0
"1303",0
"1304",0
"1305",0.316111972243744
"1306",0
"1307",0.239280778882957
"1308",0
"1309",0.555241128254323
"1310",0
"1311",0.695587208069639
"1312",0
"1313",0
"1314",0.16522558922889
"1315",0
"1316",0
"1317",0.483447657294228
"1318",0
"1319",0
"1320",0
"1321",0
"1322",0.00509011547857341
"1323",0.827189033352368
"1324",0
"1325",1.42296148104973
"1326",0
"1327",0
"1328",0
"1329",0.325610326877686
"1330",0.116773956576688
"1331",0
"1332",0
"1333",0
"1334",0.0370588062099882
"1335",0.265999382605338
"1336",0
"1337",0
"1338",0
"1339",0.541305536689587
"1340",0
"1341",1.47829506597056
"1342",0.327981619123202
"1343",0.432843618947674
"1344",0
"1345",0.122247974135024
"1346",0
"1347",0
"1348",0
"1349",0.291913072598885
"1350",1.44623982037559
"1351",0
"1352",0
"1353",0
"1354",0
"1355",0.149308697069989
"1356",0.506540762574505
"1357",0.135587087696379
"1358",1.15316341321103
"1359",0
"1360",0.508920263930055
"1361",0.138623683348729
"1362",1.16045577443502
"1363",0
"1364",0.383727431706731
"1365",0
"1366",0.658077637784911
"1367",0
"1368",0
"1369",0
"1370",0
"1371",0.639490587872921
"1372",1.16757499286616
"1373",0
"1374",0
"1375",0.225807079812688
"1376",0.0314679848504074
"1377",0
"1378",0.518221489105247
"1379",0
"1380",0.162194909805093
"1381",0
"1382",0
"1383",0
"1384",0.200273471009182
"1385",0
"1386",0
"1387",0
"1388",0
"1389",0
"1390",0
"1391",0.0347083214298913
"1392",0.197350867967469
"1393",0
"1394",0
"1395",0.0186698888451301
"1396",0
"1397",0.21597845273434
"1398",0
"1399",0.320247410534292
"1400",0
"1401",0.406560345999467
"1402",0
"1403",0.0901973506102287
"1404",0
"1405",0.077816566815132
"1406",0
"1407",0
"1408",0.100262289813075
"1409",0.205192368116777
"1410",0
"1411",0
"1412",0
"1413",0
"1414",0.462789999919923
"1415",0.402401401468031
"1416",0
"1417",0
"1418",0
"1419",0.979766749355886
"1420",0
"1421",0.459794106346587
"1422",0
"1423",0.22427299652118
"1424",0.389267611287925
"1425",0
"1426",0.345974943670742
"1427",0
"1428",0
"1429",0.792738693835028
"1430",0
"1431",0.265459825047972
"1432",0
"1433",0
"1434",0
"1435",0
"1436",0
"1437",0.320517940615619
"1438",0.271904681535074
"1439",0
"1440",1.11866634753226
"1441",0
"1442",0.179106079502727
"1443",0
"1444",0
"1445",0.505527552711409
"1446",0
"1447",1.17279852021693
"1448",0.378815087378582
"1449",1.31710161148685
"1450",0
"1451",0.127539449660038
"1452",0
"1453",0
"1454",0
"1455",0
"1456",0
"1457",0
"1458",0.0891942114742506
"1459",0.463439565025885
"1460",0.0514885324697285
"1461",0.657517401119006
"1462",0
"1463",1.3939617818546
"1464",0
"1465",0
"1466",0.667064477045279
"1467",0.173200226217543
"1468",0.0846000622233041
"1469",0
"1470",0
"1471",0.937359510022022
"1472",0.0588564700261432
"1473",0
"1474",0
"1475",0
"1476",0.186857170528359
"1477",0
"1478",0
"1479",0
"1480",0.455780428157042
"1481",0
"1482",0.497623898973468
"1483",0
"1484",0.0803521380849648
"1485",0.0851578427030727
"1486",0
"1487",0
"1488",0
"1489",0.0127942609641835
"1490",0.396537779445002
"1491",0
"1492",0.295760214030145
"1493",0
"1494",0
"1495",0
"1496",0.193154340147553
"1497",0
"1498",0
"1499",0
"1500",0.534380642727032
"1501",0.206082291713749
"1502",0
"1503",0
"1504",0.0509349271748799
"1505",0.274731666036045
"1506",1.30942866926943
"1507",0
"1508",1.73877628710703
"1509",0.490060759490224
"1510",0
"1511",0.00975601531881976
"1512",0.69739992261941
"1513",0
"1514",0.321722557866705
"1515",0.42877416151135
"1516",0.646702345523057
"1517",0
"1518",0.64869762777919
"1519",0
"1520",0.371987261096354
"1521",0.177061961974947
"1522",0
"1523",0
"1524",0
"1525",1.28401051073752
"1526",0
"1527",1.63317565497494
"1528",0
"1529",0.103086199393546
"1530",0.432642580143369
"1531",0.77424508662195
"1532",0.714425531564387
"1533",0.696969126406473
"1534",0.323807924693122
"1535",0
"1536",0
"1537",0
"1538",0.0477748698988614
"1539",1.13679933143694
"1540",0.563507574050723
"1541",0
"1542",0.449278959667246
"1543",0
"1544",0
"1545",0.616100803902239
"1546",0.783282574774134
"1547",0
"1548",0.247487953179813
"1549",1.32188537479374
"1550",0
"1551",0.313044332442964
"1552",0.0663688911996529
"1553",0
"1554",0
"1555",0
"1556",0
"1557",0.458708729090321
"1558",0
"1559",0
"1560",0.0998071773875301
"1561",0.15792777579305
"1562",0.136343174227431
"1563",0
"1564",0
"1565",0.70305048464221
"1566",0
"1567",0.427664460679089
"1568",0
"1569",0.121223494418492
"1570",0.258662580297814
"1571",0
"1572",0
"1573",0.0751675438921765
"1574",0.107759707945289
"1575",0.311209657154352
"1576",1.10165684753059
"1577",0
"1578",0
"1579",0
"1580",0.403742946322835
"1581",0.440573784989511
"1582",0
"1583",0.748812221077845
"1584",0
"1585",0.0549460275368379
"1586",0
"1587",0.134088157881867
"1588",0
"1589",0
"1590",0.32832707458139
"1591",0
"1592",0.192635856430453
"1593",0
"1594",0.456181119890178
"1595",0
"1596",1.09714783919568
"1597",0
"1598",0.803714112015924
"1599",0.0856255591964429
"1600",0
"1601",0
"1602",0.554946773748059
"1603",0
"1604",0
"1605",0
"1606",0.0790471369351031
"1607",0
"1608",0
"1609",0.0785689019219844
"1610",0
"1611",0
"1612",0
"1613",0
"1614",0
"1615",0.0549760849095682
"1616",0
"1617",0
"1618",0.0240874280770057
"1619",0
"1620",0
"1621",0
"1622",0
"1623",0.208304944199811
"1624",0
"1625",0
"1626",0
"1627",0.769332552795283
"1628",0
"1629",0
"1630",0.826710981388321
"1631",1.17315526361092
"1632",0
"1633",0.0666015975942456
"1634",0
"1635",0.659887731597662
"1636",0
"1637",0
"1638",0.71233525309748
"1639",0.200740559664642
"1640",0
"1641",1.18305369081106
"1642",0
"1643",0.178639798511903
"1644",0
"1645",0.153027080976025
"1646",0
"1647",0
"1648",0.68198659289575
"1649",0.383925909128803
"1650",0
"1651",0
"1652",0
"1653",0
"1654",0
"1655",0
"1656",0.669193117817383
"1657",0.199893275484941
"1658",0
"1659",1.25633990811638
"1660",0.11884542839738
"1661",2.65687318096839
"1662",0.515834760689646
"1663",1.13245679167005
"1664",0
"1665",0
"1666",0
"1667",0
"1668",0
"1669",0
"1670",0.269434658925036
"1671",1.08542275519926
"1672",0
"1673",0
"1674",0
"1675",0
"1676",0.149318051818808
"1677",0
"1678",0
"1679",0
"1680",0.307794352608191
"1681",0.196799874034767
"1682",0.853865701430397
"1683",0
"1684",0.13554791958982
"1685",0
"1686",0.271205635179597
"1687",0.759834258359853
"1688",0
"1689",0.503054014285714
"1690",0
"1691",1.05016680873891
"1692",0
"1693",0
"1694",0
"1695",0.709904091135734
"1696",0
"1697",0.101151654159826
"1698",0
"1699",0.026290364515666
"1700",0
"1701",0.444247127626146
"1702",0.0295308765283091
"1703",0
"1704",0
"1705",0.878734094818712
"1706",0
"1707",0.119589652884447
"1708",0.346912574689379
"1709",0
"1710",0
"1711",0.464187419359038
"1712",0
"1713",0.234213154598253
"1714",0
"1715",0
"1716",0
"1717",0
"1718",0.105250475941124
"1719",0
"1720",0.396090250778502
"1721",0.577217297297864
"1722",0
"1723",0.809436109225875
"1724",0
"1725",0
"1726",0
"1727",0
"1728",0
"1729",0
"1730",0.554286975726502
"1731",0.806801515632929
"1732",0
"1733",0.27841518562844
"1734",0
"1735",0
"1736",0.143419114845917
"1737",1.08830041540054
"1738",0
"1739",0.351788488912782
"1740",0
"1741",0
"1742",0
"1743",0
"1744",0.507456282436383
"1745",0.0660028518041444
"1746",0.207954249957098
"1747",0
"1748",0
"1749",0.0849895711065601
"1750",0.875961613025337
"1751",0.28013986737563
"1752",0
"1753",0
"1754",0.337214508050597
"1755",0.826557676942416
"1756",0.648105744718004
"1757",0
"1758",0
"1759",1.71760586807836
"1760",0
"1761",1.32286277015823
"1762",0
"1763",1.14726282448859
"1764",0.169728356016733
"1765",0.200846340647874
"1766",0.183262270313917
"1767",0
"1768",0.175610451276589
"1769",0
"1770",0
"1771",0
"1772",0
"1773",0.62761854250795
"1774",0.0919472357085515
"1775",0
"1776",0.682385850220087
"1777",0
"1778",0.665683086475255
"1779",0.439691077696598
"1780",0.160731012319689
"1781",0
"1782",0
"1783",0
"1784",0.0510516811735191
"1785",0.437629918005433
"1786",0
"1787",1.12950050458337
"1788",0
"1789",0
"1790",0
"1791",1.32570299268748
"1792",0
"1793",0.644363225641874
"1794",0
"1795",0.0536581007480709
"1796",0
"1797",0.20870399711151
"1798",0
"1799",0.554603783877412
"1800",0.0812546835862382
"1801",0.0738621496375091
"1802",0.0289999456859239
"1803",0.947723017988067
"1804",0
"1805",1.40856605110746
"1806",0
"1807",1.12634109513941
"1808",0
"1809",0.444916239541041
"1810",0.290925547807563
"1811",0
"1812",0.412403644978968
"1813",0
"1814",0
"1815",0
"1816",0.082774439733196
"1817",0.100548874660488
"1818",0.294360298132504
"1819",0
"1820",0.208770625263609
"1821",0
"1822",0.689457909976795
"1823",1.04974448333071
"1824",0
"1825",0.0437829416649316
"1826",1.47650219832156
"1827",0
"1828",2.05901605924297
"1829",0
"1830",1.2026099353
"1831",0
"1832",0.294389477016169
"1833",0
"1834",0.395542459410926
"1835",0
"1836",0
"1837",0.269613621296604
"1838",0.689338044268745
"1839",0
"1840",0
"1841",0
"1842",1.96447321110907
"1843",3.23249276257956
"1844",0
"1845",0.649617226865091
"1846",0
"1847",0.71169117955104
"1848",0.543517930794948
"1849",0.10569853143601
"1850",0.126547694982947
"1851",0
"1852",0.0862166321200371
"1853",0.405960635392878
"1854",0.480947348292988
"1855",0.532973470355476
"1856",0.000940338616053582
"1857",0
"1858",0
"1859",1.54767033243109
"1860",0
"1861",0
"1862",0
"1863",0
"1864",0.0915477872770705
"1865",0.632927545949926
"1866",1.08685987904876
"1867",0
"1868",0.867332941648591
"1869",0.0299227868675063
"1870",0.0130588862839893
"1871",0
"1872",0
"1873",0.482030219422087
"1874",0.735994011551801
"1875",0.0860492442088694
"1876",0
"1877",0
"1878",0.109730745987096
"1879",0.742845525976233
"1880",0
"1881",0
"1882",1.05242011453326
"1883",0.300971836842735
"1884",0.162948309614831
"1885",1.55974129978569
"1886",0
"1887",0
"1888",0
"1889",0.478386426526323
"1890",0
"1891",0.514544637110608
"1892",0
"1893",0.979170740409104
"1894",0
"1895",0.49258649459344
"1896",0
"1897",0
"1898",0
"1899",0.263689172477998
"1900",0
"1901",0
"1902",0
"1903",0
"1904",0
"1905",0
"1906",0
"1907",0.854323719261085
"1908",0
"1909",2.34593793468428
"1910",0
"1911",0.149297183925708
"1912",0
"1913",0
"1914",0.152375311393757
"1915",0.129083105717472
"1916",0.0814566071137998
"1917",0.0712260543109586
"1918",0.0657873746837078
"1919",0.180073836408106
"1920",0.216226884371186
"1921",0.469668082914348
"1922",0
"1923",0.380068461714964
"1924",0
"1925",0
"1926",0
"1927",0.0119131503030068
"1928",1.02001196278065
"1929",0
"1930",1.87025827425322
"1931",0.131767368697681
"1932",0
"1933",0
"1934",0.305365019057592
"1935",0
"1936",0.142231719123523
"1937",0
"1938",0
"1939",0
"1940",0.501635554919627
"1941",0.868395951492223
"1942",0
"1943",0.294147947050962
"1944",0.664713690455027
"1945",0.149085172610789
"1946",1.12315668581312
"1947",0.0998453452457013
"1948",1.59814270486759
"1949",0
"1950",0.996524903615125
"1951",0
"1952",0.339016831173214
"1953",0
"1954",0.248359134162319
"1955",0.226981791481736
"1956",0.00750823480430796
"1957",0.0264009533263306
"1958",0.0264009533263306
"1959",0.924150935933863
"1960",0
"1961",0.104801648464554
"1962",0
"1963",0.27981489698919
"1964",0.363594146362734
"1965",0.69567185733698
"1966",2.88970667009217
"1967",0
"1968",1.21658108576662
"1969",0
"1970",1.20253809741518
"1971",0
"1972",0
"1973",0
"1974",0
"1975",1.2145164108595
"1976",0
"1977",0.359445413400583
"1978",0
"1979",0.789163919462554
"1980",0
"1981",0.23774952293324
"1982",0.045172360786479
"1983",0
"1984",0.0828604031710307
"1985",0
"1986",0
"1987",0
"1988",0.602376146609618
"1989",0
"1990",0
"1991",0
"1992",1.20561085750813
"1993",0
"1994",0.69120777008562
"1995",0
"1996",0.910071379551766
"1997",0.00118046409510658
"1998",0
"1999",0.106544365611584
"2000",0.489274388677002
"2001",0
"2002",0.494033061540313
"2003",0
"2004",0
"2005",0
"2006",0.138865717468307
"2007",0
"2008",0.515714331989675
"2009",0
"2010",0.72871710112971
"2011",0
"2012",1.39599692146546
"2013",0
"2014",0
"2015",0
"2016",0.59280599170651
"2017",0.388946695611072
"2018",0
"2019",0.560125374246415
"2020",0
"2021",0.0751710204378955
"2022",0.060754082970592
"2023",0.0657873746837078
"2024",0.0657873746837078
"2025",0.180073836408106
"2026",0.536929984346113
"2027",0.00525642409115967
"2028",0
"2029",0
"2030",0
"2031",0.33183139995821
"2032",0
"2033",0.627001062929597
"2034",0.970935182143875
"2035",0
"2036",0
"2037",0
"2038",0.17046773453915
"2039",0
"2040",0.87197374447747
"2041",0
"2042",0
"2043",0.75262564836901
"2044",0
"2045",0.201117157211796
"2046",0
"2047",0.147472211221031
"2048",0.454146798592492
"2049",0.504527424605461
"2050",0
"2051",0
"2052",0
"2053",0.200136138059709
"2054",0
"2055",0
"2056",0.300253600998191
"2057",0
"2058",0.708650271008245
"2059",0
"2060",0
"2061",0
"2062",0
"2063",0.13187758111564
"2064",0.0264009533263306
"2065",0.539400943387778
"2066",0
"2067",0
"2068",0
"2069",0.316371170295437
"2070",0.453576604310472
"2071",0.469480250498134
"2072",0
"2073",0
"2074",2.21595501748203
"2075",0
"2076",1.80225078462214
"2077",0
"2078",0
"2079",0.503279299557801
"2080",0
"2081",0.69459805699137
"2082",0
"2083",0.529571325483688
"2084",0
"2085",0.542450466237365
"2086",0
"2087",0
"2088",0
"2089",0.0528347181505402
"2090",0.378605358860664
"2091",0
"2092",0.102095954812297
"2093",0.265732483176056
"2094",0.154819043699777
"2095",0.0751582793067733
"2096",1.34757921267636
"2097",0
"2098",0
"2099",0.0370174214915513
"2100",0.273345294013345
"2101",0.192679247958846
"2102",0
"2103",0
"2104",0.173310848939435
"2105",0
"2106",0.580866458544191
"2107",0
"2108",0
"2109",0
"2110",0.572633354377518
"2111",0
"2112",0
"2113",0
"2114",0
"2115",0.105399390651049
"2116",0
"2117",0.174343659352358
"2118",0
"2119",0.850363559847993
"2120",0.84051421180767
"2121",0
"2122",0.703893145906154
"2123",0
"2124",0.569523292271675
"2125",0.234778655470483
"2126",0
"2127",0.373635062960695
"2128",0
"2129",0.0657873746837078
"2130",0.0657873746837078
"2131",0.0657873746837078
"2132",0.180073836408106
"2133",0.307480610000282
"2134",0.507501002009908
"2135",0
"2136",0
"2137",0
"2138",0.651344852076188
"2139",0.27675621618381
"2140",0
"2141",0
"2142",1.78039580265595
"2143",0
"2144",1.21649051043862
"2145",0
"2146",0
"2147",0.106992251664896
"2148",0.337871345451768
"2149",0
"2150",0
"2151",0.0400732908172199
"2152",0
"2153",0.0278711698152178
"2154",0.948583680986979
"2155",0
"2156",0.509415542221185
"2157",0.65685234007654
"2158",0
"2159",1.00174660145201
"2160",0
"2161",0
"2162",0
"2163",0
"2164",0.687652709916156
"2165",0
"2166",1.00367003967445
"2167",0.151262531790462
"2168",0.23082370265663
"2169",0.28239566708373
"2170",0.00527735825181874
"2171",0.411150945872416
"2172",0
"2173",0.787096464045421
"2174",0
"2175",0.288289430796804
"2176",0.0655170001294501
"2177",0.179365239170727
"2178",0.321597850544566
"2179",0
"2180",0
"2181",0.211613949367246
"2182",0
"2183",0.91019589324742
"2184",0.738872547407475
"2185",0
"2186",0.807461903940413
"2187",0.880053278195918
"2188",0
"2189",1.22268341390189
"2190",0
"2191",1.15254739110078
"2192",0.446295445468724
"2193",0
"2194",0
"2195",0.41748914273357
"2196",0
"2197",0.111700625245949
"2198",0.342110436158151
"2199",0
"2200",0.396831504893519
"2201",0.364196207329009
"2202",0
"2203",0
"2204",1.08789862296418
"2205",0
"2206",0.0714175065930308
"2207",0.460832572080399
"2208",0.369150887705118
"2209",0
"2210",0.44499682665708
"2211",0
"2212",0
"2213",0.206095098267307
"2214",0.808318735464262
"2215",0
"2216",0.318256720688641
"2217",0
"2218",0
"2219",0
"2220",0
"2221",0.258396067493315
"2222",0
"2223",0
"2224",0
"2225",0.285280179093929
"2226",0
"2227",0
"2228",0.427262194038245
"2229",0.721310220247539
"2230",0
"2231",0.206921054722988
"2232",0
"2233",0.109266848661344
"2234",0.0287015230079892
"2235",0.0532593596678724
"2236",0.0657873746837078
"2237",0.0657873746837078
"2238",0.0657873746837078
"2239",0.294360298132504
"2240",0.188313416943734
"2241",0.969632926112773
"2242",0
"2243",0.865461001890313
"2244",0.19518544872545
"2245",0.45515540727861
"2246",0.344364761599153
"2247",0
"2248",0
"2249",0.209997443066781
"2250",0
"2251",0
"2252",0.22293806535768
"2253",0
"2254",0
"2255",0.140275269437715
"2256",0.526785206444561
"2257",0
"2258",0.821155570799791
"2259",0.0244297448444765
"2260",0.361998506225763
"2261",0.370042724664636
"2262",0
"2263",0
"2264",0.313527875253738
"2265",0
"2266",0
"2267",0
"2268",0.671433939364231
"2269",0.541629185703895
"2270",0
"2271",0
"2272",0.501362799450086
"2273",0.758292689614926
"2274",0
"2275",0.0675363692444981
"2276",0.649699895802387
"2277",0.0816559520261324
"2278",0.418734639975941
"2279",0
"2280",0
"2281",0.25676750410938
"2282",0
"2283",0.93638591610792
"2284",0
"2285",0
"2286",0
"2287",1.2173147217174
"2288",1.02578868270471
"2289",0
"2290",0
"2291",0
"2292",0.566429852380233
"2293",0.869748189732097
"2294",0.100640360970917
"2295",0.0358232578417198
"2296",0
"2297",0
"2298",0
"2299",0
"2300",0
"2301",0.193603406551751
"2302",0
"2303",0
"2304",0.0604139923017916
"2305",0.459177801971322
"2306",0.125252836424201
"2307",0.922256987861235
"2308",0
"2309",0.483285486310185
"2310",0.10602236430489
"2311",0.077385573742535
"2312",0.0779627319919055
"2313",0.135630768573175
"2314",0
"2315",0
"2316",0
"2317",0.233808382420513
"2318",0
"2319",0
"2320",0.502061482150794
"2321",0
"2322",0.341406398124205
"2323",0.0617574864613498
"2324",0.114430183429864
"2325",0
"2326",0
"2327",0.389108987771561
"2328",0
"2329",0.33473695139304
"2330",0.450327666619396
"2331",0
"2332",0.318377803783355
"2333",0
"2334",0
"2335",0
"2336",0.382880923307387
"2337",0
"2338",0.0312064563931209
"2339",0
"2340",0.767858353692151
"2341",0
"2342",0.0435791919453379
"2343",0.0657873746837078
"2344",0.0657873746837078
"2345",0.0657873746837078
"2346",0.180073836408106
"2347",0
"2348",0
"2349",0.309394978556367
"2350",0
"2351",0.948413366294666
"2352",0
"2353",0
"2354",0.424194481129555
"2355",0
"2356",0.148999739765633
"2357",0.470376599355571
"2358",0.658977502100621
"2359",0
"2360",1.27800030810616
"2361",0
"2362",0.917182486612912
"2363",0
"2364",0
"2365",0.0603772335684607
"2366",0.503365529182797
"2367",0.043877452618716
"2368",0
"2369",0
"2370",0
"2371",0.197160446153341
"2372",0
"2373",0
"2374",1.24519376381408
"2375",0
"2376",0.844406658241286
"2377",0
"2378",0
"2379",0
"2380",0.249928414657263
"2381",0
"2382",0
"2383",0
"2384",0.254520936670906
"2385",0
"2386",0
"2387",0
"2388",0.100802023016493
"2389",0.105506970080907
"2390",0
"2391",0.533349618887003
"2392",0
"2393",4.80996652846535
"2394",2.70835695110014
"2395",0
"2396",0.538622210649941
"2397",0
"2398",0.228819326947418
"2399",0
"2400",0
"2401",0.840127163215642
"2402",0
"2403",0
"2404",1.12092121873877
"2405",0
"2406",1.48541693570753
"2407",0
"2408",0
"2409",0.568111851313783
"2410",0.0572577599468086
"2411",0.388492465309883
"2412",0
"2413",0
"2414",0
"2415",0
"2416",0
"2417",0.435974980431876
"2418",0.418291402568105
"2419",0.472798034902314
"2420",0
"2421",0.162933869158905
"2422",0.234215066457797
"2423",0.15098404301408
"2424",0
"2425",0.276488079508698
"2426",0.29400536204512
"2427",0.373706094701268
"2428",0
"2429",0.072284392514974
"2430",0.336579674480907
"2431",0
"2432",0.435281186610395
"2433",0.858812383777404
"2434",0
"2435",0.18323326136803
"2436",0.450805241713363
"2437",0
"2438",0.509565545465429
"2439",0.129480921019605
"2440",0.309371141066598
"2441",0.0284957145658946
"2442",0.156927286906878
"2443",0.218968479193205
"2444",0.750319891041969
"2445",0
"2446",0
"2447",0
"2448",0.300190945093279
"2449",0.0266706037867379
"2450",0.0580086432888877
"2451",0.0657873746837078
"2452",0.0657873746837078
"2453",0.180073836408106
"2454",0.0404657338770273
"2455",0
"2456",0.185521152878344
"2457",0
"2458",0
"2459",0
"2460",0
"2461",0
"2462",0
"2463",0.0870872329447829
"2464",0.518023249463262
"2465",0
"2466",0.39685145727058
"2467",0
"2468",0.839710584178459
"2469",0
"2470",0.472456055797999
"2471",0
"2472",1.88689826873773
"2473",0
"2474",1.06925595559985
"2475",0
"2476",0
"2477",0
"2478",0
"2479",0
"2480",0.102098264202357
"2481",0.608039053030249
"2482",0.31739734764055
"2483",0
"2484",0.135682258079735
"2485",0
"2486",0.975469326934403
"2487",0
"2488",1.22699010124379
"2489",0
"2490",0.572227395308251
"2491",0.413220554796699
"2492",0.636607606941862
"2493",0.0909493009817701
"2494",0.8225603030673
"2495",0
"2496",0.26651614981306
"2497",0
"2498",0.456595775811745
"2499",0.12680247356388
"2500",0
"2501",1.24810359245394
"2502",0
"2503",0
"2504",0.887345030823331
"2505",0
"2506",0
"2507",0.183222184800817
"2508",1.08392077348103
"2509",1.10838870834737
"2510",0
"2511",0
"2512",0.137147289472631
"2513",0.540220379951217
"2514",0.280373643551253
"2515",0
"2516",0.380821811607752
"2517",0
"2518",0.0359946698803
"2519",0.909131032010252
"2520",0
"2521",0.0442593992802409
"2522",0.126488463090792
"2523",0.821075471646406
"2524",0
"2525",1.06607339662276
"2526",0
"2527",0.516532301611365
"2528",0
"2529",0.161065807036329
"2530",0
"2531",0
"2532",0
"2533",0.458448044258278
"2534",0
"2535",0
"2536",0.0667293257700946
"2537",0.233081196168676
"2538",0
"2539",0
"2540",0.203605020323156
"2541",0
"2542",0
"2543",0
"2544",0
"2545",0
"2546",0
"2547",0
"2548",0
"2549",0
"2550",0
"2551",0.0878096479063404
"2552",0.258556669336278
"2553",0
"2554",0.23710987795217
"2555",0.795753195570423
"2556",0.169305128481192
"2557",0.353886446123846
"2558",0.48732336700967
"2559",0.0248490824418268
"2560",0.014181757128265
"2561",0.0543751367166428
"2562",0.0657873746837078
"2563",0.0657873746837078
"2564",0.294360298132504
"2565",0
"2566",0
"2567",0
"2568",0.421121925969271
"2569",0.0696195540565632
"2570",0
"2571",1.09678803291843
"2572",0
"2573",0.686843581506714
"2574",0
"2575",0
"2576",0
"2577",0
"2578",0.562130496725601
"2579",0
"2580",1.2289713260498
"2581",0
"2582",0
"2583",0
"2584",0.200797037894793
"2585",0
"2586",1.62172511866558
"2587",0.544836901414742
"2588",0.368234236055356
"2589",0
"2590",0.0701006297778597
"2591",0
"2592",0
"2593",0.540337800979612
"2594",0
"2595",0.127045931127649
"2596",0
"2597",0
"2598",0
"2599",0
"2600",0.789472947037205
"2601",0
"2602",0.261599041593702
"2603",0
"2604",0
"2605",0.0774497259389245
"2606",0.179363262691989
"2607",0.0163019237099158
"2608",0.452533927055225
"2609",0
"2610",0.500868907549198
"2611",0.230302266948688
"2612",0
"2613",0
"2614",0
"2615",0
"2616",0
"2617",0
"2618",0
"2619",0
"2620",0.104309070524963
"2621",0.00627804663393272
"2622",0
"2623",0
"2624",0.0889919467450957
"2625",0
"2626",0
"2627",0
"2628",0.441439360369119
"2629",1.71374992752806
"2630",0
"2631",0.995780138679282
"2632",0
"2633",0
"2634",0
"2635",0.366401744153254
"2636",0
"2637",1.03761099937952
"2638",0
"2639",0.421353408897278
"2640",0
"2641",0.578996717158692
"2642",0
"2643",0.418178070713028
"2644",0.359629767323576
"2645",0.666767268888202
"2646",0
"2647",0.0759716615254953
"2648",0
"2649",0
"2650",0
"2651",0.843642590716893
"2652",0
"2653",0
"2654",0.17757617975292
"2655",0.413496625629716
"2656",0
"2657",1.10142424965055
"2658",0.0792605707434919
"2659",0
"2660",0.053152773515688
"2661",0.252314410597514
"2662",0.0275344251812725
"2663",0
"2664",0
"2665",0.389495988001755
"2666",0
"2667",0
"2668",0
"2669",0.328083079401117
"2670",0.690996797562171
"2671",0
"2672",0.0397738507433607
"2673",0.0657873746837078
"2674",0.180073836408106
"2675",0.809965718969198
"2676",0
"2677",0
"2678",0
"2679",0.060121343517283
"2680",0.208548847450388
"2681",1.05195842299366
"2682",0
"2683",0.212768961210146
"2684",0.18986486828081
"2685",0.271282572504595
"2686",0.658405213834163
"2687",0
"2688",0.958471818100586
"2689",0
"2690",0
"2691",0
"2692",2.65978211364898
"2693",0
"2694",2.85937369056331
"2695",0
"2696",0
"2697",0
"2698",1.57723846317413
"2699",0.728266220187689
"2700",0.0277837975887805
"2701",0
"2702",0.500508333854573
"2703",0
"2704",0
"2705",0
"2706",0.795560260038365
"2707",0.122219903757729
"2708",1.0235119136228
"2709",0.270646561678916
"2710",0.71017331115431
"2711",0.308382360014989
"2712",0.570333657149624
"2713",0
"2714",0
"2715",0
"2716",0.0694386923005121
"2717",0.116436668646627
"2718",0.156634664756694
"2719",0
"2720",0.130279114292129
"2721",0.0288672309979012
"2722",0.390535648287505
"2723",0.679581275599696
"2724",0.646030188814385
"2725",0
"2726",0
"2727",0
"2728",0
"2729",0
"2730",0
"2731",0
"2732",1.45894047753363
"2733",0.0869116612520617
"2734",0.272020052046273
"2735",0
"2736",1.88629164923366
"2737",0
"2738",0.610149169767527
"2739",0.776911733381852
"2740",0
"2741",0
"2742",0
"2743",1.26654392331425
"2744",0.014393323956537
"2745",0.770426253213029
"2746",0
"2747",0.878970810638398
"2748",0.0563001911838775
"2749",0.47121859784289
"2750",0
"2751",0.111389257010369
"2752",0
"2753",0
"2754",0
"2755",1.57185391641376
"2756",0
"2757",1.2509429799084
"2758",1.32267358186947
"2759",0.63739742728325
"2760",0
"2761",0.615084692676826
"2762",0
"2763",0
"2764",0
"2765",0.0584865013039462
"2766",0.186035377027188
"2767",0.0200129590416892
"2768",0.0294771585622581
"2769",0.413777686428984
"2770",0
"2771",0.23741022982758
"2772",0
"2773",0
"2774",0.206403588410976
"2775",0.0695605245229345
"2776",0
"2777",0
"2778",0
"2779",0.451614400038748
"2780",0
"2781",0.140225637040034
"2782",0.0139852174353504
"2783",0.0477593448584316
"2784",0.0657873746837078
"2785",0.0657873746837078
"2786",0.180073836408106
"2787",0.180073836408106
"2788",0.294360298132504
"2789",0
"2790",0
"2791",0.677305460565239
"2792",0
"2793",0
"2794",0
"2795",0.529549117832203
"2796",0.338515168566132
"2797",0.0885650099802615
"2798",0
"2799",0
"2800",0
"2801",0.109582231867788
"2802",0.416459491969748
"2803",0.386175784733016
"2804",0.329352993235218
"2805",0
"2806",1.92441587078808
"2807",0
"2808",0
"2809",0
"2810",1.83428677675612
"2811",0
"2812",0
"2813",0
"2814",0
"2815",0.466238272426095
"2816",0
"2817",0
"2818",0.107374177591471
"2819",0
"2820",0.0584944884561032
"2821",0
"2822",0
"2823",0
"2824",0.146313755017479
"2825",0.433968607975542
"2826",0
"2827",0
"2828",0
"2829",0
"2830",0.410012614681913
"2831",0.423681010172862
"2832",0.134498767283889
"2833",0.390263973208735
"2834",0
"2835",0
"2836",0
"2837",0.220811554831757
"2838",0
"2839",0.181089270234678
"2840",0.353542657239931
"2841",0
"2842",0.929773999365346
"2843",1.15011120544525
"2844",0
"2845",0.741823186329709
"2846",0
"2847",0.116416343460636
"2848",0.663082295915669
"2849",0
"2850",0
"2851",0
"2852",0.721323716578022
"2853",0.127376502999745
"2854",0
"2855",1.77116589238737
"2856",0
"2857",2.05537975951433
"2858",0
"2859",0.829087891219191
"2860",0
"2861",0
"2862",0
"2863",0
"2864",0
"2865",0.153588816029461
"2866",0
"2867",0.429981543460195
"2868",0
"2869",0.701183947945605
"2870",0
"2871",0
"2872",0
"2873",1.00191498063402
"2874",0
"2875",0
"2876",0
"2877",1.35327609245679
"2878",0
"2879",0.16593495053028
"2880",0.140286512322027
"2881",0
"2882",0
"2883",0.100003628220794
"2884",0
"2885",0
"2886",0
"2887",0
"2888",0.0158088422220222
"2889",0
"2890",0.0184626661523158
"2891",0.741884204852307
"2892",0.0421766478669947
"2893",1.38804828546337
"2894",0
"2895",0.578498565807298
"2896",0
"2897",0.195756092369519
"2898",0.0737421937822096
"2899",0.00919375816681733
"2900",0.0657873746837078
"2901",0.0657873746837078
"2902",0.0657873746837078
"2903",0.294360298132504
"2904",0
"2905",0
"2906",0
"2907",1.65463582311139
"2908",0
"2909",0
"2910",0
"2911",0.199758867464913
"2912",0.0286153262794837
"2913",0.00163375688500622
"2914",0.407786566867123
"2915",1.68217774045644
"2916",0.468988530758966
"2917",0
"2918",0.974822793219158
"2919",0.282711841323848
"2920",0.165080418977307
"2921",0
"2922",0.151593845124818
"2923",0
"2924",0.0752506044268975
"2925",0
"2926",1.72100114537502
"2927",0
"2928",2.44119006780128
"2929",0
"2930",0.0576598517564317
"2931",0.554162984157685
"2932",0
"2933",1.10141081708692
"2934",0
"2935",0.686288251978299
"2936",0.156632681022279
"2937",1.3146197246347
"2938",0.0138146119916165
"2939",0.268961233889558
"2940",0.24503662106423
"2941",1.01699085812042
"2942",0
"2943",0
"2944",0.521826307726414
"2945",0.453269582144223
"2946",0.0294546510788578
"2947",0.729373303718264
"2948",0.895006631168803
"2949",0
"2950",0.39959480869024
"2951",0.227222711566231
"2952",0.0431437571059747
"2953",0
"2954",0
"2955",0
"2956",0
"2957",0
"2958",0.142875141912387
"2959",0.483909121772756
"2960",0
"2961",0.182512707015893
"2962",0
"2963",0.595098154903646
"2964",0.0556481311543728
"2965",0.188203340285735
"2966",0.722636498015081
"2967",0
"2968",0.986232478689907
"2969",0
"2970",0.0499379841423782
"2971",0
"2972",0
"2973",0.768717930281205
"2974",0
"2975",0
"2976",0
"2977",1.08728855141076
"2978",0
"2979",0.659803384936889
"2980",0
"2981",0
"2982",0
"2983",0.156252839778361
"2984",0
"2985",0
"2986",0.178123885044007
"2987",3.20164424465936
"2988",0
"2989",1.9829915672807
"2990",0.262032813027386
"2991",0
"2992",0
"2993",1.57511516076304
"2994",0
"2995",0
"2996",0
"2997",0
"2998",0.159588528348104
"2999",0.11195510654484
"3000",0
"3001",0
"3002",0.0280700794273734
"3003",0
"3004",0.203635356267513
"3005",0
"3006",0.0790434319241288
"3007",0.0472890326017419
"3008",0.180678358982842
"3009",0.434896372559641
"3010",0
"3011",0.664424649924233
"3012",0
"3013",0.790621457796625
"3014",0.0557552056289679
"3015",0.0500665866694046
"3016",0.130145043179671
"3017",0.0272217879920935
"3018",0.0657873746837078
"3019",0.180073836408106
"3020",0.546186229521707
"3021",0.732197034986146
"3022",0
"3023",0.102503479357874
"3024",0
"3025",1.25365782984015
"3026",0
"3027",0
"3028",0
"3029",0
"3030",0.687376157906596
"3031",0.359341817479683
"3032",0
"3033",0
"3034",0
"3035",0
"3036",0
"3037",0
"3038",0
"3039",0.238830033743651
"3040",0
"3041",0
"3042",1.31263815195861
"3043",0
"3044",0.754003767556096
"3045",0
"3046",0.141895676475279
"3047",0.62217606942661
"3048",0
"3049",0.191461218839496
"3050",0
"3051",1.24760975867003
"3052",0
"3053",0
"3054",0
"3055",0.146331135402427
"3056",0
"3057",0
"3058",0
"3059",1.13040534171172
"3060",0.00108132655133109
"3061",0.503844832784307
"3062",0
"3063",1.03141513072165
"3064",0
"3065",0
"3066",0
"3067",0
"3068",0
"3069",0
"3070",0.119821294946525
"3071",0.580205731569617
"3072",0
"3073",0.548000969440072
"3074",0.633522803839294
"3075",0
"3076",0.321881965534287
"3077",0.661637367913211
"3078",0.684476147559755
"3079",0.956141110730268
"3080",0
"3081",1.03677533821269
"3082",0.201412022826437
"3083",0.278462352578793
"3084",0
"3085",0.514856394748451
"3086",0.223263241395692
"3087",0
"3088",0
"3089",0
"3090",0
"3091",0.332266487288235
"3092",0.159117735399157
"3093",0.542766998859132
"3094",0.0577638534872291
"3095",0.561237643021203
"3096",1.07338011720502
"3097",0
"3098",0
"3099",0.143763280808956
"3100",0.508922592653368
"3101",0.160309934954687
"3102",0
"3103",0.53199355833676
"3104",0
"3105",1.08391838705339
"3106",0
"3107",0
"3108",0.533556174308455
"3109",1.55264394823973
"3110",0
"3111",0
"3112",0
"3113",0.0650199324940823
"3114",0
"3115",0.0581339958691762
"3116",0.409199143092633
"3117",0
"3118",0.0275308754643825
"3119",0
"3120",0
"3121",0.00738326550595059
"3122",0.321391882390025
"3123",0
"3124",0
"3125",0
"3126",0.28395984573333
"3127",0
"3128",0
"3129",1.12005684228249
"3130",0
"3131",0.920203365061395
"3132",0
"3133",0.412558763034865
"3134",0.0147897137360916
"3135",0.11332588993979
"3136",0
"3137",0.0657583898123429
"3138",0.294360298132504
"3139",0.830414871320652
"3140",0.0368219887134302
"3141",0.583726624646527
"3142",0.642713040497038
"3143",0.115510665464318
"3144",0
"3145",0.188041490495097
"3146",0.438933052764995
"3147",0
"3148",0.136570458404637
"3149",0
"3150",0
"3151",0.0718086257062087
"3152",0.64036413225792
"3153",0
"3154",0
"3155",0
"3156",0.411775289316856
"3157",0.899681213835059
"3158",0
"3159",0
"3160",1.45097943043436
"3161",0
"3162",0.34010724324999
"3163",0
"3164",0.459070893864552
"3165",0.366199931767053
"3166",0
"3167",0.3029191545549
"3168",0.596429113872271
"3169",0
"3170",0.0694956133004903
"3171",0
"3172",1.53004437890058
"3173",0
"3174",0
"3175",0.465096630805732
"3176",0
"3177",0
"3178",0
"3179",0
"3180",2.55561573762039
"3181",0
"3182",1.79394512281589
"3183",0
"3184",0.323615345865137
"3185",0.697511460134823
"3186",0.825204063983169
"3187",0
"3188",0.722444851697411
"3189",0.489300417874126
"3190",0
"3191",0.0489055518432622
"3192",0.486073813988822
"3193",0.131343356834263
"3194",0
"3195",0.333625216165165
"3196",0
"3197",0
"3198",0.37206470513718
"3199",1.09205303907793
"3200",0
"3201",0
"3202",0
"3203",0
"3204",0.80514557015935
"3205",0
"3206",0
"3207",0
"3208",0.843444725233216
"3209",0.428174388869812
"3210",0.813634960219227
"3211",0.470945307280644
"3212",0.404528323806079
"3213",0.897748041177151
"3214",0
"3215",0
"3216",0
"3217",0
"3218",0
"3219",0
"3220",0
"3221",0.305373301485384
"3222",0
"3223",0.263600364252717
"3224",0.362708322338359
"3225",0
"3226",0
"3227",0
"3228",0.739366932860297
"3229",0
"3230",0.0497773934184016
"3231",0.919380332332685
"3232",0.931208915826634
"3233",0
"3234",1.11789554714395
"3235",0
"3236",0.206640063042957
"3237",0.101338786796554
"3238",0
"3239",0
"3240",0.069119735170027
"3241",0.201331170850342
"3242",0
"3243",0.218065273726558
"3244",0.0530535030329174
"3245",0.267957425753281
"3246",0
"3247",0.355694266376764
"3248",0.53920013899132
"3249",0
"3250",1.15475270398877
"3251",0
"3252",0
"3253",0
"3254",0.393210340785266
"3255",0
"3256",0.15553859055711
"3257",0.030833013610112
"3258",0.135910113532769
"3259",0.142472311412741
"3260",0
"3261",0
"3262",0
"3263",0.1159258032192
"3264",0
"3265",0
"3266",0
"3267",0.0396683499705535
"3268",0
"3269",0
"3270",0
"3271",0
"3272",0.0019749888017645
"3273",0
"3274",0.0574811876319224
"3275",0.767085646028732
"3276",0.0167105269771706
"3277",0
"3278",1.13009022235637
"3279",0
"3280",0
"3281",0.934412154181757
"3282",0
"3283",3.85612752129799
"3284",0.436689825072134
"3285",0
"3286",0
"3287",0
"3288",0.0351624481325489
"3289",0
"3290",0.223864320408048
"3291",0
"3292",0
"3293",0
"3294",0.778600122896165
"3295",0.0217985600683077
"3296",0
"3297",0
"3298",0.0584460692492921
"3299",0
"3300",0
"3301",0.907093986792076
"3302",0.734415600739725
"3303",0.0133620656816524
"3304",0
"3305",0
"3306",0.293753570896775
"3307",0
"3308",0
"3309",0.0309825246661637
"3310",0.821960240692304
"3311",0.321868826322437
"3312",0
"3313",0
"3314",0.916667752316466
"3315",0
"3316",0.232179985569618
"3317",0.674654814457753
"3318",0
"3319",0.452243202976594
"3320",0
"3321",0.461163915630897
"3322",0
"3323",0
"3324",0
"3325",0.00888193041878416
"3326",0.374799211851864
"3327",0.14555391998183
"3328",0.361663892622346
"3329",0
"3330",0
"3331",0
"3332",1.07011450674005
"3333",0
"3334",0
"3335",0.170678627763632
"3336",0.687209394895246
"3337",0
"3338",0
"3339",0.153134881170376
"3340",0
"3341",0.100996382228138
"3342",0.113238970790236
"3343",0.0660647970679631
"3344",0.269910496507949
"3345",0
"3346",0
"3347",0.24166149052187
"3348",0.525315621195156
"3349",0
"3350",0.481251414324557
"3351",0.893040772966896
"3352",0.0458574986303892
"3353",1.31919052417983
"3354",0.628010832647082
"3355",0
"3356",0
"3357",0
"3358",0.0633987112283482
"3359",0.167656548852317
"3360",0
"3361",0
"3362",0
"3363",0
"3364",0.432813663368605
"3365",0
"3366",0
"3367",0.551999341094761
"3368",0
"3369",0.118967120973897
"3370",0.0515806008344618
"3371",0
"3372",0
"3373",0.767932816320306
"3374",0
"3375",0
"3376",1.32892407148958
"3377",0.164027862766239
"3378",0.221724906141401
"3379",0.024935767610502
"3380",0.0557190307352091
"3381",0.0998452458801
"3382",0.157172257104027
"3383",0.804893713467764
"3384",0
"3385",0
"3386",0
"3387",0
"3388",0
"3389",0.47604528459436
"3390",0
"3391",0
"3392",0
"3393",0.632289221893325
"3394",0
"3395",0.514974978863212
"3396",0
"3397",0.0646830843722193
"3398",0
"3399",0.0705017317508865
"3400",0
"3401",0.371774051158421
"3402",0.698784812663978
"3403",0.0380276577293563
"3404",0.214153987537474
"3405",0
"3406",0.226732045685953
"3407",0
"3408",0
"3409",0.335712800489433
"3410",0
"3411",0.135147143608467
"3412",0.0978460288388691
"3413",0.0896410953107595
"3414",0
"3415",0
"3416",0
"3417",0.162370046582216
"3418",0.25480605361941
"3419",0
"3420",1.01050645507433
"3421",0.0743323313828914
"3422",0.832610808263189
"3423",0
"3424",3.28418558269915
"3425",0
"3426",0.263050155354486
"3427",0.00916869653422214
"3428",0
"3429",1.06519871044352
"3430",0.48292634768625
"3431",0
"3432",0.681037343154594
"3433",0.220785933736812
"3434",0.0487924022231632
"3435",0
"3436",0.0797376295056282
"3437",0.238360262428447
"3438",0.581193705710157
"3439",0
"3440",0.224402668218011
"3441",0
"3442",0.41469401098206
"3443",0.345675665983417
"3444",0
"3445",0.574697117948102
"3446",0.398440131604512
"3447",0
"3448",1.38862918822909
"3449",0
"3450",0
"3451",0
"3452",0.338951021073515
"3453",0.40769475191779
"3454",0.0831726874899854
"3455",1.06453891073616
"3456",0.0592830450794485
"3457",0.55213640474808
"3458",0
"3459",0.13094442482988
"3460",0
"3461",0
"3462",0.000675724536330469
"3463",1.30568108579069
"3464",0
"3465",0.697867307527369
"3466",0
"3467",0.0257999211935007
"3468",0.082669750509517
"3469",0
"3470",0
"3471",0
"3472",0
"3473",0.337451868299885
"3474",0.675191260226287
"3475",0
"3476",0.405961711244487
"3477",0
"3478",0
"3479",0
"3480",0
"3481",0.489707177245241
"3482",0
"3483",0
"3484",0.16585957465895
"3485",0.224626764735925
"3486",0
"3487",0.00339625527878096
"3488",0
"3489",0
"3490",0
"3491",0
"3492",0.379991446861119
"3493",0.105611154460646
"3494",0.133001099682899
"3495",0
"3496",0
"3497",0
"3498",0
"3499",0.061609888964766
"3500",0.841834136097914
"3501",0.451033192756786
"3502",0.488886438346409
"3503",0.0558601597728512
"3504",0.141152360991197
"3505",0.0507228478948585
"3506",0.0173146257458449
"3507",0.242124095743031
"3508",0.606822574913624
"3509",0.194555296469505
"3510",0.562984436883755
"3511",0
"3512",0.384134280159927
"3513",0
"3514",0
"3515",0.199525946541
"3516",0.245111060608553
"3517",0.245529374071487
"3518",0.339370101755658
"3519",0.15451020088417
"3520",0
"3521",0.435632788984425
"3522",0
"3523",0
"3524",1.27007640339639
"3525",0
"3526",0.742117128306788
"3527",0
"3528",1.96004753160628
"3529",0
"3530",1.14313583204597
"3531",0
"3532",0.336072812357055
"3533",0
"3534",0
"3535",0.187695366932621
"3536",0.0328370575037348
"3537",0
"3538",0.133068449729719
"3539",0.0365623735545142
"3540",0.0725752728738067
"3541",0.0561665853098051
"3542",0.210560614347798
"3543",0
"3544",0
"3545",0
"3546",0.684608528864175
"3547",0
"3548",1.0849864867446
"3549",0
"3550",1.80269394388557
"3551",0
"3552",0
"3553",0
"3554",0
"3555",0
"3556",0
"3557",0.599032818867281
"3558",0.0857024463715771
"3559",0
"3560",0.313839071776794
"3561",0
"3562",0.768974227652396
"3563",0
"3564",0.398520981057707
"3565",0.0640023733565662
"3566",0
"3567",0
"3568",0.361574725161765
"3569",0.175804958949497
"3570",0
"3571",0.245793239792869
"3572",0.521929348288322
"3573",0
"3574",0.523119045205111
"3575",0
"3576",0.550032527909627
"3577",0.582573244375804
"3578",0
"3579",0.251607401881734
"3580",0.189266203507034
"3581",0
"3582",0.462286399262314
"3583",1.43581082033523
"3584",0
"3585",1.14038396203809
"3586",0
"3587",0.397765088601115
"3588",0
"3589",0
"3590",0
"3591",0.371386737931006
"3592",0
"3593",0.241762904565056
"3594",0.721268939227789
"3595",0.184895017436166
"3596",0
"3597",0.328425051646555
"3598",0
"3599",0
"3600",0
"3601",0
"3602",0.722806846595506
"3603",0
"3604",0.37949409098317
"3605",0.509194343998494
"3606",0
"3607",0.0771807726217626
"3608",0.371047928401742
"3609",0
"3610",0.415226295874225
"3611",0.297302415043595
"3612",0.187175300322059
"3613",0
"3614",0.750249128856077
"3615",0
"3616",0
"3617",0
"3618",0.227361142163382
"3619",0.233861151976007
"3620",0.258480751257973
"3621",0
"3622",0.861061521138502
"3623",0
"3624",0.0388571473889883
"3625",0
"3626",0
"3627",0.366471789430226
"3628",0.265841445110824
"3629",0
"3630",0
"3631",0.0664631868100401
"3632",0.159031043121757
"3633",0.771406434710076
"3634",0.170459916801416
"3635",0.121988815453996
"3636",0.252607206236155
"3637",0
"3638",0.546516490853408
"3639",0
"3640",0
"3641",0
"3642",0.329591444211876
"3643",0.0464742693864655
"3644",0.538444086877234
"3645",1.11508051964754
"3646",0
"3647",0.300301829156413
"3648",0.876388441820811
"3649",0
"3650",0
"3651",0
"3652",0
"3653",0
"3654",0
"3655",0
"3656",0.665559805602058
"3657",0
"3658",0.706609233487108
"3659",0
"3660",0
"3661",0
"3662",0.0522508693480983
"3663",0.150777047454275
"3664",0
"3665",0
"3666",0
"3667",0
"3668",0.0134473277299581
"3669",0
"3670",1.14226827903561
"3671",0
"3672",0.254853285866404
"3673",0
"3674",1.19546885692156
"3675",0
"3676",0
"3677",0
"3678",3.20990710314752
"3679",0
"3680",1.35529037549382
"3681",0.0377963025602595
"3682",0.407116175449056
"3683",0
"3684",0
"3685",0.684226880457632
"3686",0.358185856316771
"3687",0
"3688",0.38177673250363
"3689",0
"3690",0
"3691",0
"3692",0.582299928439466
"3693",0
"3694",0.277498067399002
"3695",0
"3696",0.357429124314029
"3697",0.0984176389709378
"3698",0
"3699",0
"3700",0.589549487212001
"3701",0
"3702",1.00503616453667
"3703",0
"3704",0.389072113515097
"3705",0
"3706",0.268687774655204
"3707",0.13078299453249
"3708",0
"3709",0.159206941999099
"3710",0
"3711",0
"3712",0.00115472314317366
"3713",0.00752859457065347
"3714",0.760951410497823
"3715",0.44738326109549
"3716",0.128009289411013
"3717",0.618437896114354
"3718",0.264667091178973
"3719",0
"3720",0
"3721",0.0940630993685361
"3722",0
"3723",0
"3724",0
"3725",0.291276192500722
"3726",0.807682026434694
"3727",0
"3728",1.65827351538038
"3729",0
"3730",0.0941354698377301
"3731",0
"3732",0
"3733",0
"3734",0
"3735",0
"3736",0
"3737",0
"3738",0.60835216289363
"3739",0
"3740",0
"3741",0
"3742",0.685027754191205
"3743",0.020941227380476
"3744",0.957832308014067
"3745",0
"3746",0.450868304488439
"3747",0
"3748",0.303601245108508
"3749",0.719253438943863
"3750",0.543479421223121
"3751",1.36072969130237
"3752",0
"3753",0
"3754",0
"3755",0.310272630890785
"3756",0
"3757",0
"3758",0.0843578958380355
"3759",0.548166972085647
"3760",0
"3761",0
"3762",0
"3763",0
"3764",0.213540604482838
"3765",0.134189227589876
"3766",0.0364894838441234
"3767",0
"3768",1.06495029970205
"3769",0
"3770",0.0666630634719869
"3771",0
"3772",0.406042170716691
"3773",0.94390467843639
"3774",0
"3775",0
"3776",0
"3777",0.74028519534776
"3778",0
"3779",0.735142204913773
"3780",1.06860929525925
"3781",0
"3782",0.439082262994756
"3783",0.518150293176538
"3784",0.863235761522241
"3785",0
"3786",0.515747621400866
"3787",0
"3788",0.231239529684701
"3789",0
"3790",0.176455775641067
"3791",0
"3792",0
"3793",0
"3794",0.154222323616051
"3795",0
"3796",0.176679462476621
"3797",0
"3798",0.952948652691677
"3799",0
"3800",1.55926724566655
"3801",0
"3802",0
"3803",0
"3804",2.18466745235518
"3805",0
"3806",2.16291967116804
"3807",0
"3808",0.338949786416764
"3809",0
"3810",0
"3811",0
"3812",0.191691125651392
"3813",1.81986569652294
"3814",0
"3815",0.617990684400287
"3816",1.25006156451371
"3817",0
"3818",1.05699633510616
"3819",0
"3820",1.30919310207917
"3821",0.377109813052572
"3822",1.96303681671386
"3823",0
"3824",1.88701629673386
"3825",0
"3826",1.0608759792449
"3827",0.0948211315127957
"3828",0.0114124139805072
"3829",0
"3830",0
"3831",0
"3832",0
"3833",0.648835009760447
"3834",0
"3835",1.05786474966898
"3836",0
"3837",0
"3838",0
"3839",0.706393486620849
"3840",0
"3841",0.400056167248165
"3842",0.122983274244956
"3843",0.0037161956599987
"3844",0.800933809317051
"3845",0
"3846",1.01904179173205
"3847",0.529816241593791
"3848",0.192948144663146
"3849",0
"3850",0.907317250696451
"3851",1.39657760146903
"3852",0
"3853",1.27426952511962
"3854",0.35802235533499
"3855",0
"3856",0.311636991151519
"3857",0
"3858",0
"3859",0
"3860",0.760776851514602
"3861",0.109796272006298
"3862",0
"3863",0.021917738433457
"3864",1.11636676734305
"3865",0
"3866",0.737660644148466
"3867",0
"3868",0.315064484191338
"3869",0
"3870",0.0778493428282296
"3871",0
"3872",0.781777478990067
"3873",0
"3874",0
"3875",0
"3876",0.658527669639166
"3877",0.307115558961532
"3878",0.185191230548525
"3879",0.421439020483833
"3880",0
"3881",0.66415256665694
"3882",0
"3883",1.65395015322335
"3884",0
"3885",0
"3886",0.124777438886902
"3887",0.0843578958380355
"3888",0.326193727519362
"3889",0.012199519130107
"3890",0.638065270649323
"3891",0.155809358077529
"3892",0.276254842016336
"3893",0
"3894",0.293586680721886
"3895",0.128510675422768
"3896",0
"3897",0
"3898",0
"3899",0.813148400813817
"3900",0
"3901",0
"3902",0
"3903",0
"3904",0.699566898840136
"3905",0
"3906",0
"3907",0
"3908",0.653658822587281
"3909",0
"3910",0
"3911",0
"3912",0.225025256813361
"3913",0.365113914984195
"3914",0
"3915",0
"3916",0.0983609931196661
"3917",0.125551090663538
"3918",0
"3919",0.185263467787737
"3920",0.0152996735941288
"3921",0
"3922",0.241536292930727
"3923",0
"3924",0
"3925",0.306487128641781
"3926",0
"3927",0
"3928",0
"3929",0.652080674847875
"3930",0
"3931",0
"3932",0.105002256151339
"3933",1.72194055073933
"3934",0
"3935",0.106973899200395
"3936",0
"3937",0.130069770592503
"3938",0
"3939",3.49987469647793
"3940",3.83334766047192
"3941",0
"3942",0
"3943",0
"3944",0.00104049065952372
"3945",0.781871059615719
"3946",0.441859229643945
"3947",0
"3948",0.364598359128378
"3949",0.826827459953894
"3950",0
"3951",0
"3952",0
"3953",0
"3954",0
"3955",1.28138144811922
"3956",0
"3957",0.865427755152107
"3958",0
"3959",1.22724680513482
"3960",0
"3961",0.560677392997401
"3962",0
"3963",0
"3964",0.353915215109332
"3965",0
"3966",0.776487216383908
"3967",0.452351715763348
"3968",0.272134435830696
"3969",0.858729085997477
"3970",0.349645780551323
"3971",0.414370389152531
"3972",0
"3973",0
"3974",0
"3975",0.435671382719186
"3976",0
"3977",0
"3978",0.102588755294304
"3979",0
"3980",0
"3981",0
"3982",1.33451451735384
"3983",0.390440124330934
"3984",0
"3985",1.21834639795413
"3986",0
"3987",0.537955350449653
"3988",0
"3989",0.176188060831186
"3990",0.0283241926274099
"3991",0
"3992",0
"3993",0
"3994",0
"3995",0.517537801825965
"3996",0
"3997",0.480506554519702
"3998",0.118199580529712
"3999",0.112745986568987
"4000",0
"4001",0.846712412278588
"4002",0
"4003",1.69010890661449
"4004",0.451144704269283
"4005",0.992025428008933
"4006",0.674077476339831
"4007",0
"4008",0.817111127025766
"4009",0
"4010",1.57805246735899
"4011",0.415933662175029
"4012",0
"4013",0.502580626945137
"4014",0
"4015",0.318562815747987
"4016",0.585134153767088
"4017",0.305335467748971
"4018",0.548448890924499
"4019",0.77739574334985
"4020",0
"4021",0.515320478766357
"4022",0
"4023",0
"4024",0.858037739023328
"4025",0
"4026",0.409908762421167
"4027",0.451216052762917
"4028",0.572575367293993
"4029",0.0377057215012351
"4030",0.168731983347666
"4031",0
"4032",0.740702313052159
"4033",0.199642783250629
"4034",0.277429045058166
"4035",0.425928304390381
"4036",0.579111994470686
"4037",0.507445640842149
"4038",0.500450994752802
"4039",0.161540709034638
"4040",1.09303937211389
"4041",0
"4042",0.449069449307417
"4043",0.260122600380339
"4044",0
"4045",0
"4046",0.231605126740307
"4047",0
"4048",0.225328558765058
"4049",0.211657898483745
"4050",0
"4051",0.201402005551012
"4052",0
"4053",0.129134941567329
"4054",0
"4055",0
"4056",0
"4057",0.691237121187867
"4058",0
"4059",0.673467267146044
"4060",0.131471327979411
"4061",0.303844555865694
"4062",0
"4063",0.756059671723093
"4064",0
"4065",0.614775996543811
"4066",0.353545489854924
"4067",0.416270323518868
"4068",0
"4069",0
"4070",2.45215526802762
"4071",0
"4072",0
"4073",0
"4074",0.387521202527884
"4075",0.178496060653331
"4076",0.486929291819107
"4077",0
"4078",0
"4079",0.345227271485584
"4080",0
"4081",0.576196289031586
"4082",0
"4083",1.40543282794549
"4084",0
"4085",0.0571825856721841
"4086",0
"4087",0.340124023538956
"4088",0
"4089",1.88755321893512
"4090",0
"4091",0
"4092",0.852595091786461
"4093",0
"4094",0.869644000473178
"4095",0
"4096",0.474996961663534
"4097",0.252334624182373
"4098",0
"4099",0.176830775584928
"4100",0
"4101",0
"4102",0
"4103",0.541226136893409
"4104",0
"4105",0.959457825124499
"4106",0.204730629793191
"4107",0.853358091778334
"4108",0
"4109",0.10609549139548
"4110",0.21413385576983
"4111",0
"4112",0.946118059712757
"4113",0
"4114",0
"4115",0
"4116",0.126172586667646
"4117",0.233984083070311
"4118",0.0358092652294392
"4119",0.134229873194823
"4120",0
"4121",0.6106043492892
"4122",0
"4123",0.43103426221575
"4124",0.0265315495013299
"4125",0.401233353923998
"4126",0
"4127",0.561816601206928
"4128",0
"4129",0.946264364931841
"4130",0
"4131",0
"4132",0
"4133",1.32599312925455
"4134",0.106415415661214
"4135",0
"4136",0
"4137",0.59456208570642
"4138",0.319262830334988
"4139",0
"4140",0.606235026288307
"4141",0.108121815047442
"4142",0
"4143",0
"4144",0
"4145",0
"4146",0
"4147",0.424624051049012
"4148",0
"4149",0.561882970691207
"4150",0
"4151",0.586027602268159
"4152",0.15282829414391
"4153",0.648460438619277
"4154",0
"4155",0
"4156",0
"4157",0.277062816528884
"4158",0
"4159",0.511296524365834
"4160",0
"4161",1.10857772375727
"4162",0
"4163",0
"4164",0.286817809807655
"4165",0.217538467524998
"4166",0
"4167",0
"4168",0
"4169",0.88632583231481
"4170",0
"4171",1.03658812829512
"4172",1.1470830780827
"4173",0
"4174",0.382722184718022
"4175",0
"4176",0.430914045848328
"4177",0
"4178",0
"4179",0.36312524696349
"4180",0.0656651141930996
"4181",0
"4182",0
"4183",0
"4184",0
"4185",0
"4186",0
"4187",0.268323196712808
"4188",0
"4189",0.157966897475799
"4190",0
"4191",0
"4192",0
"4193",0.306487128641781
"4194",0
"4195",0
"4196",0
"4197",0.285401945253641
"4198",0
"4199",0.478760266405171
"4200",0.38080447627726
"4201",0
"4202",0
"4203",0
"4204",0
"4205",0
"4206",0
"4207",0
"4208",0.257420835248994
"4209",0.170089640034335
"4210",0.34105242464024
"4211",0
"4212",0.376050228843242
"4213",0.0116789958029595
"4214",0
"4215",0
"4216",0.58187232280202
"4217",0
"4218",1.44962862385321
"4219",0.0736997701894826
"4220",0.636225414299987
"4221",0.963097259245652
"4222",0
"4223",0
"4224",0
"4225",0.718432351100527
"4226",1.03506148603885
"4227",0
"4228",0.356876530547445
"4229",0
"4230",0.235486243493976
"4231",0.558536835941892
"4232",0
"4233",0.193277956169251
"4234",0.403459271278779
"4235",0.459805834286838
"4236",0
"4237",0
"4238",0.947918599407076
"4239",0.647069459053152
"4240",0.462352189004203
"4241",0.280474166835048
"4242",0
"4243",1.56877666145277
"4244",0
"4245",0.130281048583581
"4246",0.785190536530909
"4247",0
"4248",0.715987238044444
"4249",0.406830940283746
"4250",0
"4251",1.10998971781174
"4252",0.0298111087938207
"4253",0.310496860291962
"4254",0.0957011408066484
"4255",0
"4256",0
"4257",0
"4258",0
"4259",0.201172508780497
"4260",0.340581437295235
"4261",0
"4262",0
"4263",0.0394264770037791
"4264",0
"4265",0
"4266",0
"4267",0.546339286247746
"4268",0
"4269",0
"4270",0
"4271",0
"4272",0
"4273",0.870489225928166
"4274",0.462291923259184
"4275",0.0669309425959721
"4276",0.633294506812035
"4277",0
"4278",0.101576113326506
"4279",0.539705617432406
"4280",0
"4281",0.520462769935574
"4282",0.400961181435256
"4283",0
"4284",0
"4285",0.19977759696375
"4286",0
"4287",0
"4288",0
"4289",1.32472792670576
"4290",0
"4291",0.067398352434608
"4292",0
"4293",0.697942302118347
"4294",0.631899735378895
"4295",0.919155125994604
"4296",0
"4297",0.585239937584066
"4298",0
"4299",0.113945688510451
"4300",0
"4301",0.166380421450881
"4302",0.0959684745975926
"4303",1.77356690435217
"4304",0
"4305",1.80289748116339
"4306",0
"4307",0
"4308",0
"4309",0
"4310",0
"4311",0
"4312",0.337382498316782
"4313",0
"4314",0
"4315",0
"4316",0.0968305779874828
"4317",0.231496316443724
"4318",0
"4319",0.183851798600516
"4320",0.48768715661224
"4321",0
"4322",0.566009117621362
"4323",0
"4324",0
"4325",0.375815650061914
"4326",0.0861085424536817
"4327",0.245794405843873
"4328",0
"4329",0
"4330",0
"4331",0
"4332",0.703944571193308
"4333",0
"4334",0
"4335",0
"4336",0
"4337",0
"4338",0
"4339",0.0698719724111196
"4340",0.755950925679451
"4341",0
"4342",0.280752301430529
"4343",0.644544336967832
"4344",0
"4345",0.253208834604877
"4346",0
"4347",0.986758277107292
"4348",0.183488683258714
"4349",0.15552885217316
"4350",0.0608977145749013
"4351",0
"4352",0.671968592282414
"4353",0
"4354",0
"4355",0.604306776623096
"4356",0
"4357",0.318875926879201
"4358",2.06689874691695
"4359",0
"4360",0.176064343372428
"4361",0
"4362",0
"4363",0
"4364",0
"4365",0.168341069789748
"4366",0.0387646846166023
"4367",0.0254367887301791
"4368",0
"4369",0
"4370",0.0932974787363245
"4371",0.811133959775967
"4372",0
"4373",0
"4374",0.860595064209004
"4375",0
"4376",0.856170754419922
"4377",0
"4378",0.940641192432886
"4379",0
"4380",0
"4381",0.259266960051009
"4382",0.689669157094799
"4383",0.495423602537134
"4384",0
"4385",0.788461352359567
"4386",0.548403831776759
"4387",0.258123066459908
"4388",0
"4389",0.378778971653681
"4390",0.235920099016954
"4391",0.0681216264856597
"4392",0.612336106366898
"4393",0.65807441168754
"4394",0
"4395",0.204456702233428
"4396",0.0536475470302246
"4397",0
"4398",0.687637503627001
"4399",0
"4400",0.427902284264133
"4401",0
"4402",0.385743486686
"4403",0
"4404",0.264874249654584
"4405",0
"4406",2.00779824805704
"4407",0
"4408",3.22476962813715
"4409",0.488444466233767
"4410",0
"4411",0
"4412",0
"4413",0.154457979648367
"4414",0.00131294076719823
"4415",0.131635584529724
"4416",0.171290326911119
"4417",0.043040329395757
"4418",0.374088304492118
"4419",0.750387732005364
"4420",0.419024937423298
"4421",0
"4422",1.01317801591415
"4423",1.11809093053618
"4424",0.969517009660595
"4425",0
"4426",2.17339687504774
"4427",0
"4428",3.02049774049311
"4429",0
"4430",0
"4431",0.838034729364175
"4432",0.654912379402265
"4433",0
"4434",0
"4435",0
"4436",0.894321383246092
"4437",0.369669821902561
"4438",0.342821422293079
"4439",0
"4440",1.130216963647
"4441",0
"4442",0
"4443",0
"4444",0.701886878626025
"4445",0
"4446",1.11638353523142
"4447",0
"4448",0.789832700179482
"4449",0.388935358121863
"4450",0.408453819046974
"4451",0.252821667619676
"4452",0.482373660507121
"4453",0
"4454",0.467970333501569
"4455",0
"4456",0.0813491219953117
"4457",0.103303685660873
"4458",0
"4459",0
"4460",0
"4461",0.322211294109761
"4462",0
"4463",0.177112362185499
"4464",0
"4465",0.0884032169023214
"4466",0.204764445155351
"4467",0.312352446888026
"4468",0
"4469",0.0155471339149036
"4470",0.0058429378671393
"4471",0.152447937520477
"4472",0
"4473",0.650051510015471
"4474",0.612768039511806
"4475",0.0524948020840008
"4476",0
"4477",0
"4478",0
"4479",0.935614295475363
"4480",0
"4481",0.28556551226444
"4482",0
"4483",0
"4484",0.632138618742286
"4485",0
"4486",0.49027500741305
"4487",0.209236670927604
"4488",0.0301042048508452
"4489",0.374611971954316
"4490",0.612008206063083
"4491",0
"4492",1.1343479765738
"4493",0
"4494",0
"4495",0.733137585703354
"4496",0
"4497",0
"4498",0
"4499",0
"4500",0.579630071966837
"4501",0
"4502",1.20833688770421
"4503",0
"4504",0.180909705519773
"4505",0.0891594660688291
"4506",0.440552191185273
"4507",0
"4508",0.939309994398907
"4509",0.584153023646479
"4510",0.519541890225339
"4511",0.314504819904426
"4512",0.746923063674361
"4513",0
"4514",0
"4515",0.87313749083628
"4516",0
"4517",0
"4518",0
"4519",1.02501211283048
"4520",0
"4521",0.471337819711637
"4522",0
"4523",0
"4524",0
"4525",0.0748850736242521
"4526",0
"4527",0
"4528",1.15575341090118
"4529",0
"4530",0.241973330442821
"4531",0
"4532",0.606875578718498
"4533",0
"4534",0.704029415280841
"4535",0.173653312903178
"4536",0
"4537",0.405783669244118
"4538",0
"4539",0
"4540",0.0915824167633579
"4541",0.208914001383871
"4542",0
"4543",0.891225519678275
"4544",0.226922108804922
"4545",0
"4546",0
"4547",2.5805981279461
"4548",0
"4549",0
"4550",1.14606777546221
"4551",0
"4552",0
"4553",0.580754298970885
"4554",0
"4555",0.032460363273944
"4556",0.210960607116242
"4557",0.755812766290118
"4558",0
"4559",0.868695382205252
"4560",0.10880967020845
"4561",0
"4562",0
"4563",0.646892069520679
"4564",0.797839834228345
"4565",0
"4566",0
"4567",0
"4568",2.49947257557052
"4569",0
"4570",0
"4571",0.232521640640062
"4572",0.425913492166756
"4573",0
"4574",0.823015275594714
"4575",0
"4576",0.0232995513251071
"4577",0.0801970769289024
"4578",0
"4579",0
"4580",1.04405046509544
"4581",0
"4582",1.21484731732958
"4583",0
"4584",1.55429319879768
"4585",0.781706846141055
"4586",0.299772081719927
"4587",0.428123650375391
"4588",0
"4589",0.920898485069814
"4590",0
"4591",0
"4592",0
"4593",0.199920810461485
"4594",0
"4595",0
"4596",0.170355071884037
"4597",0
"4598",0.159048310635456
"4599",0
"4600",0.127371945469957
"4601",0
"4602",0
"4603",0
"4604",0.17771934918486
"4605",0.128199995579433
"4606",0.0251946025801961
"4607",0.841878912364098
"4608",0.0839518256011038
"4609",0.159855438164115
"4610",0.748983223095158
"4611",0
"4612",0.109552021088602
"4613",1.21529714428408
"4614",2.0174010149711
"4615",0
"4616",0.729095584385188
"4617",0
"4618",0.697205669938835
"4619",0.931524140868036
"4620",0
"4621",1.44332280249404
"4622",0
"4623",0
"4624",0
"4625",0
"4626",0
"4627",0.625582251309987
"4628",0
"4629",0
"4630",0.071864453641667
"4631",0.723908359064366
"4632",0
"4633",0
"4634",0
"4635",0
"4636",1.19194555789825
"4637",0.65999899483997
"4638",0
"4639",0.922198173996646
"4640",0.00543719297057721
"4641",0.22793300544988
"4642",0.274151049947649
"4643",0
"4644",0.305380425212148
"4645",0
"4646",0.0759399774911294
"4647",0
"4648",0
"4649",0
"4650",0.419632501416704
"4651",0
"4652",1.15339775535725
"4653",0
"4654",0.673018744165543
"4655",0
"4656",0.656144379138146
"4657",0.0463599827972407
"4658",0
"4659",0.561346930806567
"4660",0
"4661",0.4823038649536
"4662",0
"4663",1.06013373754595
"4664",0
"4665",0.484218690496057
"4666",0
"4667",0.481606131247007
"4668",0
"4669",0.0871269299416237
"4670",0
"4671",0.0818756190319263
"4672",0
"4673",0.458903385202794
"4674",1.15256670044529
"4675",0
"4676",0.375181135561225
"4677",0
"4678",0.0329437358989979
"4679",0.05086998951828
"4680",0
"4681",1.05395721731004
"4682",1.82714608033506
"4683",0
"4684",0
"4685",0
"4686",2.19289340802011
"4687",0.721243004189195
"4688",0.13255356684039
"4689",0.0982053450642323
"4690",0
"4691",0
"4692",0.355201209257519
"4693",0.111388466308336
"4694",0.18495013931284
"4695",0
"4696",0.00472983827973894
"4697",0.0953363345095455
"4698",0.557475247968386
"4699",0
"4700",0
"4701",0
"4702",0.699000665506563
"4703",0.25888421883158
"4704",0.163200328288187
"4705",0.199847423973149
"4706",0.0439929644960066
"4707",2.75455016635857
"4708",0
"4709",0
"4710",0
"4711",0.876053516617156
"4712",0.0321644536592858
"4713",0
"4714",1.1422381363323
"4715",0.458837857744329
"4716",0.479056401024041
"4717",0
"4718",0.849541684043805
"4719",0.368061304983179
"4720",0
"4721",1.14452203365363
"4722",0.366763775002082
"4723",0
"4724",0.390943118403189
"4725",0
"4726",0
"4727",0
"4728",0
"4729",0
"4730",0
"4731",1.13542382373908
"4732",0
"4733",0.456420805492208
"4734",0
"4735",0
"4736",0
"4737",0
"4738",0.271938790114485
"4739",0
"4740",0
"4741",0
"4742",0.125872710735187
"4743",0
"4744",0.289428851954023
"4745",0.395580402423431
"4746",0
"4747",0.783739957641803
"4748",0
"4749",0
"4750",0.0501450354531578
"4751",0
"4752",0.274714430138043
"4753",2.6205924531326
"4754",0
"4755",1.16720272260137
"4756",0.183348727298434
"4757",0
"4758",0.721415889665141
"4759",0.310574963660233
"4760",0
"4761",0.383859530999789
"4762",0
"4763",1.10936030461184
"4764",0
"4765",0
"4766",0.704726399581274
"4767",0.822464270835028
"4768",0
"4769",1.05217026430699
"4770",0
"4771",0.0638969404989949
"4772",0
"4773",0.57033711500903
"4774",0.121781976344255
"4775",0
"4776",0.275597933308962
"4777",0
"4778",0
"4779",0
"4780",0
"4781",0.482297179837176
"4782",0.338818322777895
"4783",0
"4784",0
"4785",0.303319554848743
"4786",0
"4787",0.528924209652059
"4788",0
"4789",0
"4790",0
"4791",0.269243609779924
"4792",0.426490937906259
"4793",0
"4794",0.332196786511036
"4795",1.2288987865047
"4796",0.854391037096527
"4797",0.222902711125023
"4798",0.309795249323716
"4799",0
"4800",0
"4801",0.624236380300208
"4802",0
"4803",0.225958269735208
"4804",0
"4805",0
"4806",0
"4807",0
"4808",0
"4809",1.03804843431029
"4810",0
"4811",0
"4812",0
"4813",0.190516198111555
"4814",0.55698076443236
"4815",0
"4816",0
"4817",0
"4818",0.344128733083406
"4819",0.34638383095413
"4820",0
"4821",0.209451217024095
"4822",0
"4823",0
"4824",1.29593431167982
"4825",0
"4826",0
"4827",0
"4828",0.224081617927823
"4829",0
"4830",0.227610379041437
"4831",0.049200751334713
"4832",0.282863515526714
"4833",0.50653303649384
"4834",0.601521581619476
"4835",0.0627060586216762
"4836",0.0592149248994565
"4837",0
"4838",0.00786603592564217
"4839",0.50581278107202
"4840",0.697650289581127
"4841",0
"4842",0.541165717623599
"4843",0
"4844",0.334346765930008
"4845",0.476312525996572
"4846",0
"4847",0
"4848",0
"4849",2.51421192481896
"4850",0
"4851",2.45051462747902
"4852",0.52226703946045
"4853",0
"4854",0.765852398208439
"4855",0
"4856",0.705726831270182
"4857",0
"4858",0.620412647053215
"4859",0
"4860",0.389203669157005
"4861",0
"4862",0
"4863",0.0229196579089357
"4864",0.122254855232264
"4865",0.308083536236482
"4866",0.399095344863925
"4867",1.88044317183849
"4868",0
"4869",0
"4870",0
"4871",0.438407573472873
"4872",0
"4873",0.0542496199822951
"4874",0
"4875",0
"4876",0
"4877",0
"4878",0
"4879",0
"4880",0.254701504955366
"4881",0.195945549515103
"4882",0
"4883",1.14593689979226
"4884",0
"4885",0.0409593820264085
"4886",0
"4887",0.502873703702315
"4888",0
"4889",0
"4890",0.0351393256357935
"4891",0.253020126737739
"4892",0
"4893",0
"4894",0
"4895",0
"4896",1.72599464493738
"4897",0.211187168780247
"4898",0
"4899",0.319846042349834
"4900",0
"4901",0.486170700917031
"4902",0
"4903",0
"4904",0
"4905",0
"4906",0
"4907",0
"4908",0.00116417048683193
"4909",0.526434746094211
"4910",0
"4911",0.204858962340669
"4912",0
"4913",1.4816191336916
"4914",0.0722068680525525
"4915",0.42372329860496
"4916",0
"4917",0
"4918",0.118455578811906
"4919",0.133157559157187
"4920",0
"4921",0.595732073529582
"4922",0
"4923",1.00467844947481
"4924",0
"4925",0
"4926",0
"4927",0.204394306256417
"4928",1.08430049899011
"4929",0
"4930",0
"4931",0.238318542367284
"4932",0.0748610888092041
"4933",1.55135685602421
"4934",0
"4935",1.07639180666707
"4936",0
"4937",0.0240749544973134
"4938",0.0781918613945107
"4939",0.0402290449041018
"4940",0
"4941",0.275774452823147
"4942",0.40380964769323
"4943",0.522472548246153
"4944",0
"4945",0.975931471285892
"4946",0
"4947",0.712345195867042
"4948",0
"4949",0.979864473496534
"4950",0
"4951",0.0428755335165296
"4952",0.764750581537581
"4953",0
"4954",1.16970723916316
"4955",0
"4956",0.445341697892564
"4957",0.949268937629741
"4958",0.31557885750912
"4959",0.145260746639856
"4960",0.20721554339968
"4961",0.285779114495733
"4962",0
"4963",0
"4964",1.83561788300852
"4965",0
"4966",1.86083245339467
"4967",0
"4968",0
"4969",0.114886102708558
"4970",0.10882315400974
"4971",0
"4972",0
"4973",0
"4974",0
"4975",0
"4976",0.0440235485900921
"4977",0
"4978",0.217641899495543
"4979",0.35336956587897
"4980",0.432181038591979
"4981",0
"4982",0
"4983",0.205389500844248
"4984",0.23370464331658
"4985",0.604723250127323
"4986",0
"4987",0.869826610401834
"4988",0
"4989",0.688335821940297
"4990",0.253250158714431
"4991",0.364845494516289
"4992",0.193941400556457
"4993",0
"4994",0
"4995",0
"4996",0.314620057007681
"4997",0
"4998",0
"4999",0
"5000",0
"5001",0.10171979850852
"5002",0.0902476054711006
"5003",0
"5004",0
"5005",1.36513827206573
"5006",0
"5007",0
"5008",0
"5009",0
"5010",0
"5011",0
"5012",0.112739509878887
"5013",0.0542143157454955
"5014",0.393113796381236
"5015",0.177338443971941
"5016",0
"5017",0.179870661604507
"5018",0
"5019",0
"5020",0
"5021",0
"5022",0.639451497501452
"5023",0
"5024",0.169475640606355
"5025",0.725562290835051
"5026",0
"5027",0
"5028",0
"5029",0
"5030",0.887710907953375
"5031",0
"5032",0.628444506735585
"5033",0
"5034",0
"5035",1.56562807202181
"5036",0
"5037",1.37350258059355
"5038",0
"5039",0
"5040",0
"5041",0.811731365334683
"5042",0
"5043",0.284343324147185
"5044",0
"5045",0.274475958162189
"5046",0.0276644411454496
"5047",0.100016804851598
"5048",1.47277542157177
"5049",0.513631094487251
"5050",0
"5051",0
"5052",0
"5053",0
"5054",0
"5055",0
"5056",0
"5057",0
"5058",0.545208475911387
"5059",0
"5060",0
"5061",0.789870000466175
"5062",0
"5063",0.91750104728257
"5064",0
"5065",0.64372537043085
"5066",0
"5067",0.806873555501477
"5068",0
"5069",0.555501138728179
"5070",0.0883148743267763
"5071",0.324160618956654
"5072",0.180882102996549
"5073",0
"5074",0.358627124173898
"5075",0.286768868859563
"5076",0
"5077",0
"5078",0
"5079",0.136621634433644
"5080",0.944542039526702
"5081",0
"5082",0.471973705607796
"5083",0.786641006311194
"5084",0
"5085",0.577479135043853
"5086",0
"5087",0.413656933110662
"5088",0
"5089",1.05690013015252
"5090",0
"5091",0
"5092",0
"5093",0.279063402347484
"5094",1.0539735668718
"5095",0.256343150646748
"5096",0
"5097",0.0162714066770964
"5098",1.14763846744238
"5099",0.471232475667954
"5100",0
"5101",0.659219394114566
"5102",0.332880705884199
"5103",0.138850627708001
"5104",0.0236584579226452
"5105",0.727185241753165
"5106",0
"5107",0.425415896712093
"5108",1.08105126553253
"5109",0
"5110",0.249510492607737
"5111",0.041255911874834
"5112",0
"5113",0.539923928689161
"5114",0
"5115",0
"5116",0
"5117",0.167589386443032
"5118",0
"5119",0.143251603390321
"5120",0
"5121",0.238160652489748
"5122",0
"5123",0
"5124",0.418427520245242
"5125",0
"5126",0.591995803630739
"5127",0
"5128",0.863127928464671
"5129",0.10817169062798
"5130",0.146101875995043
"5131",1.17816988855463
"5132",0
"5133",0.204662320545966
"5134",0
"5135",0
"5136",0.768112596089434
"5137",0
"5138",0.867271460817495
"5139",0.214343091401272
"5140",1.21769796977836
"5141",0
"5142",0.808096832163311
"5143",0
"5144",0
"5145",0.902918460638123
"5146",0.193098413602205
"5147",0.182584414985857
"5148",0
"5149",0.739450998984226
"5150",0
"5151",0.427085050478188
"5152",0.623360285561634
"5153",0
"5154",0
"5155",0
"5156",0.399610954092315
"5157",0
"5158",0.827216592591039
"5159",0
"5160",0
"5161",0.047498742086915
"5162",0
"5163",0
"5164",0.528438785145209
"5165",0
"5166",0
"5167",0
"5168",0
"5169",0.960439607401428
"5170",0.138571074133482
"5171",0.611322181765289
"5172",0
"5173",0.167897779976317
"5174",0
"5175",0.724615634513261
"5176",0.860416657593958
"5177",0.841287087832369
"5178",0.39304508894066
"5179",1.49240742105172
"5180",1.36938294708806
"5181",0.513459934289898
"5182",0.436644637205657
"5183",0.404053772762296
"5184",0
"5185",1.74365300646441
"5186",0
"5187",0.0320818394325704
"5188",0
"5189",0
"5190",0
"5191",0
"5192",0.850949617798295
"5193",0.861368976484456
"5194",0.456072329006004
"5195",0.848603608041325
"5196",1.17974657732859
"5197",0.760374624370051
"5198",0.488551661198523
"5199",0
"5200",0
"5201",0
"5202",0.956629552560432
"5203",0.562270276540354
"5204",0
"5205",0
"5206",0.0723566764825416
"5207",0
"5208",0
"5209",0
"5210",0
"5211",0.56080018544699
"5212",0
"5213",0.0595963117187889
"5214",0.0677148399617931
"5215",0
"5216",0
"5217",0.240153437368401
"5218",0.19841549169564
"5219",2.0445896201315
"5220",0
"5221",0.797803034818834
"5222",1.18087113178853
"5223",0
"5224",0
"5225",0.997246335110027
"5226",0
"5227",0.602819626965166
"5228",0
"5229",0.135215201540143
"5230",0
"5231",1.7842811076003
"5232",0
"5233",2.1358129183812
"5234",0
"5235",0.630664399862387
"5236",1.20264406924171
"5237",0
"5238",0.545585789797691
"5239",0.119145793074091
"5240",0
"5241",0.847298952833775
"5242",0
"5243",0
"5244",0
"5245",0
"5246",0
"5247",1.21700343007973
"5248",0
"5249",0.973037653546488
"5250",0.125144121917018
"5251",0
"5252",0.170843914835385
"5253",0.198127542389904
"5254",0
"5255",0
"5256",0
"5257",0.512419602489599
"5258",0.00228366558852511
"5259",0.365620459945802
"5260",0.199388912242176
"5261",0.657993647399207
"5262",0
"5263",0.478199186924518
"5264",0.194831233136583
"5265",0.798262971487768
"5266",0.588995190116919
"5267",0.42187284084511
"5268",0.114715307832825
"5269",0.105206071020233
"5270",0.810200284290417
"5271",0
"5272",0
"5273",0
"5274",0.61489047887898
"5275",0.759052824327212
"5276",0
"5277",0.14866562888856
"5278",0
"5279",0
"5280",0.41858671183312
"5281",0.18444936270811
"5282",0.311999707521657
"5283",0.183732402836388
"5284",0.667139593115574
"5285",0
"5286",1.0250409191205
"5287",0.538161965260788
"5288",0
"5289",0.528236504948441
"5290",0
"5291",0
"5292",0
"5293",0
"5294",0
"5295",0.659839667822463
"5296",0.888805313695565
"5297",0
"5298",0.313197703721487
"5299",0
"5300",0
"5301",0
"5302",2.00103844751415
"5303",0
"5304",0.972906075810142
"5305",0.080710300171858
"5306",0.103951294919703
"5307",0
"5308",0
"5309",0
"5310",0.489924843653574
"5311",0.485459581089835
"5312",0.111255747620506
"5313",0
"5314",0.17731181712038
"5315",0.378178358435464
"5316",0
"5317",0.10502285765794
"5318",0.223932645635891
"5319",0
"5320",0.150709016012195
"5321",0.494433597021557
"5322",0
"5323",0.245120320212538
"5324",1.14958467293239
"5325",0
"5326",1.4940593961141
"5327",0.142667334616329
"5328",0
"5329",1.67096687370986
"5330",0
"5331",0.873000916752565
"5332",0.0533358237957096
"5333",0.684370289000151
"5334",0.388514719823988
"5335",0
"5336",0.329214858237062
"5337",0.0512984609374016
"5338",0
"5339",0
"5340",0
"5341",1.59713622259884
"5342",0
"5343",0
"5344",0
"5345",0
"5346",0.482975348030018
"5347",0
"5348",0.865480049441478
"5349",0
"5350",0
"5351",0.329742601258513
"5352",0.607029860732081
"5353",0.570283549787293
"5354",0
"5355",0.452112550634691
"5356",0.356029065248262
"5357",0
"5358",0
"5359",0.2439215957526
"5360",0.194661222281239
"5361",0.0855514890000375
"5362",0
"5363",0.562015239843518
"5364",0
"5365",0.605627684305569
"5366",0
"5367",0
"5368",0.68406002942384
"5369",0
"5370",0
"5371",0.990086234676142
"5372",0
"5373",0
"5374",0
"5375",0.552755228386537
"5376",0
"5377",0
"5378",0
"5379",0
"5380",0.0400242294752631
"5381",0
"5382",0
"5383",0
"5384",0.382143577568007
"5385",1.21454485271672
"5386",0
"5387",1.03140137143123
"5388",0
"5389",0.649635984510247
"5390",0
"5391",0
"5392",0
"5393",0
"5394",0
"5395",0.82235886273187
"5396",0
"5397",0
"5398",0.182159936108778
"5399",0.143752667032729
"5400",0
"5401",0.0832985447883235
"5402",0
"5403",0.226990552076651
"5404",0.0515445904829002
"5405",0.560073439318696
"5406",0
"5407",0.0261201027020876
"5408",0
"5409",0.572790923008094
"5410",0
"5411",0
"5412",0
"5413",0.807328132171585
"5414",0.44600648811463
"5415",0.44600648811463
"5416",0.084744414465842
"5417",0.212934841573036
"5418",0
"5419",0
"5420",0
"5421",0.862519049334307
"5422",0
"5423",0
"5424",0.562452429446467
"5425",0.522024881679243
"5426",0
"5427",0
"5428",1.06758328790964
"5429",0.189506510595208
"5430",0.886083885167806
"5431",0
"5432",0.30782703063203
"5433",0.423241517305153
"5434",0
"5435",0
"5436",0
"5437",0.854673818412176
"5438",0
"5439",0.955754392242256
"5440",0
"5441",0.100242345633024
"5442",0.736596901075862
"5443",0
"5444",0.231296766810919
"5445",0.449602892490902
"5446",0
"5447",0
"5448",0
"5449",0.0849966828058135
"5450",0.732147786662765
"5451",0
"5452",0
"5453",0
"5454",0.73555775615131
"5455",0
"5456",0.700025028013937
"5457",0
"5458",0.0221865138489441
"5459",0.47953483889277
"5460",0
"5461",1.35795877898693
"5462",0
"5463",0
"5464",0
"5465",0
"5466",0
"5467",0.176552884243045
"5468",0.0397475661265636
"5469",0.359722595469195
"5470",0
"5471",0
"5472",0
"5473",0
"5474",0
"5475",0
"5476",0.924058455844208
"5477",0
"5478",0
"5479",0
"5480",0.449130925037569
"5481",0.454199960281342
"5482",0.354690924924556
"5483",0.690265104392084
"5484",0.235042291237781
"5485",0.194088922449977
"5486",0
"5487",1.37909241804118
"5488",0
"5489",0
"5490",0
"5491",0.853961824035479
"5492",0
"5493",0.118702396876126
"5494",0.848515775917207
"5495",0
"5496",0
"5497",0.201937187888604
"5498",0
"5499",0
"5500",1.16654830982811
"5501",0
"5502",0.296480091704883
"5503",0
"5504",0
"5505",0.0955721150797204
"5506",0
"5507",0.618168793565931
"5508",0
"5509",0.323446033960813
"5510",0
"5511",1.10726505564628
"5512",0
"5513",0
"5514",1.71782067288293
"5515",2.25159163653948
"5516",2.28262360162831
"5517",0.0943443545970624
"5518",0
"5519",0
"5520",0
"5521",0.489244935237853
"5522",0.119400119410116
"5523",0.716121134483977
"5524",0.241673428955566
"5525",0.533536585046076
"5526",0
"5527",0.438110802237152
"5528",0
"5529",0.634374731608701
"5530",1.58516163649419
"5531",0
"5532",0
"5533",0
"5534",0
"5535",1.33308845929115
"5536",0
"5537",1.54727897844017
"5538",0.0517516037917011
"5539",0.349564153851241
"5540",0.094261040531138
"5541",0.928625382415918
"5542",0
"5543",0
"5544",0
"5545",0
"5546",0.121234895450037
"5547",0
"5548",0
"5549",0.139102204029443
"5550",0
"5551",0
"5552",0
"5553",0.75528842859025
"5554",0.252136940454696
"5555",0.106234001525013
"5556",0.413854812069354
"5557",0.617432631614883
"5558",0.159541348055711
"5559",0.0639263864510813
"5560",0
"5561",0
"5562",0
"5563",0.807328132171585
"5564",0.44600648811463
"5565",0.44600648811463
"5566",0.44600648811463
"5567",0.0846848440576742
"5568",0.0846848440576742
"5569",0.0846848440576742
"5570",0.0846848440576742
"5571",0.0846848440576742
"5572",0.341184839088398
"5573",0
"5574",0.349975314747454
"5575",0.423904507869369
"5576",0
"5577",0
"5578",0.191985511993881
"5579",0.334850602112937
"5580",0
"5581",0
"5582",0
"5583",0.324056656101773
"5584",0
"5585",0.126666760254731
"5586",0
"5587",0.330097573265482
"5588",0.804573495396086
"5589",0
"5590",0.836993645697332
"5591",0.0945036431437918
"5592",0
"5593",0
"5594",0.39740479208013
"5595",0.237230560477822
"5596",0.0121712753907982
"5597",0.187707386651148
"5598",0.165872110327281
"5599",0.473636687215609
"5600",0.795026700777948
"5601",0
"5602",0
"5603",0.641700009287838
"5604",0
"5605",1.23784217109396
"5606",0
"5607",0
"5608",1.22176803386277
"5609",0
"5610",0
"5611",0
"5612",0.404610585540857
"5613",0.250328746376615
"5614",0
"5615",0.696912459772626
"5616",0
"5617",0.618164074389685
"5618",0
"5619",0.455302759105574
"5620",0.121159701901657
"5621",0.110984643957192
"5622",0.24095307401982
"5623",0
"5624",0.700869422933383
"5625",0.188903088400168
"5626",0
"5627",0.775386387585464
"5628",2.07147445775053
"5629",0
"5630",1.56431093837345
"5631",0
"5632",0.085800811665814
"5633",0
"5634",0.575957944426146
"5635",0
"5636",0.191019648052283
"5637",0.448236740256589
"5638",0
"5639",0
"5640",0
"5641",0.615535414387856
"5642",0.155057405863963
"5643",0.675103852110404
"5644",0
"5645",1.0933802934394
"5646",0
"5647",1.0112456588063
"5648",0.658346910871253
"5649",0.859893954609735
"5650",0
"5651",0.34685600507068
"5652",0.246903518675226
"5653",0
"5654",1.2242861897043
"5655",0
"5656",0.489243830240476
"5657",0.90056159470555
"5658",0.287816943883065
"5659",0
"5660",0
"5661",1.68531961253958
"5662",0
"5663",1.2072655071689
"5664",0
"5665",0.256049348044942
"5666",0
"5667",0.272572167688614
"5668",0
"5669",0
"5670",0.185746704739684
"5671",1.14031701030661
"5672",0.017728582906837
"5673",0.323581122148488
"5674",0
"5675",1.74782829190519
"5676",0.460275718638033
"5677",0.36533139612483
"5678",0
"5679",0
"5680",1.76937892111704
"5681",0.9487815346503
"5682",0
"5683",1.08535760181281
"5684",0
"5685",0.278314486031172
"5686",0.644454689080466
"5687",0
"5688",0.410438509558499
"5689",0.225925988166519
"5690",0
"5691",0
"5692",0
"5693",0.0527388328292882
"5694",0.71932163525919
"5695",0
"5696",0.215860798823932
"5697",0.792357302727636
"5698",0
"5699",0.130329538768481
"5700",0.294112272071606
"5701",0.465101401686488
"5702",0
"5703",0.131425263250436
"5704",0.552848630913381
"5705",0
"5706",1.03917983447771
"5707",1.40717519016096
"5708",0.767323664724477
"5709",0
"5710",0
"5711",0
"5712",0
"5713",0.716546670139708
"5714",0
"5715",0.762467612817836
"5716",0
"5717",0
"5718",0.707016163383611
"5719",0.807328132171585
"5720",0.44600648811463
"5721",0.0846848440576742
"5722",0.0846848440576742
"5723",0.0846848440576742
"5724",0.0846848440576742
"5725",0.0846848440576742
"5726",0.0846848440576742
"5727",0.0846848440576742
"5728",0.0846848440576742
"5729",0.0846848440576742
"5730",0.0846848440576742
"5731",0.212934841573036
"5732",0.0846848440576742
"5733",0.0941457201258005
"5734",1.23928688107295
"5735",0
"5736",1.01103228441056
"5737",1.14047639958693
"5738",0.0646471631924195
"5739",0.505022524804241
"5740",1.01356183876623
"5741",0
"5742",0.0572983697617588
"5743",0
"5744",0.181882866648106
"5745",0.460204144591776
"5746",0.407622676931298
"5747",0
"5748",0.822102814000096
"5749",0.0398920097436882
"5750",0.579863095504486
"5751",0.0125493872079412
"5752",0
"5753",0.00546726915827123
"5754",0
"5755",0
"5756",0.538451257069482
"5757",0.362896018488255
"5758",0.540408031405798
"5759",0.947018367501604
"5760",0
"5761",0
"5762",0
"5763",0
"5764",0.468643134886123
"5765",0.587148894885246
"5766",0
"5767",0.757919141717257
"5768",0
"5769",0.497751026418444
"5770",0.357480275747855
"5771",0.0926075678162999
"5772",0
"5773",0.848691491626217
"5774",0.47306450341742
"5775",0.533478368287917
"5776",0
"5777",0.869364178761888
"5778",0.529698509673931
"5779",0.102542273829321
"5780",0.998802657945706
"5781",0
"5782",0.857660235730883
"5783",1.22889594229103
"5784",1.36955113597107
"5785",0
"5786",1.38794825968586
"5787",0
"5788",0
"5789",0
"5790",0.0674801899108227
"5791",0.905338991677804
"5792",0
"5793",0.969219649114203
"5794",0.192710045166046
"5795",0.312573734078952
"5796",0.951833012706476
"5797",0
"5798",0.275828876015886
"5799",1.20766820644196
"5800",0
"5801",1.39186945611149
"5802",0
"5803",0
"5804",0
"5805",0.84670212164307
"5806",2.15698776863137
"5807",0
"5808",0
"5809",0
"5810",0.954169520711724
"5811",0.412024329561699
"5812",0.212116114649813
"5813",0.347313189917191
"5814",0
"5815",0
"5816",0
"5817",0
"5818",0
"5819",0.817173364022533
"5820",0
"5821",0
"5822",0
"5823",1.54051498542248
"5824",0
"5825",1.41414670862382
"5826",0.518646551677308
"5827",0
"5828",0
"5829",0
"5830",0.738805534145349
"5831",0
"5832",0.262317340591288
"5833",0
"5834",0.763258200624972
"5835",0.0452150411115348
"5836",0
"5837",1.57460756208321
"5838",0.00438789977254195
"5839",0
"5840",0
"5841",0
"5842",0
"5843",0.998452220835089
"5844",0
"5845",0.130484421046585
"5846",0.329225575324112
"5847",0
"5848",0.212211069780074
"5849",0
"5850",0.168816116931809
"5851",0.40273399011121
"5852",0
"5853",0.275944558004997
"5854",0
"5855",0.705311966179648
"5856",0.364658050776176
"5857",0
"5858",0.349064848829325
"5859",0
"5860",0
"5861",0
"5862",0
"5863",0.036062644012318
"5864",0.689382449566192
"5865",0
"5866",0
"5867",0
"5868",1.02983613996407
"5869",0.291205393830159
"5870",0
"5871",0.589855565172559
"5872",0.923003619935988
"5873",0.469176123963305
"5874",0.807328132171585
"5875",0.0846848440576742
"5876",0.0846848440576742
"5877",0.0846848440576742
"5878",0.0846848440576742
"5879",0.0846848440576742
"5880",0.0846848440576742
"5881",0.0846848440576742
"5882",0.0846848440576742
"5883",0.0846848440576742
"5884",0.0846848440576742
"5885",0.0846848440576742
"5886",0.0846848440576742
"5887",0.0846848440576742
"5888",0.0846848440576742
"5889",0.341184839088398
"5890",0
"5891",0
"5892",0
"5893",0.467060203854909
"5894",0
"5895",0.835161179529861
"5896",1.02302380703287
"5897",0
"5898",0.358279551496019
"5899",0.927233837967451
"5900",0.453221414832828
"5901",0
"5902",0
"5903",0.170735494569716
"5904",0
"5905",1.51144923223867
"5906",0
"5907",0.782316216791022
"5908",0.8869231035056
"5909",0.333060655869565
"5910",0
"5911",0
"5912",1.34796997161384
"5913",0
"5914",0
"5915",0
"5916",0.0789674615170708
"5917",0.252491841255947
"5918",0
"5919",1.13108314679351
"5920",0.424184066897521
"5921",0.635893603055114
"5922",0
"5923",0.711935233103476
"5924",0
"5925",0
"5926",0
"5927",0.659996020915423
"5928",0
"5929",0.828549302977144
"5930",0.0297755814839156
"5931",0.0919019948345204
"5932",0
"5933",0
"5934",0
"5935",0
"5936",0
"5937",0
"5938",0
"5939",1.42429859033505
"5940",0
"5941",1.70726758171714
"5942",0
"5943",0
"5944",1.18020555860653
"5945",0.412890739729554
"5946",0
"5947",0
"5948",0
"5949",0
"5950",0.190330519256111
"5951",0
"5952",1.45750568786976
"5953",0
"5954",0
"5955",0
"5956",1.80606568750987
"5957",0
"5958",1.15042553954581
"5959",0
"5960",2.23652450581023
"5961",0
"5962",0
"5963",0
"5964",0
"5965",0
"5966",0.136513654945869
"5967",0.00649411428489022
"5968",1.16731007542222
"5969",0
"5970",0.602725030659963
"5971",0
"5972",0.8670864420509
"5973",0.862016428622437
"5974",0.174792911474462
"5975",0.248788847973981
"5976",2.37898349173949
"5977",0
"5978",0
"5979",0
"5980",0
"5981",1.48288236790032
"5982",0
"5983",0.455058193283362
"5984",0.726915365492575
"5985",0.0549349472073923
"5986",0
"5987",0
"5988",0
"5989",0
"5990",0.175178906897338
"5991",0
"5992",1.28265399045254
"5993",0
"5994",0.568837671620746
"5995",0
"5996",0.545097420802178
"5997",0.0286169400920906
"5998",0.034919170488259
"5999",0.04144000654337
"6000",0
"6001",0.693899763137014
"6002",0
"6003",0.402550301172871
"6004",0.42718318242159
"6005",0.0353062510285962
"6006",0.146254968115477
"6007",0
"6008",0
"6009",0
"6010",0
"6011",0.498257464541515
"6012",0
"6013",0
"6014",0
"6015",0
"6016",0
"6017",0.180609592131191
"6018",1.19198452470958
"6019",0
"6020",0.359051518862797
"6021",0
"6022",0.185810887335464
"6023",0
"6024",0
"6025",0.202311104581039
"6026",0.577707693194679
"6027",0
"6028",0.807328132171585
"6029",0.0846848440576742
"6030",0.0846848440576742
"6031",0.0162505253360188
"6032",0.0846848440576742
"6033",0.0846848440576742
"6034",0.0846848440576742
"6035",0.0846848440576742
"6036",0.0846848440576742
"6037",0.0846848440576742
"6038",0.0846848440576742
"6039",0.0846848440576742
"6040",0.0846848440576742
"6041",0.0846848440576742
"6042",0.0846848440576742
"6043",0.0846848440576742
"6044",0.0846848440576742
"6045",0.597684834119121
"6046",0
"6047",0.866025152898087
"6048",0
"6049",0
"6050",0
"6051",0.268251920728716
"6052",0
"6053",0
"6054",0.620359046362955
"6055",0
"6056",0
"6057",0
"6058",0.333544463833188
"6059",0
"6060",0
"6061",0.822514741011265
"6062",0
"6063",0
"6064",0
"6065",0.695564714568733
"6066",0.665155227455848
"6067",0
"6068",0
"6069",0
"6070",0.943096519074836
"6071",0
"6072",1.78353705673364
"6073",0
"6074",1.47157469653851
"6075",0.275295712172774
"6076",0
"6077",0.187408100883302
"6078",0
"6079",1.50855760902397
"6080",0
"6081",0.145691712000367
"6082",0
"6083",0
"6084",0
"6085",0.0795130398315309
"6086",0
"6087",0.490633947733717
"6088",0
"6089",0.475516838169337
"6090",0
"6091",1.02444963430014
"6092",1.05741693085426
"6093",0
"6094",0.253217944725705
"6095",0.715277608273234
"6096",0.271701269452739
"6097",0.249870010177154
"6098",0
"6099",0
"6100",0.145805903315068
"6101",0.429631902344602
"6102",0
"6103",0.273491629602297
"6104",0.298178978067354
"6105",0
"6106",2.46449223214534
"6107",0
"6108",3.60220111306057
"6109",0
"6110",0
"6111",0
"6112",5.06260139400698
"6113",0
"6114",0.397631107381452
"6115",0
"6116",0.948102167224802
"6117",0
"6118",0.0384986156708322
"6119",0.0385454536686254
"6120",0
"6121",0.5263732519421
"6122",1.61859166170153
"6123",0.20831436078648
"6124",0
"6125",0
"6126",0
"6127",0
"6128",1.42947690240556
"6129",0
"6130",1.57540087967364
"6131",0
"6132",1.51452621358765
"6133",0.808770343501974
"6134",0.439825468016368
"6135",0.183860057590215
"6136",0
"6137",0
"6138",0
"6139",0.533570258328538
"6140",0.14843321639189
"6141",1.3737257964435
"6142",1.17840129349009
"6143",0
"6144",0
"6145",0
"6146",0.890650788824112
"6147",0
"6148",0
"6149",0
"6150",0.110637785204418
"6151",0.401216786405231
"6152",0
"6153",0.740688285054012
"6154",0
"6155",0.271369309145627
"6156",0.905444749254133
"6157",0
"6158",0
"6159",0
"6160",0.752225783270031
"6161",0
"6162",0
"6163",0.207214367463056
"6164",0.00837164564886095
"6165",0.0521833435483545
"6166",0.0155733434884398
"6167",1.18873567956635
"6168",0.525980979619596
"6169",0
"6170",0
"6171",0.00263516971365818
"6172",0.640971519078052
"6173",0.00683783814829264
"6174",0
"6175",0.728371396422664
"6176",0.274214182838443
"6177",0
"6178",0.404159627909338
"6179",0
"6180",0
"6181",0.807328132171585
"6182",0.0846848440576742
"6183",0.0162505253360188
"6184",0.358422124247517
"6185",0.0162505253360188
"6186",0.0846848440576742
"6187",0.0846848440576742
"6188",0.0846848440576742
"6189",0.0846848440576742
"6190",0.0846848440576742
"6191",0.0846848440576742
"6192",0.0846848440576742
"6193",0.212934841573036
"6194",0.0846848440576742
"6195",0.212934841573036
"6196",0.0846848440576742
"6197",0.0846848440576742
"6198",0.0846848440576742
"6199",0.363858228908886
"6200",0.0829969983156518
"6201",1.04779730302929
"6202",0
"6203",0.349655016758281
"6204",0.0537220457519532
"6205",0
"6206",0
"6207",0.818073996778551
"6208",0.480616253083469
"6209",0
"6210",0.138225109589146
"6211",0
"6212",0.296486272283483
"6213",1.58258257875048
"6214",0
"6215",2.34752405446853
"6216",0
"6217",0
"6218",0
"6219",0.710018176966497
"6220",0.67926879810664
"6221",0
"6222",2.21877673744305
"6223",0.92422980531768
"6224",0.699014268550049
"6225",0
"6226",0.527417444991446
"6227",0
"6228",0.188726322304603
"6229",0.386827311710547
"6230",0
"6231",0.397335012399781
"6232",0.619353597337445
"6233",1.03373420632159
"6234",0
"6235",0.255371303965306
"6236",0.684033318910618
"6237",0.555721024504079
"6238",0.339725537185911
"6239",0
"6240",0
"6241",0.405033727689092
"6242",1.24747069163461
"6243",0.650046968382496
"6244",0
"6245",1.84044140362088
"6246",0
"6247",0
"6248",0.465615181167188
"6249",0
"6250",0.0954708208411312
"6251",0
"6252",0.162862051725801
"6253",0.833714941598868
"6254",0
"6255",0.821757594375483
"6256",1.193016428415
"6257",0
"6258",0.0496369848812761
"6259",0
"6260",0
"6261",0
"6262",0.475591283153787
"6263",0
"6264",4.74283231276802
"6265",1.35481445614181
"6266",0
"6267",0
"6268",0.787931151665175
"6269",0.845815679013306
"6270",0.453198751939164
"6271",0.792573109388211
"6272",0.374154536298669
"6273",0.948394992174856
"6274",0
"6275",0
"6276",0
"6277",0
"6278",0.248895124544807
"6279",0.608150875431753
"6280",0.891198504165617
"6281",0
"6282",1.42014539514356
"6283",0
"6284",1.38400083410843
"6285",0.156230418746287
"6286",0.0157376889792917
"6287",0
"6288",0
"6289",0
"6290",0.449566080165641
"6291",0
"6292",1.38028143424261
"6293",0
"6294",0
"6295",0.449144179837137
"6296",1.14781435437968
"6297",0
"6298",0.884542972653545
"6299",0.076817622495942
"6300",0.48687713890615
"6301",0
"6302",0.245757510616946
"6303",0.548009619359729
"6304",0.326830552060813
"6305",0.186828333507437
"6306",0
"6307",0.0723218822774656
"6308",0
"6309",0
"6310",0
"6311",0
"6312",0.309748792400008
"6313",0.539130400525062
"6314",0.642544484395487
"6315",0
"6316",0
"6317",0.488651419992882
"6318",0
"6319",0.116533771987653
"6320",0.463742767443719
"6321",1.33631599622234
"6322",0
"6323",0
"6324",0.388215290853305
"6325",0.0538326094467145
"6326",0.20190671872151
"6327",0.14477858068214
"6328",0.126574349954546
"6329",0.060605576982899
"6330",0.598258140147893
"6331",0.0470891400001351
"6332",0.773807447223367
"6333",0
"6334",0.707394784671489
"6335",0.44600648811463
"6336",0.0846848440576742
"6337",0.0162505253360188
"6338",0.0846848440576742
"6339",0.212934841573036
"6340",0.212934841573036
"6341",0.0846848440576742
"6342",0.212934841573036
"6343",0.0846848440576742
"6344",0.0762530920958169
"6345",0.450588448937111
"6346",0
"6347",0.576363805087958
"6348",0.183946861319743
"6349",0.462733777089729
"6350",0.337613411940394
"6351",0.0792462633022213
"6352",0.174321620540393
"6353",0.169024724443842
"6354",0.432180070923892
"6355",0
"6356",0
"6357",0.802282207678266
"6358",0.120741408938101
"6359",0
"6360",0
"6361",0.724430540233295
"6362",0.24556308487858
"6363",0.261446096912048
"6364",0.714634726563371
"6365",0
"6366",0.138461218546717
"6367",0
"6368",0
"6369",0.727333758461829
"6370",0
"6371",0.503721190051452
"6372",0.150015320151606
"6373",0
"6374",1.43258286624897
"6375",0.828681510436612
"6376",0
"6377",0.553461331118938
"6378",0.158212469372208
"6379",0
"6380",0
"6381",0.000446285493590604
"6382",0
"6383",0
"6384",0
"6385",0
"6386",0
"6387",0
"6388",0.170626705145588
"6389",0
"6390",0
"6391",0
"6392",0.103292563384523
"6393",0.537016747117661
"6394",0
"6395",1.30095472455012
"6396",0
"6397",0
"6398",1.25793331096274
"6399",0
"6400",0
"6401",0
"6402",0.494054596279554
"6403",0.852680124821955
"6404",0
"6405",0
"6406",0
"6407",0
"6408",0
"6409",0
"6410",0
"6411",0.264347472704856
"6412",0
"6413",0.48207016375063
"6414",1.15145587566984
"6415",0
"6416",0.575064703719902
"6417",1.09910070374482
"6418",0.208659227422844
"6419",1.00905370665501
"6420",0.438318094849358
"6421",0
"6422",0
"6423",0
"6424",0.0398667741906293
"6425",0
"6426",0
"6427",0.234006835249776
"6428",0.0995436000453398
"6429",0.597283591183535
"6430",0
"6431",0
"6432",0
"6433",0
"6434",0.636996139066413
"6435",0
"6436",0.521762169663129
"6437",0.244588760573612
"6438",0
"6439",0.0776364533778031
"6440",0.231212627947124
"6441",0.2699767889092
"6442",0.14495270523661
"6443",0.219913317655333
"6444",0
"6445",0
"6446",0
"6447",0
"6448",0.105752284577229
"6449",0.0922077664085426
"6450",0
"6451",0.0781155305705978
"6452",0
"6453",0.239205722278475
"6454",0
"6455",0.386282870582625
"6456",0
"6457",0
"6458",0.38306820519522
"6459",0
"6460",1.16362065934836
"6461",0
"6462",0.453676284837356
"6463",0
"6464",0
"6465",0
"6466",0.128504874227118
"6467",0.577696710058605
"6468",0.557438846965702
"6469",0
"6470",0
"6471",0
"6472",0
"6473",0.321797494573989
"6474",0
"6475",0.0957193987439685
"6476",0.470700790586027
"6477",0
"6478",0.513425029898911
"6479",0
"6480",0.364252815828692
"6481",0.471707069705044
"6482",0
"6483",0.24063030051006
"6484",0.387253620839744
"6485",0.290824207724893
"6486",0.44600648811463
"6487",0.0846848440576742
"6488",0.0846848440576742
"6489",0.341184839088398
"6490",0.0097505155233929
"6491",0.20643483176041
"6492",0.597684834119121
"6493",0
"6494",0.332753087126541
"6495",0.451638234518689
"6496",0
"6497",0
"6498",0.281007761102671
"6499",0
"6500",0.771997331231201
"6501",0
"6502",0.715256397227638
"6503",0
"6504",0.527281926900331
"6505",0
"6506",0
"6507",0
"6508",0.384529793566263
"6509",0.586066483131423
"6510",0
"6511",0
"6512",0
"6513",0
"6514",0.535258538277355
"6515",0
"6516",0
"6517",0
"6518",0
"6519",0.960810335379228
"6520",0.594873708095188
"6521",1.04444506004063
"6522",0
"6523",0.522422728511312
"6524",0.274613910661609
"6525",0.866091858767565
"6526",0
"6527",0.920862527522942
"6528",0.280055894426248
"6529",0.483993708668987
"6530",0.234654777928989
"6531",0.0331672076975934
"6532",0.142647434544858
"6533",0
"6534",0.0520416026802117
"6535",0.666127429100717
"6536",0.981606728593542
"6537",0
"6538",0.493169032628054
"6539",0.717508366516698
"6540",0.0937630109305727
"6541",0
"6542",0
"6543",0
"6544",0
"6545",0
"6546",0.138371285272502
"6547",0
"6548",0
"6549",0
"6550",0
"6551",0
"6552",0.521304552795018
"6553",0
"6554",0
"6555",0
"6556",0.618699866472666
"6557",0
"6558",1.5023443403698
"6559",0
"6560",0.787231645493286
"6561",1.0683390228299
"6562",0.93874653496094
"6563",1.0227478187615
"6564",0.245611050117142
"6565",0.528754721972875
"6566",0.958488324442071
"6567",0.238436307726334
"6568",0
"6569",0
"6570",0
"6571",0.480728060718409
"6572",0
"6573",0
"6574",0
"6575",0
"6576",0.108998066245201
"6577",0.653894663872781
"6578",0.023409179184203
"6579",0.884897791364909
"6580",0.267524616778941
"6581",0.0297640086836375
"6582",0.408919927221467
"6583",0.298919954454732
"6584",0.45130125984102
"6585",0.0156649828322535
"6586",1.53133251356004
"6587",0
"6588",0.529397554577559
"6589",0.113225732664427
"6590",0.319790577795243
"6591",0
"6592",0.286985288235996
"6593",0.119097377302841
"6594",0
"6595",0
"6596",0
"6597",1.22258120527438
"6598",0
"6599",1.01004857947984
"6600",0
"6601",0.090014756720844
"6602",0
"6603",0.392025758943471
"6604",0.137485618850633
"6605",0
"6606",0
"6607",0
"6608",0
"6609",0
"6610",0.321558416345469
"6611",0
"6612",0.208786725510125
"6613",0
"6614",0.302583721302248
"6615",0
"6616",0.696542485673341
"6617",0
"6618",0.0551756886938886
"6619",0
"6620",0.126339743392525
"6621",0
"6622",0
"6623",0
"6624",0
"6625",0.958601320652498
"6626",0
"6627",0.0387077713992486
"6628",0
"6629",0
"6630",0
"6631",0
"6632",0
"6633",0
"6634",0.371618346950134
"6635",0
"6636",0.662063098078289
"6637",0.132302351524512
"6638",0.301027259581227
"6639",0.807328132171585
"6640",0.0846848440576742
"6641",0.212934841573036
"6642",0
"6643",0
"6644",0
"6645",0
"6646",0
"6647",0
"6648",0.0258160592861912
"6649",0
"6650",0.172599418037517
"6651",0.229365552547561
"6652",0
"6653",0
"6654",0
"6655",0
"6656",0.429440161034019
"6657",0
"6658",0.354822189369751
"6659",0
"6660",0.836707026879279
"6661",0.295642407785821
"6662",0
"6663",0.592162941495259
"6664",0.0179041010863098
"6665",0.0652366489938724
"6666",0
"6667",0
"6668",1.43123348803621
"6669",0
"6670",1.05425208916365
"6671",0
"6672",0.578866759151985
"6673",0
"6674",0
"6675",0
"6676",0
"6677",0
"6678",0.529125078961121
"6679",0
"6680",0.17815719712807
"6681",0.273354481827967
"6682",0
"6683",0.170064929263594
"6684",0.362904775444351
"6685",0
"6686",0
"6687",0.440454185044501
"6688",0
"6689",0.209757739942977
"6690",0.990242989533322
"6691",0
"6692",0.578739719714241
"6693",0.0913650185266806
"6694",0
"6695",0.710622064348076
"6696",1.15438367246443
"6697",0
"6698",1.20634833093468
"6699",1.24427138481699
"6700",0
"6701",1.11437703173827
"6702",1.05411596486213
"6703",0.00574997583322867
"6704",0
"6705",0.0102178086358169
"6706",1.36854472917246
"6707",0
"6708",0.0471172349023238
"6709",0
"6710",0
"6711",0
"6712",0.757495861220456
"6713",0
"6714",0.392825999168105
"6715",0.533561697803711
"6716",0
"6717",0
"6718",0
"6719",0.905487263044314
"6720",0.429700903760577
"6721",0
"6722",0
"6723",0.20080919338905
"6724",0.5197686124778
"6725",0.831458299629499
"6726",0.712410123556465
"6727",0
"6728",0.948692091221987
"6729",0
"6730",0
"6731",0
"6732",0.630064532229808
"6733",1.18243188760861
"6734",0.178002639386276
"6735",0
"6736",0
"6737",0.238359752349067
"6738",1.0758378211129
"6739",0.0639808164642743
"6740",1.53579653681464
"6741",0
"6742",0.147662969953927
"6743",0
"6744",0
"6745",0.134726069638896
"6746",0.0826119454827662
"6747",0.280845151401258
"6748",0
"6749",0.557020322286707
"6750",0
"6751",0.939469557918772
"6752",0.145632223176857
"6753",0.13173591695057
"6754",0.632412935428815
"6755",0.621375618920813
"6756",0
"6757",0.578325203863018
"6758",0
"6759",0.612315256552608
"6760",0.165552681283615
"6761",0.241334788143365
"6762",0.221086468972985
"6763",0.490681029722499
"6764",0.257157877604795
"6765",0
"6766",0.443854918408479
"6767",0.0298292326745901
"6768",0.716971805643007
"6769",0
"6770",0.551389511982336
"6771",0
"6772",0.23733433976079
"6773",0
"6774",0.134732386778246
"6775",0.0485487847228399
"6776",0
"6777",0.706877192657535
"6778",1.14032259622102
"6779",0
"6780",0.600295327444511
"6781",0.659117790305526
"6782",0.437245849164607
"6783",0
"6784",1.01156784732132
"6785",0
"6786",0.010095219287265
"6787",0
"6788",0.182255858043002
"6789",0.202384924115972
"6790",0.44600648811463
"6791",0.0846848440576742
"6792",0.725934831634483
"6793",0
"6794",0
"6795",0.342585303018406
"6796",0.0667175632982695
"6797",0.370165011302064
"6798",0.469761250103921
"6799",0.167322492298177
"6800",0.350880153377563
"6801",0.812371360373853
"6802",0
"6803",1.13772793338202
"6804",0
"6805",0.584288402480683
"6806",0.0502696825244733
"6807",0.433132811738438
"6808",0
"6809",0.406363107968001
"6810",0
"6811",0.119675054057675
"6812",0
"6813",0.100431296290661
"6814",0.345041016411965
"6815",0.379973850979026
"6816",0
"6817",0.133638792719466
"6818",0
"6819",0.819176276849862
"6820",0
"6821",0.412812051156983
"6822",0
"6823",0.0126121185743647
"6824",0.622980332974469
"6825",0.713722637830146
"6826",0.0781665274158674
"6827",1.72712381747644
"6828",0
"6829",0
"6830",0.505605314751052
"6831",0
"6832",0.978171947611017
"6833",0.00347919277107689
"6834",0.487105924765959
"6835",0.0435848542224598
"6836",0
"6837",0.265627762183083
"6838",0.00359669830377851
"6839",0
"6840",0.959850384787828
"6841",0
"6842",0.375643264228126
"6843",0.538895724937819
"6844",0.474220061931477
"6845",1.17424731017278
"6846",0
"6847",1.02892450720529
"6848",0
"6849",0
"6850",1.32224322813969
"6851",0
"6852",0
"6853",0.620057073378725
"6854",1.1864382111819
"6855",0.258855230261344
"6856",0
"6857",1.22605254433262
"6858",0
"6859",0.254043916191038
"6860",0
"6861",0
"6862",0.623945619955431
"6863",0.693502442547779
"6864",1.0382733876298
"6865",0
"6866",0
"6867",0
"6868",0.397560930175392
"6869",0.245419134761046
"6870",0
"6871",0
"6872",0.831779421726723
"6873",0.640244363805167
"6874",0.716521399031293
"6875",0.826874107953003
"6876",0.0141457537500318
"6877",0
"6878",0
"6879",0
"6880",0
"6881",0.337267356524268
"6882",0
"6883",0
"6884",1.91641021990238
"6885",0
"6886",0
"6887",0
"6888",0.0785150224015829
"6889",0.432236214586573
"6890",0.193869320733819
"6891",0.123926744638459
"6892",0
"6893",0.273076600905212
"6894",0.833337893325003
"6895",0
"6896",0
"6897",0
"6898",0.273245729054619
"6899",0.356501299586741
"6900",0.472573041748272
"6901",0.901888109410445
"6902",0
"6903",1.00109706179173
"6904",0.45968434754999
"6905",0
"6906",0.894488932988892
"6907",0
"6908",0.360104508642625
"6909",0
"6910",0.390679468839122
"6911",0
"6912",0.249568256920949
"6913",0.0507471458851646
"6914",0
"6915",0
"6916",0
"6917",0
"6918",0
"6919",0
"6920",0.32498645269743
"6921",0
"6922",0.128738447949814
"6923",0.307357803373357
"6924",0.33823689113855
"6925",0
"6926",0.466467356790807
"6927",0
"6928",0.91060609388136
"6929",0
"6930",0
"6931",0.167007892846913
"6932",0
"6933",0.634292866339251
"6934",0.023281100584008
"6935",0.304876178120853
"6936",0.807328132171585
"6937",0.212934841573036
"6938",0
"6939",0.286642648554567
"6940",0
"6941",0.213211932006693
"6942",0.089714642633083
"6943",0.108595699860526
"6944",0
"6945",0.145789473075373
"6946",0.166416648596952
"6947",0.222630155862201
"6948",0.367458093713936
"6949",0.254459681459125
"6950",0.138213736719248
"6951",0.141950121210724
"6952",0.0573140098625864
"6953",0.0590759329200594
"6954",0.626896512115564
"6955",0
"6956",0.646877210730907
"6957",0.247683281119372
"6958",0.131121960298036
"6959",0.529504513941174
"6960",0.23358308855348
"6961",0
"6962",0.523110018999924
"6963",0
"6964",0
"6965",0
"6966",0.193914607473928
"6967",0
"6968",0.124109616846233
"6969",0
"6970",0.38054118925825
"6971",0
"6972",0
"6973",0
"6974",0
"6975",0
"6976",0
"6977",0
"6978",0.535341983965045
"6979",0
"6980",0
"6981",0.286716180700158
"6982",0
"6983",0.303562041630913
"6984",0.414718321349957
"6985",0
"6986",0
"6987",0
"6988",0.232118011203141
"6989",0
"6990",0
"6991",0
"6992",0
"6993",0.516247427839735
"6994",0
"6995",1.26446377674617
"6996",0
"6997",2.62086025147144
"6998",0.0646428746954077
"6999",0.62085988995489
"7000",2.2099014302617
"7001",0.129568545499214
"7002",1.22005679191482
"7003",0
"7004",0.782944188394754
"7005",0.245865061217515
"7006",1.28380564466333
"7007",0.487549814577132
"7008",0
"7009",0.7326978308876
"7010",1.63061217119528
"7011",0.544417713374226
"7012",0
"7013",0
"7014",0
"7015",0
"7016",0.970077117668459
"7017",0
"7018",1.11248547957358
"7019",0
"7020",1.23293498504917
"7021",0
"7022",0.338177441176161
"7023",0.852327389248444
"7024",0.689991259642933
"7025",0
"7026",0
"7027",0
"7028",0
"7029",0
"7030",0.16456925743402
"7031",0.88335416686434
"7032",0
"7033",0
"7034",0
"7035",0
"7036",0
"7037",0
"7038",0
"7039",0.49773304319127
"7040",0.422516992860826
"7041",0
"7042",0.297199901474014
"7043",0.233553614931771
"7044",0
"7045",0.0299322359570429
"7046",0.108217837577449
"7047",0
"7048",0
"7049",0
"7050",0
"7051",0.0944363302416106
"7052",0
"7053",0
"7054",0
"7055",0.14670916709124
"7056",0.430967245109727
"7057",0
"7058",0.229046996625691
"7059",0.252879192752881
"7060",0
"7061",0
"7062",0
"7063",0.277950359737683
"7064",0.0744527607168711
"7065",0.00124928358620346
"7066",0
"7067",0
"7068",0
"7069",0.0864577095110408
"7070",0
"7071",0.236611592082839
"7072",0.338403877217804
"7073",0
"7074",0
"7075",0
"7076",0.429684311887164
"7077",0.0384343095284526
"7078",0
"7079",0.807328132171585
"7080",0.341184839088398
"7081",0
"7082",0.478386232607973
"7083",0
"7084",0.00885368139939635
"7085",0
"7086",0.284704593021183
"7087",0
"7088",0.230542248727985
"7089",0.527379702399611
"7090",0
"7091",0.437432014629094
"7092",0.0160511971299306
"7093",0.0935513787453248
"7094",0.0839060339367552
"7095",0.308449806745805
"7096",0
"7097",0.285797628707535
"7098",0.0237537562152401
"7099",0.753824405849313
"7100",0.270799719522094
"7101",0.26044711398825
"7102",0.0137179475936151
"7103",0.579459297038621
"7104",0
"7105",0.829491829734423
"7106",0
"7107",0.72997081589306
"7108",0.190900399556186
"7109",0.24796462706252
"7110",0
"7111",0
"7112",0
"7113",0.132520392404567
"7114",0
"7115",0.390127054686473
"7116",0
"7117",0
"7118",0
"7119",0
"7120",0.524002616563132
"7121",0
"7122",0
"7123",1.33802673738172
"7124",0.905227529555411
"7125",0.408094105684223
"7126",0.111334603204819
"7127",0.638867302681342
"7128",0
"7129",0
"7130",0
"7131",0
"7132",4.18746629309981
"7133",0.508337052158512
"7134",0.503709131437896
"7135",0
"7136",0
"7137",0
"7138",0.495524670167977
"7139",0
"7140",0
"7141",1.89525311778481
"7142",0.319281569565615
"7143",0
"7144",0
"7145",0
"7146",0
"7147",0
"7148",0.442026607348818
"7149",0.368156719603304
"7150",0.447813396716313
"7151",1.45773785898096
"7152",0
"7153",0
"7154",0.111229300379021
"7155",0.928993154932037
"7156",1.16453368056917
"7157",0.702180906638583
"7158",0
"7159",0
"7160",0
"7161",0.758270838214983
"7162",0
"7163",0
"7164",0
"7165",1.14084734310786
"7166",0.581371365356197
"7167",0
"7168",0.454544883675673
"7169",0.14161152393241
"7170",0
"7171",1.08561469629134
"7172",0
"7173",0.228452875385238
"7174",1.22307260563806
"7175",0
"7176",0.885115200502035
"7177",0
"7178",0.442949518364489
"7179",0.814128136642185
"7180",0
"7181",0
"7182",0.583191273797418
"7183",0
"7184",0
"7185",0
"7186",0
"7187",1.44513150413613
"7188",0
"7189",0.0992959002235621
"7190",0.526050898786592
"7191",0.206934922494468
"7192",0
"7193",0.353054262046164
"7194",0.167142828184271
"7195",0.296617490821917
"7196",0.433222396518139
"7197",0.211523691785982
"7198",0.122300778370299
"7199",0.0662625478058624
"7200",0.0937459815515049
"7201",0.492018800324147
"7202",0
"7203",0.267655018517775
"7204",0.176562012804381
"7205",0.927926298588721
"7206",0
"7207",0.669070713274574
"7208",0
"7209",0.477629344568067
"7210",0.288904814310599
"7211",0
"7212",0.345053097145632
"7213",0.649431227141656
"7214",0.466797063693565
"7215",0.165614357696716
"7216",0.130807453102927
"7217",0.0518832308285903
"7218",0.0396076272824315
"7219",0.208596284384762
"7220",0
"7221",0.774098712702391
"7222",0.0889200682964825
"7223",0.587123192611657
"7224",0
"7225",0.436148538658782
"7226",0.0347746131523314
"7227",0.257037513691361
"7228",0
"7229",0
"7230",0
"7231",0.822132052068573
"7232",0.50048938471559
"7233",0
"7234",0.367877402446444
"7235",0.452275976031457
"7236",0
"7237",0
"7238",0
"7239",0.825791163115907
"7240",0
"7241",0.367177687117639
"7242",0
"7243",0.215061392699435
"7244",0
"7245",0.215061392699435
"7246",0.215061392699435
"7247",0
"7248",0.403127069008504
"7249",0
"7250",0.704049736263859
"7251",0.05017738194526
"7252",0.498129510323736
"7253",1.57595050307521
"7254",0
"7255",1.12850331285696
"7256",0
"7257",0.152983147143969
"7258",0
"7259",0
"7260",0
"7261",0.636805035029253
"7262",1.55212527232706
"7263",1.08104237877617
"7264",0
"7265",1.45030100903452
"7266",0
"7267",1.31758316709703
"7268",0.470068330664941
"7269",1.32846906249833
"7270",0
"7271",0
"7272",0.28549865404996
"7273",1.04441526902066
"7274",0.26036558837072
"7275",1.07890813130587
"7276",0
"7277",0
"7278",0.260323995541404
"7279",0
"7280",0
"7281",0
"7282",1.30902968993112
"7283",0
"7284",0
"7285",0
"7286",0
"7287",1.52006948365412
"7288",0
"7289",0
"7290",0.582842950286993
"7291",0
"7292",0.904048278478665
"7293",0
"7294",1.801983455577
"7295",0
"7296",0.452702396213775
"7297",0
"7298",0
"7299",1.13103826279495
"7300",0.870179038328963
"7301",0.158073915258748
"7302",0
"7303",0.0814598987344182
"7304",1.38737812965795
"7305",0
"7306",1.81139611655572
"7307",0.460083769603951
"7308",0
"7309",0
"7310",0.965992226411663
"7311",0
"7312",0.348753090591798
"7313",0
"7314",0
"7315",0.851348794295756
"7316",0
"7317",0
"7318",0.318167076328898
"7319",0.69956060589064
"7320",0
"7321",0.0618637715053354
"7322",0.737652330512884
"7323",0.197481064432858
"7324",0.216267039604422
"7325",1.13516403592565
"7326",0
"7327",0.0154466494381089
"7328",0.734841645320157
"7329",0
"7330",0.787238205590595
"7331",0.432403167088803
"7332",0.210911845536618
"7333",1.00994399598751
"7334",0.0945313448960694
"7335",0.293295888288804
"7336",0.136273367597607
"7337",0.0559747037604658
"7338",0
"7339",0.119488121457498
"7340",0.0186237652830687
"7341",0
"7342",0.21182891228606
"7343",0
"7344",0
"7345",0
"7346",0.0220861923543261
"7347",0
"7348",0.117760808559414
"7349",0
"7350",0.833925814965759
"7351",0
"7352",0.016665878406214
"7353",0
"7354",0.306387065766276
"7355",0
"7356",0.319942289848028
"7357",0.115803460132486
"7358",0
"7359",0
"7360",0
"7361",0.0144202749052611
"7362",0
"7363",0
"7364",0.0675089428447038
"7365",0.268747702853851
"7366",0
"7367",0.74132323427213
"7368",0
"7369",0.743139552766283
"7370",0.660839008191399
"7371",0
"7372",0.141990815860119
"7373",0
"7374",0.424792333596063
"7375",0.47863443547535
"7376",0.342454407551279
"7377",0.441075900929684
"7378",0.187758499188568
"7379",0
"7380",0
"7381",0.185601236115978
"7382",0
"7383",0.0750914824579014
"7384",0
"7385",0
"7386",0.0596346145654902
"7387",0.0563314252433842
"7388",0.0461923519228078
"7389",0.485023502638428
"7390",0
"7391",0
"7392",0
"7393",2.27153089569152
"7394",0
"7395",0
"7396",1.22889977424979
"7397",0.0957499597319296
"7398",0
"7399",0
"7400",0
"7401",0
"7402",0
"7403",0
"7404",0
"7405",0
"7406",0
"7407",0.202098462948737
"7408",0
"7409",1.17246174853215
"7410",0
"7411",0
"7412",0
"7413",0
"7414",0
"7415",1.39939509095538
"7416",0.95955914152472
"7417",0.387183693550603
"7418",0
"7419",0.486404051780949
"7420",0.855067622501935
"7421",0
"7422",0.85078704793376
"7423",2.62485670775033
"7424",1.79289156905262
"7425",0.482308600806615
"7426",0
"7427",0
"7428",0
"7429",1.76299410851152
"7430",0
"7431",1.90366113500283
"7432",0.496611013601311
"7433",0.322090241237983
"7434",0
"7435",1.65179353848024
"7436",0.408969859190188
"7437",0
"7438",1.0907359968093
"7439",0.495278863020521
"7440",0
"7441",0.591337962495502
"7442",0.430195964983319
"7443",0.892481681391037
"7444",0
"7445",1.90846853980647
"7446",0
"7447",0
"7448",0.960390812514287
"7449",0
"7450",0
"7451",0.213309488573828
"7452",0.155853078939342
"7453",0
"7454",0
"7455",0.888228096074633
"7456",0.146708790908189
"7457",0.67938085657826
"7458",0.122716558965893
"7459",0
"7460",0.383895100410617
"7461",0
"7462",0
"7463",0.444652716516632
"7464",0.665956504460177
"7465",0
"7466",0
"7467",0.765778295929288
"7468",0
"7469",1.61825720380727
"7470",0
"7471",2.85279496138851
"7472",0
"7473",1.78986298553459
"7474",0
"7475",0
"7476",0
"7477",0
"7478",0
"7479",0
"7480",0.382167324359646
"7481",0.480790612316652
"7482",0.239916156710282
"7483",0
"7484",0.441674670390696
"7485",0.0869344911906033
"7486",0.00973750283389918
"7487",0.112653062463728
"7488",0.505256281432459
"7489",0
"7490",0.295654659123115
"7491",0.39737277935211
"7492",0.335893464814112
"7493",0.312468412819773
"7494",0.465047177874303
"7495",0.376010860268494
"7496",0.269344272778184
"7497",0.414372931887505
"7498",0
"7499",0.0897553435389917
"7500",0
"7501",0.400445574705807
"7502",0.484245192996479
"7503",0
"7504",0.574319784736766
"7505",0
"7506",0.615200775989921
"7507",0
"7508",0.363346226406199
"7509",0.069644053769814
"7510",0.710201741985183
"7511",0.201616748893042
"7512",0.497524071654179
"7513",0.182976616262051
"7514",0
"7515",0
"7516",0
"7517",0.516845507783746
"7518",0.40769032106336
"7519",0.9181935867702
"7520",0.121085139795117
"7521",0
"7522",0
"7523",0.573168247822291
"7524",0
"7525",0.370747434917574
"7526",0
"7527",0
"7528",0
"7529",0
"7530",0.179805227794913
"7531",0
"7532",0.478243899729062
"7533",0
"7534",1.2713044354629
"7535",0
"7536",0
"7537",0
"7538",0.572530674466564
"7539",0
"7540",1.1121899436823
"7541",1.30583442208614
"7542",0.260232062146227
"7543",1.55392054685663
"7544",0
"7545",0
"7546",0
"7547",0.160988462160156
"7548",1.20092691838609
"7549",0
"7550",1.26488523479207
"7551",0.188592161067789
"7552",0
"7553",0.0950803271173304
"7554",0
"7555",0
"7556",0.61490495360826
"7557",0
"7558",0
"7559",0.0207780149286787
"7560",0.710675283737757
"7561",0.0397769471494351
"7562",0
"7563",0
"7564",2.21463333724884
"7565",0
"7566",1.77677514647598
"7567",0
"7568",3.01136722510111
"7569",0
"7570",0.0482353692898982
"7571",0
"7572",1.30966088098013
"7573",0
"7574",2.25352307889156
"7575",0
"7576",1.80883360928016
"7577",2.18494894769755
"7578",0.637490759426846
"7579",0
"7580",0
"7581",2.02982261320083
"7582",0.345086547783878
"7583",1.4273283762156
"7584",0
"7585",0
"7586",2.30825611874615
"7587",0
"7588",0.296231795318892
"7589",0
"7590",0.575198490253432
"7591",0
"7592",0.440356959428607
"7593",0
"7594",1.44717880089069
"7595",0.444894220234603
"7596",1.04488058520854
"7597",0.0358148213984735
"7598",0
"7599",0
"7600",0.438136653256702
"7601",0.114742819290002
"7602",0.14370190660074
"7603",0.496839186094594
"7604",0
"7605",0
"7606",0.802311366554092
"7607",0
"7608",1.17316364350825
"7609",0.91406915730333
"7610",0.306258214463917
"7611",0.150188809165725
"7612",0.328719261765622
"7613",0
"7614",0
"7615",0
"7616",0
"7617",0
"7618",0
"7619",0
"7620",1.63229192872672
"7621",0
"7622",0.916130821517285
"7623",0
"7624",0.627490534700469
"7625",0.344227371174123
"7626",0
"7627",1.08962951456471
"7628",0
"7629",0.148329236280493
"7630",0
"7631",0
"7632",0
"7633",0.117289947767346
"7634",0.196195997136178
"7635",0.567002744372545
"7636",0.370973288080809
"7637",0.590327584410457
"7638",0
"7639",0.449505392416526
"7640",0.414210396736716
"7641",0.840912012933253
"7642",0.63584512952203
"7643",0
"7644",0.957840330178908
"7645",0.0853939532291634
"7646",0.402480078317586
"7647",0
"7648",0.611613997719311
"7649",0
"7650",0.649508453373965
"7651",0.258011410272498
"7652",0
"7653",0.221807768429077
"7654",0.106542245220681
"7655",1.28116089393321
"7656",0
"7657",0.343408243343646
"7658",0.472392186697848
"7659",0.886760781535979
"7660",0
"7661",1.17964658586437
"7662",0
"7663",0.183755611543663
"7664",0.4505219082587
"7665",0
"7666",0
"7667",1.47205260836868
"7668",0
"7669",0
"7670",0
"7671",0.648275942105769
"7672",0.224958666301376
"7673",0.0096080234050413
"7674",0.261105571414634
"7675",0
"7676",0.400225678437104
"7677",0
"7678",0.398353879653442
"7679",0
"7680",1.68102661230196
"7681",0
"7682",0
"7683",0
"7684",1.47030463476944
"7685",0
"7686",0
"7687",0.304306015187822
"7688",1.14477416581865
"7689",1.60183967229993
"7690",0
"7691",1.62648063874198
"7692",0.276666274289343
"7693",0.418531020521554
"7694",0
"7695",0.75847682937296
"7696",0
"7697",0
"7698",1.57804741561083
"7699",0
"7700",0.71266122332586
"7701",2.22603035483055
"7702",0.511817734335715
"7703",0.545636738040209
"7704",0
"7705",0
"7706",1.41138569791326
"7707",0
"7708",2.79531604590708
"7709",3.03815633972683
"7710",1.15202497021672
"7711",0
"7712",0
"7713",0
"7714",5.52364719430047
"7715",2.81731058943733
"7716",0.509899102870101
"7717",0.988957165220879
"7718",1.48223343071153
"7719",0
"7720",0
"7721",0
"7722",0
"7723",3.0551423987705
"7724",3.1600235529251
"7725",0
"7726",0.317654773807252
"7727",0.077243492570739
"7728",0
"7729",0
"7730",0
"7731",0
"7732",1.27150497324379
"7733",0
"7734",2.13422171624837
"7735",0
"7736",0.444829532041806
"7737",0.509239505788736
"7738",0.143045114434563
"7739",0.0109542684994386
"7740",0
"7741",0.252246344436919
"7742",0.482003757323237
"7743",0.644645564402193
"7744",0
"7745",0.914751102654651
"7746",0.358152467044766
"7747",0.822490390542145
"7748",0
"7749",0.33607098697251
"7750",0
"7751",0.866851137755037
"7752",0.884132655127046
"7753",0
"7754",0
"7755",2.21526505132787
"7756",0
"7757",0.162772351447313
"7758",0
"7759",0
"7760",0
"7761",0
"7762",0.206386590116349
"7763",0.4461433838513
"7764",0
"7765",0
"7766",0
"7767",0
"7768",1.15016479199832
"7769",0.161260739068263
"7770",0.687387145723139
"7771",0
"7772",0.482519702148941
"7773",0.391613724154275
"7774",0.0694409420151528
"7775",0
"7776",0
"7777",0
"7778",0
"7779",0.357768595718875
"7780",0.191804921220254
"7781",0.455366375522563
"7782",0
"7783",0
"7784",0
"7785",0
"7786",0
"7787",0.35528759984481
"7788",0.0968998180857195
"7789",0.302814335940674
"7790",0
"7791",0.234178428979785
"7792",0.117020915965406
"7793",0
"7794",1.86439365587411
"7795",0
"7796",0
"7797",0.325397816006515
"7798",1.45886339823421
"7799",0
"7800",1.20946006599212
"7801",0.88755424435369
"7802",0.644761214489444
"7803",0.20517542676651
"7804",1.32127364011519
"7805",0
"7806",0
"7807",0.322888262755996
"7808",0.211386482718212
"7809",0
"7810",1.8635610338121
"7811",0
"7812",0.270219663080664
"7813",0.610711459297296
"7814",0.0774048296763528
"7815",0.678139150921499
"7816",0
"7817",0.492012984883158
"7818",0
"7819",0
"7820",0
"7821",0.964579380280701
"7822",0.152510179616596
"7823",0.762029401520912
"7824",0.112485523174818
"7825",0
"7826",0
"7827",0
"7828",0.450075582679616
"7829",0.555620907444657
"7830",1.92838539353157
"7831",0.245816082793557
"7832",0.142367904940401
"7833",0
"7834",0
"7835",0.359721284067174
"7836",0
"7837",0.215937916071368
"7838",0.645268773373087
"7839",0
"7840",1.16283649283267
"7841",0
"7842",0.396438775577385
"7843",0.466468392218057
"7844",1.24661194865406
"7845",0.466525376620997
"7846",0
"7847",0.65261741696953
"7848",0
"7849",0
"7850",0
"7851",3.64507823078983
"7852",0
"7853",2.42995935727748
"7854",0.312477259814536
"7855",0.734277321984414
"7856",0
"7857",0
"7858",0
"7859",1.51603208289988
"7860",0
"7861",0
"7862",0
"7863",0
"7864",5.23542662244813
"7865",7.20266906019034
"7866",0
"7867",0
"7868",0.419601701746034
"7869",0.531228968734792
"7870",2.54420619098541
"7871",0
"7872",2.42471799244066
"7873",0.413893629200969
"7874",0.78229296415678
"7875",0
"7876",0.245588228495834
"7877",0
"7878",1.46993533124729
"7879",0.810135565143582
"7880",0
"7881",0
"7882",0.136860821081584
"7883",1.01302596104869
"7884",0.240755771139689
"7885",0
"7886",0
"7887",0
"7888",1.66100583140853
"7889",0.513150128509232
"7890",0
"7891",0.94022689652177
"7892",0.0187454846666535
"7893",0
"7894",1.78920871334408
"7895",1.97870538614462
"7896",0
"7897",0
"7898",0.535599815393992
"7899",0
"7900",0.764943804268025
"7901",0
"7902",0
"7903",0
"7904",0.156599753969895
"7905",0.306949846980187
"7906",0.511003559550243
"7907",0.39639866847031
"7908",0.353228215691562
"7909",0
"7910",0.1673041876544
"7911",0
"7912",0.309836639898863
"7913",0.0187771686514638
"7914",0.164306904275163
"7915",0.164306904275163
"7916",0.309836639898863
"7917",1.08076599151026
"7918",0
"7919",0.562206820701349
"7920",0
"7921",0.661343486488757
"7922",0.479704933585318
"7923",0.189501025078704
"7924",0.188283867074733
"7925",0
"7926",0.773984055199771
"7927",0
"7928",0.144839908182302
"7929",0.0721922992639081
"7930",0
"7931",0
"7932",1.86001004360632
"7933",0
"7934",0
"7935",0.22695348580664
"7936",0
"7937",0.619110308989722
"7938",0.247307222499241
"7939",0.357275872149615
"7940",1.40124361231289
"7941",0.0573847163657685
"7942",0.630518705104798
"7943",0.108713867414345
"7944",0.806764635953319
"7945",0
"7946",0
"7947",0
"7948",0.357262579024578
"7949",0.440866451019033
"7950",0
"7951",0
"7952",0
"7953",1.28326750792332
"7954",0
"7955",0
"7956",0
"7957",0.0263441910920292
"7958",0
"7959",0
"7960",0.29891837895805
"7961",0
"7962",1.24114049500675
"7963",0
"7964",0.401966508492728
"7965",0
"7966",0
"7967",0.101650087278098
"7968",1.22965696589795
"7969",0
"7970",0
"7971",0
"7972",0
"7973",0.474110937163547
"7974",0.316337419449281
"7975",0
"7976",0
"7977",0
"7978",0.876016036169096
"7979",0.376726083242338
"7980",0.271951449647544
"7981",0.0102982998188974
"7982",0
"7983",0
"7984",0
"7985",0
"7986",0
"7987",1.80263471022408
"7988",0.621514827643574
"7989",0.58397793445277
"7990",0
"7991",0
"7992",0
"7993",0
"7994",1.59231293004785
"7995",5.46728117387171
"7996",3.78222311542962
"7997",1.38672586844662
"7998",0
"7999",1.48602758593099
"8000",1.65230294442892
"8001",0
"8002",0
"8003",1.16893551848556
"8004",0
"8005",0.13453958257325
"8006",2.83795128522299
"8007",0
"8008",0
"8009",0
"8010",0
"8011",1.13559186554405
"8012",0
"8013",1.73257497906334
"8014",4.42628084721698
"8015",0.0280884555269578
"8016",1.86858784495809
"8017",0.338668489203741
"8018",0.0816126479942003
"8019",0.29178049450201
"8020",0.364428408655376
"8021",0
"8022",1.10919194459784
"8023",0
"8024",0.313768505782692
"8025",0.288607521109681
"8026",0
"8027",0.0828289170443814
"8028",0.779536829027681
"8029",0.0377058012526896
"8030",0.235400966840738
"8031",0.0970199086186008
"8032",0
"8033",0
"8034",0
"8035",0.426025869387312
"8036",0
"8037",0.164306904275163
"8038",0.0187771686514638
"8039",0.0187771686514638
"8040",0.0187771686514638
"8041",0.0187771686514638
"8042",0.309836639898863
"8043",0
"8044",0.431988371572223
"8045",0
"8046",1.09164922859641
"8047",0.387074344092488
"8048",0.337545560401343
"8049",0
"8050",0.463037179896664
"8051",0.214924204763732
"8052",0.00995100933508697
"8053",0.579751536948125
"8054",0
"8055",0.973006993173969
"8056",0
"8057",0
"8058",0.536304259438259
"8059",1.5534373080435
"8060",0
"8061",0.536435547704562
"8062",0
"8063",0
"8064",0
"8065",0.732390931077807
"8066",0.155337286313698
"8067",1.03660699005278
"8068",0.25833885921808
"8069",0.691438190773292
"8070",0
"8071",0
"8072",0.160959452814992
"8073",0.586585216313845
"8074",0.183008517664965
"8075",0.131399544917331
"8076",0
"8077",0
"8078",0.341938568112377
"8079",0.0249086652825379
"8080",1.0655478593587
"8081",0
"8082",0.566457658964947
"8083",0.136763237220717
"8084",0.169834098006398
"8085",0.660745135779415
"8086",0
"8087",0.736204143618772
"8088",0.371425875250195
"8089",0
"8090",0.732256312470501
"8091",0
"8092",0
"8093",0
"8094",0
"8095",0
"8096",0
"8097",0
"8098",0.62930201223378
"8099",0
"8100",0
"8101",0
"8102",0
"8103",0
"8104",0.337962395965876
"8105",0
"8106",0
"8107",0.222360280882183
"8108",3.0445248658281
"8109",0.500200716297174
"8110",0
"8111",2.99105009240589
"8112",0
"8113",1.16363210896979
"8114",0
"8115",0
"8116",0
"8117",0.212683248726286
"8118",0.474372838336813
"8119",0
"8120",0
"8121",4.72826184014395
"8122",3.94621881530882
"8123",4.02208442989052
"8124",4.0487017843495
"8125",3.45298290592913
"8126",3.70918310190458
"8127",0
"8128",0
"8129",0
"8130",0
"8131",0
"8132",3.22438083238226
"8133",0
"8134",0.790254364483142
"8135",0
"8136",8.67383428775979
"8137",0
"8138",0
"8139",0
"8140",0
"8141",0
"8142",0
"8143",0.777557537728458
"8144",0.0874736518837789
"8145",0.16050302698163
"8146",0.0930719536158936
"8147",0.873615829093488
"8148",0.778058673785524
"8149",1.12076169202775
"8150",2.05730266401979
"8151",0
"8152",1.00638973409982
"8153",0
"8154",0.634588950591226
"8155",0
"8156",0.205108350183989
"8157",0
"8158",0.298979809410514
"8159",0.180755720780352
"8160",0.0752662999465596
"8161",0.0752662999465596
"8162",0.316446275864526
"8163",0.04134798927589
"8164",0.190396346244455
"8165",0.0691907759752196
"8166",0.775878770613443
"8167",0.309836639898863
"8168",0.0187771686514638
"8169",0.0187771686514638
"8170",0.0187771686514638
"8171",0.0187771686514638
"8172",0.0187771686514638
"8173",0.164306904275163
"8174",0.663297392461031
"8175",0.866413241717484
"8176",0
"8177",0.507561867828554
"8178",0
"8179",0.04153802643196
"8180",0
"8181",0
"8182",0
"8183",0
"8184",0
"8185",0
"8186",1.14726210137362
"8187",0
"8188",0.91255290940252
"8189",0.527164206541385
"8190",0.618568762923209
"8191",0
"8192",0.819668722474047
"8193",0.668701010054363
"8194",0
"8195",1.31063755184658
"8196",1.03831802256203
"8197",0
"8198",0.397164469069659
"8199",0
"8200",0
"8201",0.834556909895193
"8202",0.11600160358345
"8203",0.359098556017833
"8204",0.428449923920485
"8205",0
"8206",0.610153860624925
"8207",0.177164529814594
"8208",0
"8209",0.770125690036294
"8210",0.486889696690609
"8211",0.787325839169711
"8212",0
"8213",0.212459883166221
"8214",0
"8215",1.31228389012465
"8216",0
"8217",0.777768217639225
"8218",0.211661691559622
"8219",0.156567852142813
"8220",0
"8221",0
"8222",0.627654427854202
"8223",0
"8224",0.657710048299187
"8225",0.320878899090563
"8226",0.502305670995901
"8227",0.221127237264155
"8228",0
"8229",0.178882424311386
"8230",0.469387804284698
"8231",1.00343746781798
"8232",0
"8233",2.89555892350172
"8234",1.6089217082527
"8235",0.187476895036631
"8236",0.381904377778644
"8237",0
"8238",0.29108544543947
"8239",0.756468813978984
"8240",0
"8241",0
"8242",1.60117124458044
"8243",0
"8244",1.14471494500732
"8245",0
"8246",0.650632118908344
"8247",0
"8248",0
"8249",0.674908780877945
"8250",1.29370481721813
"8251",0
"8252",1.617
"8253",0
"8254",0
"8255",0
"8256",0
"8257",0
"8258",0
"8259",0
"8260",0
"8261",2.60051905660503
"8262",4.19907115483231
"8263",0
"8264",0
"8265",0
"8266",0
"8267",0.563879175731127
"8268",0.266390552293759
"8269",0
"8270",0.394511187435428
"8271",0.318004983339806
"8272",0.0438080506161558
"8273",0.0659370322107247
"8274",0
"8275",0.644444513030756
"8276",0.218867079162948
"8277",0.415691254233812
"8278",0.685486374738162
"8279",0
"8280",0.0133622736046546
"8281",0.188824025366307
"8282",0
"8283",0
"8284",0
"8285",1.39574006929191
"8286",0.181215369711395
"8287",0.379174324235298
"8288",0.190032875220893
"8289",0.141132596906819
"8290",0.0752662999465596
"8291",0.0752662999465596
"8292",0.0632201904674636
"8293",0.170439737443472
"8294",0.421759151840051
"8295",0.379989637287053
"8296",0.659039252804634
"8297",0.164306904275163
"8298",0.0187771686514638
"8299",0.0187771686514638
"8300",0.0187771686514638
"8301",0.0187771686514638
"8302",0.0187771686514638
"8303",0.0187771686514638
"8304",0.164306904275163
"8305",0.164306904275163
"8306",0.309836639898863
"8307",0.460891966899915
"8308",0.207077452975739
"8309",0
"8310",0
"8311",0.750228958151528
"8312",0
"8313",0.650783728403856
"8314",0
"8315",0.90049979475412
"8316",0
"8317",0.382699827172384
"8318",0.155680715483389
"8319",0.237031585098198
"8320",0
"8321",0.699838549187486
"8322",0.0241492945588634
"8323",0.733702596905117
"8324",0.343929162327598
"8325",0
"8326",0.748230220977983
"8327",0
"8328",0.854019217847255
"8329",0
"8330",0
"8331",0
"8332",0.959503345072539
"8333",0.0112515703267011
"8334",0
"8335",0
"8336",0
"8337",0.629670233442969
"8338",0
"8339",0.370208162201463
"8340",0.167077013728363
"8341",0
"8342",1.01945019712441
"8343",0
"8344",0
"8345",0
"8346",0
"8347",0.410701632359495
"8348",0
"8349",0
"8350",0
"8351",0.806200285963103
"8352",0
"8353",0.148881696384865
"8354",0
"8355",0.403413060570642
"8356",0
"8357",0.126530825616777
"8358",0.35795682985816
"8359",0
"8360",0
"8361",0.463913623424317
"8362",0
"8363",0.505027925552473
"8364",0
"8365",2.85516211729697
"8366",0
"8367",0.910266906216148
"8368",1.21027447302276
"8369",0
"8370",0.376550049125228
"8371",0.224456911256547
"8372",0.290679714933641
"8373",0
"8374",0
"8375",0.63164630788714
"8376",0
"8377",0
"8378",0.0454288997905248
"8379",0
"8380",0.734754229642452
"8381",1.1113817057768
"8382",0.281583939497898
"8383",0
"8384",5.82134210179652
"8385",0
"8386",0
"8387",0
"8388",0
"8389",0
"8390",0
"8391",1.19068936190357
"8392",0.183107997493809
"8393",1.36295785730645
"8394",0
"8395",1.02239767400748
"8396",1.55923018457192
"8397",0.588904632785708
"8398",8.19648772829898
"8399",0
"8400",2.27611143241208
"8401",5.75709095091823
"8402",0.407571942808129
"8403",0
"8404",0
"8405",0.88907198459075
"8406",0.967983891714494
"8407",0
"8408",0
"8409",0
"8410",0.704537142696244
"8411",0.0774106166295763
"8412",0
"8413",0
"8414",0
"8415",0.814011693399285
"8416",0.209975994549201
"8417",0
"8418",0.864925080813713
"8419",0
"8420",2.31023868076025
"8421",0
"8422",0
"8423",0
"8424",0.571275914546401
"8425",0.0300990934726659
"8426",0.0752662999465596
"8427",0.33838045049599
"8428",0.330645612950414
"8429",0.596495937086014
"8430",0.549056896821249
"8431",0.0187771686514638
"8432",0.0187771686514638
"8433",0.0187771686514638
"8434",0.0187771686514638
"8435",0.0187771686514638
"8436",0.0187771686514638
"8437",0.0187771686514638
"8438",0.0187771686514638
"8439",0.164306904275163
"8440",0.779090073157012
"8441",0.484361795403136
"8442",0
"8443",0
"8444",0
"8445",0.391506444649077
"8446",0.131292741075683
"8447",0.223282246855653
"8448",0.633822261754666
"8449",0.0225825834116453
"8450",0
"8451",0.0233299920360597
"8452",0.759935202187056
"8453",0
"8454",0
"8455",0
"8456",0.158060649987988
"8457",0
"8458",0
"8459",0
"8460",0.271192884236674
"8461",0.0681661451059763
"8462",0.114487465275941
"8463",1.15174394455678
"8464",0
"8465",1.26200151333281
"8466",0.53450162341407
"8467",0
"8468",0
"8469",0
"8470",0.581610468420598
"8471",0.188071916367831
"8472",0.467718058064959
"8473",0
"8474",0
"8475",0
"8476",0
"8477",0.587151368888902
"8478",0
"8479",0
"8480",1.71102353909946
"8481",0
"8482",0.975630087831055
"8483",0
"8484",0.290173094953483
"8485",0.615477541261478
"8486",0.144667977312359
"8487",0
"8488",0.975566542986363
"8489",0.24577536322257
"8490",0.0292456492390195
"8491",0
"8492",0.484798373237427
"8493",0
"8494",0.277261990388296
"8495",0
"8496",0.379502694446479
"8497",0
"8498",1.36775829675327
"8499",0
"8500",0
"8501",0
"8502",0
"8503",0.865181443316805
"8504",0
"8505",0
"8506",1.82466092627012
"8507",0.5550718496771
"8508",0
"8509",1.11533811766786
"8510",0
"8511",1.22304702609797
"8512",0
"8513",0
"8514",0.220949452451005
"8515",0.986807976057737
"8516",0
"8517",0
"8518",0
"8519",0
"8520",0
"8521",0
"8522",0
"8523",0
"8524",0
"8525",0
"8526",0.696292070549195
"8527",0
"8528",0
"8529",0
"8530",0
"8531",0.84377974385402
"8532",2.61682775307552
"8533",0.755551855387966
"8534",0
"8535",0
"8536",0
"8537",1.59727937957121
"8538",1.30107077596153
"8539",0
"8540",0
"8541",0.404087121525075
"8542",0.487694774340444
"8543",2.61882480436729
"8544",0
"8545",0.842027805281488
"8546",1.37931144539494
"8547",0.0447586846215342
"8548",1.39071470638166
"8549",0
"8550",0
"8551",0
"8552",1.16054242483473
"8553",0.320108649001357
"8554",0.0150802100535237
"8555",0
"8556",0.617909879449345
"8557",0.231856322600139
"8558",0.398630258396133
"8559",0.113090447282143
"8560",0
"8561",0
"8562",0.0396248721590711
"8563",0
"8564",0
"8565",0.026891552642895
"8566",0
"8567",0
"8568",0.0573923536867321
"8569",0.0204960981744554
"8570",0.376144479614968
"8571",0.601338709737279
"8572",0
"8573",0
"8574",0.403527161197549
"8575",0.0187771686514638
"8576",0.0187771686514638
"8577",0.0199700846748899
"8578",0.0197971407595791
"8579",0.0187771686514638
"8580",0.0187771686514638
"8581",0.0187771686514638
"8582",0.164306904275163
"8583",0.448590996030574
"8584",0
"8585",0
"8586",0.0790440266468395
"8587",0.225488469890712
"8588",0.00493389566411029
"8589",0.193023165870065
"8590",0
"8591",0.30768673768877
"8592",0.0464332452993721
"8593",0.101897028903348
"8594",0.0990252713212665
"8595",0.158275835052771
"8596",0
"8597",0.265831495719305
"8598",0.856094093415615
"8599",0
"8600",0
"8601",0.0372593236588097
"8602",0.303733231395225
"8603",0.935736415643245
"8604",0
"8605",0.810715410629226
"8606",0.660329405969211
"8607",1.12907085415616
"8608",0.0360844424835364
"8609",0.469177428119406
"8610",0.658565129131301
"8611",0.120632277441541
"8612",0.59044131198571
"8613",0
"8614",0
"8615",0.43742603027595
"8616",0.483149316474407
"8617",0
"8618",0
"8619",0
"8620",0.0949888254637721
"8621",0.733298870476757
"8622",0.968460837254704
"8623",0
"8624",1.405805087212
"8625",0.490908350978073
"8626",0.114280532551517
"8627",1.1296088986232
"8628",0
"8629",0
"8630",0.664629503030202
"8631",0
"8632",0.173945174691337
"8633",0
"8634",0
"8635",0
"8636",1.63310773277193
"8637",0
"8638",0.484682325877908
"8639",0.115126732126287
"8640",0.139533209849853
"8641",1.36404809714876
"8642",4.69268354169736
"8643",0
"8644",2.22629241529563
"8645",1.47442936148019
"8646",0.353813564212499
"8647",0
"8648",0
"8649",0.712312991013589
"8650",0.386390777067062
"8651",1.38743932739136
"8652",0.927465741312139
"8653",1.72386463003006
"8654",0
"8655",1.33758777473735
"8656",1.08041548713616
"8657",0.303450085209415
"8658",0
"8659",1.87503227658754
"8660",0
"8661",0
"8662",0
"8663",0
"8664",0
"8665",0
"8666",0
"8667",0
"8668",0
"8669",0
"8670",0
"8671",0
"8672",0
"8673",0
"8674",0
"8675",0
"8676",0
"8677",0
"8678",0
"8679",0
"8680",0
"8681",0
"8682",0.0631188823778199
"8683",0
"8684",0
"8685",1.18629429224537
"8686",0
"8687",0
"8688",0.620842138541314
"8689",0.0737368106565421
"8690",1.38791536967299
"8691",0.843671685732095
"8692",0
"8693",0.422407763066037
"8694",0.0174157580295469
"8695",0
"8696",0
"8697",1.32696078593567
"8698",0
"8699",0
"8700",0.700700226368744
"8701",0.300660766101771
"8702",0
"8703",0
"8704",0
"8705",0
"8706",0.0068277559012242
"8707",0.32232118958074
"8708",0
"8709",0.105664332965595
"8710",0.677452588239911
"8711",0.659400850751289
"8712",0.35282068015112
"8713",0.203210651526454
"8714",1.03391779824917
"8715",0.746921868888144
"8716",0.635799771068908
"8717",0.893951448365631
"8718",0.254613088464784
"8719",0
"8720",0.788277153743635
"8721",0.0187771686514638
"8722",0.0187771686514638
"8723",0.0179591284852679
"8724",0.138134949040541
"8725",0.0124924998421519
"8726",0.0204734262966694
"8727",0.0187771686514638
"8728",0.0187771686514638
"8729",0
"8730",0.309836639898863
"8731",0.0750213183531108
"8732",0
"8733",0.191538520893099
"8734",0.811821860952342
"8735",0.00157253838086624
"8736",0
"8737",0.00439728224192493
"8738",0
"8739",0.175669581260907
"8740",0
"8741",0.628613980229851
"8742",0
"8743",0
"8744",0.283433075530679
"8745",0
"8746",0
"8747",0
"8748",0.348319025345056
"8749",0.32576704065223
"8750",0
"8751",0
"8752",0
"8753",0.895190539654759
"8754",0
"8755",0.464917038873971
"8756",0
"8757",0.17176949027873
"8758",0
"8759",0.316580154841085
"8760",0
"8761",0.00337963988314427
"8762",0.173291657815036
"8763",0
"8764",1.22504035403102
"8765",0.407587783182622
"8766",0.039186468161707
"8767",0
"8768",0
"8769",0
"8770",0
"8771",0
"8772",1.67940602999892
"8773",0
"8774",0.302803613730604
"8775",0.338182740890529
"8776",0
"8777",0.00860964177084811
"8778",0.490968308130994
"8779",0.183306727827547
"8780",0.789113707828802
"8781",0
"8782",0.722404091260189
"8783",0
"8784",0.982147141307769
"8785",0
"8786",0.226568244145571
"8787",0.596957995326866
"8788",0
"8789",0
"8790",0
"8791",0
"8792",0.780339983765873
"8793",2.22139695023742
"8794",0
"8795",0
"8796",0
"8797",1.35665693793853
"8798",0
"8799",0
"8800",0
"8801",0
"8802",0
"8803",0.79857814048934
"8804",2.22063488969657
"8805",0
"8806",0
"8807",0
"8808",0
"8809",0
"8810",0
"8811",0
"8812",0
"8813",0
"8814",0
"8815",0
"8816",0
"8817",0
"8818",0
"8819",0
"8820",0
"8821",0
"8822",0
"8823",0
"8824",0
"8825",0
"8826",0
"8827",0
"8828",1.8977877321942
"8829",1.17998935458995
"8830",0.693012224082459
"8831",0
"8832",0.558158061568245
"8833",0
"8834",0
"8835",0.991454505541355
"8836",0
"8837",0
"8838",0.430245762890236
"8839",0
"8840",0.0402659796029012
"8841",0.881889281111458
"8842",0
"8843",0.572578315656495
"8844",0
"8845",1.69816293835773
"8846",0
"8847",0.506366811878749
"8848",1.59945947711134
"8849",0.456268730166296
"8850",1.11522660082348
"8851",0.158000959297087
"8852",1.47791966539253
"8853",0
"8854",0.403526735219032
"8855",0
"8856",1.79517969726585
"8857",0.0150888500289901
"8858",1.43963352139832
"8859",0
"8860",0.716375835501433
"8861",0
"8862",0
"8863",0.456547519321534
"8864",0.622955297263663
"8865",0
"8866",0
"8867",0.0922056792772995
"8868",0.147027166166826
"8869",0.146377311406414
"8870",0
"8871",0.225696961552825
"8872",0
"8873",0.280826256669813
"8874",0.0138656543262075
"8875",0.0194534541885542
"8876",0
"8877",0.292514448841307
"8878",0
"8879",0.164306904275163
"8880",0.455366375522563
"8881",0.211012014917158
"8882",0.110785768025858
"8883",0.506922520643009
"8884",0
"8885",0.206568378217265
"8886",0
"8887",0
"8888",0.0913851971871011
"8889",0.0660401551935862
"8890",0.998573001871918
"8891",0
"8892",0.734896514385924
"8893",0
"8894",0.42827623913724
"8895",0
"8896",1.4440302153059
"8897",0
"8898",0.195698490705478
"8899",0.492638141689872
"8900",0.622988479850454
"8901",0.309455495620068
"8902",0.972044547868793
"8903",0
"8904",0
"8905",0
"8906",0
"8907",0.510809333180695
"8908",0
"8909",0.555867468113887
"8910",0.622016514558123
"8911",0.762553980425253
"8912",0
"8913",0.624108062055352
"8914",0
"8915",1.54819536026209
"8916",0.683381756702542
"8917",0
"8918",0.356257634087965
"8919",0.73889459268453
"8920",0
"8921",1.4530277962364
"8922",0
"8923",0
"8924",0
"8925",0.152062608342343
"8926",0.288907106731794
"8927",0.217587727201383
"8928",0.801719272586802
"8929",0
"8930",1.16491434646885
"8931",0.728208438740375
"8932",0
"8933",0
"8934",0
"8935",0.678628361405532
"8936",0.723109008701547
"8937",0.323252376153574
"8938",1.58974297880706
"8939",0.464590441618043
"8940",0
"8941",0
"8942",1.70262289072479
"8943",0
"8944",0.15601404012275
"8945",0
"8946",1.97284513578323
"8947",0.808791232321569
"8948",0.809601246799009
"8949",0
"8950",1.7539291405667
"8951",0.205925885304881
"8952",1.28179279210728
"8953",0
"8954",0.330997795113801
"8955",0
"8956",2.49197780679989
"8957",0
"8958",0
"8959",2.617
"8960",0
"8961",0
"8962",0
"8963",0
"8964",0.209706014986985
"8965",0
"8966",0
"8967",0
"8968",0
"8969",0
"8970",0
"8971",0
"8972",0
"8973",0
"8974",0
"8975",0
"8976",3.721
"8977",0
"8978",0
"8979",1.11561018666768
"8980",9.91910402485488
"8981",0
"8982",0
"8983",0
"8984",0
"8985",0.246372222836153
"8986",0.473860301657088
"8987",0.703565565242281
"8988",0.149587433309959
"8989",1.19630576786883
"8990",0
"8991",0.149024043558021
"8992",1.49733569525528
"8993",0
"8994",0.727611276163277
"8995",0
"8996",0.445679429269832
"8997",0.212009069849101
"8998",0
"8999",0.900748426231289
"9000",0
"9001",0
"9002",0.260621413397349
"9003",0.585566531849178
"9004",0
"9005",0.508443137266366
"9006",0
"9007",0
"9008",0
"9009",0
"9010",0
"9011",0
"9012",0
"9013",0.270976300913466
"9014",0.781463445538698
"9015",1.06967955603685
"9016",0.69394153985793
"9017",0
"9018",0.011507163267554
"9019",0.240220226898507
"9020",0
"9021",0
"9022",0
"9023",0.304955839962013
"9024",0.240677606084408
"9025",0
"9026",0.843758977261732
"9027",0
"9028",0
"9029",0
"9030",0.140301326587133
"9031",0.148178514057194
"9032",0.0187771686514638
"9033",0
"9034",0.0587405534003662
"9035",0.174178901103026
"9036",0.627256946900589
"9037",0
"9038",0.161666781932838
"9039",0
"9040",0.345407326351907
"9041",0.141002502168694
"9042",0.591945521173379
"9043",0.399142087208018
"9044",0.208105875622939
"9045",0
"9046",0
"9047",0
"9048",0.793984672475542
"9049",0
"9050",0.181080686213755
"9051",0.0490917411204002
"9052",0.465894466323928
"9053",0.376083184218948
"9054",0
"9055",1.7728529601755
"9056",0
"9057",1.22894317725678
"9058",1.08377139361342
"9059",0
"9060",0.522685740544746
"9061",0.302788079672886
"9062",0.244758153252629
"9063",0
"9064",0
"9065",0.740042857070471
"9066",0
"9067",0.779140062644029
"9068",0
"9069",0
"9070",0
"9071",0.503334658140494
"9072",0.0850325459800161
"9073",0.155015946588498
"9074",0
"9075",0.897746265796229
"9076",0
"9077",0.112868787217585
"9078",0
"9079",0.63322402171914
"9080",0.178707789250318
"9081",0
"9082",0
"9083",0
"9084",0
"9085",0
"9086",1.69179537506199
"9087",0.607880595002847
"9088",0.481283639450645
"9089",1.40987497402346
"9090",0
"9091",0.313540227976697
"9092",0.530529201889328
"9093",0
"9094",0.701237436232921
"9095",0.473612873627556
"9096",0.503776180345371
"9097",0.667653168289727
"9098",0
"9099",0
"9100",0
"9101",0.551311923098624
"9102",0.945727435527569
"9103",0.208028822243808
"9104",0
"9105",1.17426590820733
"9106",0
"9107",0.254986045408523
"9108",0
"9109",0.124356230209309
"9110",0.687941680871873
"9111",0
"9112",0
"9113",0.942539643115149
"9114",0
"9115",0
"9116",1.026
"9117",6.0416705590035
"9118",2.8175345955444
"9119",0
"9120",5.643
"9121",0
"9122",0
"9123",3.01463967713403
"9124",0
"9125",1.9341879473972
"9126",0
"9127",0.643000000000002
"9128",0
"9129",0
"9130",0.643000000000001
"9131",0
"9132",2.77326710231804
"9133",0.221112456271895
"9134",0
"9135",0
"9136",0.0155557936578727
"9137",0
"9138",0.249983029623074
"9139",0.405321575332977
"9140",0.166849408661941
"9141",1.07500641440009
"9142",0
"9143",0
"9144",0.433018102413079
"9145",0
"9146",1.82266159641082
"9147",0
"9148",0.0872785148140647
"9149",0.273473514711597
"9150",0.36839282501542
"9151",1.3430836159084
"9152",0
"9153",0.369128965301361
"9154",0.239354918242206
"9155",0
"9156",0
"9157",0
"9158",0
"9159",0
"9160",0
"9161",0.503913354780793
"9162",0
"9163",0.947980065005812
"9164",0
"9165",1.1856319301821
"9166",0.00695366405511677
"9167",0
"9168",0.389168139912184
"9169",0.501285855781991
"9170",0.0646149764741535
"9171",0.826073642922402
"9172",0.310021704789785
"9173",0
"9174",0.571021974870121
"9175",0.775304606534227
"9176",0.531472585343656
"9177",0.554138639340662
"9178",0.449940799343049
"9179",0
"9180",0.315910876465282
"9181",0
"9182",0.218949440252514
"9183",0
"9184",0.533069827380001
"9185",0.234155680101993
"9186",0
"9187",0.312794561903365
"9188",0
"9189",1.17154619942272
"9190",0
"9191",0.23502931988803
"9192",0.276428511572555
"9193",0
"9194",0.329582639489968
"9195",0.0879226410840396
"9196",0
"9197",0.237236387980962
"9198",0.591718935904643
"9199",0
"9200",0
"9201",0.112614637074654
"9202",0
"9203",0.869190036548483
"9204",0
"9205",0
"9206",0.550570942450311
"9207",0.626713037931873
"9208",0
"9209",0.67770327858563
"9210",0.121035835844197
"9211",0.462087345521069
"9212",0
"9213",0
"9214",0
"9215",0.460667181528247
"9216",0.171069762781514
"9217",0
"9218",0
"9219",0
"9220",1.18138280095809
"9221",0.0827563172506119
"9222",0
"9223",1.06018040013272
"9224",0
"9225",0.473855950740883
"9226",0.922304565159243
"9227",0
"9228",0
"9229",0
"9230",2.24095927950451
"9231",0
"9232",0.820653799390377
"9233",0.686906979344479
"9234",0.55417019209724
"9235",0
"9236",0
"9237",0
"9238",1.31958318821208
"9239",0
"9240",0.599989591361476
"9241",0.214799557307621
"9242",0.0869005649689463
"9243",0.0922797723163651
"9244",0.704091759014211
"9245",1.9955385720178
"9246",0
"9247",1.50880011823505
"9248",0
"9249",0.43041182096301
"9250",0
"9251",0
"9252",0
"9253",0
"9254",0
"9255",0
"9256",0
"9257",0.331861325642193
"9258",0.567445571230651
"9259",0.792205315234513
"9260",0
"9261",0
"9262",0
"9263",0.423772292098144
"9264",0.201434217092547
"9265",0.211107078819701
"9266",1.37399968735142
"9267",0
"9268",0.960062995624975
"9269",0
"9270",1.1169269527317
"9271",2.44894355446404
"9272",0
"9273",0
"9274",2.24481798726152
"9275",0
"9276",2.12811539962881
"9277",0
"9278",1.12818449043211
"9279",6.27791441738948
"9280",3.38977125472311
"9281",0.744117384480222
"9282",0
"9283",0.623800948218553
"9284",0.0298570804203546
"9285",1.63095668924654
"9286",0
"9287",0
"9288",0
"9289",0
"9290",4.08548816657052
"9291",2.57258147938662
"9292",0.92902089790403
"9293",1.12404431253607
"9294",0.87573065385037
"9295",0.223462678616068
"9296",0.630303954245735
"9297",2.12483271749855
"9298",0
"9299",0
"9300",0.611082135653793
"9301",0
"9302",0
"9303",0.0608904935348367
"9304",1.59877073713523
"9305",0
"9306",0.801643450419535
"9307",0
"9308",0.110481236324894
"9309",0.237685360390801
"9310",0
"9311",0.374109605316443
"9312",0
"9313",0
"9314",0
"9315",0
"9316",0.952712210193524
"9317",0
"9318",0.187786455303163
"9319",1.81280773960182
"9320",0.594414914921851
"9321",0
"9322",1.14699101007811
"9323",0
"9324",1.31169401284719
"9325",0
"9326",0.0899707629963307
"9327",0
"9328",0.155522034014045
"9329",0.6942107524353
"9330",0.0884453734410638
"9331",0
"9332",0
"9333",0
"9334",0.18090869998243
"9335",0.0532644138850249
"9336",0
"9337",0
"9338",0.136819722710525
"9339",0.354742944765364
"9340",1.10799433525848
"9341",0.194452241055997
"9342",0
"9343",0
"9344",0
"9345",0.162745438876926
"9346",0.170046194336954
"9347",0.0804912852133561
"9348",0
"9349",0.351550980357041
"9350",0.253760614823736
"9351",0
"9352",0.378993779502815
"9353",0.682265937897758
"9354",0
"9355",0.0444707436986835
"9356",0
"9357",0.648259738073846
"9358",0.106974439863212
"9359",0
"9360",0
"9361",0
"9362",0.232969348408223
"9363",0
"9364",0.00442185690798286
"9365",0.270626959845793
"9366",0.47468057350959
"9367",0.241237836520928
"9368",0.0818432361169843
"9369",0.289653282994966
"9370",0.482351655886611
"9371",0.0349844333787313
"9372",0
"9373",0
"9374",0.504080628139373
"9375",0
"9376",0.62185767368159
"9377",0.334617785899501
"9378",0.55918244139891
"9379",0
"9380",0.878385977587129
"9381",0
"9382",0
"9383",0
"9384",0.582890517688384
"9385",1.82520335492923
"9386",0
"9387",1.25075810225415
"9388",0
"9389",0.634848513870888
"9390",0
"9391",0
"9392",0
"9393",0
"9394",0.068733741484004
"9395",0.422772635114317
"9396",0.178679833318176
"9397",0.278836051818734
"9398",1.14666436093303
"9399",0.370946920762955
"9400",0
"9401",0
"9402",0.172319164761568
"9403",0.406855887562373
"9404",0
"9405",1.1400369808549
"9406",0
"9407",0
"9408",0.177590775679204
"9409",0.0281896455325629
"9410",0.569410470643664
"9411",0.413380461728749
"9412",0
"9413",0
"9414",0
"9415",0
"9416",2.19509968897535
"9417",0
"9418",1.12401892774482
"9419",0
"9420",0.886522152300682
"9421",0.22501259528806
"9422",0.524241202994587
"9423",0.046569288080884
"9424",0
"9425",0.536626970822011
"9426",0.268454195486701
"9427",0.480130089291017
"9428",0.730954723463677
"9429",1.4697450883257
"9430",0.725553617748354
"9431",1.42377771339166
"9432",0
"9433",0
"9434",0
"9435",0.0164620088915353
"9436",0
"9437",0.758672425867626
"9438",0
"9439",0
"9440",0
"9441",0
"9442",0.354111398387854
"9443",0.034783266947227
"9444",2.45024131538723
"9445",0.0264293360780563
"9446",2.42415688247037
"9447",0
"9448",0
"9449",0.823475370360612
"9450",3.49094734528977
"9451",1.77029131562495
"9452",1.71328201608399
"9453",2.37781638757357
"9454",0
"9455",0
"9456",1.04364384700452
"9457",4.38866959320061
"9458",0
"9459",0.72347801691207
"9460",0
"9461",2.65687799297418
"9462",0
"9463",0.218432236302667
"9464",0
"9465",0
"9466",0
"9467",0.981873847959538
"9468",1.21123818715884
"9469",0
"9470",0
"9471",0.527142664947946
"9472",0.498505041484575
"9473",0.110921025572105
"9474",0
"9475",0
"9476",0.252308590176372
"9477",0.0780373195579089
"9478",0
"9479",0.4533955323835
"9480",0
"9481",1.31938819911654
"9482",0
"9483",0.672679747919276
"9484",0.582976500962249
"9485",0
"9486",0.941996415056181
"9487",0.430391030886784
"9488",0
"9489",0.264498857278246
"9490",0
"9491",0.0709579894560535
"9492",0.122142615844789
"9493",1.04965934137041
"9494",0
"9495",0.283630823802704
"9496",0.473911884315417
"9497",0
"9498",0
"9499",0.671876274159641
"9500",0
"9501",0
"9502",0.736734177119294
"9503",0
"9504",0
"9505",0
"9506",0
"9507",0
"9508",0
"9509",0
"9510",0
"9511",0
"9512",0.54225686270679
"9513",0.290765749281291
"9514",0.16333846830623
"9515",0.055867601192036
"9516",0.336016234571943
"9517",0.194369506752508
"9518",0
"9519",0
"9520",0
"9521",0.151782231376067
"9522",0.264259410431071
"9523",0
"9524",1.14534942773908
"9525",0
"9526",0
"9527",0.343214614254294
"9528",0
"9529",0.21052455322076
"9530",0
"9531",0
"9532",0
"9533",0.121245153928025
"9534",0.162799625799577
"9535",0
"9536",0
"9537",0.609064177318988
"9538",0.3542419841462
"9539",0.581326355037932
"9540",0
"9541",0
"9542",0
"9543",0.730222581513161
"9544",0.142276519001886
"9545",0
"9546",0
"9547",0.722183644107318
"9548",0
"9549",0
"9550",0
"9551",0.580540003689232
"9552",0
"9553",0.676643975801567
"9554",0
"9555",0
"9556",0
"9557",0.155400868958004
"9558",0.208459787914959
"9559",0.208730519250218
"9560",0
"9561",0.462703629437118
"9562",0
"9563",0.707253043926931
"9564",0.645245618978108
"9565",0.0470699502997615
"9566",0
"9567",0
"9568",0
"9569",1.13850031366194
"9570",0
"9571",0.599072074199413
"9572",0.864520369810648
"9573",0.244145806736149
"9574",0
"9575",0.386387340599813
"9576",0.158444262140768
"9577",0
"9578",0
"9579",0.0624997817620681
"9580",0
"9581",0
"9582",0
"9583",0.889975889382496
"9584",0
"9585",2.36304460376941
"9586",0
"9587",0.784515650675085
"9588",0
"9589",0.135863432037508
"9590",0.594553138758258
"9591",0
"9592",0.113740886283107
"9593",0
"9594",0
"9595",0.244664854188324
"9596",0
"9597",0
"9598",0.367354808217125
"9599",0
"9600",0
"9601",0
"9602",0.809000437933642
"9603",0.43253071751373
"9604",1.35273720148873
"9605",0.65503171539412
"9606",0
"9607",0
"9608",0
"9609",0.927579518805673
"9610",0
"9611",0
"9612",0
"9613",0.379322449244371
"9614",0.165383143408902
"9615",1.82399290222445
"9616",0
"9617",2.33337158783087
"9618",0
"9619",0
"9620",0
"9621",0
"9622",1.41692307146555
"9623",0
"9624",2.47414331564766
"9625",1.49894013735635
"9626",1.65209101671102
"9627",0
"9628",1.33975492446444
"9629",0
"9630",4.07082789481805
"9631",0
"9632",1.73978192362463
"9633",0
"9634",0
"9635",1.47787431994073
"9636",0
"9637",0.264257321552294
"9638",0.441788725435444
"9639",0
"9640",1.05149669995971
"9641",0
"9642",0.900020824747805
"9643",0
"9644",0.321628956234922
"9645",0.0478211532456481
"9646",0.618224152300488
"9647",1.24005773740224
"9648",0.0830109925926776
"9649",0
"9650",0.272602132656251
"9651",0.137844691235247
"9652",0.16466259983815
"9653",0.19725936510925
"9654",0
"9655",0.35076334364947
"9656",0.678268781141198
"9657",0
"9658",0.740062474572931
"9659",0
"9660",1.09558585708385
"9661",0
"9662",0.357838220151439
"9663",0
"9664",0.750205969157412
"9665",0.242273290105735
"9666",0.00935963859143296
"9667",0.0494853841969622
"9668",0
"9669",0.202076233728714
"9670",0.397487431234564
"9671",0
"9672",0.35206469176877
"9673",0.771751292749636
"9674",0
"9675",0.326374281586749
"9676",0.368209134142485
"9677",0.0579354174210801
"9678",0.419222180815958
"9679",0.638090109288107
"9680",0
"9681",0.350626006704652
"9682",0
"9683",0.568638720416213
"9684",0
"9685",0.573669433115401
"9686",0.298048365297742
"9687",0.0507613213243292
"9688",0.680091317857428
"9689",0
"9690",0.210484946895411
"9691",0.585496267665793
"9692",0
"9693",0.961424900895555
"9694",0.0255296332428236
"9695",0
"9696",0.306935869293604
"9697",0
"9698",0.105774406138839
"9699",0
"9700",0
"9701",0
"9702",0
"9703",0.0384739940156497
"9704",0.0888315636862697
"9705",0
"9706",0.162799625799577
"9707",0.170407426385968
"9708",1.432926413835
"9709",1.05655814596501
"9710",0.0277054084386865
"9711",0.145709733126202
"9712",0
"9713",0
"9714",0.112122452575947
"9715",0.837951254507792
"9716",0.44873617669771
"9717",0
"9718",0.602355142780904
"9719",0
"9720",0.589887712955378
"9721",0
"9722",0.296031753081211
"9723",0.326798458133783
"9724",0.0955618737286055
"9725",0.0254823762182502
"9726",0.415246934546129
"9727",0.401586960407374
"9728",0.376167002986795
"9729",0.172821284487784
"9730",0
"9731",0.356475327078642
"9732",0.00478172710698188
"9733",0
"9734",0.12326327961972
"9735",1.13035894111816
"9736",0
"9737",0.844303585315988
"9738",0.455536705263606
"9739",0
"9740",0.277331495994244
"9741",0.660784087793023
"9742",0.039674176592432
"9743",0
"9744",0.0665849153653899
"9745",0
"9746",0
"9747",0.814396416588976
"9748",0
"9749",0.714098241062169
"9750",0.750330926200093
"9751",0
"9752",0.196239010778938
"9753",1.1288873539398
"9754",0
"9755",0.700062502653788
"9756",0.162512666777574
"9757",0
"9758",0
"9759",0
"9760",1.32328091878153
"9761",0
"9762",0.0821474705299123
"9763",0
"9764",1.14505444947325
"9765",0.0540474314824543
"9766",0.770249710876766
"9767",0.243189106636475
"9768",0
"9769",0.860787442814054
"9770",0
"9771",1.0785833735726
"9772",0
"9773",1.01716839243166
"9774",0
"9775",0
"9776",0.136990191952379
"9777",0.136079345237419
"9778",0
"9779",0.328322328319121
"9780",0
"9781",1.44835245660411
"9782",0
"9783",0.00880877690225479
"9784",0.326294215446987
"9785",0.766412585277958
"9786",0.761822080195792
"9787",0
"9788",0.066409850969154
"9789",0
"9790",0
"9791",0
"9792",0
"9793",0
"9794",1.74100589295573
"9795",0
"9796",0
"9797",1.31692091925957
"9798",2.16344475501113
"9799",0.0995403808914614
"9800",0
"9801",2.40802141054063
"9802",0
"9803",0
"9804",0
"9805",0.721400673654605
"9806",0
"9807",0.553742316205751
"9808",0.569231125501187
"9809",0.291546279511917
"9810",0
"9811",0
"9812",0.133561465997156
"9813",0.693285035175472
"9814",0
"9815",0.273686976511025
"9816",0.535650906114232
"9817",0.810752419196506
"9818",0
"9819",1.08603724051193
"9820",0.587460031978869
"9821",0.194805570232944
"9822",0
"9823",0.494172979114334
"9824",0.83486455186082
"9825",0
"9826",0.381361187030037
"9827",0.594127977341079
"9828",0.140984912331994
"9829",1.29455924469949
"9830",0.70711212366763
"9831",1.47725898469493
"9832",0.609251405310423
"9833",0
"9834",0
"9835",0.388200574258698
"9836",0
"9837",0.923193855513916
"9838",0.831060557930213
"9839",0.549256909824564
"9840",0
"9841",0.4105045678011
"9842",0.721325455002579
"9843",0
"9844",0
"9845",0.351097506811218
"9846",0.322582918873387
"9847",0.321625060547239
"9848",0.860093291281341
"9849",0
"9850",1.16731681812476
"9851",0
"9852",0.867347575842502
"9853",0
"9854",0.255402274559136
"9855",0
"9856",0.0808478848387637
"9857",0
"9858",0
"9859",0
"9860",0
"9861",0.308986711763337
"9862",0.128718047048274
"9863",0
"9864",0
"9865",0
"9866",0.276551063774585
"9867",0.0904989050314202
"9868",0
"9869",0.0121640861114555
"9870",0.037469900754082
"9871",0
"9872",0
"9873",0
"9874",0
"9875",0
"9876",0.0888315636862697
"9877",0.0148635015729627
"9878",0.0148635015729627
"9879",1.13727766152125
"9880",0.121109515361456
"9881",1.3941813649211
"9882",0
"9883",0.645597111914279
"9884",0.21662349217556
"9885",0.280028680716801
"9886",0.394793050319685
"9887",0
"9888",0
"9889",0
"9890",0.0576341555479689
"9891",0.489466064305564
"9892",0
"9893",0.197294028225273
"9894",0.0430518974158686
"9895",0.117910382746018
"9896",0
"9897",0
"9898",0.126368877520753
"9899",0
"9900",0.412019859521939
"9901",0.332064599923272
"9902",0
"9903",0.486520818074215
"9904",0.1694212224593
"9905",0.0627855273365078
"9906",0.805570243184591
"9907",0
"9908",0
"9909",0
"9910",0.643928615563251
"9911",1.17985035390069
"9912",0.195107561153595
"9913",0.249532375001466
"9914",0
"9915",0
"9916",0
"9917",0.565592119076307
"9918",0
"9919",0
"9920",0
"9921",0
"9922",0
"9923",0
"9924",1.1265781885033
"9925",0.14265724669647
"9926",1.40425463619759
"9927",0.221903825592629
"9928",0.794647515870405
"9929",1.0080621217908
"9930",0.376656240592629
"9931",1.10268665254968
"9932",0.355191745144247
"9933",0.149079274352529
"9934",0.184202884705987
"9935",0
"9936",0
"9937",2.71808083622263
"9938",0
"9939",0.353840002756785
"9940",0
"9941",0
"9942",1.41421439343272
"9943",0
"9944",0
"9945",0
"9946",0.442305225667006
"9947",0.484280484646723
"9948",0.0581732213019444
"9949",0
"9950",0.284043065201105
"9951",0.368959059566632
"9952",0.439093614124831
"9953",0
"9954",0.085305523098002
"9955",0.119780906567066
"9956",0.189242079298399
"9957",1.50772623770066
"9958",0
"9959",1.35982239952513
"9960",0
"9961",3.15696745110764
"9962",2.27337806176024
"9963",0
"9964",1.48904799132524
"9965",0.704221503915538
"9966",2.56993410783118
"9967",0
"9968",0
"9969",0
"9970",0
"9971",0.441400182750599
"9972",0.0589416320677045
"9973",2.64872152279372
"9974",0
"9975",0.580653558512351
"9976",1.26832844497221
"9977",0.0694040598870975
"9978",0.127755682327562
"9979",0.0506660487976482
"9980",0.877646731217544
"9981",0
"9982",0.868984749021445
"9983",0.516496601110583
"9984",0.92588896587067
"9985",0
"9986",0
"9987",0
"9988",0
"9989",0.81107617064115
"9990",0
"9991",0
"9992",1.22610747122984
"9993",0.287887059246502
"9994",0.00336778348896738
"9995",0.219939038991279
"9996",0.198611207748939
"9997",0.331846338511799
"9998",1.45301166321555
"9999",0
"10000",0
"10001",0
"10002",0
"10003",0.422603805032719
"10004",0
"10005",0
"10006",0
"10007",0
"10008",0
"10009",0
"10010",0.690588946070746
"10011",0.612440688968565
"10012",0.844428138572714
"10013",0.187578007712473
"10014",0.224388104273772
"10015",0
"10016",0
"10017",0.242044545142876
"10018",0.986779678535833
"10019",0
"10020",0
"10021",0
"10022",0.040921328082804
"10023",0
"10024",0
"10025",0.74399677936136
"10026",0.274851468975373
"10027",0
"10028",0.0717737640227116
"10029",0.610267075493352
"10030",0.180802341077129
"10031",0
"10032",0.705844854606534
"10033",0
"10034",0.042993347846927
"10035",0.809243670638635
"10036",0
"10037",0.77909384906289
"10038",0
"10039",0.326584188334905
"10040",0.0816527624876913
"10041",0
"10042",0.0697588055802887
"10043",0
"10044",0
"10045",0
"10046",0
"10047",0
"10048",0.197395434490379
"10049",0
"10050",0.0148635015729627
"10051",0.0148635015729627
"10052",0
"10053",0
"10054",0
"10055",0
"10056",0.127406008886339
"10057",0.0815255023472281
"10058",0.497109188761102
"10059",0
"10060",0.848503565773126
"10061",0
"10062",0.202531288087356
"10063",0.452990651333995
"10064",0.218990868684028
"10065",0
"10066",0.0460616750491892
"10067",0.0408836662592326
"10068",0
"10069",0.256566738620687
"10070",0.303076491676115
"10071",0
"10072",0
"10073",0.16470014577955
"10074",0.0895395754475473
"10075",0.314500864364869
"10076",0.148005702120061
"10077",0
"10078",0
"10079",0.17242306181617
"10080",0.608096340309298
"10081",0
"10082",0.558734469934103
"10083",0.421415160520939
"10084",0
"10085",0
"10086",0
"10087",0.196467120410297
"10088",0.219275694898445
"10089",0.524608138830793
"10090",0
"10091",0.831573362669905
"10092",0.639879901879228
"10093",0
"10094",1.16916078293428
"10095",0
"10096",0
"10097",0
"10098",0
"10099",0
"10100",0.0342671539504034
"10101",0
"10102",0.635767857553959
"10103",0.546992821108102
"10104",0
"10105",0
"10106",0.598714485494882
"10107",0.638185244428482
"10108",0
"10109",0.470838457540235
"10110",0
"10111",0
"10112",0
"10113",0.58922954795403
"10114",0
"10115",0
"10116",0.190492216113697
"10117",0
"10118",0
"10119",0
"10120",0
"10121",0
"10122",0.46605844383208
"10123",0
"10124",1.68552215915631
"10125",0.339348008881038
"10126",0
"10127",0
"10128",0.104730664149871
"10129",0
"10130",0
"10131",0
"10132",0
"10133",1.66949271188621
"10134",0
"10135",0.139063248719318
"10136",0.815022853040357
"10137",0
"10138",0
"10139",0
"10140",2.89559459024098
"10141",0.444926893184136
"10142",0
"10143",0.136280586464911
"10144",0
"10145",1.87644953656258
"10146",0
"10147",0
"10148",0
"10149",0.815172302316805
"10150",0.00123980456936623
"10151",0
"10152",0
"10153",0
"10154",0
"10155",0.0490916638235954
"10156",0.274796423780422
"10157",0
"10158",0.221418125286747
"10159",0.914639605394669
"10160",0
"10161",0.996744885747246
"10162",1.17924474385378
"10163",0
"10164",0
"10165",0
"10166",2.34795224244577
"10167",0
"10168",1.06030072371003
"10169",0
"10170",0
"10171",0
"10172",0.222680706830078
"10173",0
"10174",0
"10175",1.58213426624114
"10176",0
"10177",0
"10178",0.642740705780512
"10179",1.69218927901258
"10180",0.77871363854215
"10181",0
"10182",0.177628445138295
"10183",0
"10184",0
"10185",0
"10186",0
"10187",0.288777152491666
"10188",0.162137759491829
"10189",0
"10190",0.835832042711896
"10191",0
"10192",0
"10193",0.332731151631352
"10194",0
"10195",0.58646498183739
"10196",0.16796601154181
"10197",1.06980738562372
"10198",0.218999278269332
"10199",0.693318133091593
"10200",0
"10201",0.254279811358295
"10202",0.170603827471775
"10203",0.271864575450583
"10204",0.24153505229707
"10205",0.172383017881374
"10206",0.219703802377072
"10207",0.633047033107918
"10208",0
"10209",0.447434597350155
"10210",0
"10211",0
"10212",0
"10213",0.100164450736213
"10214",0
"10215",0.0239649087635753
"10216",0
"10217",0
"10218",0
"10219",0
"10220",0.0711907798098632
"10221",0
"10222",0
"10223",0
"10224",0.0691454369750174
"10225",0.0148635015729627
"10226",0
"10227",0
"10228",0
"10229",1.96423568525175
"10230",0
"10231",0
"10232",0.124524720287493
"10233",0.136475701948231
"10234",0
"10235",0.4015676017228
"10236",0.371322146454427
"10237",0
"10238",0.0179683882843389
"10239",0.0405362837684661
"10240",0.0379664885066456
"10241",0.033365505532874
"10242",0
"10243",0.2462266413244
"10244",0.252146063547366
"10245",0
"10246",0.496514315282084
"10247",0.0463789328338213
"10248",0.124346039913745
"10249",0.327950655786218
"10250",0
"10251",0.493535025898246
"10252",0.389591655810175
"10253",0
"10254",0.591931877872754
"10255",0.435109587726891
"10256",0
"10257",1.63038528841345
"10258",0
"10259",0.718254049462196
"10260",0.419716664189111
"10261",0.623620544347541
"10262",0
"10263",0
"10264",0
"10265",0
"10266",0.102521863097736
"10267",1.3292802205859
"10268",0.286996719501234
"10269",0
"10270",0.516258845262262
"10271",0
"10272",1.35512034085431
"10273",0
"10274",0.193060301719849
"10275",0
"10276",0.985072646183535
"10277",0
"10278",0.548060854775965
"10279",0.610026324648739
"10280",0.240598630752723
"10281",1.05185211109876
"10282",0
"10283",1.13842648936124
"10284",0
"10285",1.97380255002223
"10286",0.545895465109649
"10287",0
"10288",0
"10289",0.482340672902337
"10290",1.41977051479386
"10291",0
"10292",0.936162308102314
"10293",0.318685923017269
"10294",1.50117738442637
"10295",0
"10296",0
"10297",0
"10298",2.67595871772297
"10299",0
"10300",0
"10301",0.963371471882402
"10302",0
"10303",1.26736500031727
"10304",0
"10305",2.08335536193749
"10306",0
"10307",0
"10308",1.43776905121861
"10309",0
"10310",2.04760486951394
"10311",0
"10312",0.703879100223107
"10313",0.3037735418201
"10314",0
"10315",0.089600574029379
"10316",0
"10317",0
"10318",0.514364643952669
"10319",0.858490522976818
"10320",0
"10321",1.5644500667684
"10322",0.535719033784211
"10323",0
"10324",0.738048241333154
"10325",1.31596590073061
"10326",0.970649669468448
"10327",0
"10328",1.36156748325568
"10329",0
"10330",0.213098785299011
"10331",0
"10332",0.101184207523716
"10333",0.699615719687808
"10334",0.703249707364332
"10335",0.913563459822833
"10336",1.379306205598
"10337",2.84498820499406
"10338",0
"10339",0.543622361811592
"10340",0
"10341",0.435344826287003
"10342",0.469690009082477
"10343",0
"10344",0
"10345",0.712864346315512
"10346",0.488106216843863
"10347",0.824994496620649
"10348",0.355218213665133
"10349",1.16861114422315
"10350",0
"10351",0.701975307308609
"10352",0.493078585818475
"10353",0
"10354",1.4400816874277
"10355",0
"10356",0
"10357",0
"10358",1.06080666371342
"10359",0
"10360",0.477226875503025
"10361",0.903198257514787
"10362",0.198962339481219
"10363",0.142247900966187
"10364",0.148873734541361
"10365",0
"10366",0.957538677854476
"10367",0
"10368",0
"10369",0.0221903742576435
"10370",0
"10371",0.113793456044678
"10372",0
"10373",0.0398285824247568
"10374",0.374698276541984
"10375",0.516030035325798
"10376",0
"10377",0.390077737662191
"10378",0.0992138296742454
"10379",0.261930293508507
"10380",0
"10381",0
"10382",0
"10383",1.04977320818915
"10384",0
"10385",0.557200366516304
"10386",0
"10387",0.0566092215176009
"10388",0
"10389",0
"10390",0
"10391",0
"10392",0
"10393",0
"10394",0.197451356372109
"10395",0
"10396",0.197395434490379
"10397",0
"10398",0
"10399",0.0148635015729627
"10400",0.0148635015729627
"10401",0.0888315636862697
"10402",0
"10403",1.63657773119728
"10404",0
"10405",0.237393754753001
"10406",0.498049679564539
"10407",0.278858407474863
"10408",0
"10409",0
"10410",0.237645597475701
"10411",0.389971253236682
"10412",0
"10413",0
"10414",0
"10415",0
"10416",0.0406278702298953
"10417",0.271758938918729
"10418",0
"10419",0.25080415815397
"10420",0.34722912990719
"10421",0
"10422",0.202485980846274
"10423",0.0655504893847934
"10424",0.203886539564765
"10425",0.287763160487766
"10426",0.259459886082124
"10427",0.514755942547569
"10428",0
"10429",0.651178428899669
"10430",0
"10431",0
"10432",0
"10433",1.76419013502377
"10434",0.0943611709391168
"10435",0
"10436",0.49843854243422
"10437",0.105927075168346
"10438",0.19083905240986
"10439",0
"10440",0.0998916902687046
"10441",1.21267449825428
"10442",0
"10443",1.48466498350399
"10444",0.225761802065028
"10445",0.446087850174719
"10446",0.371171133450602
"10447",0.329984382776155
"10448",0.454476988596651
"10449",0.0555774536893694
"10450",0.642890811484105
"10451",0
"10452",0
"10453",0
"10454",0.202788713531629
"10455",0.147947845551993
"10456",0.348223071517986
"10457",1.1233809300987
"10458",0
"10459",1.2735882482168
"10460",0
"10461",0.100864141127665
"10462",0.17182376073875
"10463",0.31664106101115
"10464",0.678312131647224
"10465",0
"10466",0
"10467",0
"10468",1.68170611947366
"10469",0
"10470",1.55829101840796
"10471",0
"10472",1.04450699543488
"10473",0
"10474",0.820233218318019
"10475",0
"10476",0
"10477",0
"10478",0
"10479",0.0153539168295325
"10480",0.143730318351246
"10481",2.86704806651036
"10482",0
"10483",0.357027221432067
"10484",0
"10485",0
"10486",1.00438986969651
"10487",0.165175508676128
"10488",0.873886763620652
"10489",0
"10490",0.798467417538502
"10491",0.535179789195237
"10492",0.0476834414531728
"10493",0
"10494",0.297954907178039
"10495",0.389900571259396
"10496",0
"10497",0
"10498",0
"10499",0
"10500",1.63933274498124
"10501",0
"10502",0.445493360102767
"10503",0
"10504",1.33858805155502
"10505",0
"10506",0.192106219483086
"10507",0.978312935127168
"10508",0
"10509",1.51325455643319
"10510",0
"10511",0
"10512",0
"10513",0.381365599707573
"10514",2.04875919964418
"10515",0
"10516",0.591570061088947
"10517",0.889153532811697
"10518",0.101333160883667
"10519",0.852871331299347
"10520",0.766878632531837
"10521",0
"10522",0
"10523",0.516764335111684
"10524",0.635127364234855
"10525",0.703199450076472
"10526",0.403115662607581
"10527",0
"10528",0.117713319250241
"10529",0.101933933260948
"10530",0
"10531",0
"10532",0.854919698470003
"10533",0
"10534",1.03152148354563
"10535",0.0756435980908652
"10536",0.327251466695916
"10537",0.192800821034406
"10538",0.585804242411281
"10539",0.150625007547539
"10540",0.489725435222318
"10541",0.576881990201097
"10542",0.437952214088329
"10543",0.363670164783143
"10544",0.324778775762459
"10545",1.31633062282534
"10546",0
"10547",0
"10548",0
"10549",1.13581725903192
"10550",0.0367423021617306
"10551",0
"10552",0
"10553",0.383763280837085
"10554",0
"10555",0.481481964672699
"10556",0
"10557",0.0665177127094121
"10558",0
"10559",0.922970557455385
"10560",0
"10561",0.866031902678574
"10562",0.156135414562734
"10563",0
"10564",0
"10565",0
"10566",0
"10567",0
"10568",0
"10569",0
"10570",0.129882974757886
"10571",0.0870467644364053
"10572",0
"10573",0
"10574",0
"10575",0
"10576",0
"10577",0.0148635015729627
"10578",0.0148635015729627
"10579",0.00611389175409305
"10580",0.021997111654088
"10581",0.193123299405649
"10582",0
"10583",0
"10584",0
"10585",0
"10586",0
"10587",0.29599310652014
"10588",0
"10589",0.753759102693744
"10590",0
"10591",0
"10592",0.0210912239420797
"10593",0.0132862674497876
"10594",0.267216467218691
"10595",0
"10596",0.287452104993499
"10597",0.0565110942729132
"10598",0
"10599",0.445774303147151
"10600",0
"10601",0.412722665441238
"10602",0.725028601116663
"10603",0.496809636386109
"10604",0
"10605",0
"10606",0
"10607",0
"10608",0
"10609",1.11876656805365
"10610",0
"10611",0.793608472827407
"10612",0.386650925629587
"10613",0
"10614",0
"10615",0
"10616",0.473918538097413
"10617",0.0155802943143555
"10618",0.0517255201954466
"10619",0.475226681283916
"10620",0
"10621",0
"10622",0.84150261712449
"10623",0.436177864441199
"10624",1.30261336538054
"10625",0
"10626",0
"10627",0.0937047556061068
"10628",0.0198462418576656
"10629",0.225975773696231
"10630",0.464504149027989
"10631",0
"10632",1.3804849695489
"10633",0
"10634",0.402098969808541
"10635",0.668373418036385
"10636",0
"10637",0
"10638",0
"10639",0.0998353346953524
"10640",0.70877466035146
"10641",0.521553576193131
"10642",0.3252416445204
"10643",0
"10644",0.936741837191965
"10645",0
"10646",0.980491124298943
"10647",0
"10648",0
"10649",0
"10650",0
"10651",0
"10652",0.903121107844394
"10653",0
"10654",0
"10655",0.618130258929591
"10656",0.313894758543812
"10657",0
"10658",0
"10659",0.249726806455175
"10660",0
"10661",0
"10662",0.423141767778409
"10663",0
"10664",2.05944535721762
"10665",0
"10666",1.29957406200924
"10667",0
"10668",0
"10669",0.251471523095256
"10670",1.01533943915101
"10671",0
"10672",0.61151509134802
"10673",0
"10674",0.286840293692684
"10675",0.0312044536054858
"10676",0
"10677",0.724835133707682
"10678",1.05793545772213
"10679",0
"10680",0
"10681",0
"10682",0
"10683",0
"10684",1.39414212207847
"10685",0.793589012163234
"10686",0
"10687",0
"10688",1.55188265749467
"10689",0
"10690",0
"10691",0
"10692",0.541930402011027
"10693",0
"10694",0
"10695",0
"10696",0.362307108461316
"10697",1.83969196269842
"10698",0
"10699",2.59392014007345
"10700",0
"10701",0
"10702",0.0208720845005235
"10703",1.39236987615607
"10704",0.507536382015363
"10705",0.123894442048146
"10706",0.830346312903085
"10707",0
"10708",1.0313389178323
"10709",0.461928688690819
"10710",0.651964327624005
"10711",0.960294860427198
"10712",0.944596701288972
"10713",0
"10714",0
"10715",0
"10716",0
"10717",0
"10718",0.459568520720494
"10719",0
"10720",0.041056285334512
"10721",0.330188344071175
"10722",0
"10723",0
"10724",0
"10725",1.18748839762337
"10726",0
"10727",1.0051823452444
"10728",0.317822390930803
"10729",0.404733633849742
"10730",0
"10731",0.178192496514995
"10732",0
"10733",0.172225450361634
"10734",0
"10735",0.681818667750354
"10736",0
"10737",0.985802062867964
"10738",0
"10739",0
"10740",0
"10741",0.321877265404865
"10742",0.15272358312377
"10743",0
"10744",0
"10745",0
"10746",0
"10747",0
"10748",0.13491232108535
"10749",0.127790231171984
"10750",0
"10751",0.215275731860129
"10752",0
"10753",0
"10754",0
"10755",0
"10756",0
"10757",0
"10758",0
"10759",0
"10760",0.105363623109714
"10761",1.07920808419339
"10762",0
"10763",0.155618704319266
"10764",0
"10765",0.541906461536636
"10766",0.0421129698103506
"10767",0.283104336482302
"10768",0
"10769",0.185178593972732
"10770",0
"10771",0
"10772",0.0978111533489312
"10773",0
"10774",0
"10775",0.264200720749406
"10776",0.327274428034142
"10777",1.02461316299412
"10778",0.672098879258636
"10779",0
"10780",1.04953181608427
"10781",0
"10782",1.34790901796448
"10783",0.611740788057449
"10784",0
"10785",1.07475048060411
"10786",0
"10787",0
"10788",0
"10789",0.269111082887157
"10790",0
"10791",0
"10792",0.817733422366333
"10793",0
"10794",0.94837803666923
"10795",0.203370835565002
"10796",0
"10797",0.286455080006071
"10798",0
"10799",0
"10800",0
"10801",0.0738590001021961
"10802",0.256683283510673
"10803",0
"10804",0.355108784903448
"10805",0.393775626954633
"10806",0.315627494148867
"10807",0.313859328013911
"10808",0
"10809",0.68146855007388
"10810",0.75578862509981
"10811",0
"10812",0
"10813",0.570740875196036
"10814",0
"10815",0
"10816",0
"10817",1.50650901949411
"10818",0
"10819",0
"10820",0
"10821",0.480456406443122
"10822",0
"10823",0.142320283908073
"10824",0.855131558142671
"10825",0
"10826",0
"10827",0
"10828",2.38526043702081
"10829",0
"10830",0.714658727380341
"10831",1.684510183
"10832",0
"10833",3.11829349098783
"10834",0
"10835",1.5827604137169
"10836",0.383781125323108
"10837",0.934840395675987
"10838",0
"10839",0.644891752091948
"10840",0
"10841",0
"10842",2.32537655930277
"10843",0
"10844",0
"10845",0
"10846",0.853593651183443
"10847",0.391925788772429
"10848",0.372314437277751
"10849",0.390222020620779
"10850",1.83192596840384
"10851",0
"10852",0.716180440046637
"10853",0.331237877607749
"10854",0
"10855",0.952843472761457
"10856",0
"10857",0
"10858",0
"10859",0
"10860",1.49749065881066
"10861",1.87723000527493
"10862",0
"10863",1.27075011867873
"10864",0
"10865",0
"10866",0
"10867",0.263947011574049
"10868",2.74044393908992
"10869",0
"10870",1.39369215104757
"10871",0
"10872",0.0154498259867357
"10873",0
"10874",2.14995385634002
"10875",0.193057145785749
"10876",0
"10877",0
"10878",0
"10879",0.628691140701324
"10880",0
"10881",1.15469922825564
"10882",0
"10883",0.213712069419453
"10884",0
"10885",0.450978055051355
"10886",0.291190837979678
"10887",0.812028151178406
"10888",0
"10889",0
"10890",0
"10891",0
"10892",0.0586195882338632
"10893",0
"10894",0.213939537325161
"10895",0.0245768055618012
"10896",0.932088239074855
"10897",0
"10898",0
"10899",0.384519508613991
"10900",0.575577592720615
"10901",0.619614383809968
"10902",0
"10903",0.429496051984861
"10904",0
"10905",1.07435243576821
"10906",0.232007418121028
"10907",0.100088465770022
"10908",0.492377804473992
"10909",0.158650720990213
"10910",0
"10911",0.679589205177158
"10912",0.0999620401841084
"10913",0
"10914",0
"10915",0.109697474304921
"10916",0
"10917",1.47238306460888
"10918",0
"10919",0.195961309041672
"10920",0
"10921",0.0982418001887723
"10922",0
"10923",0
"10924",0
"10925",0
"10926",0.071870248778997
"10927",0
"10928",0
"10929",0
"10930",0
"10931",0.0691454369750174
"10932",0
"10933",0
"10934",0
"10935",0
"10936",0
"10937",0.213173482174406
"10938",0
"10939",0
"10940",0
"10941",0.360754391628571
"10942",0.000702495347323195
"10943",0.0691368140689787
"10944",0.172488892703402
"10945",0.150321056162579
"10946",1.00696782488792
"10947",0
"10948",0.00400243941159806
"10949",0
"10950",0
"10951",0.352181960418184
"10952",0
"10953",0.199143805385599
"10954",0.148410069100215
"10955",0
"10956",0.0981961226566073
"10957",0.347663240386124
"10958",0
"10959",0
"10960",0
"10961",0
"10962",0
"10963",0
"10964",0
"10965",0
"10966",0
"10967",0.0469047315388655
"10968",0
"10969",0
"10970",0.732494997373937
"10971",0
"10972",0.80090992379189
"10973",0.153616212027229
"10974",0
"10975",0.810293529031543
"10976",0.248755754060031
"10977",0.495121798573156
"10978",0.287568578242793
"10979",0
"10980",0
"10981",0.17797426614378
"10982",0
"10983",0.896823566345859
"10984",0.321562427405123
"10985",1.59224153057213
"10986",0
"10987",0
"10988",0.407474986293376
"10989",0.397920234232253
"10990",2.23126989707145
"10991",0.516430567871663
"10992",0.253107679061421
"10993",0
"10994",0.393832321245068
"10995",0.283388428696021
"10996",0
"10997",0.0782966678001791
"10998",0
"10999",0.126070055899578
"11000",0.435953822526509
"11001",0.194513609603806
"11002",0.513500753468069
"11003",0
"11004",0.470051043305773
"11005",0
"11006",1.66231275998803
"11007",0
"11008",1.04844717446573
"11009",0
"11010",0
"11011",0
"11012",0.646805611507693
"11013",0.163711418645101
"11014",0
"11015",0
"11016",2.54257523480545
"11017",0
"11018",0
"11019",0
"11020",0.63656803603471
"11021",0.488892388285979
"11022",0
"11023",0.067951922848601
"11024",0.330288718206867
"11025",0
"11026",0
"11027",2.48587906047695
"11028",0
"11029",0.431026133441939
"11030",0
"11031",0.49323866524947
"11032",0
"11033",0
"11034",0.291604437347426
"11035",0
"11036",0
"11037",0
"11038",0.872296777161777
"11039",0
"11040",0
"11041",0.894217956561504
"11042",0
"11043",1.25427427288263
"11044",0.83772509667732
"11045",1.13682146542182
"11046",0
"11047",0
"11048",1.79487822097644
"11049",0
"11050",1.36204639291699
"11051",0
"11052",0
"11053",0.826510935311384
"11054",0
"11055",0.74819041008674
"11056",0
"11057",1.06772493960749
"11058",0
"11059",0
"11060",0.92697533751124
"11061",0
"11062",1.0231494747887
"11063",0
"11064",0.461032165641617
"11065",0
"11066",0.901503641989633
"11067",0
"11068",0.802655481134763
"11069",0
"11070",0
"11071",0.335700918838565
"11072",0.704739328148018
"11073",0
"11074",1.09358886828242
"11075",0.609833008169772
"11076",0
"11077",0.101399623474782
"11078",0.575183832494607
"11079",0.457262835656588
"11080",0
"11081",0
"11082",0
"11083",0.62939436807282
"11084",0.148218602935531
"11085",0.97010607797752
"11086",0
"11087",0.094870087179606
"11088",0.924537937932546
"11089",0.343826952498371
"11090",0
"11091",0
"11092",0.53946482102066
"11093",0.322616937239449
"11094",0
"11095",0.0937619889917262
"11096",0.129447839735967
"11097",0.0532774634055005
"11098",0
"11099",0
"11100",0.261015073090678
"11101",0.292296890318099
"11102",0.261042437728252
"11103",0.75544722748948
"11104",0.0607668118474878
"11105",0
"11106",0.596069623475603
"11107",0
"11108",0
"11109",0.00687509442921583
"11110",0
"11111",0.0972147461004381
"11112",0.123847208302502
"11113",0
"11114",0.371712345360913
"11115",0
"11116",0
"11117",0
"11118",0
"11119",0
"11120",0
"11121",0
"11122",0
"11123",0
"11124",0
"11125",0
"11126",0
"11127",0
"11128",0
"11129",0.0691368140689787
"11130",0.172488892703402
"11131",0.03382991891808
"11132",0
"11133",0.225403395553081
"11134",0
"11135",0.0541066147351075
"11136",0
"11137",0
"11138",0
"11139",0
"11140",0.245546393898955
"11141",0.0357235735601013
"11142",0.225913252683388
"11143",0
"11144",1.63565765197581
"11145",0
"11146",0
"11147",0
"11148",0
"11149",0
"11150",1.18143459067648
"11151",0
"11152",0.772162960956504
"11153",0.168850228783864
"11154",0.00323565965560646
"11155",0.137947345449934
"11156",0
"11157",0.592724944807296
"11158",0
"11159",0
"11160",0
"11161",0.118574860945634
"11162",0.0339650781225455
"11163",0.597847803351558
"11164",0
"11165",0.553416449386828
"11166",0.183483786728356
"11167",0.277443761609605
"11168",0
"11169",0
"11170",0.432254441494659
"11171",0.81837251271011
"11172",0.65695411453637
"11173",0.320098755436829
"11174",0.0280012006468846
"11175",0
"11176",0
"11177",1.00892544406042
"11178",0
"11179",0.268783075632838
"11180",0
"11181",0
"11182",1.2617275842028
"11183",0
"11184",1.30822521521017
"11185",0.676985721932765
"11186",0.187134118424106
"11187",0
"11188",0.834501977572899
"11189",0.569897959940018
"11190",0
"11191",0.0797537273628319
"11192",0
"11193",0.656654126054253
"11194",0
"11195",0.390523340415664
"11196",0
"11197",0
"11198",0.356905422974947
"11199",0
"11200",0
"11201",1.68565995513296
"11202",0
"11203",0.168178443118287
"11204",0
"11205",0.0372147308308266
"11206",0
"11207",0.983244820557653
"11208",0
"11209",1.1932073203921
"11210",0.670868834908978
"11211",0
"11212",1.54742374855615
"11213",0
"11214",0.629051295569484
"11215",0
"11216",1.10519971517229
"11217",0
"11218",0.746866614850616
"11219",0.637285043592048
"11220",1.59459024571926
"11221",0
"11222",1.1947563058086
"11223",0
"11224",0.586102666156502
"11225",1.22012193996189
"11226",0
"11227",0
"11228",0.376941910937057
"11229",0
"11230",0
"11231",0.457446223108334
"11232",0.0547007697921817
"11233",0
"11234",0
"11235",0.836234613307282
"11236",0.778439616694675
"11237",0
"11238",1.73911997890325
"11239",0
"11240",0.832301096061938
"11241",0.687175984540976
"11242",0
"11243",0.579504645511127
"11244",0.709566793074157
"11245",0
"11246",0.49103447807319
"11247",0.834742997050809
"11248",0.571740205258086
"11249",0
"11250",0.236056513230334
"11251",1.46139883972809
"11252",0
"11253",0.498339858618955
"11254",0
"11255",0.812048678815696
"11256",0.391297557408188
"11257",0.231756769767357
"11258",0.948457050862359
"11259",0.491963025041281
"11260",0
"11261",0.0767170412537601
"11262",0.368417287110158
"11263",0.189972221343281
"11264",0
"11265",0
"11266",0.735531285210936
"11267",0.0374586502765071
"11268",0.773177673500856
"11269",0
"11270",0
"11271",0.300127372369311
"11272",0
"11273",0
"11274",0
"11275",0.0182153606181388
"11276",0
"11277",0
"11278",0
"11279",0
"11280",0
"11281",0
"11282",0.318621916281524
"11283",0.271631604799016
"11284",0
"11285",0.403673629268538
"11286",0.230747538678397
"11287",0
"11288",0
"11289",0
"11290",0
"11291",0
"11292",0
"11293",0.342932476191098
"11294",0.029073299088564
"11295",0
"11296",0.263015962782975
"11297",0.224848900479976
"11298",0
"11299",0
"11300",0
"11301",0.0379218967954453
"11302",0
"11303",0
"11304",0
"11305",0
"11306",0
"11307",0
"11308",0
"11309",0
"11310",0
"11311",0
"11312",0
"11313",0
"11314",0
"11315",0
"11316",0.172488892703402
"11317",0.222304672586749
"11318",0
"11319",0
"11320",0
"11321",0.317004773812315
"11322",0.250567202266443
"11323",0.211390151493686
"11324",0.726330553373097
"11325",0
"11326",0.434712161529325
"11327",0.301996279957562
"11328",0.0976632551680262
"11329",0
"11330",0.184288373653269
"11331",0
"11332",0
"11333",0
"11334",1.1333111273253
"11335",0
"11336",0.653114108505199
"11337",0.633564861175051
"11338",0.42701693271339
"11339",0.451703252393324
"11340",0.118707225842032
"11341",0.168483491168723
"11342",0.324602187989583
"11343",0.315412465970549
"11344",0
"11345",0
"11346",0.00370627936980417
"11347",0.608439565750995
"11348",0
"11349",0.28584827855668
"11350",0
"11351",0
"11352",0.00300377588614553
"11353",0
"11354",0
"11355",0
"11356",0.685895381252119
"11357",0.224238124578658
"11358",0
"11359",0
"11360",0.868222509379968
"11361",1.95202598022424
"11362",0
"11363",0
"11364",0
"11365",1.18606286357115
"11366",0.0338504271626088
"11367",0.1420439598372
"11368",0.697347212208589
"11369",0
"11370",0
"11371",0.379169009628544
"11372",0
"11373",0.7899769566811
"11374",0
"11375",0.262508310888728
"11376",0
"11377",1.22200470457602
"11378",0
"11379",0.235364958388131
"11380",0
"11381",0.485072683631326
"11382",0
"11383",0.464008436842335
"11384",0.629105819892132
"11385",0
"11386",0
"11387",0
"11388",0.14652415434399
"11389",0.515094724044333
"11390",0.133205631597867
"11391",0.684275179828919
"11392",0.32347514821438
"11393",0
"11394",0.882443025125924
"11395",0.662003630962111
"11396",0.0532921892041229
"11397",1.23482431706757
"11398",0
"11399",0
"11400",1.22064794371746
"11401",0
"11402",2.42687962959671
"11403",0
"11404",0.0943564590020678
"11405",0
"11406",0.648442116836616
"11407",0
"11408",0
"11409",0
"11410",1.31223934915216
"11411",0
"11412",0
"11413",0.570005875579431
"11414",0
"11415",0.0173120479371893
"11416",0
"11417",0
"11418",0.527761461979814
"11419",0.12683698133869
"11420",0.307969934966848
"11421",0.568768838113369
"11422",0
"11423",0.0632400425069117
"11424",0
"11425",0
"11426",0.303850742951663
"11427",0
"11428",0
"11429",0.175815786607947
"11430",0
"11431",0
"11432",0.722960551394207
"11433",0.126696044224761
"11434",0
"11435",0.239863255305139
"11436",0.118762124834903
"11437",0
"11438",0.102100099618785
"11439",1.24979738186986
"11440",0
"11441",1.30892223684883
"11442",0.548527176299169
"11443",0.403440773606881
"11444",0
"11445",0.471320889623427
"11446",1.12444250234187
"11447",0.642100617314608
"11448",0
"11449",0.12978509331035
"11450",0.0812401227535149
"11451",0.960826642353286
"11452",0
"11453",0.754993025735682
"11454",0.930993597599285
"11455",0
"11456",0.586923508238675
"11457",0.0193961186198602
"11458",0.857596991064361
"11459",0.0160929488950665
"11460",0.193160131680634
"11461",0
"11462",1.23900850882769
"11463",0
"11464",0.474723349933248
"11465",0.313060100653493
"11466",0.715194151211286
"11467",0
"11468",0
"11469",0.259528494237713
"11470",0
"11471",0.670660706578428
"11472",0
"11473",0
"11474",0
"11475",0
"11476",1.3156160563268
"11477",0
"11478",0
"11479",0.701531795555657
"11480",0.100955202769371
"11481",0
"11482",0
"11483",0
"11484",0.47217291459328
"11485",0.713483066445276
"11486",0
"11487",0.174866273286895
"11488",0.440937587866734
"11489",0
"11490",0.069561365629479
"11491",0
"11492",0
"11493",0
"11494",0
"11495",0
"11496",0
"11497",0
"11498",0
"11499",0
"11500",0
"11501",0
"11502",0.172488892703402
"11503",0.0834062050203759
"11504",0
"11505",0.0176629389823608
"11506",0.0676925337823998
"11507",0
"11508",0
"11509",0
"11510",0
"11511",0
"11512",0
"11513",0.366639639217575
"11514",0
"11515",0.263543269786787
"11516",0
"11517",1.07773165284473
"11518",0
"11519",0.646590366987608
"11520",0.791873682985301
"11521",0.263239546529304
"11522",0.0631645582381382
"11523",0.225079330293386
"11524",0
"11525",0.745712962345783
"11526",0
"11527",0
"11528",0
"11529",0
"11530",0.0432947268021071
"11531",0
"11532",0.289110427333742
"11533",0.0220518687287393
"11534",0
"11535",0
"11536",0.104453531041169
"11537",0.121665191471644
"11538",0.0596608007740989
"11539",0.231091066440582
"11540",0
"11541",0.625271931781034
"11542",0
"11543",0
"11544",0
"11545",0.206004272430371
"11546",0.753508590954763
"11547",0.67763967246602
"11548",0.332821354365892
"11549",0
"11550",1.21955614316679
"11551",0.137218028799748
"11552",0.387178153850576
"11553",0.20055084406344
"11554",0
"11555",0.961683566074099
"11556",0
"11557",0
"11558",0
"11559",0
"11560",0
"11561",0.183164755074041
"11562",0
"11563",0
"11564",1.51096082950558
"11565",0
"11566",0
"11567",0
"11568",0
"11569",0.0726306013117864
"11570",0.157197164195607
"11571",0.705382995779606
"11572",0.00075356515246594
"11573",0
"11574",0.671934435347384
"11575",0
"11576",0.160348506238269
"11577",0.361745490620431
"11578",0.0100634492898743
"11579",0
"11580",0
"11581",0.640794218260253
"11582",0.267847114718297
"11583",0
"11584",0
"11585",0.247444236341798
"11586",0
"11587",1.76945716734754
"11588",0
"11589",2.41833860771884
"11590",0
"11591",1.62109994572222
"11592",0.281254544032599
"11593",0.266441384295263
"11594",0.537038427696806
"11595",1.22337408874287
"11596",0
"11597",0.923461125644518
"11598",0.00833335659426204
"11599",0
"11600",0.274697349366485
"11601",0.225169937549377
"11602",0.516017267228266
"11603",0.062556654583978
"11604",0
"11605",0
"11606",0
"11607",0.0839895936768036
"11608",0.220425575505008
"11609",1.02803769484789
"11610",0
"11611",0.388696745648946
"11612",0
"11613",0.508029300538895
"11614",0.147845588691433
"11615",0.382529464373451
"11616",0.473556625518977
"11617",0.46843826444278
"11618",0
"11619",0
"11620",0
"11621",0
"11622",0.0822124809934618
"11623",0
"11624",0
"11625",0.340875963825304
"11626",0.550522062532334
"11627",0.244714391734308
"11628",0.0271751623225933
"11629",0
"11630",0
"11631",0
"11632",0
"11633",0.54066248100416
"11634",0
"11635",0
"11636",0.845800465413392
"11637",0
"11638",0
"11639",0
"11640",0
"11641",0
"11642",0
"11643",1.30053738618372
"11644",0
"11645",0.869144733551811
"11646",0
"11647",1.18658913546835
"11648",0
"11649",0.343730411057081
"11650",0.290044837830941
"11651",0.0296582208904994
"11652",0.114663644035195
"11653",0.317267014191916
"11654",0.029640029942662
"11655",0
"11656",0
"11657",0
"11658",0.487949902022359
"11659",0.190289875991986
"11660",0
"11661",0.795251751524905
"11662",0
"11663",0.115745056906118
"11664",0
"11665",0
"11666",0.142195532214917
"11667",0.307312306453686
"11668",0.136751940691222
"11669",1.15029031641317
"11670",0
"11671",0
"11672",0.738657196650581
"11673",1.26551093295945
"11674",0
"11675",1.19150383783024
"11676",0
"11677",0.185090184570093
"11678",0
"11679",0
"11680",0
"11681",0
"11682",0
"11683",0
"11684",0
"11685",0
"11686",0
"11687",0.172488892703402
"11688",0.0834062050203759
"11689",0.201007732484727
"11690",0
"11691",0.119654271781254
"11692",0
"11693",0.162908302317827
"11694",0
"11695",0.327119198174632
"11696",0
"11697",0
"11698",0
"11699",0.0249342737615629
"11700",0.0471572688847494
"11701",0.762944679865038
"11702",0
"11703",0.784317760853008
"11704",0
"11705",0
"11706",0.0994607194148208
"11707",0.422908957190519
"11708",0
"11709",0
"11710",0
"11711",1.44869267261437
"11712",0
"11713",0.980853227904717
"11714",0
"11715",0.600139223647405
"11716",0.0199386296492704
"11717",0.76048718816323
"11718",0
"11719",0.145567102827947
"11720",0.543700387510314
"11721",0.112969016268748
"11722",0.158212117607591
"11723",0
"11724",0
"11725",0.0795567933559856
"11726",0.00173628733461895
"11727",0
"11728",0.351081310264509
"11729",0.362455069153913
"11730",0.757420642579453
"11731",0
"11732",0
"11733",0
"11734",1.227516125222
"11735",0.833160141497211
"11736",0
"11737",0
"11738",1.03139793872932
"11739",0
"11740",0.873049298828554
"11741",0.578738405001229
"11742",0.555715212242495
"11743",0
"11744",1.28007728533424
"11745",0
"11746",1.64725081606763
"11747",0
"11748",0.134689839906804
"11749",0
"11750",1.09492732608975
"11751",0.254995363945677
"11752",0.0584348736815259
"11753",1.0461383367076
"11754",0
"11755",0.021258376094775
"11756",0.0564793274671535
"11757",0.529107548851613
"11758",0.204740126663178
"11759",0
"11760",0
"11761",0.0918728851377938
"11762",0.620571110178209
"11763",0.352429061401546
"11764",0
"11765",0.754217815321878
"11766",0
"11767",0.655426727996139
"11768",0
"11769",0
"11770",0.742017476567693
"11771",0.263480172216739
"11772",0
"11773",0.76064654525549
"11774",0
"11775",0.0774407830587363
"11776",0
"11777",0.944342723846549
"11778",0.838637772431597
"11779",0
"11780",0
"11781",0
"11782",1.53051462775787
"11783",0
"11784",1.51029073800918
"11785",0
"11786",1.2968501164327
"11787",0
"11788",0
"11789",0.166840315167758
"11790",0
"11791",0.864078117658461
"11792",0.0505742959308446
"11793",0.453101947289398
"11794",0.302451116618218
"11795",0
"11796",0
"11797",0.261125516800444
"11798",0.238649595386764
"11799",0
"11800",0
"11801",0
"11802",0.245700536045893
"11803",0
"11804",0.0382692270529864
"11805",0.330732584722455
"11806",0
"11807",0.135925226579411
"11808",0
"11809",0.673550110780466
"11810",0.220323540334457
"11811",0.37670657973055
"11812",0
"11813",0.537591669008172
"11814",1.02303979986963
"11815",0
"11816",0.699295591161112
"11817",0
"11818",0
"11819",0
"11820",0
"11821",0.911057963929961
"11822",1.32249770035065
"11823",0
"11824",0
"11825",1.64311057873315
"11826",0
"11827",1.21920999761424
"11828",0
"11829",0.484148548817251
"11830",0
"11831",0
"11832",0
"11833",0
"11834",0.394590484490978
"11835",0.129247217069631
"11836",0.407411194315222
"11837",0.119484500806507
"11838",0.127144835312155
"11839",0.336104627756562
"11840",0.495712309676541
"11841",0
"11842",0.479193597369228
"11843",0.0858716905354669
"11844",0
"11845",0.242525571428127
"11846",0
"11847",0.405454191878913
"11848",0.429469239713742
"11849",0
"11850",0.367767192155819
"11851",0.45256386607739
"11852",0.242234931713226
"11853",0.235054738143255
"11854",0
"11855",0
"11856",0
"11857",0
"11858",0
"11859",0
"11860",0
"11861",0.237145326963211
"11862",0
"11863",0.0936336696891241
"11864",0
"11865",0
"11866",0
"11867",0
"11868",0
"11869",0
"11870",0
"11871",0.172488892703402
"11872",0.211656202535738
"11873",0
"11874",0
"11875",0
"11876",0.170155667948331
"11877",0
"11878",0
"11879",0.0101061599171194
"11880",0.681370968847522
"11881",0.00442227665109918
"11882",0.166101920786408
"11883",0.361343158586771
"11884",0.387087352737112
"11885",0
"11886",0.327252144546756
"11887",0
"11888",0
"11889",0
"11890",0
"11891",0
"11892",0.884477931764905
"11893",0
"11894",0.589834648902078
"11895",0
"11896",0
"11897",0
"11898",0.399174736874563
"11899",0.0999042957594793
"11900",0.432193859894686
"11901",0
"11902",0.422536414198656
"11903",0
"11904",0.332278332670697
"11905",0
"11906",0.194027666015476
"11907",0.0976293585937185
"11908",0
"11909",0
"11910",0
"11911",0.121106294909262
"11912",0.285692326705191
"11913",0.76206518278149
"11914",0
"11915",0.10191618234956
"11916",0
"11917",0.452060718462471
"11918",0.135631245733854
"11919",0
"11920",0
"11921",0.20722456561824
"11922",0
"11923",0
"11924",0
"11925",0.308446424797891
"11926",0.384481159641961
"11927",0.562795028734797
"11928",0.868723484093383
"11929",0
"11930",0
"11931",1.51291036326703
"11932",0.176533071631519
"11933",0.337649702242726
"11934",0
"11935",0
"11936",0
"11937",0
"11938",0.409359180724571
"11939",0.331714467567516
"11940",0
"11941",0.438400310600981
"11942",0.0268645729644624
"11943",0
"11944",0
"11945",0
"11946",0
"11947",0
"11948",1.14483048361351
"11949",0
"11950",0.0616747199104133
"11951",3.83135266319628
"11952",0
"11953",0.978976762177869
"11954",1.10632876444044
"11955",0
"11956",1.32614419628275
"11957",0
"11958",0.81828459685972
"11959",0
"11960",0
"11961",0
"11962",0
"11963",0.356007372070969
"11964",0.0606660485425159
"11965",0
"11966",0.689054748429251
"11967",0
"11968",0
"11969",0.723317789029438
"11970",0
"11971",1.25129370754268
"11972",0.184473326494471
"11973",0.172543909531936
"11974",0
"11975",0
"11976",0.649371098562056
"11977",0.151566682776808
"11978",0
"11979",0
"11980",0.164680023818427
"11981",0.820441983376024
"11982",0
"11983",0.829795155836509
"11984",0
"11985",0.0435103074174261
"11986",0.0958700314495241
"11987",0.203376505899015
"11988",0
"11989",0.27389290110492
"11990",0
"11991",0
"11992",0
"11993",0
"11994",0.243363135373403
"11995",0
"11996",0
"11997",0.173979907157812
"11998",0
"11999",0.857898496380343
"12000",0
"12001",0
"12002",1.36052145067194
"12003",1.19794924604022
"12004",0
"12005",0
"12006",0.341366425741864
"12007",0.360693573386086
"12008",0.203392590507189
"12009",0
"12010",0.148460404064642
"12011",0
"12012",0
"12013",0
"12014",0.977619340094235
"12015",0
"12016",0.911304525809918
"12017",0
"12018",0
"12019",0.153804319999324
"12020",0.129468178976535
"12021",0.234800439027468
"12022",0.0405845308760707
"12023",0
"12024",0.194666277095088
"12025",0.19108360927873
"12026",0
"12027",0.370546253045943
"12028",0.293249612748296
"12029",0
"12030",0
"12031",0
"12032",0.488490362817376
"12033",0.389298063612451
"12034",0.8791453388161
"12035",0.0788070545004509
"12036",0.660872467194476
"12037",0
"12038",0.617474056287887
"12039",0.637743423425839
"12040",0
"12041",0.503612350994265
"12042",0.606797816417992
"12043",0
"12044",1.01789466874442
"12045",0
"12046",0.215516223788847
"12047",0
"12048",0.239522015624398
"12049",0
"12050",0
"12051",0
"12052",0
"12053",0
"12054",0.0691368140689787
"12055",0.109433668536693
"12056",0.243140425282864
"12057",0
"12058",0.200082042303854
"12059",0
"12060",0.237038105041259
"12061",0
"12062",0.126248074728024
"12063",0
"12064",0.11877548126155
"12065",0
"12066",0.0087062831241983
"12067",0
"12068",0
"12069",0
"12070",0.256045918719976
"12071",0
"12072",0.369738816770026
"12073",0.0798452952574179
"12074",0.761320941472851
"12075",0
"12076",0.668777783634881
"12077",0
"12078",0.605611929900989
"12079",0
"12080",0.533695555708954
"12081",0
"12082",0.255677803549113
"12083",0
"12084",0
"12085",0
"12086",0
"12087",1.60317808024832
"12088",0.603693084173682
"12089",0
"12090",0
"12091",0.617767475771156
"12092",0.314476332650679
"12093",0
"12094",0
"12095",0.353358855125056
"12096",0.178264351567355
"12097",0
"12098",0
"12099",0.812903426041476
"12100",0.0537194391366779
"12101",0
"12102",0.166459058766069
"12103",0
"12104",0.350125772147399
"12105",0.501202454679663
"12106",0
"12107",0.622290711301259
"12108",0
"12109",0
"12110",0.124717509676036
"12111",0
"12112",0
"12113",0
"12114",0.142694969188384
"12115",0.613012653638614
"12116",0.23661992696359
"12117",0.349664753430117
"12118",0
"12119",0.0993575369210991
"12120",1.44466053939847
"12121",0
"12122",0
"12123",0
"12124",0
"12125",0.299693137526086
"12126",0.0278239574420721
"12127",0
"12128",0
"12129",0.101302439945004
"12130",0.578502410186912
"12131",0
"12132",0
"12133",3.75755213588438
"12134",0
"12135",0
"12136",0
"12137",0
"12138",0.268613274738427
"12139",0
"12140",0
"12141",0
"12142",0.650869448132251
"12143",0.984421189013759
"12144",0.505085585084472
"12145",0.128251714984857
"12146",0.337041393106714
"12147",0.334153730724162
"12148",0.295702716122496
"12149",1.25577728418533
"12150",0
"12151",1.94782843947302
"12152",0
"12153",0
"12154",0
"12155",0.506561459252497
"12156",0
"12157",0
"12158",0.13839129932147
"12159",0
"12160",0.0869880729642634
"12161",0
"12162",0.841221042988397
"12163",0.550400546781126
"12164",0
"12165",0.0352394756069665
"12166",0
"12167",0.254148044658337
"12168",0
"12169",0.258455581427934
"12170",0
"12171",0
"12172",0
"12173",0
"12174",0.209717840970384
"12175",0.234652775338519
"12176",0
"12177",0
"12178",0.350645349872733
"12179",0.461910200518052
"12180",0.264328637669288
"12181",0.36101617976913
"12182",0
"12183",0.494684364802046
"12184",0.637270375399
"12185",0.235183522833827
"12186",1.02293004029109
"12187",0
"12188",0
"12189",0.171158044160751
"12190",0.58413990941789
"12191",0
"12192",0.377099766988313
"12193",0.133980407236495
"12194",1.16156747461379
"12195",0
"12196",0.892861333462325
"12197",0
"12198",0.689553154489345
"12199",0.124804132406915
"12200",0.201361168097966
"12201",0.245012891148628
"12202",0
"12203",0
"12204",0
"12205",0
"12206",0
"12207",0
"12208",0.351367904448108
"12209",0
"12210",0.238209694506922
"12211",0.244169708561511
"12212",0.613992690701097
"12213",0
"12214",0.329059923336141
"12215",0.948337503873788
"12216",0
"12217",0
"12218",0
"12219",0
"12220",0
"12221",0.0135037318220588
"12222",0.533792257697321
"12223",0.831219254354667
"12224",0
"12225",0.350669917429511
"12226",0
"12227",0
"12228",0
"12229",0.0517019827295717
"12230",0
"12231",0
"12232",0.0691368140689787
"12233",0.0691368140689787
"12234",0.0691368140689787
"12235",0.0691368140689787
"12236",0
"12237",0.0691368140689787
"12238",0.108278685597321
"12239",0
"12240",0.232424093329888
"12241",0
"12242",0
"12243",0
"12244",0.244014182793648
"12245",0
"12246",0.0607796110544534
"12247",0.104353262103459
"12248",0.16185291175745
"12249",0
"12250",0.999801057222837
"12251",0
"12252",1.10193558213611
"12253",0.204483748389196
"12254",0.28417556625643
"12255",0.746797947517795
"12256",0.0149539763137724
"12257",0
"12258",0
"12259",0
"12260",0.457018131736359
"12261",0
"12262",0.384989120347163
"12263",0
"12264",0.148100417090539
"12265",0.348868585808346
"12266",0
"12267",0.352072295170055
"12268",1.14751237652687
"12269",0
"12270",0
"12271",0.894492237618963
"12272",2.17068807502143
"12273",0
"12274",0
"12275",0.702449208537257
"12276",0.801724752068292
"12277",0
"12278",0
"12279",0.53659188126705
"12280",0
"12281",0.503075705585896
"12282",0
"12283",0.0903553590317921
"12284",0
"12285",0
"12286",0.294209775478362
"12287",0
"12288",0.427490904523571
"12289",0.166877304529271
"12290",0
"12291",0.350532102059638
"12292",0.393125141277339
"12293",0
"12294",0.774577043345885
"12295",0.606958310289373
"12296",0.984498715059146
"12297",0
"12298",0.94155911731044
"12299",0
"12300",0.320787657567651
"12301",0.335131799147422
"12302",0.192592312636271
"12303",0.218856514779789
"12304",0.0260340057829742
"12305",1.15995549912047
"12306",0
"12307",0.5262790887224
"12308",0.0387805712247338
"12309",0
"12310",0.156268774504182
"12311",0.141327908676872
"12312",1.03714863797146
"12313",0
"12314",0
"12315",0
"12316",0
"12317",0.133196996969924
"12318",0
"12319",0.433089558056976
"12320",0.161324652864333
"12321",0.724348270775575
"12322",0.326552543488302
"12323",0.371787368223199
"12324",0
"12325",0.316532888595596
"12326",0
"12327",0.604930546643143
"12328",0
"12329",0.331166252502799
"12330",0.82991148568422
"12331",0.840807642075657
"12332",0
"12333",0.853038597023455
"12334",0.0506708408614304
"12335",0.370303278920578
"12336",0
"12337",0.257022281077686
"12338",0
"12339",0
"12340",0
"12341",0
"12342",0.91968443509278
"12343",0.710292189753506
"12344",0
"12345",0.630334250579819
"12346",0
"12347",0.378695781737027
"12348",0
"12349",0.325656042745751
"12350",0.149085731951262
"12351",0
"12352",0.511875348958767
"12353",0.675273788119702
"12354",0
"12355",0
"12356",0
"12357",0
"12358",0.0792330391742806
"12359",0.0364532224907455
"12360",0
"12361",0
"12362",0
"12363",1.1484734220571
"12364",0
"12365",0.548497364708353
"12366",0
"12367",0.00447635855877104
"12368",0
"12369",0
"12370",0.795817731302557
"12371",0.646214056649177
"12372",0.911727445846484
"12373",0.767043807204161
"12374",0
"12375",0
"12376",0.189538232726171
"12377",0
"12378",0.126685618499524
"12379",0.673505417573624
"12380",0
"12381",0.141948817645536
"12382",0
"12383",0.461161406934624
"12384",0.671885051118756
"12385",0
"12386",1.10472212651683
"12387",0
"12388",1.51449057427617
"12389",2.02341861169999
"12390",0
"12391",0
"12392",0
"12393",0
"12394",0
"12395",0
"12396",0
"12397",0
"12398",0.324054828524267
"12399",0
"12400",0.359404389464995
"12401",0.0937689749093684
"12402",0.442443247004851
"12403",0
"12404",0.250946738722098
"12405",0.731245198592712
"12406",0
"12407",0.466440087542245
"12408",0
"12409",0.145292755868314
"12410",0
"12411",0.594589537878005
"12412",0.192536077716937
"12413",0
"12414",0.094528945461464
"12415",0.172488892703402
"12416",0.172488892703402
"12417",0.194893521243921
"12418",0.0994204877501242
"12419",0
"12420",0.26153499041261
"12421",0
"12422",0.277734335632397
"12423",0.0212712607433987
"12424",0.277771255774122
"12425",0
"12426",0.346125809600474
"12427",0.17329220450644
"12428",0
"12429",0.268514523382393
"12430",0
"12431",0
"12432",0
"12433",0
"12434",0
"12435",0
"12436",0.0885943761285966
"12437",0
"12438",0.607961957829115
"12439",0
"12440",0.949291895483398
"12441",0
"12442",0
"12443",0.405865646474014
"12444",0
"12445",0.341923026407428
"12446",0.0270876555204375
"12447",0
"12448",0.773891046432747
"12449",0
"12450",0.473874380973375
"12451",0.818234979329528
"12452",0.0654161140405458
"12453",2.10737060282295
"12454",0.681176313398844
"12455",0
"12456",0
"12457",0.938734462926225
"12458",0
"12459",0.0448901825219193
"12460",0
"12461",0.443417196046779
"12462",0.160775126836646
"12463",0.472476877991888
"12464",0
"12465",0.168967043954093
"12466",0.188227829800806
"12467",0.121286433749764
"12468",0.0270370064976166
"12469",0
"12470",0.969615290149206
"12471",0.210301637969137
"12472",0
"12473",0.499939951095696
"12474",0.577280230442437
"12475",0
"12476",0.612556490140587
"12477",0
"12478",0
"12479",0
"12480",0
"12481",0.330542104464896
"12482",0
"12483",0
"12484",0
"12485",0
"12486",0
"12487",0.35201776197941
"12488",0.14655430900418
"12489",0
"12490",0
"12491",0.130679675584443
"12492",0
"12493",0
"12494",0.608351587692504
"12495",0
"12496",0.707644938252231
"12497",1.59457513531677
"12498",0.206916399044243
"12499",0
"12500",0.706433790591564
"12501",0.580808458372484
"12502",0.0774927134004029
"12503",0.206148056953603
"12504",0
"12505",0.40165183834851
"12506",0.263527389895505
"12507",0.828871700230111
"12508",0.0820022538943341
"12509",0.0194468178780687
"12510",0
"12511",0
"12512",0
"12513",0
"12514",0
"12515",0.498290018156594
"12516",0
"12517",0
"12518",0.101014780521356
"12519",0.344044761751875
"12520",0.0847166086541058
"12521",0.109912255688342
"12522",0.102879399270071
"12523",0
"12524",0.343622253541778
"12525",0.281468939768658
"12526",0.690484363542337
"12527",0
"12528",1.40960733856016
"12529",0
"12530",0
"12531",0.0379252834638064
"12532",0.317564466610601
"12533",0.35229074574138
"12534",0
"12535",0.684862273784828
"12536",0
"12537",0.717270470129286
"12538",0.0511458510758146
"12539",0
"12540",0
"12541",0.538770908300694
"12542",0
"12543",0
"12544",0
"12545",0.840446950755112
"12546",0
"12547",0.682853596314508
"12548",1.00572001521727
"12549",0
"12550",0.965553460572275
"12551",0.644403059175467
"12552",0
"12553",0.206527663755389
"12554",0
"12555",0
"12556",0
"12557",0
"12558",0
"12559",0
"12560",0.00289272032830667
"12561",0.296105050288006
"12562",0
"12563",0.00289909254718834
"12564",0.833385230816546
"12565",0
"12566",0.0933538728203347
"12567",0.413088147096335
"12568",1.6757767041162
"12569",0.422546269292137
"12570",0.232987470360091
"12571",0.932270264730754
"12572",0.32822411574194
"12573",0
"12574",1.30348673438662
"12575",0
"12576",0.567286482855241
"12577",0
"12578",0.500754514401867
"12579",0.238844551555417
"12580",0.319089745790147
"12581",0.398167696397217
"12582",0.0243848969074333
"12583",0
"12584",0.0116228043934009
"12585",1.58136403252004
"12586",0
"12587",1.44714960397943
"12588",0
"12589",0.606963727487409
"12590",0
"12591",0
"12592",0.990021606347505
"12593",0
"12594",0.245818600033783
"12595",0.0979563543066159
"12596",0.0609573376104026
"12597",0.0132327684261128
"12598",0.127504548889
"12599",0
"12600",0
"12601",0
"12602",0.277771255774122
"12603",0
"12604",0
"12605",0
"12606",0
"12607",0
"12608",0
"12609",0
"12610",0.0955971371509357
"12611",0.597970252064671
"12612",0.174229941885236
"12613",0
"12614",0.384209926005185
"12615",0.395954877060152
"12616",0
"12617",0
"12618",0
"12619",0
"12620",0.286106526072378
"12621",0
"12622",0
"12623",0.217911512557636
"12624",0
"12625",0.565871280564092
"12626",0.689265720263721
"12627",0
"12628",0.716621518040467
"12629",0.657025393675303
"12630",0
"12631",0
"12632",0
"12633",1.43411925733037
"12634",0
"12635",0.793075753927671
"12636",0
"12637",0
"12638",0
"12639",0
"12640",0
"12641",0.588322278931329
"12642",0
"12643",0.122116695709178
"12644",0
"12645",1.04872384975548
"12646",0
"12647",0.165641411428346
"12648",0.608126237308922
"12649",0
"12650",0.563557095617232
"12651",0.907781688096023
"12652",0
"12653",0.880357328640354
"12654",0.48634361920374
"12655",0.0414334200057266
"12656",1.54540142935969
"12657",0
"12658",1.43882190787412
"12659",0.175546844495476
"12660",0.416629535582338
"12661",0.661943232580895
"12662",0.27278753636106
"12663",0
"12664",0.71396646454858
"12665",0
"12666",0
"12667",0.458514142064686
"12668",0
"12669",0
"12670",0
"12671",0.8545740497349
"12672",0.25258684678975
"12673",0
"12674",0
"12675",0
"12676",0
"12677",0
"12678",0.824687193138997
"12679",0.557001268498515
"12680",0
"12681",1.04796264020298
"12682",0
"12683",0
"12684",0
"12685",0.416201132143546
"12686",0
"12687",0
"12688",0
"12689",1.30654649264288
"12690",0.635233524256967
"12691",0.662318845440546
"12692",0.0947926696195056
"12693",1.23407822786662
"12694",0.078213206102334
"12695",0
"12696",0.597763430090342
"12697",0
"12698",0
"12699",0.233425122495357
"12700",0.202759503167297
"12701",0
"12702",0
"12703",0
"12704",0.341631036631684
"12705",0.456949495139819
"12706",0
"12707",0
"12708",0.696628851895938
"12709",0
"12710",0
"12711",0
"12712",0
"12713",0
"12714",0.340877383761372
"12715",0
"12716",0.0891522718556483
"12717",0.378861181881753
"12718",0.0515800228620238
"12719",0.0704541154632095
"12720",0.531551089256092
"12721",0.117889741492553
"12722",0
"12723",0.391869764595699
"12724",0.0726380997664753
"12725",0.963333495067472
"12726",0
"12727",0.0336909255210074
"12728",0.442650533408278
"12729",1.2002230005918
"12730",0.446402993859427
"12731",0
"12732",0.457742266856836
"12733",0.215208317641525
"12734",0
"12735",0.477694698409065
"12736",1.15583370151611
"12737",0
"12738",0
"12739",0.592209165383738
"12740",0
"12741",0
"12742",0
"12743",0
"12744",0
"12745",0
"12746",0.23786973129895
"12747",0
"12748",0
"12749",0.617447595425335
"12750",0
"12751",0.91164999787268
"12752",0.239735055993907
"12753",0.0236876566989697
"12754",0
"12755",0
"12756",0.272302366181691
"12757",0.00418080563302736
"12758",0.260743268751631
"12759",0
"12760",0.130005989588006
"12761",0
"12762",0.0300047904564861
"12763",0.716441472504845
"12764",0
"12765",0
"12766",0
"12767",0.702881584079193
"12768",0.417968752757529
"12769",0
"12770",0
"12771",0
"12772",0
"12773",0
"12774",0.226445346508076
"12775",0.228105670190098
"12776",0.0647871523120335
"12777",0.0817312326055551
"12778",0
"12779",0.264718268989399
"12780",0
"12781",0.277771255774122
"12782",0.0212712607433987
"12783",0.242190240863929
"12784",0
"12785",0.193488415349834
"12786",0.21613054687631
"12787",0
"12788",0.582671129829241
"12789",0.043807648390192
"12790",0.0201175631995769
"12791",0.375995810290762
"12792",0
"12793",0
"12794",0.356510187254254
"12795",0.361552648812976
"12796",0
"12797",0
"12798",0
"12799",0.934214906060173
"12800",0
"12801",0.207060848596635
"12802",0.387767619036134
"12803",0
"12804",0
"12805",0
"12806",0.0904129436061546
"12807",0.14546779805108
"12808",0
"12809",0.061361270006294
"12810",0
"12811",0
"12812",0.303058264864464
"12813",0.923938265390321
"12814",0
"12815",0
"12816",0
"12817",0.685573174904251
"12818",0
"12819",0.315457298877186
"12820",0
"12821",0
"12822",0.0972734274137754
"12823",0
"12824",0.915986164825357
"12825",0
"12826",0
"12827",0
"12828",0.0479431673715069
"12829",0
"12830",0.767292871510162
"12831",0.571045372055624
"12832",0
"12833",0
"12834",0.293313003261129
"12835",0.834957261635823
"12836",0
"12837",1.35453848245762
"12838",0.499361185969606
"12839",0.0134559818958018
"12840",0.071147738183823
"12841",0.296890491960947
"12842",0
"12843",0
"12844",0
"12845",0
"12846",0.221710214453558
"12847",0
"12848",0
"12849",0
"12850",0.545332831264806
"12851",0.062217243002507
"12852",0.568843921037515
"12853",0.356539513151984
"12854",0.0164884330962694
"12855",0.0387983373952373
"12856",0.270540483869112
"12857",0
"12858",0
"12859",0
"12860",0
"12861",0
"12862",0.856549585273155
"12863",0
"12864",0.485351586046765
"12865",0
"12866",0.446235887493695
"12867",0.0386680142545281
"12868",1.22534573230836
"12869",0.587335707804017
"12870",0
"12871",0
"12872",0.887024082091956
"12873",0.270779338970603
"12874",0
"12875",0.293195403615375
"12876",0
"12877",0
"12878",0.00483389001933654
"12879",0.197931197136653
"12880",0
"12881",0
"12882",0
"12883",0
"12884",0.0445877197688551
"12885",1.02207891276702
"12886",0
"12887",0.437487171892388
"12888",1.37544678724323
"12889",1.6627060522912
"12890",0
"12891",0
"12892",0.0828976916057304
"12893",0.819947833244969
"12894",0
"12895",0
"12896",0.0195601329921407
"12897",0.0748169878839585
"12898",0
"12899",0
"12900",0
"12901",0.0673218452967552
"12902",0
"12903",0
"12904",0
"12905",0
"12906",1.11702235340143
"12907",0
"12908",0.166632210838259
"12909",0.797638773708729
"12910",0
"12911",0
"12912",0.31273753848157
"12913",0
"12914",1.06686049948739
"12915",0.674888272586815
"12916",0
"12917",0.951246400685322
"12918",0.290943174787404
"12919",0.340041974057339
"12920",0.883573576874011
"12921",0
"12922",0.758220977913264
"12923",0.979818340744449
"12924",0
"12925",1.09150770051224
"12926",0
"12927",0
"12928",1.2302640317771
"12929",0.394221991309536
"12930",0
"12931",0
"12932",0.349913281532647
"12933",0.120819516791383
"12934",0
"12935",0.174980722218868
"12936",0
"12937",0.922993505111285
"12938",0
"12939",0
"12940",0
"12941",0.134196762708071
"12942",0.181951654128653
"12943",0
"12944",1.40960957515786
"12945",0
"12946",1.48672292510883
"12947",0
"12948",0
"12949",0.822108271046544
"12950",0
"12951",1.16029446692811
"12952",0
"12953",0.491639203876122
"12954",0.202828251476946
"12955",0.159545923389255
"12956",0.0183035074287493
"12957",0
"12958",0.108572191737127
"12959",0
"12960",0.149521258258761
"12961",0.0212712607433987
"12962",0.0212712607433987
"12963",0
"12964",0.197783504310701
"12965",0
"12966",0.264500188324455
"12967",0.598587661464223
"12968",0
"12969",0.0531023765368223
"12970",0.115792519487393
"12971",0.289943222786128
"12972",0
"12973",0
"12974",0
"12975",0.103399868345223
"12976",0
"12977",0.166136931075111
"12978",0.27814754548602
"12979",0
"12980",0
"12981",0
"12982",0.407228780747297
"12983",0.584818547307529
"12984",0
"12985",0.701155823816782
"12986",0.116771393135949
"12987",0
"12988",0.657620736650862
"12989",0.292532872588975
"12990",0
"12991",0
"12992",1.42773755124766
"12993",0
"12994",0.465216754710699
"12995",0
"12996",0.544081623698994
"12997",0
"12998",0
"12999",0
"13000",0.0325557648889161
"13001",0.489659190342737
"13002",0
"13003",0
"13004",0
"13005",0.598346395842538
"13006",0
"13007",1.63980219821222
"13008",0.245145388270887
"13009",0
"13010",0.0110727533086723
"13011",0.0522861870974229
"13012",0
"13013",0.138952650829721
"13014",1.0413947634724
"13015",0
"13016",0.769002996554512
"13017",0
"13018",0
"13019",0.87674937629415
"13020",0.0594728814601015
"13021",0.272645867344185
"13022",0
"13023",0
"13024",0.706941783349467
"13025",0
"13026",0
"13027",0
"13028",0
"13029",0.453086622517034
"13030",0
"13031",0.465749123296626
"13032",0
"13033",0.446796967070783
"13034",0.101791036008475
"13035",0.71322602149666
"13036",0
"13037",0.733068172062473
"13038",0.142667585249734
"13039",0
"13040",0
"13041",0.0394196071095196
"13042",0.0193851721327318
"13043",0.22834942875975
"13044",0
"13045",0.424937489025131
"13046",0
"13047",0.128628115997582
"13048",0
"13049",0
"13050",0
"13051",1.20373956063845
"13052",0
"13053",1.69923163301513
"13054",0.441906535002917
"13055",0
"13056",0.152544186970535
"13057",0.143497442718371
"13058",0
"13059",0
"13060",1.04822229768662
"13061",0
"13062",0.713309369806534
"13063",0.550243107436806
"13064",0.15190008006767
"13065",0.738587165714129
"13066",1.09384353125987
"13067",0
"13068",1.13681334946316
"13069",1.55118545216799
"13070",0.0886575639766225
"13071",0
"13072",0.533970782175902
"13073",0
"13074",0.0498501523633674
"13075",0
"13076",0.966119279873056
"13077",0
"13078",0
"13079",0
"13080",0.484623360437964
"13081",0
"13082",0.648077778683871
"13083",0.302066462671898
"13084",0.28139531999434
"13085",0
"13086",0
"13087",0.467390823108495
"13088",0
"13089",0
"13090",0
"13091",0
"13092",0.309883008609452
"13093",0
"13094",1.02169542661052
"13095",0
"13096",0
"13097",0
"13098",0.22669846331473
"13099",0.526129554153912
"13100",0
"13101",0.264003626015776
"13102",0
"13103",0.148620077032697
"13104",0.376149385108205
"13105",0.155822256522617
"13106",0.619388006003672
"13107",0
"13108",0.328094768492567
"13109",0
"13110",0
"13111",0
"13112",1.28789371836612
"13113",1.02269165166448
"13114",0
"13115",0
"13116",0
"13117",0
"13118",0.865201519818993
"13119",0
"13120",0.203943321603566
"13121",0.459703539102093
"13122",0
"13123",0.366415815521286
"13124",0.347519245220133
"13125",0.755330684291739
"13126",0
"13127",0
"13128",0
"13129",0
"13130",0.422904755958298
"13131",0
"13132",0
"13133",0
"13134",0.276315217988825
"13135",0.0162021815786132
"13136",0
"13137",0.359021663473477
"13138",0
"13139",0.018412953753044
"13140",0.0212712607433987
"13141",0.0212712607433987
"13142",0.0222266447054043
"13143",0
"13144",0.0327451107340613
"13145",0
"13146",0.216012637164133
"13147",0.0958473071100019
"13148",0
"13149",0
"13150",0
"13151",0.226958652910251
"13152",0.515143351374869
"13153",0
"13154",0.541756267241286
"13155",0
"13156",0.14211748604396
"13157",0
"13158",0.60861094823673
"13159",0
"13160",0.883422781445515
"13161",0.334867660553687
"13162",0.306070173024203
"13163",0
"13164",0
"13165",0.235888287096009
"13166",0.811893227360517
"13167",0.299056565110715
"13168",0
"13169",1.12092388813338
"13170",0
"13171",1.80426271784997
"13172",0.496097384821329
"13173",0
"13174",0
"13175",0.879178986159729
"13176",0.102325596095299
"13177",0.372079884576143
"13178",0
"13179",0.509730191116665
"13180",0.213197804039244
"13181",0
"13182",1.32977775366102
"13183",0
"13184",1.56814581971435
"13185",0
"13186",1.68081832075924
"13187",0
"13188",1.31750681401511
"13189",0.00568187704323053
"13190",1.60776054632905
"13191",0
"13192",0.308644809668558
"13193",1.11058757500487
"13194",0
"13195",0.489060504670251
"13196",0
"13197",0
"13198",0
"13199",0
"13200",0.337930651773074
"13201",0.633965711894088
"13202",0
"13203",0
"13204",0
"13205",0.384974541385661
"13206",0.510833919752276
"13207",0
"13208",0
"13209",0
"13210",0.0167904913823327
"13211",0
"13212",0.0849476378691121
"13213",0
"13214",0.0411090875490818
"13215",0
"13216",0
"13217",0.520954754405153
"13218",0
"13219",1.02013638970127
"13220",0.0908629520657751
"13221",0
"13222",0
"13223",0.741525112983742
"13224",0.82169680376787
"13225",0
"13226",0.0250152536415893
"13227",0.0991586804111222
"13228",0
"13229",0
"13230",0.97967249756513
"13231",0
"13232",0
"13233",0
"13234",1.05348464813464
"13235",0.283837839239524
"13236",0
"13237",0
"13238",0
"13239",0.694489063416185
"13240",0
"13241",1.21141885329715
"13242",0.20385329643222
"13243",0
"13244",0
"13245",0
"13246",0.283987615747816
"13247",0
"13248",0
"13249",0
"13250",0.125070805760703
"13251",0
"13252",0
"13253",0.708662659284229
"13254",0
"13255",0.99412947061228
"13256",0
"13257",0
"13258",0.232378102680813
"13259",0.52854198222429
"13260",0
"13261",0.137506638621546
"13262",0
"13263",0
"13264",0.73120922996435
"13265",0.169204822197019
"13266",0
"13267",0.819835245966887
"13268",0
"13269",1.31157074834388
"13270",0
"13271",1.69617561890059
"13272",0
"13273",0.109016501574887
"13274",0.717713618669816
"13275",1.84919886381299
"13276",0
"13277",0.586078418437794
"13278",0.426356947909889
"13279",0
"13280",0
"13281",0
"13282",0.140924636093537
"13283",0.152749396962296
"13284",0.0223250043862215
"13285",0.219079446376016
"13286",0
"13287",0.503286071127801
"13288",0.606799505044982
"13289",0
"13290",0
"13291",0.0828224349150126
"13292",0.150064500747306
"13293",0.735664926561579
"13294",0.211220451871308
"13295",0.748340394032406
"13296",0
"13297",0.755073183994818
"13298",0
"13299",0.570703347076855
"13300",0
"13301",0
"13302",0
"13303",0
"13304",0.163647838910862
"13305",0.026106868504824
"13306",0
"13307",0
"13308",0
"13309",0
"13310",0
"13311",0.167513212168454
"13312",0
"13313",0.146258699783719
"13314",0.0161994211015616
"13315",0.0565356325545077
"13316",0
"13317",0.0157443252576222
"13318",0.0212712607433987
"13319",0.0212712607433987
"13320",0.023064110612704
"13321",0.0454224031855437
"13322",0
"13323",0.0162452883114629
"13324",0
"13325",0.234952792827755
"13326",0.0333370256127279
"13327",0
"13328",0
"13329",0.514555565492122
"13330",0.103375770579839
"13331",0.0994988980190356
"13332",0.236439817482453
"13333",0.27213428013355
"13334",0.0023626060166787
"13335",0.111080152772857
"13336",0.325054117834707
"13337",0
"13338",0.666744989402937
"13339",0
"13340",0
"13341",0.296031697227268
"13342",0
"13343",0
"13344",0.69636413510926
"13345",0
"13346",0.997926718051345
"13347",0.545041512117154
"13348",0
"13349",0
"13350",0
"13351",1.30784177876838
"13352",0
"13353",0.866264697203752
"13354",0.0294340615873869
"13355",0
"13356",0
"13357",0
"13358",1.25886262285471
"13359",0
"13360",1.11669296226129
"13361",0
"13362",0.645195222994746
"13363",0
"13364",0
"13365",0
"13366",1.43298517812584
"13367",0
"13368",0
"13369",0
"13370",0.250997925186594
"13371",0.38113196756743
"13372",0.340860970209419
"13373",0.527972247399114
"13374",0.180626054313503
"13375",0.464820825142338
"13376",0.788250037009559
"13377",0
"13378",1.35598760892317
"13379",0.544936723069484
"13380",0
"13381",0.978452168164628
"13382",0.59017664450858
"13383",0.853076580165006
"13384",0
"13385",0.0368027439009982
"13386",1.02175775063762
"13387",0.531848365768259
"13388",0.6525724661516
"13389",0
"13390",0.549671466446294
"13391",0
"13392",0.467433723795099
"13393",0.242690332186448
"13394",0.00671378608924389
"13395",0
"13396",0.158445998991683
"13397",0.483303100128196
"13398",0.255172842937438
"13399",0.602124737950552
"13400",0
"13401",0
"13402",0.382368236456341
"13403",0.245174924409463
"13404",1.06070408553424
"13405",0.139025710638296
"13406",1.00000968139751
"13407",0
"13408",0
"13409",0.295143155909144
"13410",1.2354041125885
"13411",0.0737336526007186
"13412",0.84930411337813
"13413",0
"13414",0
"13415",0.471736251288355
"13416",0.0603329077502267
"13417",0
"13418",0
"13419",0
"13420",0
"13421",0.985782875633253
"13422",0.264268050148204
"13423",0
"13424",0.175805647432305
"13425",0.834076547390204
"13426",0
"13427",1.49628538299453
"13428",0
"13429",0.00317887936526196
"13430",0
"13431",0.20660791694237
"13432",0
"13433",0.706140801204399
"13434",0
"13435",0
"13436",0
"13437",0.394024883123449
"13438",0
"13439",0.923069680153802
"13440",0
"13441",0.556000225535999
"13442",0
"13443",0.583655437725733
"13444",0
"13445",0
"13446",0
"13447",1.09325442567364
"13448",0
"13449",0.71171881007302
"13450",0.0677065339020804
"13451",0
"13452",0
"13453",0
"13454",0
"13455",1.26470849317723
"13456",0
"13457",0.0590303988313073
"13458",0.219462154805482
"13459",0.17520109086205
"13460",0.275682702517822
"13461",0.24261367927943
"13462",0.020164830396097
"13463",0.141188459531131
"13464",0
"13465",0
"13466",0.0514131472084296
"13467",1.22495987308017
"13468",0.570052557062763
"13469",1.0770353222378
"13470",0.142189116688801
"13471",0.394027322060074
"13472",0
"13473",0.255000352531166
"13474",0.204742342366821
"13475",0.608007063786125
"13476",0.0558156925190739
"13477",0.388501581656544
"13478",0
"13479",0.969160839722214
"13480",0.150125441368698
"13481",0
"13482",0.191845209191229
"13483",0.124900065178565
"13484",0.0819704115914899
"13485",0
"13486",0
"13487",0
"13488",0
"13489",0
"13490",0
"13491",0.334228460309439
"13492",0.146258699783719
"13493",0.0178067393110027
"13494",0.0843361640870495
"13495",0
"13496",0.0212712607433987
"13497",0.0212712607433987
"13498",0.0221622276273319
"13499",0.0322445618493306
"13500",0
"13501",0
"13502",0
"13503",0.0556985316403574
"13504",0.0403528258966226
"13505",0.398428903295947
"13506",0
"13507",0.543680953824906
"13508",0.0730942012732444
"13509",0.0955741184124945
"13510",0.00629537407577385
"13511",0.441655577966633
"13512",0.261832558029218
"13513",0
"13514",0.404480894025198
"13515",0
"13516",0.932895752149153
"13517",0
"13518",0
"13519",0
"13520",0.84646045421098
"13521",0.868116646882265
"13522",0.203277093330274
"13523",0
"13524",0
"13525",0
"13526",0
"13527",0
"13528",0
"13529",0.290283914132264
"13530",0.0666392579350383
"13531",0.56891682907672
"13532",0.573063212257208
"13533",0
"13534",0.452775857717291
"13535",0
"13536",0.42228301811877
"13537",0
"13538",0
"13539",0
"13540",0.0403963166818118
"13541",0
"13542",1.503216911945
"13543",0
"13544",1.15316162887923
"13545",0
"13546",0
"13547",0
"13548",0.875239408232254
"13549",0
"13550",1.10370544438773
"13551",0.069475910137281
"13552",0.537031950712606
"13553",0
"13554",0
"13555",0
"13556",0
"13557",0
"13558",0
"13559",0
"13560",0
"13561",0.384328455667257
"13562",0
"13563",0
"13564",0.071436699556738
"13565",0
"13566",0.650991159601767
"13567",0
"13568",0
"13569",0.105902532900203
"13570",0.196656170889452
"13571",0
"13572",1.06571121776511
"13573",0
"13574",0
"13575",0
"13576",0
"13577",0.289613870571941
"13578",0.205061812903084
"13579",0.0773604484908033
"13580",0.576603955840885
"13581",1.15711305281666
"13582",0
"13583",0
"13584",0.1571881362177
"13585",0
"13586",0
"13587",0
"13588",0.436118545977641
"13589",0.1700649195505
"13590",0
"13591",0.560882721214267
"13592",0
"13593",0
"13594",0
"13595",0.479909959709875
"13596",1.13793125751763
"13597",0.217902026696252
"13598",0
"13599",1.10738917898046
"13600",0
"13601",0
"13602",0.230536846971455
"13603",0
"13604",1.14513293648928
"13605",0
"13606",0
"13607",0.475982432460142
"13608",0.126003988762272
"13609",0
"13610",0.066347626349388
"13611",0.76253459665715
"13612",0
"13613",0.130446036176617
"13614",0
"13615",0.150749114125133
"13616",0.73805458709731
"13617",0
"13618",0
"13619",0.0960234867244415
"13620",0.11938078202208
"13621",0
"13622",0
"13623",0.86314923197335
"13624",0
"13625",0
"13626",0
"13627",0
"13628",0
"13629",0.13369553823213
"13630",0
"13631",0.377441285562801
"13632",0
"13633",0
"13634",0
"13635",0
"13636",0.451557263613486
"13637",0.105256226371902
"13638",0.7588491842736
"13639",0.122180733916042
"13640",0.0112103942033721
"13641",0
"13642",0
"13643",0.503229329796599
"13644",0
"13645",0
"13646",0
"13647",0
"13648",0
"13649",0.803270322326243
"13650",0
"13651",0
"13652",0
"13653",0.403521386436248
"13654",0
"13655",0
"13656",0
"13657",0
"13658",0
"13659",0.748041308647419
"13660",0.157097090359217
"13661",0.267066170006607
"13662",0.355812395811365
"13663",0
"13664",0
"13665",0
"13666",0
"13667",0
"13668",0
"13669",0.106670097566237
"13670",0.277920136532739
"13671",0.0781499213524646
"13672",0
"13673",0.251969441908931
"13674",0
"13675",0.0084673050357878
"13676",0.0124691957493858
"13677",0.0360106933485833
"13678",0
"13679",0
"13680",0
"13681",0
"13682",0
"13683",0
"13684",0.212774475812577
"13685",0
"13686",0
"13687",0.195384016389892
"13688",0.0276818302326076
"13689",0.299121024579551
"13690",0
"13691",0
"13692",0
"13693",0
"13694",0
"13695",0.438966793512608
"13696",0
"13697",0.765911081832285
"13698",0.690469214270102
"13699",0
"13700",0.341199865243167
"13701",0.437688121682348
"13702",0
"13703",0.38771748341094
"13704",0.236204427392408
"13705",0
"13706",0.487134147821029
"13707",0.438002760374125
"13708",0.441139829279963
"13709",0
"13710",0
"13711",0
"13712",0.0443015283030834
"13713",0.67543344266939
"13714",0
"13715",1.07370797470923
"13716",0
"13717",1.75156287111021
"13718",0
"13719",1.17365306845517
"13720",0
"13721",0.812023466158608
"13722",0.0363996013031682
"13723",0.363208027067963
"13724",0
"13725",0.150719059198402
"13726",2.11160688359171
"13727",0
"13728",0
"13729",0
"13730",0
"13731",0.0847585735967911
"13732",0.306806489543465
"13733",0.717246255375461
"13734",0
"13735",0.484223402786737
"13736",0.404291151733151
"13737",0
"13738",0
"13739",0.400552111537515
"13740",0
"13741",0
"13742",0
"13743",0.0338882440470747
"13744",0
"13745",0
"13746",0
"13747",0.716743417025589
"13748",0.176612707516932
"13749",0.208390542162272
"13750",0
"13751",0
"13752",0
"13753",0.459651863296129
"13754",0.372226826332414
"13755",0
"13756",0.561032917127478
"13757",0.0696172347682438
"13758",0.708534052075479
"13759",0
"13760",0.160514529203009
"13761",0
"13762",0
"13763",0.319492278814433
"13764",0
"13765",0.345715970289304
"13766",0.93314202163973
"13767",0
"13768",0.445469182079563
"13769",0
"13770",1.59946159386057
"13771",0
"13772",0.55193767561704
"13773",0.186582580084333
"13774",0
"13775",0
"13776",0
"13777",0.867648448891009
"13778",0.605057106155781
"13779",0.144671171770487
"13780",0.6679785907586
"13781",0
"13782",0.683534465835542
"13783",0
"13784",0.0902442217168384
"13785",0.0863538457815659
"13786",0
"13787",0.144688771314432
"13788",0.319533532499674
"13789",0.0192166169384433
"13790",0
"13791",0
"13792",0.127338902095494
"13793",1.54219096865407
"13794",0
"13795",0.789584036505309
"13796",0
"13797",0.844600333125506
"13798",0.0378636133429644
"13799",0
"13800",0
"13801",0.617798253472399
"13802",0.592866272378199
"13803",0.338385168023293
"13804",0.738025994375532
"13805",0.389201500701081
"13806",0.0394272685239929
"13807",0.0948571799692414
"13808",0.120729063885441
"13809",0
"13810",0.249191288047439
"13811",0
"13812",0.249191288047439
"13813",0
"13814",0
"13815",0.192984612219522
"13816",0
"13817",0.135219747127602
"13818",0.158008112880699
"13819",0.13957186456079
"13820",0.400491415585365
"13821",0
"13822",0.742568620907227
"13823",0
"13824",0
"13825",0.194010379297657
"13826",0
"13827",0.0358924382892866
"13828",0.452580535147267
"13829",0
"13830",0
"13831",0.231422714042774
"13832",0.126152829390919
"13833",0.339129574778444
"13834",0.164839067560941
"13835",0
"13836",0
"13837",0.0698662683034578
"13838",0.0458842707665925
"13839",0
"13840",0
"13841",0.0762163644016364
"13842",0.0415488580350076
"13843",0
"13844",0
"13845",0
"13846",0
"13847",0.218208573355184
"13848",0
"13849",0.58918760631088
"13850",0
"13851",0.761338817375632
"13852",0.478593213462529
"13853",0.0129661718198047
"13854",0
"13855",0.00184663094874532
"13856",0
"13857",0
"13858",0
"13859",0
"13860",0
"13861",0
"13862",0
"13863",0.00696404491060643
"13864",0
"13865",0
"13866",0.0557425976776584
"13867",0
"13868",0.171004749696466
"13869",1.01860457572589
"13870",0
"13871",0.580486792882601
"13872",0
"13873",0.443300326945044
"13874",0.134232511116556
"13875",0
"13876",0
"13877",0
"13878",0.183222253071475
"13879",0.487742043906289
"13880",0.470262035936003
"13881",0
"13882",0.280505254896407
"13883",0.360298534791827
"13884",0.360291337767712
"13885",0
"13886",0
"13887",0
"13888",0
"13889",0.520914345455324
"13890",0
"13891",0
"13892",0
"13893",0.697371243273065
"13894",0.624751872504163
"13895",1.12452904577452
"13896",0
"13897",0
"13898",0
"13899",0.493822622986282
"13900",0
"13901",0
"13902",0.72199141791982
"13903",0.524773166938719
"13904",0
"13905",2.48843104061505
"13906",0
"13907",0.0682086378454274
"13908",0
"13909",0
"13910",0.145849813423277
"13911",0.303066424670598
"13912",0.5166081687033
"13913",0
"13914",0.505170659718739
"13915",0
"13916",0.150124063087756
"13917",1.58545345867581
"13918",0
"13919",1.18264565842418
"13920",0
"13921",1.04567818993456
"13922",0
"13923",0.480469325222411
"13924",0
"13925",0
"13926",0
"13927",0.431605669000469
"13928",0
"13929",0.646144179421821
"13930",0.0282591195053029
"13931",0.279589142142713
"13932",0.025367597627747
"13933",0
"13934",0.322364230804546
"13935",0
"13936",0
"13937",0
"13938",1.06326544076782
"13939",0.823063129682148
"13940",0
"13941",0.668111665558889
"13942",0
"13943",0.128702069556911
"13944",0.0856160367988033
"13945",0.0253279477265804
"13946",0.195730884648815
"13947",0
"13948",0.843968879435199
"13949",0.622227584221796
"13950",0
"13951",0.848127350387792
"13952",0
"13953",0.623655526178716
"13954",0.255352592851508
"13955",0.300927027463346
"13956",0.194562430888788
"13957",0.15037923824
"13958",0
"13959",0.230764212110454
"13960",0.512440258267154
"13961",0.272901342519835
"13962",0.320754930059409
"13963",0.0089626064923789
"13964",0.392346338580458
"13965",0.000716714671252783
"13966",0
"13967",0
"13968",0
"13969",0.0815563724533099
"13970",0
"13971",0
"13972",0
"13973",0.297285549907292
"13974",0
"13975",0
"13976",0
"13977",0.0221744144209379
"13978",0.174280697594217
"13979",0
"13980",0
"13981",0
"13982",0.380769163468791
"13983",0.256130068960574
"13984",0.218535151626449
"13985",0
"13986",0
"13987",0
"13988",0.249191288047439
"13989",0
"13990",0
"13991",0
"13992",0.103390463561014
"13993",0.215214886537117
"13994",0.140828730882331
"13995",0.0598736997428898
"13996",0.289444582617146
"13997",0.149247066658936
"13998",0
"13999",0
"14000",0.523833895130929
"14001",0
"14002",0.741439220703784
"14003",0
"14004",0.333749122588675
"14005",0.00485841203232862
"14006",0.323708764921457
"14007",0
"14008",0
"14009",0
"14010",0
"14011",0.729458571506441
"14012",0.452711245972056
"14013",0.161983941602418
"14014",0
"14015",0
"14016",0
"14017",0.32040798261533
"14018",0
"14019",0.0047677915299682
"14020",0.0184310003641043
"14021",0
"14022",0
"14023",0.0904777868009591
"14024",0.0614416474969936
"14025",0.234452337641751
"14026",0
"14027",0
"14028",0.294355922544228
"14029",0
"14030",1.06568549224583
"14031",0.0498508622893006
"14032",0.085019006611032
"14033",0
"14034",0
"14035",0
"14036",0
"14037",0.0998676056144367
"14038",0
"14039",0
"14040",0
"14041",0.803644870887612
"14042",0.56831638694205
"14043",0
"14044",0
"14045",0.0158038037870272
"14046",0
"14047",0
"14048",0.0307866524810032
"14049",0.213088338211142
"14050",0
"14051",0.165356103575806
"14052",0.601176702704616
"14053",0
"14054",0.792077159188377
"14055",0.0940290835322007
"14056",0
"14057",0.561145121734358
"14058",0.205780404535338
"14059",0.544505413327289
"14060",0
"14061",0.82591401208756
"14062",0.48310412851474
"14063",0.2398087921204
"14064",0
"14065",0
"14066",0
"14067",0.4344616258217
"14068",0.0261595891146255
"14069",0.498814481324392
"14070",0.293493300068637
"14071",0
"14072",0.0537462454638651
"14073",0.007893119472965
"14074",0
"14075",0.399259562799068
"14076",0
"14077",0.788831462642898
"14078",0
"14079",0.642893508547027
"14080",0
"14081",1.75111247403877
"14082",0
"14083",1.0296256928012
"14084",0
"14085",0
"14086",1.20043286759499
"14087",0
"14088",0.0102262046954976
"14089",0
"14090",0
"14091",0
"14092",0
"14093",0
"14094",0
"14095",1.26830779851229
"14096",0
"14097",0.593540642106805
"14098",0
"14099",0.545558737050441
"14100",0.134252663548429
"14101",0.489118071544549
"14102",0.177379726092626
"14103",0
"14104",0.859624618697346
"14105",0.353462701146456
"14106",0.389055221030949
"14107",0
"14108",0
"14109",0.286382890868133
"14110",0
"14111",0.0522269599281984
"14112",0
"14113",0
"14114",0
"14115",0.993740744173696
"14116",0
"14117",0
"14118",0.0992905773882671
"14119",0.527520817235742
"14120",0.354247580775306
"14121",0
"14122",0.793211597840261
"14123",0
"14124",0.257390789078912
"14125",0.691458801883653
"14126",0
"14127",0.801988225722836
"14128",0.208978545042606
"14129",0.0526494161276357
"14130",0.556974041492768
"14131",0.508069534737297
"14132",0.310273810931936
"14133",0
"14134",0.964562585414727
"14135",0
"14136",0.646189697431639
"14137",0
"14138",0
"14139",0
"14140",0.174119656585395
"14141",0
"14142",0
"14143",0
"14144",0.704732657467933
"14145",1.14750506248339
"14146",0.367715993128606
"14147",1.44511136365615
"14148",0
"14149",0.906696051046392
"14150",0
"14151",0
"14152",0
"14153",0.213362724343734
"14154",0
"14155",0.597848510334715
"14156",0
"14157",0.606710932407576
"14158",0.182937971985346
"14159",0.379544217692735
"14160",0.553245076155804
"14161",0
"14162",0.119611500126375
"14163",0
"14164",0.249191288047439
"14165",0
"14166",0.249191288047439
"14167",0
"14168",0
"14169",0
"14170",0.057877048354901
"14171",0.144736355642211
"14172",0.58677590249261
"14173",0
"14174",0.816946607190661
"14175",0
"14176",0.454747077271607
"14177",0.0796253234313885
"14178",0.75939650770849
"14179",0
"14180",0.434391543865592
"14181",0
"14182",0
"14183",0
"14184",0
"14185",0.0992417246246056
"14186",0
"14187",0.466161530215665
"14188",0.970368336109568
"14189",0
"14190",1.00503012344619
"14191",1.19664174835571
"14192",0
"14193",0.242298107797523
"14194",0.232564769668267
"14195",0
"14196",0
"14197",0.010230505825934
"14198",0
"14199",0
"14200",0.0904777868009591
"14201",0.208218943195168
"14202",0.447001521817531
"14203",0.306474897311942
"14204",0
"14205",0
"14206",0
"14207",0
"14208",0.539821302522363
"14209",0.0395510224727371
"14210",0
"14211",0
"14212",0.0998676056144367
"14213",0.35362503643046
"14214",0
"14215",0.236991235229879
"14216",0
"14217",0.448516043028535
"14218",0.458002780105828
"14219",0.135204653978761
"14220",0
"14221",0
"14222",1.10734300716352
"14223",0
"14224",0
"14225",0.123335139778841
"14226",0.00733527760010322
"14227",0
"14228",0.319106224295964
"14229",0
"14230",1.66470193716099
"14231",0
"14232",1.02639341079891
"14233",0.170454060194313
"14234",0
"14235",0.829267227846034
"14236",0
"14237",0
"14238",0
"14239",0.614413836411893
"14240",0.0890968513591485
"14241",0.390053505926341
"14242",0
"14243",0.765538102476805
"14244",0
"14245",0.157430572871117
"14246",0.682252641425565
"14247",0
"14248",0
"14249",0
"14250",0
"14251",0
"14252",0.00132368143867345
"14253",0.901809390414658
"14254",0
"14255",0
"14256",0
"14257",0.640149583253646
"14258",0
"14259",0.0974614741505344
"14260",0
"14261",0.505855669641398
"14262",0.0101701387526421
"14263",0
"14264",0.542503708733158
"14265",0.0224921589884447
"14266",0
"14267",0
"14268",0.999583531462584
"14269",0.385817241731597
"14270",0
"14271",0
"14272",0
"14273",0.294504808309316
"14274",0.116690592610156
"14275",0
"14276",0.669609366009383
"14277",0.0632091234472181
"14278",0.219304689083967
"14279",0
"14280",0.426301906340551
"14281",0
"14282",0
"14283",0.407376218664675
"14284",0
"14285",0
"14286",0
"14287",0.754647640182606
"14288",0.526984221593999
"14289",1.55609219659016
"14290",0
"14291",1.18993284444043
"14292",0
"14293",0.763941165967258
"14294",0.354107320856967
"14295",0.52639504427412
"14296",0
"14297",0
"14298",0.404531748261831
"14299",0
"14300",1.50830328747804
"14301",0.197468145848871
"14302",0.325364873262403
"14303",0
"14304",0.108545842611887
"14305",0.284564080511334
"14306",0
"14307",0
"14308",0
"14309",0
"14310",0
"14311",0
"14312",0.490630530859092
"14313",0
"14314",1.04135866332293
"14315",0
"14316",0.162652956679819
"14317",0.0668281766351798
"14318",0.55545992978527
"14319",0
"14320",0
"14321",0.182139971138415
"14322",0.556947016956827
"14323",0
"14324",0.362792654173616
"14325",0.709327513153201
"14326",0.0567018839122356
"14327",0.138716013823632
"14328",0.422352577777802
"14329",0.505630862788466
"14330",0.475971900842169
"14331",0
"14332",0.274609983545303
"14333",0.887858335698578
"14334",0.145469158461242
"14335",0
"14336",0
"14337",0
"14338",0.692915937205911
"14339",0
"14340",0.346533820891509
"14341",0
"14342",0
"14343",0
"14344",0.120941290532078
"14345",0
"14346",0
"14347",0
"14348",0.0417775612600092
"14349",0.101479352767613
"14350",0
"14351",0
"14352",0.0875541887544811
"14353",0
"14354",0.564334660939903
"14355",0
"14356",0
"14357",0
"14358",0.413406057795504
"14359",0
"14360",0.00437965883722896
"14361",0.14519650828267
"14362",0.0844711318661815
"14363",0.384274723583045
"14364",0.601708856400496
"14365",0.12300654525257
"14366",0
"14367",0.139848106582082
"14368",0.159405685425657
"14369",0
"14370",0.364802887891901
"14371",0
"14372",0.466763685835893
"14373",0.0392967339351948
"14374",0.00149761693470513
"14375",0
"14376",0
"14377",0.0904777868009591
"14378",0.230336116544166
"14379",0.416889248866241
"14380",0.00876049451585825
"14381",1.51474449741448
"14382",0
"14383",1.04083265226043
"14384",0.0214415514463794
"14385",0.163548725649713
"14386",0.103957482340395
"14387",0.063997204337011
"14388",0.0877419447368021
"14389",0
"14390",0
"14391",0
"14392",0.494247663969965
"14393",0
"14394",0.193700681742593
"14395",0
"14396",0
"14397",0
"14398",0.175139495098744
"14399",0
"14400",0.0332027373619243
"14401",0
"14402",0
"14403",0.155803332444545
"14404",0
"14405",0
"14406",0
"14407",0
"14408",0
"14409",0
"14410",0
"14411",0
"14412",1.10162363769856
"14413",0
"14414",0.214064967871467
"14415",0
"14416",0.22858536441301
"14417",0
"14418",0.755259123675915
"14419",0
"14420",0
"14421",0
"14422",0
"14423",0.426939836011956
"14424",0
"14425",0.599815786046866
"14426",0.606483461884993
"14427",0.279734577220292
"14428",1.93871001640479
"14429",0.90608615175297
"14430",0
"14431",0.364465122604384
"14432",0.129737307933949
"14433",0.288141414612828
"14434",0.299539981646845
"14435",0
"14436",0.361796907148973
"14437",0.798544192169109
"14438",0
"14439",0.601941668423381
"14440",0
"14441",0.0162068063250312
"14442",0.744522248051888
"14443",0
"14444",0.274463220865736
"14445",0
"14446",1.28354922159726
"14447",0
"14448",0.82022036844807
"14449",0.232054496214194
"14450",0
"14451",0
"14452",0
"14453",0.365554486894668
"14454",0.479553057692165
"14455",0.0546225892347505
"14456",0.279991327669078
"14457",0
"14458",0
"14459",0
"14460",0
"14461",0
"14462",0.941158378472876
"14463",0
"14464",0.735636667222642
"14465",0
"14466",0.560975613539534
"14467",0
"14468",0
"14469",0
"14470",0.646638952212669
"14471",0.157819303746997
"14472",0.337245034093915
"14473",0.61168485617896
"14474",0
"14475",0
"14476",0
"14477",0
"14478",0.414911798327855
"14479",0
"14480",0.427239798088603
"14481",0.867545508091278
"14482",0.0650704289160986
"14483",0.11946329182998
"14484",0.53589673427208
"14485",0.198667470770125
"14486",0.0129171394689567
"14487",0
"14488",0
"14489",0.625454671330833
"14490",0
"14491",1.34395622012313
"14492",0.175133393730176
"14493",0
"14494",0.194011450047148
"14495",0.955888765510849
"14496",0
"14497",0.182726495497186
"14498",0
"14499",0
"14500",0.0573155836223902
"14501",0.153155239699308
"14502",0
"14503",0.104434803557727
"14504",0.25642545925907
"14505",0.215197204785957
"14506",0
"14507",0
"14508",0
"14509",0.226321700793648
"14510",0.369833080464673
"14511",0
"14512",0
"14513",0.109322857294174
"14514",0.0167076324228194
"14515",0
"14516",0
"14517",0.286054671440866
"14518",0
"14519",0.762191278108887
"14520",0
"14521",0
"14522",0
"14523",0
"14524",0.175017181195526
"14525",0.235343097014082
"14526",0
"14527",0.450447695927667
"14528",0
"14529",0
"14530",0.0294377326834141
"14531",0.634710101371934
"14532",0
"14533",0.476616177522384
"14534",0
"14535",0.156403337701245
"14536",0
"14537",0.0945912644182674
"14538",0.0418354581878561
"14539",0
"14540",0.362702148734751
"14541",0.504021480391529
"14542",0
"14543",0
"14544",0
"14545",0.370166778141004
"14546",0.0468837125326955
"14547",0
"14548",0
"14549",0.221241049470865
"14550",0
"14551",0.0904777868009591
"14552",0.0904777868009591
"14553",0.190895345290499
"14554",0
"14555",0
"14556",0.22162298264257
"14557",0
"14558",0.513184936576568
"14559",0.00552598918696101
"14560",0.233197858319909
"14561",0.563570745946082
"14562",0
"14563",0
"14564",0.366472576985634
"14565",0.713254891292998
"14566",0.0410762674331513
"14567",0
"14568",0
"14569",0
"14570",0
"14571",0.813813156980752
"14572",0.0125177551043891
"14573",0
"14574",0.00661084783023719
"14575",0
"14576",0
"14577",0.134194288168401
"14578",0.308986454681777
"14579",0
"14580",1.59478352821845
"14581",0
"14582",1.02156521580892
"14583",0.165427039573224
"14584",0
"14585",0
"14586",0.704885845814646
"14587",0.00785029524998926
"14588",0.130195976908998
"14589",0
"14590",0
"14591",0.504181964772325
"14592",0
"14593",0
"14594",0
"14595",0.308001142304971
"14596",0
"14597",0.83321838377949
"14598",1.1394042912663
"14599",0.289845666022392
"14600",0.288929097895481
"14601",0.475461282075145
"14602",0
"14603",0.0179368601357526
"14604",0
"14605",0.0847648141936133
"14606",0.142503961518558
"14607",0
"14608",0.892593848108843
"14609",0
"14610",0.30128996276145
"14611",0
"14612",0
"14613",0
"14614",0.075916962470848
"14615",0.218878279990139
"14616",0
"14617",0
"14618",0
"14619",0.838537009532632
"14620",0
"14621",1.04445168640315
"14622",0
"14623",0.877256737565937
"14624",0
"14625",0
"14626",0.787291324522681
"14627",0.49968030604814
"14628",0
"14629",0
"14630",0
"14631",0.84624060614925
"14632",0.418294566060439
"14633",0.29882522400243
"14634",0
"14635",0.765666431106988
"14636",0
"14637",0
"14638",0.0884248699465604
"14639",0.106691548549913
"14640",0.233555287496595
"14641",1.41900622546293
"14642",0
"14643",0.0785639261880795
"14644",0.177340291959204
"14645",0.21310818783267
"14646",0.609517537401338
"14647",0
"14648",1.29116696797168
"14649",0
"14650",2.24515219437518
"14651",0
"14652",1.065438604526
"14653",0
"14654",0.307648398563179
"14655",0.236918803692023
"14656",0.285280671830892
"14657",0.253772821162662
"14658",0.0278650802694062
"14659",0.871186848731803
"14660",0
"14661",0.337097136155661
"14662",1.45851924197315
"14663",0
"14664",0
"14665",0
"14666",0.580787926946612
"14667",0.0263797255437836
"14668",0
"14669",0
"14670",0.0231617288172028
"14671",0.430352048257724
"14672",0.0594997619088657
"14673",0.0921666276189751
"14674",0.154074113606244
"14675",0.29482824469223
"14676",0
"14677",0
"14678",0
"14679",0.082908034720663
"14680",0.148693052547725
"14681",0.38372679321576
"14682",0.0215602904100646
"14683",0
"14684",0.661606452558486
"14685",0.608012407460348
"14686",0.256948014821829
"14687",0.365515166664632
"14688",0.354930855627578
"14689",0.466753783695714
"14690",0
"14691",0.726565945150772
"14692",1.09426903899182
"14693",0
"14694",1.01668418037446
"14695",0
"14696",0
"14697",0.127928278077791
"14698",0.0186235588922091
"14699",0.0793745321657146
"14700",0.108480683979101
"14701",0.128267135431439
"14702",0.064782900107854
"14703",0
"14704",0
"14705",0.151278764967854
"14706",0
"14707",0
"14708",0.238607575517053
"14709",0
"14710",0.0752926450319439
"14711",0.0747240833708402
"14712",0.282021121577227
"14713",0.0848263041845212
"14714",0.345598281055618
"14715",1.26148158324043
"14716",0.334165151506785
"14717",0.352082178048863
"14718",1.16549908125223
"14719",0
"14720",0.654131388818053
"14721",0
"14722",0.291824497767223
"14723",0.0972213136841138
"14724",0.190895345290499
"14725",0.0744266660812454
"14726",0
"14727",0
"14728",0
"14729",0.0645947497242905
"14730",0.197992599084851
"14731",0.253109182006134
"14732",0
"14733",0.436359449355933
"14734",0
"14735",0.0181263528679756
"14736",0.452922740194218
"14737",0
"14738",0.659778590886056
"14739",0.0898310581422662
"14740",0.139158286524255
"14741",0
"14742",0
"14743",0
"14744",0
"14745",0.725855912878106
"14746",0
"14747",0.216988615318525
"14748",0
"14749",0.417068720268867
"14750",0
"14751",0
"14752",0.0826635192139809
"14753",0.0278845536772919
"14754",0.0575021785198701
"14755",0.00638888872944254
"14756",0.638772993102043
"14757",0
"14758",0.7658008337712
"14759",0.248820483445197
"14760",2.47373829743451
"14761",0
"14762",2.26011124425957
"14763",0
"14764",0.701508641079815
"14765",0
"14766",0.18161338177616
"14767",0
"14768",0.0444544390460371
"14769",0.560597551581133
"14770",0.716802957386155
"14771",1.68056114879352
"14772",0
"14773",1.59398472025957
"14774",0
"14775",0.695683406017857
"14776",0
"14777",0.460646058676625
"14778",0.138609090568759
"14779",0.400579095524472
"14780",0.138004556896269
"14781",0
"14782",0
"14783",0
"14784",0.208677641035366
"14785",0
"14786",0
"14787",0
"14788",0
"14789",0.0516508875869106
"14790",0
"14791",0
"14792",0.934525321657985
"14793",0
"14794",0.315453859895385
"14795",0.0955268373649369
"14796",0.132123080266039
"14797",0.654863461598067
"14798",0
"14799",0.154605812225182
"14800",1.23330322020366
"14801",0
"14802",0.475635152731394
"14803",0
"14804",0.390537464204263
"14805",0
"14806",1.02554761028606
"14807",0
"14808",0.335594648977008
"14809",0.576069384480055
"14810",0
"14811",1.25895581639354
"14812",0
"14813",0
"14814",0
"14815",0.926487722322704
"14816",0.0696876174487582
"14817",0.548222391734007
"14818",0
"14819",0.957683103124025
"14820",0.411217977836705
"14821",0.029075879140166
"14822",0.608651838971282
"14823",0
"14824",0
"14825",0
"14826",0
"14827",2.14091375699299
"14828",0
"14829",0.586156150619835
"14830",0
"14831",0.183535626350621
"14832",0.426777247969638
"14833",0
"14834",0.200238424343111
"14835",0
"14836",0
"14837",0
"14838",0
"14839",0
"14840",0.20130412297614
"14841",0.175561439897848
"14842",0
"14843",0.595645405693605
"14844",0.584198934144344
"14845",0
"14846",0
"14847",0.484225589460517
"14848",0.0451951157893578
"14849",0
"14850",0
"14851",0.592469695077641
"14852",0.264663415379004
"14853",0
"14854",0.00766594237997742
"14855",0.0029006450556448
"14856",0.0977561516933974
"14857",0.413490292225748
"14858",0.313378717599924
"14859",0
"14860",0.0963992047886064
"14861",0.231675565613235
"14862",0
"14863",0.277803670543377
"14864",0
"14865",0
"14866",0.0535850128271618
"14867",0.290764983555713
"14868",0.152424774210301
"14869",0
"14870",0.263767431546685
"14871",0.253918477723797
"14872",0.367634177338919
"14873",1.00698107519916
"14874",0
"14875",0
"14876",0.0380020478082532
"14877",0.564201456460824
"14878",0
"14879",0.305215097630185
"14880",0.0565463687114958
"14881",0
"14882",0
"14883",0.183790779434604
"14884",0.662892791599309
"14885",0.312099347160981
"14886",0
"14887",0.353584013999098
"14888",0
"14889",0.277924505953293
"14890",0
"14891",0
"14892",0
"14893",0
"14894",0.101551823765419
"14895",0
"14896",0.424947286984749
"14897",0
"14898",0.57617714874087
"14899",0.389033785321768
"14900",0.0156943528385741
"14901",0
"14902",0.0992378245427276
"14903",0
"14904",0
"14905",0.683985011051122
"14906",0
"14907",0
"14908",0
"14909",1.31377274571129
"14910",0
"14911",0
"14912",0
"14913",1.49858836683033
"14914",0.0527602985107006
"14915",0.259431253611002
"14916",0
"14917",0
"14918",0
"14919",0
"14920",0.0567507748734086
"14921",0
"14922",0.655190746971795
"14923",0
"14924",0.217451385477333
"14925",0
"14926",0.841329485945603
"14927",0.370030408920293
"14928",0
"14929",0.329992608411514
"14930",0.161629870421193
"14931",0.38536405265337
"14932",0
"14933",1.64444763706869
"14934",0
"14935",1.48146618061787
"14936",0.60965698599604
"14937",0.335815840363439
"14938",0.460604392155265
"14939",0.250895784383912
"14940",0.490185203599109
"14941",0
"14942",0
"14943",0.380212075832496
"14944",0.267005906390277
"14945",1.18540364804747
"14946",0
"14947",0.607996132761538
"14948",0
"14949",0.796134043220288
"14950",0.380299477233365
"14951",0
"14952",0
"14953",0.851592512881111
"14954",0
"14955",0
"14956",0
"14957",0.5303701575171
"14958",2.38783426433969
"14959",0.849944449769686
"14960",0
"14961",0.484004754186176
"14962",0
"14963",0
"14964",0
"14965",0
"14966",0.589663406247918
"14967",0.747185772963359
"14968",0
"14969",1.06542179387784
"14970",0.212285184280869
"14971",0.42462489058617
"14972",0.460485940782641
"14973",0
"14974",0.661763948151795
"14975",0
"14976",0
"14977",0
"14978",0.307507578481068
"14979",0.0790666184125887
"14980",0
"14981",0.588182804467038
"14982",0
"14983",0.681892015715463
"14984",0.0609543915486177
"14985",0
"14986",0.547970163166878
"14987",0.610074029523748
"14988",0
"14989",0.375643414287381
"14990",0
"14991",0.343356360653831
"14992",0.536879025485267
"14993",0
"14994",0.427118111317997
"14995",0.737039340624034
"14996",0.0250808063146308
"14997",0.0046714666938068
"14998",0.0230840969677619
"14999",0.0547284834067013
"15000",0.0271877205963986
"15001",0.113622575135723
"15002",0
"15003",0.154302701935054
"15004",0.155220793059315
"15005",0.356609969186113
"15006",0
"15007",0.117295842788661
"15008",0
"15009",0.271042500985744
"15010",0
"15011",0.389799886237807
"15012",0
"15013",0
"15014",0.0553426270267254
"15015",0.246880011703853
"15016",0.49744405451663
"15017",0
"15018",1.5985072318673
"15019",0
"15020",0.927199761558295
"15021",0
"15022",0
"15023",0
"15024",0.0565463687114958
"15025",0
"15026",0.183790779434604
"15027",0.0572183399430096
"15028",0.301306748134674
"15029",0
"15030",0
"15031",0
"15032",0
"15033",0
"15034",0
"15035",0.506557986528875
"15036",0
"15037",0
"15038",0.0245523700652007
"15039",0.241259596916656
"15040",0
"15041",0.330580619003327
"15042",0
"15043",2.37166468265446
"15044",0
"15045",2.45585439161349
"15046",0.161892872841762
"15047",1.33585749545854
"15048",0
"15049",0
"15050",0.0187734640610855
"15051",0.837325319524745
"15052",0
"15053",0
"15054",0.935758708173921
"15055",0
"15056",0.923182832778751
"15057",0
"15058",0.353498500440896
"15059",0
"15060",0.0874107257724985
"15061",0
"15062",0.459818074064919
"15063",0
"15064",0.00932931545286486
"15065",0
"15066",0
"15067",0.0557578760133911
"15068",0.466036915768601
"15069",0.485985252015581
"15070",0.531904259088505
"15071",0
"15072",0
"15073",0.876773401329603
"15074",0
"15075",0
"15076",0
"15077",0.143323698152162
"15078",0
"15079",0
"15080",0.807702613601418
"15081",0
"15082",0
"15083",0
"15084",0
"15085",0.527084676562462
"15086",1.85643962997063
"15087",0
"15088",1.14441293036819
"15089",0.762449964709614
"15090",0
"15091",0
"15092",0.482275367447282
"15093",0
"15094",0.37666169742732
"15095",1.76727755462659
"15096",0.501209264080726
"15097",0
"15098",0.544715324597248
"15099",0
"15100",1.31301350728736
"15101",0
"15102",0
"15103",0.280169916848269
"15104",0
"15105",0
"15106",0.0159967441171014
"15107",0.30899736526101
"15108",0.310650167030819
"15109",0.56059517475988
"15110",0.69458563342443
"15111",0
"15112",2.15834132952942
"15113",0
"15114",0.186942076228033
"15115",0.0486873944973283
"15116",0
"15117",0.501856841437413
"15118",0
"15119",0.204976878404514
"15120",0
"15121",0.357608670164217
"15122",0.63862093405625
"15123",0.267837353229036
"15124",0.00321326001955446
"15125",0
"15126",0.647232057203402
"15127",1.0337247473743
"15128",0.230848734036178
"15129",0
"15130",0
"15131",0
"15132",0.517671456755254
"15133",0.0046714666938068
"15134",0.0857240678760869
"15135",0
"15136",0
"15137",0
"15138",0
"15139",0.0478859601782544
"15140",0.0177861841810983
"15141",0.169472024521629
"15142",0
"15143",0
"15144",0.0072664757862653
"15145",0
"15146",0.263766470816989
"15147",0
"15148",1.13935482556329
"15149",0
"15150",0.874371278592652
"15151",1.03969739093749
"15152",0
"15153",0
"15154",0
"15155",1.65455438365724
"15156",0
"15157",1.13927088047156
"15158",0
"15159",0.360173407947391
"15160",0.361515820479445
"15161",0.183790779434604
"15162",0
"15163",0.183790779434604
"15164",0.167413571815432
"15165",0
"15166",0
"15167",0
"15168",0
"15169",0.367844442861597
"15170",0
"15171",0.0104481849500926
"15172",0.0204230845945943
"15173",0.550107458356376
"15174",0
"15175",0.438937422952564
"15176",0.502900910830844
"15177",0.217023405079411
"15178",0
"15179",1.52965711113568
"15180",0.302901607705259
"15181",0.0951782341811952
"15182",0.707693361028345
"15183",0
"15184",0
"15185",0.274485088149235
"15186",0.0359732156216535
"15187",0.495592743672059
"15188",0
"15189",0.83165730726636
"15190",0.624568252288988
"15191",0
"15192",0.232649280882334
"15193",0.15012569509193
"15194",0.336712849197982
"15195",0
"15196",0.632052232885498
"15197",0
"15198",0
"15199",0
"15200",0
"15201",0.151181700894505
"15202",0.371264936665698
"15203",0
"15204",0
"15205",0
"15206",0
"15207",0
"15208",1.15916610293564
"15209",0.65163240652338
"15210",0
"15211",0.419353893219208
"15212",1.09590492824161
"15213",0.0923034790495458
"15214",0.552919468087127
"15215",1.14040638203123
"15216",0
"15217",1.09868548087758
"15218",0
"15219",0.729680088281772
"15220",1.44063119954209
"15221",0
"15222",0
"15223",0
"15224",0.881121212250024
"15225",0
"15226",0.0602652120233348
"15227",0
"15228",0.301056689691383
"15229",0
"15230",0
"15231",1.08576377814071
"15232",0
"15233",0.832695019965615
"15234",0.8159588112144
"15235",0.32065889084725
"15236",0.647406389438823
"15237",0.0191129228946763
"15238",0.656216526072902
"15239",0.639112418343904
"15240",0
"15241",0.431917489450601
"15242",0
"15243",0
"15244",0.60851731278958
"15245",0.448219463560947
"15246",0
"15247",0.541207007709129
"15248",0.175114433361623
"15249",0
"15250",0
"15251",0.643774358712866
"15252",0
"15253",0
"15254",0.533723158873718
"15255",0.362497077136926
"15256",1.00912853903094
"15257",0.917575173332567
"15258",0
"15259",0.0306714468167015
"15260",0
"15261",0.137311149535249
"15262",0.171080922473049
"15263",0
"15264",0
"15265",0
"15266",0
"15267",0.21030972246323
"15268",0
"15269",0
"15270",0
"15271",0.135516473301627
"15272",0.0072664757862653
"15273",0.135516473301627
"15274",0
"15275",0
"15276",0
"15277",0.650799346760714
"15278",0
"15279",0.138188787687649
"15280",1.3132854745708
"15281",0
"15282",1.46464152969194
"15283",0
"15284",0
"15285",0
"15286",0.596756246945534
"15287",0.0892438364078602
"15288",0.372663206167591
"15289",0.183790779434604
"15290",0.183790779434604
"15291",0.167413571815432
"15292",0.0703576990327446
"15293",0
"15294",0
"15295",0.316953157131848
"15296",0
"15297",0
"15298",0.121295941241402
"15299",0
"15300",0
"15301",0
"15302",0.0981733308754273
"15303",0
"15304",0.214740597480572
"15305",0
"15306",0
"15307",0
"15308",0
"15309",0
"15310",0
"15311",0.637358092366759
"15312",0.023446988703953
"15313",0
"15314",0.345058509592506
"15315",0.307319276078094
"15316",0.175073123733453
"15317",0
"15318",0.299879735700822
"15319",0
"15320",0
"15321",0.271230889479298
"15322",0
"15323",0.0746099221474708
"15324",0
"15325",0.361429236370079
"15326",0.0901070782822386
"15327",0.273558373179166
"15328",0
"15329",0.925433453708958
"15330",0
"15331",1.85497470348118
"15332",0
"15333",2.57704577413752
"15334",0
"15335",0.352161446837659
"15336",0
"15337",0
"15338",0.250594619427732
"15339",0
"15340",0
"15341",0
"15342",0.333346981951455
"15343",0
"15344",0.39327882957913
"15345",0.421418655967528
"15346",0
"15347",0.967692290465576
"15348",0
"15349",1.9905227016536
"15350",0.00759096829930761
"15351",0.356977095260419
"15352",0.0951519203710637
"15353",0.476612959988286
"15354",0
"15355",0.288905620667262
"15356",0.610775081587626
"15357",0
"15358",0
"15359",0
"15360",0
"15361",0.210650297374502
"15362",0.220072456636661
"15363",0.417939811782831
"15364",0.182488853769267
"15365",0.246400286924384
"15366",0.250822888467147
"15367",0.461318469831562
"15368",0
"15369",0
"15370",0.622927919581649
"15371",0
"15372",0
"15373",0.206206513828398
"15374",0
"15375",0.281670938340532
"15376",0.149366246819667
"15377",0.19636713001286
"15378",0
"15379",0
"15380",0
"15381",0.767217039715979
"15382",1.0228124994197
"15383",0
"15384",0.26117146172453
"15385",0.0641373964924453
"15386",0.0181736000755137
"15387",0
"15388",0
"15389",0
"15390",0
"15391",0
"15392",0.119793112508652
"15393",0
"15394",0.263715517514385
"15395",0
"15396",0.195332152095333
"15397",0.0072664757862653
"15398",0.263766470816989
"15399",0
"15400",0.503097880867217
"15401",0
"15402",0.370815553900545
"15403",0.300284786503479
"15404",0
"15405",0.706077408044576
"15406",0.301598572110888
"15407",0.730256759014592
"15408",0
"15409",0.834310199304044
"15410",0.0517202907388677
"15411",0.347550718386137
"15412",0.134686595892173
"15413",0.0372485711010547
"15414",0
"15415",0.20367116622413
"15416",0
"15417",0
"15418",0.265484643407694
"15419",0
"15420",0.497793184152958
"15421",0
"15422",0
"15423",0
"15424",0.229309248168152
"15425",0
"15426",0
"15427",0.389285904389603
"15428",0
"15429",1.13848526831651
"15430",0
"15431",0.669845800868254
"15432",0.143870351599878
"15433",0
"15434",0
"15435",0.0302824753805246
"15436",0
"15437",0
"15438",0.392617157099222
"15439",0
"15440",0
"15441",0.292353736519502
"15442",0
"15443",0.275882470480036
"15444",0
"15445",0.127004623114974
"15446",0
"15447",0.196043576627499
"15448",0
"15449",0
"15450",0
"15451",0
"15452",0
"15453",0
"15454",0
"15455",0
"15456",0.118773853185994
"15457",0
"15458",0.0175230679019897
"15459",0
"15460",0.537498159941753
"15461",0
"15462",0.00323885433170013
"15463",0.0351345115417606
"15464",0.184451826915902
"15465",0
"15466",0.189709424795398
"15467",0.540554181535017
"15468",0.177279470548994
"15469",0.405363476679887
"15470",0
"15471",0.136662907962911
"15472",0.167531838863502
"15473",0
"15474",0.038990935024053
"15475",0.499044921244435
"15476",0.347331644859912
"15477",0.424689194590883
"15478",0.355376132877962
"15479",1.549377492549
"15480",0
"15481",0.488076436778411
"15482",0.259395899293459
"15483",0.143155389097024
"15484",0.105224766238841
"15485",0.222104554056846
"15486",0.121829764168722
"15487",0.356357439074025
"15488",0
"15489",0.741162303839922
"15490",0.631011633851818
"15491",0
"15492",0.289672343828185
"15493",0.702895495831364
"15494",0
"15495",0.498729159277297
"15496",0.201147656840051
"15497",0.198590025457828
"15498",0
"15499",0.873335013329298
"15500",0.638062506873619
"15501",0.257357705678124
"15502",0.159458174404823
"15503",0
"15504",0
"15505",0
"15506",0
"15507",0.00349424107070601
"15508",0.0588788720653564
"15509",0
"15510",0.135465519999023
"15511",0.000766465973639607
"15512",0
"15513",0.274503746163482
"15514",0.0670821545799717
"15515",0.0072664757862653
"15516",0.133994523480821
"15517",0
"15518",0.235578785123602
"15519",0.220455552481578
"15520",0
"15521",0
"15522",0
"15523",0.102138217255967
"15524",0.0483001854573503
"15525",0.433050178003436
"15526",0.0517401761645
"15527",0.373869353803342
"15528",0.174145610152134
"15529",0
"15530",0.0536950666494449
"15531",0.146092490360752
"15532",0.170696234197734
"15533",0.349649997496052
"15534",0
"15535",0.405869021409317
"15536",0.129267674838963
"15537",0.0529780237288254
"15538",0.0807739372694192
"15539",0.544263184324506
"15540",0
"15541",0.119347301602629
"15542",0.516587835588733
"15543",0
"15544",0
"15545",0
"15546",0.451496585595576
"15547",0
"15548",0
"15549",0
"15550",0.0622081314838121
"15551",0.268475410407245
"15552",0.313880615724453
"15553",0
"15554",0.355200638163086
"15555",0
"15556",0
"15557",0
"15558",0
"15559",0.0543353351522105
"15560",0.0904593801458481
"15561",0
"15562",0.788453228131208
"15563",0.431281524006943
"15564",0.158021734186956
"15565",0
"15566",1.47334808208633
"15567",0
"15568",0.972029501605172
"15569",0.0736070577911581
"15570",0
"15571",0.637080184995502
"15572",0.0614055918920428
"15573",0.0389269295190026
"15574",0
"15575",0.0312971703728425
"15576",0.0989600790948694
"15577",0
"15578",0
"15579",0
"15580",0.15031559460135
"15581",0.0985300340845323
"15582",0.91955879583426
"15583",0
"15584",0
"15585",0
"15586",0.484582906046076
"15587",0
"15588",0.602435483127317
"15589",0.127898316021769
"15590",0
"15591",0
"15592",0.237267526425436
"15593",0.0873611093217024
"15594",0.376519898565235
"15595",0.395271565626639
"15596",0
"15597",0.409124025242587
"15598",0.165174982782679
"15599",0.184020804131459
"15600",0.0656961797661987
"15601",0.312011300264893
"15602",0.254784844912828
"15603",0
"15604",0.559688354527399
"15605",0.229994732310199
"15606",0.227686202460182
"15607",0.0117421209086228
"15608",0
"15609",0
"15610",0.37518046718032
"15611",0.246571434543156
"15612",0.259031482006603
"15613",0.479764653919306
"15614",0.00614901843096566
"15615",0.118452485839776
"15616",0.118452485839776
"15617",0.118452485839776
"15618",0.122335470611145
"15619",0.182589060650488
"15620",0
"15621",0.182169142095209
"15622",0.0474191347672209
"15623",0
"15624",0
"15625",0.135516473301627
"15626",0.0072664757862653
"15627",0
"15628",0.109901183941747
"15629",0.156279104055838
"15630",0.0281681289134006
"15631",0.324329109215892
"15632",0
"15633",0.236365861766418
"15634",0.0483001854573503
"15635",0.0483001854573503
"15636",0.0483001854573503
"15637",0.362627626083526
"15638",0.767216352853477
"15639",0.201592596033107
"15640",0
"15641",0.0979483831842205
"15642",0
"15643",0
"15644",0
"15645",0.276359296182951
"15646",0
"15647",0
"15648",0
"15649",0.0824602278255949
"15650",0.0824602278255949
"15651",0
"15652",0.299611885986417
"15653",0
"15654",0.343027179355576
"15655",0
"15656",0.00884193179251513
"15657",0
"15658",0
"15659",0
"15660",0.266309494999734
"15661",0
"15662",0
"15663",0
"15664",0.0200049630765794
"15665",0
"15666",0
"15667",0.0200049630765794
"15668",0.141754950779315
"15669",0
"15670",0
"15671",0
"15672",0.176853633843478
"15673",0.832095804320748
"15674",0.00543559115257541
"15675",0
"15676",0
"15677",0
"15678",0.0726534542866294
"15679",0.489956596819677
"15680",0
"15681",0.016637781189112
"15682",0.367260593856979
"15683",0.0314457356506169
"15684",0.389379092275655
"15685",0.769326133111662
"15686",0
"15687",0.857244412400359
"15688",0.0774831090800209
"15689",0.338906119195253
"15690",0.0874917457031551
"15691",0
"15692",0.706052428833294
"15693",0
"15694",0.871103866441673
"15695",0.0181772273257812
"15696",0
"15697",0
"15698",0.243183220675408
"15699",0
"15700",1.89770528658793
"15701",0
"15702",0
"15703",0.16719024684251
"15704",0
"15705",0
"15706",0
"15707",0.350947794306563
"15708",0.160566480740117
"15709",0.218892125241459
"15710",0.0764210107665757
"15711",0
"15712",0
"15713",0
"15714",0.580359141619654
"15715",0
"15716",0.863754005145137
"15717",0
"15718",0.332381303604613
"15719",0
"15720",0.183676466437971
"15721",0.22882181088879
"15722",0.0539191445798467
"15723",0.00731423174321777
"15724",0.141021376331475
"15725",0.300422477648338
"15726",0.0540182500077481
"15727",0.074954653657275
"15728",0.0530712343713894
"15729",0.108115864251057
"15730",0.322037465647193
"15731",0
"15732",0.205463905770438
"15733",0.362627626083526
"15734",0.571440558845865
"15735",0.0382189080482318
"15736",0.294718903078955
"15737",0
"15738",0.669923879145957
"15739",0.012592586862304
"15740",0.0374742786629466
"15741",0.0748583649688233
"15742",0.0748583649688233
"15743",0.0748583649688233
"15744",0
"15745",0.210710225340957
"15746",0
"15747",0.992649003432347
"15748",0
"15749",0.179201600698634
"15750",0.092693049939758
"15751",0.280758726248826
"15752",0
"15753",0.231347601338053
"15754",0
"15755",0.0263922004702105
"15756",0
"15757",0.148254960591941
"15758",0
"15759",0
"15760",0
"15761",0.276504958107303
"15762",0
"15763",0
"15764",0
"15765",0.536901452831022
"15766",0
"15767",0
"15768",0
"15769",0.130184829486037
"15770",0
"15771",0.378281266795936
"15772",0.36039030993511
"15773",0
"15774",0.198678081823051
"15775",0.220172614688933
"15776",0
"15777",0.890838312614687
"15778",0
"15779",0.775429354449919
"15780",0
"15781",0
"15782",0.477611393126772
"15783",0
"15784",0
"15785",0
"15786",0
"15787",0.143866088532974
"15788",0
"15789",0.886740079059027
"15790",0.386992076299958
"15791",0.296208018167835
"15792",0.771805318212951
"15793",0.263287835014873
"15794",0.381099318255001
"15795",0.0081144800310895
"15796",0
"15797",0.29500101644133
"15798",0.649019193002192
"15799",0.17474156435732
"15800",0.557455579792469
"15801",0.374830572215002
"15802",0.493353145881409
"15803",0.185382078059106
"15804",0.109955906677289
"15805",0.230257542559029
"15806",0
"15807",0.147352722585332
"15808",0
"15809",0
"15810",0
"15811",0.976091819951771
"15812",0
"15813",0.330585059761854
"15814",0.360877141264516
"15815",0.202952562051442
"15816",0.0483001854573503
"15817",0.0483001854573503
"15818",0
"15819",0.362627626083526
"15820",0.571440558845865
"15821",0.304829733447048
"15822",0.699690556361227
"15823",0.195506499627414
"15824",0.0748583649688233
"15825",0.179394614356798
"15826",0
"15827",0.044833802719951
"15828",0
"15829",0
"15830",0.00370842504788549
"15831",0.130419860536676
"15832",0.0180778082103591
"15833",0
"15834",0.125021631202999
"15835",0
"15836",0.0182499764058889
"15837",0
"15838",0
"15839",0.0200049630765794
"15840",0
"15841",0
"15842",0
"15843",0.550225559413718
"15844",0
"15845",0
"15846",0
"15847",0.00796968066259285
"15848",0.657044208370931
"15849",0.763347504717984
"15850",0
"15851",0
"15852",0
"15853",0
"15854",0
"15855",0.0341213073289794
"15856",0
"15857",0
"15858",0
"15859",0
"15860",0.274374291627027
"15861",0.211905174205414
"15862",0.151888748191099
"15863",0
"15864",0.5418586196366
"15865",0.998741167725155
"15866",0
"15867",0
"15868",0
"15869",0
"15870",0.0242696195543033
"15871",0
"15872",0.319473128944957
"15873",0.0300273555458971
"15874",1.40193445883999
"15875",0
"15876",0.608706512116711
"15877",0.629967411288201
"15878",0
"15879",0
"15880",0
"15881",0
"15882",0.570577827489943
"15883",0.105914477674248
"15884",0.516395639850222
"15885",0.294735897219881
"15886",0
"15887",0.251473579011932
"15888",0
"15889",0.272274472997099
"15890",0
"15891",0.68652950856803
"15892",0
"15893",0.362627626083526
"15894",0.205463905770438
"15895",0.362627626083526
"15896",0.231504408236488
"15897",0
"15898",0.0449832068566324
"15899",0.0657716567061755
"15900",0
"15901",0
"15902",0.00955941648531367
"15903",0.130475421174369
"15904",0
"15905",0.17588155283638
"15906",0
"15907",0.205595864259085
"15908",0
"15909",0
"15910",0.205498460936866
"15911",0
"15912",0.2076832973143
"15913",0
"15914",0.409654845169557
"15915",0
"15916",0.521227812607716
"15917",0
"15918",0
"15919",0
"15920",0
"15921",0.126537803741497
"15922",0
"15923",0.544996988261442
"15924",0.304224710485636
"15925",0
"15926",1.69358595545587
"15927",0.300736382661514
"15928",0.609954051280601
"15929",0
"15930",0.48932903957799
"15931",0.36916161577371
"15932",0
"15933",0.120941889908679
"15934",0.0850419858677979
"15935",0
"15936",0
"15937",0
"15938",0.129170683234775
"15939",0.474344930598529
"15940",0
"15941",0
"15942",0
"15943",0.871561390207366
"15944",0
"15945",0.428545084480517
"15946",0
"15947",0.193511517445451
"15948",0
"15949",0.0949345925995955
"15950",0
"15951",0.0913472297119742
"15952",0
"15953",0.214591571436014
"15954",0.0467380275845128
"15955",0.198052909908424
"15956",0.124531781419783
"15957",0.405032804149303
"15958",0.0576119667799583
"15959",0
"15960",0
"15961",0
"15962",0
"15963",0.26892211279181
"15964",0
"15965",0.00192445791708995
"15966",0
"15967",0.047794856968407
"15968",0.0726614466919506
"15969",0
"15970",0.318817068186159
"15971",0.0157268500391865
"15972",0
"15973",0
"15974",0.0373911756062648
"15975",0
"15976",0
"15977",0
"15978",0
"15979",0
"15980",0
"15981",0.128328344805728
"15982",0
"15983",0
"15984",0
"15985",0.185045994734809
"15986",0.108914400762387
"15987",1.14598185898601
"15988",0
"15989",1.01324036455374
"15990",0
"15991",0.349763421014374
"15992",0.105483384510298
"15993",0.384805464138366
"15994",0.616834388532435
"15995",0
"15996",0.324396466627955
"15997",0
"15998",0.0318807399836588
"15999",0
"16000",0.318858967868278
"16001",0
"16002",0.650584139472095
"16003",0.2589431320796
"16004",0.176138824138144
"16005",0.274542473197252
"16006",0.241197025460104
"16007",0
"16008",0.0177888476016798
"16009",0
"16010",0.0158562835809901
"16011",0
"16012",0.983730423614362
"16013",0.170651573456232
"16014",0.351468449440056
"16015",0.189887989758279
"16016",0.100578296066944
"16017",0
"16018",0.416610417191185
"16019",0.0229428179305891
"16020",0.1956235103991
"16021",0.0816898856192003
"16022",0.0464443752841063
"16023",0
"16024",0.371476768385959
"16025",0.559595886323602
"16026",0
"16027",0.651062641544079
"16028",0
"16029",0.37178494798587
"16030",0.0601177604782794
"16031",0.503283674052519
"16032",0
"16033",0
"16034",0
"16035",0.339896996784836
"16036",0
"16037",0.0520554956554926
"16038",0.188291778455105
"16039",0.229637382204324
"16040",0
"16041",0.173962179459837
"16042",0.153151872429629
"16043",0.775324588547044
"16044",0.325550513244363
"16045",0
"16046",0.322095646151047
"16047",0
"16048",0.164820036306821
"16049",0.785594066052265
"16050",0.901555036601339
"16051",0
"16052",0
"16053",0
"16054",0.125739276469031
"16055",0.605025875571282
"16056",0.436071037957233
"16057",0.144472000813492
"16058",0.205335807630527
"16059",0
"16060",0.112006764065748
"16061",0
"16062",0.366817369804483
"16063",0
"16064",0
"16065",0
"16066",0.0237218742583165
"16067",0
"16068",0
"16069",0
"16070",0.14556489111945
"16071",0
"16072",0.521489139514229
"16073",1.06406946491509
"16074",0
"16075",1.4110499085583
"16076",0.232274481782864
"16077",0.678549763660816
"16078",0
"16079",0.990289666328929
"16080",0
"16081",0.764443555724461
"16082",0.0645857422564594
"16083",0.138306457483186
"16084",0.304205298511182
"16085",0
"16086",0
"16087",0
"16088",0.139381663289545
"16089",0.124341601423501
"16090",0.304887848557314
"16091",0.0500693206116194
"16092",0.275052133056426
"16093",0
"16094",0.0854170863831132
"16095",0
"16096",0.171207542184941
"16097",0
"16098",0
"16099",0.321716542134839
"16100",0.261160096986775
"16101",0
"16102",0.025715998638308
"16103",0
"16104",0.813622474049414
"16105",0.276412936139675
"16106",0
"16107",0
"16108",0
"16109",1.01225602359476
"16110",0
"16111",0
"16112",0
"16113",0.131128202578882
"16114",0
"16115",1.4197174040392
"16116",0
"16117",0
"16118",0
"16119",0
"16120",0
"16121",0
"16122",0
"16123",0.0215980069436039
"16124",0
"16125",1.37214220902938
"16126",0
"16127",0
"16128",0
"16129",0.304242074728397
"16130",0
"16131",0.204826128028651
"16132",0.312096073658641
"16133",0.400639310276744
"16134",0.20628382429047
"16135",0
"16136",0
"16137",0
"16138",0.47317260974192
"16139",0
"16140",0
"16141",0
"16142",0.0163820127728065
"16143",0
"16144",0.354426156465365
"16145",0.0816460741771049
"16146",0.126425458450433
"16147",0.508441516108898
"16148",0.20496399855678
"16149",0.0208572959524809
"16150",0
"16151",0.299338687779249
"16152",0
"16153",0
"16154",0
"16155",0.207760746640198
"16156",0
"16157",0
"16158",0.883870777924216
"16159",1.31964989602471
"16160",0
"16161",0.526173985070041
"16162",0
"16163",0
"16164",0.463210958859228
"16165",0
"16166",0
"16167",0
"16168",0.475745333971516
"16169",0.443067133340336
"16170",0.687858040123022
"16171",0
"16172",0
"16173",0
"16174",0
"16175",0.557440454183002
"16176",0.265612690300709
"16177",0
"16178",0.530950394711159
"16179",0
"16180",1.68515128119576
"16181",0
"16182",1.82116504070364
"16183",0
"16184",0.265125048450339
"16185",0.0153456421149529
"16186",1.19095366011662
"16187",0
"16188",0.491784000421964
"16189",0
"16190",0.266981383065519
"16191",1.45062453792476
"16192",0
"16193",0.457346469355138
"16194",0.905322689012262
"16195",0.0868651621754892
"16196",0.568395300878019
"16197",0
"16198",0.0562307661161672
"16199",0.968644536843613
"16200",0
"16201",0.336199184894301
"16202",0.32517840906193
"16203",0.0208572959524809
"16204",0
"16205",0
"16206",0
"16207",0
"16208",0.192530616493675
"16209",0
"16210",0.991217458159646
"16211",2.06248065876506
"16212",1.37342930866027
"16213",0
"16214",0
"16215",0
"16216",0.548696691469058
"16217",0.556041683052
"16218",0.0754190275970645
"16219",1.46199040765352
"16220",0.396429866498039
"16221",0.0381544738573925
"16222",0.224264643972178
"16223",0.0371103947561511
"16224",0
"16225",0
"16226",0
"16227",0.20532031100392
"16228",0.544533212079661
"16229",0
"16230",0
"16231",0
"16232",0.0758869297249585
"16233",1.09856457141901
"16234",0
"16235",0
"16236",0
"16237",0.856409922084064
"16238",0.355181950343036
"16239",1.60745319784689
"16240",0
"16241",0
"16242",0.270827156511208
"16243",1.4415414173857
"16244",0.0912302729808493
"16245",0.588809998181505
"16246",0
"16247",1.53139246494425
"16248",0.195579844674388
"16249",0
"16250",0.157186886008021
"16251",0
"16252",0
"16253",0
"16254",0
"16255",0
"16256",0.4226973082788
"16257",0.144363181830917
"16258",0.0208572959524809
"16259",0.0208572959524809
"16260",0
"16261",0.149107293467843
"16262",0
"16263",0
"16264",0
"16265",0.404701801024996
"16266",0
"16267",0
"16268",0
"16269",1.24194548775526
"16270",0.0531696172853074
"16271",0
"16272",0
"16273",0.399892735267127
"16274",0
"16275",0.213372225231446
"16276",0.599869432429904
"16277",0.487878563738915
"16278",0.0681049414137498
"16279",0.483904853182809
"16280",0.541514662933156
"16281",0.278959283642138
"16282",0.234169415972909
"16283",0
"16284",0.109058520171343
"16285",0.148910210607895
"16286",0
"16287",0.0740791323097181
"16288",1.97615614436538
"16289",0
"16290",1.54103148379457
"16291",0
"16292",0
"16293",0
"16294",0
"16295",0
"16296",0
"16297",0
"16298",0
"16299",0
"16300",0
"16301",0
"16302",0.51374990185788
"16303",0.162546977656003
"16304",0.749620158674949
"16305",0.165702423812304
"16306",0.705378787808306
"16307",0.604841601610259
"16308",0
"16309",0.380994118201134
"16310",0.431678601172692
"16311",0.267869067709353
"16312",0
"16313",0.0036159741284294
"16314",0
"16315",0.425481957466954
"16316",0
"16317",1.42131980614916
"16318",0.639857987020345
"16319",0.149799092334579
"16320",0
"16321",0.412953580329367
"16322",0
"16323",0
"16324",0
"16325",0.408312568887051
"16326",0
"16327",0
"16328",0
"16329",0.229352179085514
"16330",0
"16331",0
"16332",0.412212260123249
"16333",0
"16334",0
"16335",0
"16336",0.0392819351136685
"16337",0
"16338",0.225173645673469
"16339",0.101928629745693
"16340",0
"16341",0
"16342",0
"16343",0
"16344",1.16385206557762
"16345",0.5266426826387
"16346",0.860202875490097
"16347",0
"16348",1.30833410363915
"16349",0.0429700111500164
"16350",0.552426293186179
"16351",0.397030836990877
"16352",0.123295792942359
"16353",0.19285320755817
"16354",0.816714162035173
"16355",0
"16356",0.404718812233239
"16357",0.256676310013333
"16358",0.135433002603363
"16359",0.410869399399773
"16360",0.109580104794034
"16361",0.256097823652568
"16362",0
"16363",0
"16364",0
"16365",0.161312467196133
"16366",0
"16367",0.423529200431421
"16368",0
"16369",1.27358627661214
"16370",0
"16371",0.622331979641554
"16372",0
"16373",0
"16374",0
"16375",0.488945546936312
"16376",0.0704317945610147
"16377",0
"16378",0
"16379",0
"16380",0.0225885113306568
"16381",0
"16382",0
"16383",0
"16384",0.213159829902069
"16385",0
"16386",0.16039002056612
"16387",0.464317939592279
"16388",0.256399495760549
"16389",0
"16390",1.32396368050202
"16391",0.557066891675936
"16392",0
"16393",0
"16394",0.798977246942127
"16395",0.387339607290472
"16396",0
"16397",1.25832632143974
"16398",0
"16399",0.0533141802931922
"16400",0
"16401",0.224128299010107
"16402",0
"16403",0
"16404",0.264002494680584
"16405",0.128168035131718
"16406",0.407781724205935
"16407",0
"16408",0.668303512762906
"16409",0
"16410",0.440972995608528
"16411",0
"16412",0
"16413",0
"16414",0.335436324036422
"16415",0
"16416",0.134274379238988
"16417",0
"16418",0.411394894756129
"16419",0.163302693406097
"16420",0
"16421",0.162671346927196
"16422",0
"16423",0.4407196021981
"16424",0
"16425",0
"16426",0
"16427",0
"16428",0
"16429",0.0497207233217682
"16430",0.155063694903956
"16431",0.398481654564108
"16432",0
"16433",0.424498837133132
"16434",0
"16435",0
"16436",0
"16437",1.17176423118066
"16438",0
"16439",0
"16440",0
"16441",0
"16442",1.63101805351297
"16443",0.366471314125617
"16444",0.635979675710884
"16445",0.0779551759996961
"16446",0
"16447",0.948299012138122
"16448",0.0662525894606496
"16449",0.128168035131718
"16450",0.407781724205935
"16451",0.702000397263074
"16452",0.101082394567152
"16453",0.398675090069796
"16454",0
"16455",0.288197029456231
"16456",0.0378172976456323
"16457",0
"16458",0
"16459",0.0340361679578565
"16460",0
"16461",0
"16462",0
"16463",0
"16464",0.0348919222357816
"16465",0
"16466",0
"16467",0
"16468",0
"16469",0
"16470",0.171307787279222
"16471",0.0793481777915699
"16472",0
"16473",0
"16474",0
"16475",0
"16476",0.581453913658981
"16477",0
"16478",0.722536785397596
"16479",0.144683586740182
"16480",0
"16481",0
"16482",0
"16483",0
"16484",0
"16485",0.98840609428137
"16486",0.127011091808788
"16487",0
"16488",0.742663347729025
"16489",0
"16490",0.650446907287207
"16491",0.139714922218495
"16492",0.450448650141201
"16493",0.227085983328813
"16494",0.367300557706896
"16495",0
"16496",0
"16497",0.0960402799126986
"16498",0.18570347610887
"16499",0
"16500",0
"16501",0
"16502",0
"16503",0
"16504",0
"16505",0
"16506",0
"16507",0
"16508",0
"16509",0
"16510",0.284097103643731
"16511",0
"16512",0.37376038201161
"16513",0.264294016133442
"16514",0
"16515",0.700839425802531
"16516",0
"16517",0.43727941351549
"16518",0.559827093685549
"16519",0
"16520",0.351718241727803
"16521",0.642969688763192
"16522",1.38523925936596
"16523",0
"16524",0.489478930441819
"16525",0
"16526",0
"16527",0
"16528",0
"16529",0
"16530",0
"16531",0.563353225026658
"16532",0.403841003347373
"16533",0
"16534",0
"16535",0
"16536",0
"16537",0
"16538",0
"16539",0.0626204645115158
"16540",0.0448041072497691
"16541",0.0451130073304377
"16542",0.045433596612006
"16543",0.0457554653311095
"16544",0.0450498049892261
"16545",0.0430644845831335
"16546",0.0409634000600471
"16547",0
"16548",0.036904896470313
"16549",0.0642496686458824
"16550",0.0801396821860836
"16551",0.306570489212862
"16552",0.347522165983626
"16553",0
"16554",0
"16555",0.239946549489858
"16556",0
"16557",0
"16558",0
"16559",0.370918203364899
"16560",0.396804412089074
"16561",0.646114995650434
"16562",0.672592985026228
"16563",0
"16564",0
"16565",0.039861265368347
"16566",0.75920088409779
"16567",0
"16568",0.744348547067615
"16569",0.0161559846692862
"16570",0.230270741797963
"16571",0
"16572",0.168262596718635
"16573",0
"16574",0
"16575",0
"16576",0.0386811522266684
"16577",0.0323958973305524
"16578",0.0312003414454941
"16579",0.0312003414454941
"16580",0.0312003414454941
"16581",0.0312003414454941
"16582",0.159450338960856
"16583",0.0312003414454941
"16584",0.00568231253570428
"16585",0
"16586",0.385611005071194
"16587",0.204267548034669
"16588",0
"16589",0.211494394474121
"16590",0.235479571832639
"16591",0
"16592",0.156021480098832
"16593",0.3367397398508
"16594",0
"16595",0
"16596",0
"16597",0.531931662374073
"16598",0
"16599",0.718134755128063
"16600",0.665134703913276
"16601",0.486292999323153
"16602",0.0366164977888177
"16603",0.412380977241474
"16604",0
"16605",0.677109799839666
"16606",0
"16607",0
"16608",0.11524247710204
"16609",0
"16610",0
"16611",0
"16612",0.0187661367525556
"16613",0.0344374332542405
"16614",0.0312003414454941
"16615",0.0312003414454941
"16616",0.0312003414454941
"16617",0.287700336476218
"16618",0
"16619",0.287700336476218
"16620",0.0312003414454941
"16621",0
"16622",2.33921877291765e-05
"16623",0
"16624",0
"16625",0
"16626",0.144984631409805
"16627",0.126799107631205
"16628",0.128945373655989
"16629",0
"16630",0.462124177334534
"16631",0.578003839248923
"16632",0.0754138022036719
"16633",0
"16634",0.356605557170021
"16635",0
"16636",0.950346577092259
"16637",0
"16638",0.349021541781644
"16639",0
"16640",0.245444269804216
"16641",0.726280371906289
"16642",0
"16643",0.979825393598462
"16644",0.012871053832703
"16645",0
"16646",0
"16647",0
"16648",0.0365526079368192
"16649",0.0312003414454941
"16650",0.0312003414454941
"16651",0.159450338960856
"16652",0
"16653",0
"16654",0
"16655",0.159450338960856
"16656",0.0312003414454941
"16657",0.152630177901875
"16658",0.409450324178954
"16659",0
"16660",0.281200326663592
"16661",0.159450338960856
"16662",0.287700336476218
"16663",0
"16664",0.277476037200854
"16665",0.275497898879362
"16666",0
"16667",0
"16668",0
"16669",0
"16670",1.05363072837727
"16671",0
"16672",0.355620786818937
"16673",0
"16674",1.19940041225344
"16675",0
"16676",0
"16677",0
"16678",0
"16679",0.012871053832703
"16680",0.0384639847340455
"16681",0
"16682",0
"16683",0
"16684",0.0312003414454941
"16685",0.0312003414454941
"16686",0.0312003414454941
"16687",0.287700336476218
"16688",0
"16689",0.287700336476218
"16690",0.0312003414454941
"16691",0
"16692",0.672450329022303
"16693",0
"16694",0
"16695",0.0247003316328683
"16696",0.287700336476218
"16697",0
"16698",0
"16699",0
"16700",0.149500030903952
"16701",0.465714956004375
"16702",0.217003278779025
"16703",0
"16704",0
"16705",0
"16706",1.17387118770752
"16707",0
"16708",1.24051699363886
"16709",0.0103747553058597
"16710",0.719620135825177
"16711",0.665369143602745
"16712",0
"16713",1.2155335417068
"16714",0.243206831272719
"16715",0
"16716",0.192696651521626
"16717",0.0712281433579811
"16718",0.428098387464026
"16719",0
"16720",0.0312003414454941
"16721",0.0312003414454941
"16722",0.0312003414454941
"16723",0.159450338960856
"16724",0.0312003414454941
"16725",0
"16726",0.946187609212146
"16727",0
"16728",0.313700316599112
"16729",0
"16730",0.415950333991579
"16731",0.0312003414454941
"16732",0.287700336476218
"16733",0
"16734",0.287700336476218
"16735",0
"16736",0.425400005914132
"16737",0.45935975962077
"16738",0.452859749808144
"16739",0
"16740",1.27464084590915
"16741",0.26050900595702
"16742",0
"16743",0
"16744",0.213636835336504
"16745",0.336175724734908
"16746",0
"16747",0.272125110003085
"16748",0.151662725724289
"16749",0.151662725724289
"16750",0.151662725724289
"16751",0.0312003414454941
"16752",0.0312003414454941
"16753",0.287700336476218
"16754",0
"16755",0
"16756",0
"16757",0.672450329022303
"16758",0.0312003414454941
"16759",0.0312003414454941
"16760",0.0312003414454941
"16761",0.159450338960856
"16762",0.151662725724289
"16763",0.272125110003085
"16764",0.272125110003085
"16765",0.151662725724289
"16766",0.151662725724289
"16767",0.664662715785737
"16768",0
"16769",0.792912713301098
"16770",0.151662725724289
"16771",0.151662725724289
"16772",0.151662725724289
"16773",0.151662725724289
"16774",0.272125110003085
"16775",0.649087489312604
