"","x"
"1",3
"2",1.01454265973032
"3",0.760039211209561
"4",1.01454265973032
"5",1.01454265973032
"6",0.505535762688797
"7",0.505535762688797
"8",1.0055357530021
"9",1.41330693158069
"10",0.746013785516961
"11",0.505535762688797
"12",1.5055357433154
"13",1.40430002485246
"14",2.22952579353621
"15",1.78792119143825
"16",1.58973326495139
"17",0.615820090138923
"18",0.615820090138924
"19",0.250752270329584
"20",0.0338172314050659
"21",0.0338172314050654
"22",0.0338172314050662
"23",0.0338172314050661
"24",0.250752270329583
"25",0.953693996100077
"26",0.164730066807011
"27",0.991510327309499
"28",1.63053574089373
"29",2.39791008287687
"30",3.04922704484472
"31",1.83934889490834
"32",1.27794364035049
"33",1.02539506388805
"34",0.615820090138923
"35",0
"36",0.106097656058944
"37",0.250752270329584
"38",0.158817228983392
"39",0.158817228983391
"40",0
"41",0
"42",0
"43",0
"44",0
"45",0
"46",0.0338172314050639
"47",0.250752270329584
"48",1.07010847044211
"49",0
"50",0.640100838175125
"51",0.640100838175125
"52",0
"53",0.283152592441364
"54",1.75391480366458
"55",2.75004497540289
"56",3.82985447951204
"57",2.45019658834899
"58",2.44688518495858
"59",1.27543235016202
"60",0.224127612301419
"61",0.37768772666581
"62",0.106097656058944
"63",0
"64",0.106097656058944
"65",0.283817226561716
"66",0.066882187637201
"67",0.191882185215526
"68",0.0668821876372008
"69",0.0668821876372003
"70",0
"71",0
"72",0
"73",0
"74",0
"75",0
"76",0.250752270329582
"77",1.05550661859973
"78",0
"79",0
"80",0
"81",0
"82",0.0256698591017077
"83",1.42039823692743
"84",3.06505384056763
"85",3.28874260129415
"86",4.24687162464658
"87",3.52374011304397
"88",1.98999530226729
"89",0.771091302283917
"90",0.0363519401083823
"91",0.140447711590905
"92",0.111497396726811
"93",0
"94",0
"95",0.615820090138923
"96",0.408817224140042
"97",0.316882182793851
"98",0.441882180372176
"99",0.316882182793851
"100",0.0668821876372003
"101",0
"102",0
"103",0
"104",0
"105",0
"106",0
"107",0.0338172314050662
"108",0.18980605066794
"109",0
"110",0
"111",0
"112",0
"113",0.568239963572522
"114",1.91693771853552
"115",3.07760490970583
"116",5
"117",4.06051213261386
"118",3.08705041353458
"119",1.47118174170007
"120",0.646497768253904
"121",0
"122",0
"123",0
"124",0.363713332948209
"125",0.159722281070944
"126",0
"127",0
"128",0.336360229702424
"129",0.801361099899786
"130",0.816882173107153
"131",0.566882177950502
"132",0.691882175528827
"133",0.316882182793851
"134",0
"135",0
"136",0
"137",0
"138",0
"139",0
"140",0.250752270329583
"141",0.314806048246266
"142",0
"143",0
"144",0
"145",0
"146",1.04757203317234
"147",2.22976017184729
"148",4.18258809164745
"149",3.7543206021594
"150",3.90638720306259
"151",2.57476199548744
"152",0.836214857177752
"153",0
"154",0
"155",0
"156",0
"157",0.344280595519972
"158",0
"159",0.125607715097559
"160",0.18599281403008
"161",0.106898200818003
"162",1.73917033553408
"163",2.66066405108278
"164",1.57090017899064
"165",1.7094260391802
"166",1.19188216584213
"167",0.941882170685478
"168",0.566882177950502
"169",0.191882185215526
"170",0
"171",0
"172",0
"173",0
"174",0.0338172314050665
"175",1.42808412115101
"176",0
"177",0
"178",0.644338275786065
"179",0.454949423004885
"180",0.941343697399069
"181",1.22791338676702
"182",2.57519973896125
"183",3.41851839898975
"184",4.63760571206048
"185",3.13627211487287
"186",1.86670332846861
"187",0.877455981629024
"188",0
"189",0
"190",0
"191",0
"192",0.297774596866003
"193",1.31832965954352
"194",0
"195",0.590747487231397
"196",0.591783936393099
"197",1.24412014638059
"198",1.62438781092599
"199",2.94122284395185
"200",3.34758846418213
"201",3.19750913580218
"202",2.06218887879058
"203",2.06688214889041
"204",1.33817571196023
"205",0.941882170685478
"206",0.191882185215526
"207",0
"208",0
"209",0
"210",0
"211",0.250752270329581
"212",1.08436509645392
"213",0.891684691573304
"214",1.28579264531974
"215",1.63912439023151
"216",2.78352853106833
"217",2.51746695543775
"218",3.48296589152542
"219",3.80453049966658
"220",2.96803945470547
"221",3.1436710499672
"222",3.19474614590637
"223",1.96112931040157
"224",0.835261264684144
"225",0
"226",0
"227",0
"228",0
"229",0.665959069492136
"230",0.937240701563103
"231",0.00635107367185372
"232",0.236304915602322
"233",1.23244743692534
"234",1.7940030843283
"235",3.34480811188981
"236",3.81325652176417
"237",3.70287007783714
"238",3.32240458764436
"239",3.20075146741437
"240",2.33817569258683
"241",2.10670796034621
"242",1.20315962592813
"243",0.566875850661402
"244",0
"245",0
"246",0
"247",0
"248",0.250752270329583
"249",1.64237650010304
"250",1.74628900843106
"251",1.94724204453877
"252",3.66850665965721
"253",5
"254",5
"255",5
"256",4.27188294120924
"257",3.43565855350668
"258",3.1660710376684
"259",2.20928081360206
"260",2.78712570770991
"261",1.10322008723371
"262",0.586411500046256
"263",0.130935048638725
"264",0.20518597169602
"265",0.305080487304888
"266",1.25737311281129
"267",1.28153955667287
"268",0.452725925061096
"269",0
"270",0
"271",0.879380814215468
"272",2.08357995653299
"273",2.87206977858165
"274",3.85860935130231
"275",4.34045782653825
"276",2.73077471618563
"277",3.0015042004543
"278",2.69188213678203
"279",2.07815960897641
"280",1.26560643601034
"281",0.451813536435336
"282",0.183353929754598
"283",0
"284",0
"285",0
"286",0.0338172314050659
"287",2.13660799171096
"288",1.38045960312241
"289",1.98732145932785
"290",3.13632378468273
"291",4.70589460142306
"292",5
"293",5
"294",5
"295",4.81178565239741
"296",3.65260285702308
"297",2.39432105636947
"298",2.46136005383026
"299",2.2214114040084
"300",1.16427250157859
"301",1.06319070920528
"302",0.658218814036162
"303",0.319307036738967
"304",0.88117867042604
"305",0.973213264969173
"306",0.557342143761026
"307",0.452725925061096
"308",0
"309",0
"310",0
"311",0.224776571133033
"312",0.95766362571644
"313",2.6314428054951
"314",3.29666878688646
"315",2.20119792066465
"316",3.72583259434608
"317",2.64785120747469
"318",2.03695120851109
"319",1.70976401740437
"320",1.56024436464943
"321",1.00136969576697
"322",0.0180468435732339
"323",0.183360257043698
"324",0.0668821876372003
"325",0.0668821876372006
"326",0.0338172314050661
"327",1.9376114621683
"328",1.80964439484463
"329",2.17387477943552
"330",3.04272032279344
"331",5
"332",5
"333",5
"334",5
"335",5
"336",3.03736349476062
"337",2.28188796758101
"338",1.76590966317348
"339",1.69757680894691
"340",1.74202405357373
"341",0.777468608760944
"342",0.583647186465553
"343",0.61394629390922
"344",0.886228960151526
"345",0.643438020482533
"346",0.210769948139699
"347",0.832854552790819
"348",1.50768086500797
"349",1.59645631744406
"350",0.888727899036901
"351",1.41218904691939
"352",0.090900152362221
"353",0
"354",0
"355",0
"356",0.229074369976648
"357",0.90697583749375
"358",1.6988691254258
"359",1.73858347110134
"360",1.9223143207727
"361",1.85914958844567
"362",1.45821634274909
"363",1.76192537313856
"364",1.38272103988216
"365",0.832746330644671
"366",0.724008491102627
"367",0.632245087778928
"368",0.232860362238783
"369",0.316882182793851
"370",0.0668821876372008
"371",0
"372",0.250752270329583
"373",0.955557452756196
"374",0.955557452756196
"375",2.03466098295711
"376",2.34276062724284
"377",2.03910761789397
"378",3.24602448190385
"379",3.6540340665295
"380",5
"381",5
"382",5
"383",3.89363734149209
"384",3.13810998365948
"385",1.82022820405366
"386",2.37534964617913
"387",0.964196864233697
"388",0.853798170480007
"389",0.902930660920059
"390",0.367696954668536
"391",0.466396132548528
"392",0.244828183072817
"393",0
"394",0.236697758832815
"395",0.574711652346673
"396",0.530374995184612
"397",0.712402691495283
"398",0.861196776360479
"399",0.731607320906771
"400",0.474643336501469
"401",0
"402",0.090900152362221
"403",0
"404",0
"405",0
"406",0.229088498656002
"407",1.20526352841506
"408",1.18190871664598
"409",1.68496100286502
"410",1.59258700684945
"411",1.18638770734509
"412",1.40436114897229
"413",1.54463423318916
"414",1.14354695270686
"415",0.842848076791028
"416",0.692044299403432
"417",0.387557547124648
"418",0.642326459889519
"419",0.336376572519305
"420",0.183149957715871
"421",0
"422",0
"423",0.213661100006991
"424",1.08055745033452
"425",0.206296242714979
"426",0.331296240293304
"427",1.08055745033452
"428",1.59244342347749
"429",1.60949032537136
"430",1.91935958383906
"431",2.20841706241221
"432",3.19673841408291
"433",3.45900932036806
"434",3.70247451898649
"435",3.75524428294049
"436",3.75801811664425
"437",2.76618089243205
"438",2.00203535173229
"439",1.33593810125101
"440",1.15278573854528
"441",0
"442",1.52066679175478
"443",0.552461177095432
"444",0.203143884904514
"445",0
"446",0.337857918940704
"447",0.207995802117681
"448",0.616023929147676
"449",1.12425253619476
"450",0.704453715519133
"451",0.560193140151858
"452",0.483689500431307
"453",0
"454",0
"455",0
"456",0.215900149940547
"457",0
"458",0
"459",0
"460",0.307356572933949
"461",0.91364197662001
"462",1.29106224433293
"463",1.63031000676515
"464",1.2034934258965
"465",1.12595088758965
"466",1.11205760774616
"467",0.614480320370164
"468",0.73948031794849
"469",0.492824566984613
"470",0.337886316804956
"471",0.294984262625907
"472",0.253823132031383
"473",0.29197237052881
"474",0.0640259232032435
"475",0
"476",0
"477",0
"478",0.0429338938004769
"479",0.64342684652475
"480",0.45629623787163
"481",0.70629623302828
"482",0.581296235449955
"483",0.768426844103076
"484",0.955557452756197
"485",0.152345655136899
"486",0
"487",0.178561139297515
"488",1.13169117758403
"489",0.722815920855471
"490",0.630790684851879
"491",1.01112458388377
"492",1.33031080492164
"493",1.85484859111318
"494",1.48361251239891
"495",2.28903166691577
"496",1.99371876261406
"497",2.0720019390546
"498",2.1007271635362
"499",2.69097072524308
"500",2.48703485025131
"501",2.14497353493807
"502",0.677857811130646
"503",0.793202284505737
"504",0.524162112095971
"505",0.699052443653774
"506",0
"507",0
"508",0.366164199314007
"509",0.860285314048296
"510",1.68674200832302
"511",1.54004735932195
"512",1.23497898035893
"513",0.492627569077775
"514",0.672576642104356
"515",0
"516",0
"517",0
"518",0.464345378570119
"519",0.229072770160059
"520",0.100858232056332
"521",0
"522",0.271827896719525
"523",0.465246995514918
"524",1.1047651172686
"525",0.986957752158982
"526",0.967911258366784
"527",1.04968922151265
"528",0.489480322791839
"529",0.489503189197751
"530",0.380142014689254
"531",0.128996273982087
"532",0.370556950895976
"533",0.120850571429322
"534",0.286171424462721
"535",0.210306161137257
"536",0.0740995710476882
"537",0
"538",0
"539",0
"540",0
"541",0.0153851897227002
"542",0.768426844103075
"543",0.831296230606606
"544",0.70629623302828
"545",0.956296228184931
"546",0.581296235449955
"547",0.331296240293304
"548",0.830557455177871
"549",0.0273456575585739
"550",0
"551",0
"552",0.519916270127027
"553",1.25669117516236
"554",0.296684574867391
"555",0.171684577289068
"556",0.305312619497152
"557",0.306116741781673
"558",0.788132219978575
"559",0.960606832313463
"560",1.3683555622238
"561",1.15957347059877
"562",1.2117886334096
"563",1.14160359422231
"564",1.43806422420024
"565",2.52098651098386
"566",3.0685943251961
"567",2.04946761067741
"568",1.79957078184411
"569",1.50249872906934
"570",1.0702479636046
"571",0
"572",0.762374021701144
"573",0.329021187336676
"574",0.83526925359417
"575",1.85522674155382
"576",2.24396759504296
"577",2.50045483329517
"578",1.86402150347589
"579",0.831790065233915
"580",0.148614117178407
"581",0
"582",0.0262314150695401
"583",0
"584",1.02595423422314
"585",1.02595423422314
"586",2.19638113777278
"587",2.17478638736528
"588",0.623640316155285
"589",0.833649719259806
"590",0.487469259665735
"591",0.316852286483327
"592",0.268391889146089
"593",0
"594",0.614971376410357
"595",0.75650229622308
"596",0.210355894741393
"597",0.565884168915084
"598",0.378711747505117
"599",0.386178625218683
"600",0.325716396776863
"601",0.222975626496173
"602",0.334251983828497
"603",0.0564201687331932
"604",0.310165854527213
"605",0.184722180108339
"606",0.0594060955907971
"607",0
"608",0
"609",0
"610",0
"611",0
"612",0
"613",0.0153851897227002
"614",0.768426844103076
"615",0.70629623302828
"616",1.20629622334158
"617",1.20629622334158
"618",0.831296230606606
"619",0.331296240293304
"620",0.518426848946425
"621",0.179913101472775
"622",0
"623",0
"624",0.222210760043473
"625",0.24842624420409
"626",0.40234565029355
"627",1.38169117274068
"628",0.421684572445718
"629",0.421684572445718
"630",0.421684572445718
"631",0.171684577289067
"632",0.0466845797107416
"633",0.0466845797107416
"634",0.583490951392186
"635",0.519424647589364
"636",0.716534747578826
"637",0.0300467174233865
"638",0.903182881618845
"639",1.57261518300359
"640",2.38055228775699
"641",2.45334793324262
"642",2.26907212445295
"643",2.8106542302016
"644",1.03718610873776
"645",0.860235379492252
"646",0.664277210290959
"647",0.342683452935174
"648",0.807801946720723
"649",1.38028374763345
"650",1.98035002576736
"651",2.76922263339772
"652",2.46409319201622
"653",1.18189250594681
"654",0.165003818592123
"655",0.411275765858954
"656",0.651231402961167
"657",0.901231398117818
"658",0.568949316612359
"659",0.45051825300791
"660",0.56804806227321
"661",2.06469253822972
"662",1.69285422256618
"663",2.61094594010541
"664",1.2888770093191
"665",1.33853486266541
"666",1.25801327341412
"667",0.498758244456407
"668",0.233861506730245
"669",0.195096299154297
"670",0
"671",0.0487241432352541
"672",0
"673",0.496438713860203
"674",0.26341816959345
"675",0.495040731360693
"676",0
"677",0.0584303911760687
"678",0
"679",0.304414406231966
"680",0.434406088325773
"681",0.309406090747448
"682",0.0594060955907971
"683",0
"684",0
"685",0
"686",0
"687",0
"688",0
"689",0
"690",0.000519613712804179
"691",0.0153851897227002
"692",0.768426844103075
"693",0.831296230606606
"694",1.20629622334158
"695",1.08129622576326
"696",1.08129622576326
"697",0.581296235449955
"698",0.518426848946425
"699",0.0273456575585739
"700",0.0972107624651481
"701",0.222210760043473
"702",0.222155889966467
"703",0.565195510671442
"704",0.445076966790154
"705",0.772671447715809
"706",0.169853369977329
"707",0.546684570024043
"708",1.06926979781027
"709",1.04668456033734
"710",0.546684570024043
"711",0
"712",0
"713",0
"714",0.0345593946073759
"715",0
"716",0.39909938141143
"717",0
"718",0.760012200931028
"719",2.42116077597754
"720",2.89976927842396
"721",3.22187562207577
"722",2.73311790680968
"723",1.18794519570703
"724",1.7247493843645
"725",0.388905166521486
"726",0.872392114628104
"727",0.786373178499928
"728",1.1799543028881
"729",1.7367230523779
"730",2.26200940331031
"731",1.87785826597259
"732",1.13529702680411
"733",1.37479227667882
"734",1.17466173575481
"735",1.79910246611136
"736",1.70798743523987
"737",1.04783126473343
"738",0.337159925709691
"739",1.18101137717281
"740",1.40096504618682
"741",0.346532373978746
"742",0.85888858272964
"743",1.3178978768802
"744",1.73837885899182
"745",1.82799763239188
"746",2.26985333377205
"747",1.5139791472815
"748",1.23948030826179
"749",0.614480320370164
"750",0.116278357148982
"751",0.115559719238381
"752",0
"753",0
"754",0.796764271109877
"755",0.0295538412578416
"756",0.381483630957003
"757",0.58929369507868
"758",0.185917750572659
"759",0.184406093169122
"760",0.309406090747448
"761",0.434406088325773
"762",0.309406090747448
"763",0.434406088325773
"764",0.184406093169122
"765",0
"766",0
"767",0
"768",0
"769",0
"770",0.110654035281234
"771",0.360654030437884
"772",0.110654035281233
"773",0.250519608869455
"774",0.643426846524751
"775",0.581296235449955
"776",1.08129622576326
"777",1.33129622091991
"778",1.33129622091991
"779",0.831296230606606
"780",1.01842683925973
"781",0.277345652715225
"782",0.113424632525549
"783",0.720544115790992
"784",0.628658345623645
"785",0.484111883384906
"786",3.00959709993986
"787",3.19379386115175
"788",1.70267868441091
"789",0.0814689462251081
"790",1.39076784232694
"791",1.83487752741561
"792",1.81926978328022
"793",1.42168455307232
"794",0.796684565180694
"795",0.421684572445718
"796",0.239966297642092
"797",0.470568712734578
"798",0
"799",0
"800",0.114257299773463
"801",0.535819818359609
"802",1.49135532043463
"803",2.85784637619674
"804",3.96116221308443
"805",3.17919765593833
"806",1.68399906668289
"807",1.84417185901181
"808",0.969301874833889
"809",1.43058208818791
"810",1.09870621010521
"811",1.42021723527235
"812",1.78954701512619
"813",2.06619497159041
"814",1.44542703516695
"815",1.62790006313533
"816",1.33406065856637
"817",2.87727440377684
"818",2.91604248116283
"819",3.35195790839503
"820",2.68092147576346
"821",1.4684863625878
"822",0.370316812052795
"823",0.519903341786111
"824",0.45051825300791
"825",1.20052905770657
"826",0.633866899847892
"827",1.85974740560243
"828",2.08842682394697
"829",2.86767732082192
"830",2.41072853126906
"831",1.73845527433153
"832",1.17444207405199
"833",1.61448030099677
"834",0.98948031310514
"835",0.489480322791839
"836",0
"837",0
"838",0.0249748025149494
"839",0
"840",0
"841",0.240243643235703
"842",0.526451081619624
"843",0.442279717535698
"844",0.321786493166472
"845",0.309406090747448
"846",0.184406093169122
"847",0.309406090747448
"848",0.434406088325773
"849",0.309406090747448
"850",0.0594060955907971
"851",0
"852",0
"853",0
"854",0
"855",0.23887489806104
"856",0.73565402317286
"857",1.11065401590784
"858",0.73565402317286
"859",0.500519604026106
"860",0.518426848946425
"861",0.581296235449955
"862",0.831296230606606
"863",1.70629621365488
"864",1.60383839725171
"865",1.83129621123321
"866",0.831296230606606
"867",1.58055744064782
"868",1.04586100636244
"869",1.19736474157056
"870",1.51983876388166
"871",1.9605597071329
"872",3.06990321178661
"873",3.82804052891717
"874",4.22210066951806
"875",3.22632885025028
"876",1.38194518925871
"877",0.40358300452884
"878",1.60977564206784
"879",2.87309492206116
"880",2.86231259588406
"881",2.2966845361206
"882",2.54668453127725
"883",1.80451014537012
"884",1.89216356690466
"885",0.811410193967298
"886",0.898321338375894
"887",0
"888",0.205684882486899
"889",1.61423112621465
"890",2.23382214092662
"891",3.32274656526497
"892",3.27419505870922
"893",2.55619500785728
"894",1.9891374748997
"895",2.03161601757572
"896",1.84999483566365
"897",1.93723929402021
"898",1.86133785145247
"899",1.79299746501491
"900",1.24586630696333
"901",1.93688396744346
"902",1.37049180696588
"903",1.06159096039826
"904",3.02121930784761
"905",2.96155226399046
"906",4.34308151073027
"907",3.68768398907874
"908",2.94426327819973
"909",1.39487811574459
"910",0.980962672591764
"911",0.257999027677071
"912",0.25008226452766
"913",0.668171935944051
"914",1.64908598384138
"915",3.3606934523917
"916",3.3514856151723
"917",2.72205119395579
"918",2.56147728684989
"919",1.20416796922544
"920",1.11917542607326
"921",0.864480315526815
"922",0.489480322791839
"923",0.239480327635188
"924",0
"925",0
"926",0
"927",0
"928",0.118534080923841
"929",0.311061650520855
"930",0.537648324818299
"931",0.500394072740066
"932",0.173579162664021
"933",0.0594060955907971
"934",0.184406093169122
"935",0.0594060955907971
"936",0.184406093169122
"937",0.0594060955907971
"938",0.0594060955907971
"939",0
"940",0
"941",0
"942",0.0596969226505628
"943",0.615142478506873
"944",1.36065401106449
"945",1.11065401590784
"946",1.23565401348616
"947",0.750519599182756
"948",0.955557452756197
"949",0.206296242714979
"950",1.20629622334158
"951",1.72883839483003
"952",3.3681896913491
"953",2.64698246088452
"954",2.24364565439791
"955",1.19906927513737
"956",1.76453593145614
"957",2.02133196784657
"958",2.79037182150397
"959",2.71552544401518
"960",4.28846805827877
"961",5
"962",5
"963",2.30464120565072
"964",4.00178049128785
"965",1.33690236824858
"966",2.2409193437614
"967",3.03146432941625
"968",3.66201024342757
"969",3.9837786481038
"970",3.4719797782945
"971",3.46968149248926
"972",3.1949886894026
"973",2.00311831873392
"974",1.51704412336892
"975",0.99080986455782
"976",1.23271081486825
"977",1.16278337540348
"978",2.3935876255318
"979",2.4909564107132
"980",2.60585810501891
"981",2.44275508887362
"982",3.25690296950952
"983",2.47635080840108
"984",3.59469961230865
"985",3.03037871764198
"986",2.51995854583796
"987",1.58382869343623
"988",1.56939648607838
"989",0.527899154936649
"990",0.718197017186001
"991",2.58687116817336
"992",3.3082872600185
"993",4.53440190170029
"994",3.96687671547947
"995",3.70538902834082
"996",2.54018534122331
"997",2.57757210823682
"998",1.17570607682481
"999",0.429511320688361
"1000",0.516625831309205
"1001",1.34973226724385
"1002",2.8059778742703
"1003",2.7409998962296
"1004",3.50760122892832
"1005",2.8192408646122
"1006",2.59004562013278
"1007",0.240679580480003
"1008",0.489480322791839
"1009",0.239480327635188
"1010",0.239480327635188
"1011",0
"1012",0
"1013",0
"1014",0
"1015",0.117770765323327
"1016",0.165862383037287
"1017",0.338884793587452
"1018",0.404978329760625
"1019",0.726879892233016
"1020",0.106789507182538
"1021",0.0213390589748996
"1022",0
"1023",0
"1024",0
"1025",0
"1026",0
"1027",0
"1028",0
"1029",0.0402821227510053
"1030",0.194151265121895
"1031",0.741409136298997
"1032",1.48565400864281
"1033",1.61065400622114
"1034",1.23565401348616
"1035",0.765385175192652
"1036",0.768426844103076
"1037",1.08129622576326
"1038",2.85590060139341
"1039",4.03963748898147
"1040",4.45504788447171
"1041",3.73086791298777
"1042",2.353174637345
"1043",1.55267534820579
"1044",2.98824591612944
"1045",2.44220205110955
"1046",2.45742231266701
"1047",3.45692253894854
"1048",4.13789972720319
"1049",4.87989147213434
"1050",4.87073622948743
"1051",3.71067504832852
"1052",3.22954567820274
"1053",3.00709014479125
"1054",2.5447860543341
"1055",3.54819930520233
"1056",4.5601104681553
"1057",4.60934076302061
"1058",4.65516846206156
"1059",4.44250787922727
"1060",3.87774546200289
"1061",2.79364827956461
"1062",2.6082352731156
"1063",2.1288078666062
"1064",2.44231079898972
"1065",2.74901543209498
"1066",2.2849496769769
"1067",2.58654778933013
"1068",2.94391151589329
"1069",3.3010675454877
"1070",3.34145372320282
"1071",4.45373554776577
"1072",4.27756334840165
"1073",4.33666045744783
"1074",3.50807668142525
"1075",1.62580072455679
"1076",1.47691980079973
"1077",0.465696205338909
"1078",0.157904743568217
"1079",1.61899044313742
"1080",2.49536508630797
"1081",2.93003676863486
"1082",2.91201783910179
"1083",3.30566255824726
"1084",3.61508496997895
"1085",2.60876485206088
"1086",1.52074193279251
"1087",1.75147232203151
"1088",1.14155474858849
"1089",2.10635165027144
"1090",2.83844803043494
"1091",3.60374836067962
"1092",2.88526461523718
"1093",2.06213390422413
"1094",1.12473859272114
"1095",0.323966088159388
"1096",0.114459972562377
"1097",0
"1098",0
"1099",0
"1100",0
"1101",0
"1102",0.255051343639346
"1103",0.392099483573128
"1104",0.707652693007214
"1105",0.325548558579212
"1106",0.287319861695132
"1107",0.064614753095162
"1108",0.0233003445399186
"1109",0
"1110",0
"1111",0
"1112",0
"1113",0
"1114",0
"1115",0
"1116",0.0506323499539266
"1117",0
"1118",0.273733774682227
"1119",1.35265824749964
"1120",1.54814355100427
"1121",1.731966314397
"1122",0.985654018329511
"1123",0.640385177614328
"1124",0.640385177614327
"1125",0.515385180036002
"1126",0.643426846524751
"1127",1.35383840209506
"1128",3.88459236489703
"1129",4.81673279339432
"1130",5
"1131",5
"1132",3.43105883467529
"1133",1.20055636459615
"1134",1.40341107897003
"1135",2.68107884563931
"1136",3.1876237727362
"1137",3.28592443397897
"1138",2.54319405284117
"1139",3.12852795677828
"1140",3.36293437834982
"1141",5
"1142",5
"1143",3.35978936670997
"1144",2.96170274456514
"1145",2.37265946336422
"1146",2.9708023937252
"1147",4.5326790766342
"1148",5
"1149",5
"1150",4.77826608991283
"1151",4.87513772162888
"1152",5
"1153",4.07480271115646
"1154",3.76759378852425
"1155",3.65268728531785
"1156",5
"1157",5
"1158",5
"1159",4.03787526078172
"1160",4.38619801439919
"1161",4.24371007550738
"1162",4.96276321075817
"1163",5
"1164",5
"1165",5
"1166",3.66589825691137
"1167",2.05874889364476
"1168",0.768666680240622
"1169",0.200339700105466
"1170",0.396808630760081
"1171",0.962214397577935
"1172",0.849896377382409
"1173",1.39244602733282
"1174",2.43029372121355
"1175",3.25165200943217
"1176",3.25383858463839
"1177",2.36478007736302
"1178",2.61391201479446
"1179",1.3115837524156
"1180",1.21646358545301
"1181",1.99671914484068
"1182",3.70960575285814
"1183",3.65036470626113
"1184",2.57636896144695
"1185",2.39056161555525
"1186",0.657159915699803
"1187",0.129958392336728
"1188",0
"1189",0
"1190",0
"1191",0
"1192",0
"1193",0.583132117810819
"1194",0.681447124410222
"1195",1.09733081351465
"1196",1.11983946785757
"1197",0.96624261278796
"1198",0.101005907363246
"1199",0.159777313840052
"1200",0
"1201",0
"1202",0
"1203",0
"1204",0
"1205",0
"1206",0
"1207",0.15561424574332
"1208",0
"1209",1.08982857381859
"1210",1.5390794882327
"1211",1.72294419940452
"1212",2.03268126292693
"1213",1.78677765788639
"1214",1.10696632650537
"1215",0.235654032859558
"1216",0.250519608869455
"1217",0.396954840246503
"1218",0.485654028016209
"1219",0.750519599182756
"1220",1.08055745033452
"1221",1.45629621849823
"1222",3.75772973536501
"1223",5
"1224",5
"1225",5
"1226",4.33160988712134
"1227",1.85476349498984
"1228",1.02313644136454
"1229",3.08584685877447
"1230",4.42145043369608
"1231",4.09891041357197
"1232",3.87853368045096
"1233",3.06705577365215
"1234",4.82482360154721
"1235",5
"1236",5
"1237",5
"1238",4.0295151484897
"1239",2.48417636890513
"1240",3.06291183969206
"1241",5
"1242",5
"1243",5
"1244",5
"1245",5
"1246",5
"1247",5
"1248",5
"1249",5
"1250",5
"1251",5
"1252",5
"1253",5
"1254",5
"1255",5
"1256",5
"1257",5
"1258",5
"1259",5
"1260",3.59685706844671
"1261",1.62736226995256
"1262",0.510869282915048
"1263",0.885457975438515
"1264",0.653656613718511
"1265",0.992776447189355
"1266",0.889535704541432
"1267",0.95531791029971
"1268",1.48756219354745
"1269",3.12956544415235
"1270",2.66735136608847
"1271",3.19304888446109
"1272",1.87021481709562
"1273",1.93950151398712
"1274",1.60872487795436
"1275",2.17160287884844
"1276",3.55334856166605
"1277",3.5553237753349
"1278",3.28847685603997
"1279",1.10566108236192
"1280",0.27146869118203
"1281",0
"1282",0
"1283",0
"1284",0.139072503346499
"1285",0.0346215040973681
"1286",0.747721937613278
"1287",0.41390118168687
"1288",0.881731061801336
"1289",1.12260739643716
"1290",1.38482644966932
"1291",1.04174960475785
"1292",0.778989028374188
"1293",0
"1294",0
"1295",0
"1296",0
"1297",0
"1298",0.349802517119255
"1299",0
"1300",0.164329821638963
"1301",0.205102562162646
"1302",0.783985311265049
"1303",1.45392813267565
"1304",2.12071616159334
"1305",2.7282226399589
"1306",3.26585931051445
"1307",1.5178179599163
"1308",0.958731268229648
"1309",0.485654028016209
"1310",0.132089269079956
"1311",1.02491308873855
"1312",0.632089259393257
"1313",0.485654028016209
"1314",0.515385180036002
"1315",2.14342681746465
"1316",3.17472288678561
"1317",4.99813215719206
"1318",5
"1319",5
"1320",3.69234275442978
"1321",2.47513598738854
"1322",1.07234971542551
"1323",1.28937750828358
"1324",3.60468178821438
"1325",3.89625197150407
"1326",5
"1327",3.64723466808944
"1328",4.30308236888647
"1329",5
"1330",5
"1331",5
"1332",5
"1333",5
"1334",3.22420130358524
"1335",2.69218237937196
"1336",3.72071816973881
"1337",4.66773840246425
"1338",5
"1339",5
"1340",5
"1341",5
"1342",5
"1343",5
"1344",5
"1345",5
"1346",5
"1347",5
"1348",5
"1349",5
"1350",5
"1351",5
"1352",5
"1353",5
"1354",5
"1355",2.77645767465439
"1356",1.47570828196493
"1357",0.755705282868989
"1358",0.611971668929266
"1359",1.11672704220572
"1360",1.47512965729967
"1361",1.10832852040621
"1362",0.607605394539661
"1363",1.36482563856716
"1364",1.0684214580206
"1365",1.72361723402871
"1366",2.15114920880498
"1367",2.1806086723594
"1368",1.84818762775017
"1369",1.14291008305
"1370",3.72087590793184
"1371",3.25711509367705
"1372",2.31697869194621
"1373",2.41575196463596
"1374",0.936558854562013
"1375",0
"1376",0
"1377",0
"1378",0.140881485217171
"1379",0.269443068003945
"1380",0.43239965075915
"1381",0.0298846012765611
"1382",0.970239701879088
"1383",1.43454056908896
"1384",1.41379755517097
"1385",1.06472628093734
"1386",0.871456192128639
"1387",0.66948902319645
"1388",0.323186624356029
"1389",0
"1390",0.415507327319372
"1391",0.8480473600524
"1392",0.294802544055034
"1393",0.259997981374954
"1394",0.194992072195971
"1395",0.402513317373599
"1396",0.42629321966453
"1397",2.09382139037
"1398",2.18742964523268
"1399",2.5570267423223
"1400",3.3217979072173
"1401",2.79495100156415
"1402",2.42214255062114
"1403",1.36065401106449
"1404",0.48565402801621
"1405",0.73565402317286
"1406",0.382089264236607
"1407",0.860654020751186
"1408",0.360654030437884
"1409",0.37551960644778
"1410",1.80953813665917
"1411",2.6685433428203
"1412",5
"1413",5
"1414",5
"1415",5
"1416",3.30765309812857
"1417",1.45585029315333
"1418",1.37559184767712
"1419",2.68326178338572
"1420",3.71745904497655
"1421",5
"1422",5
"1423",4.3733567445172
"1424",5
"1425",5
"1426",5
"1427",5
"1428",5
"1429",5
"1430",4.798564650319
"1431",2.3209890115833
"1432",3.30949100333258
"1433",3.83299751932723
"1434",5
"1435",5
"1436",5
"1437",5
"1438",5
"1439",5
"1440",5
"1441",5
"1442",5
"1443",5
"1444",5
"1445",5
"1446",5
"1447",5
"1448",5
"1449",5
"1450",4.99562656824504
"1451",3.12120359333324
"1452",1.03200696847347
"1453",0.75433957670595
"1454",1.50378957183507
"1455",1.42148199663451
"1456",1.51697985370606
"1457",1.6439150583535
"1458",1.13560271750806
"1459",0.42638384647456
"1460",1.01457944727359
"1461",1.55081039609547
"1462",2.21425892415821
"1463",1.40626863652926
"1464",1.30828471549269
"1465",2.20622353826633
"1466",2.71751676808151
"1467",2.063246034105
"1468",2.81577647485707
"1469",0.980723597690821
"1470",0.0252780686589935
"1471",0
"1472",0
"1473",0.079433368363748
"1474",0.350466664533696
"1475",0.265700075632065
"1476",0.435444964266771
"1477",0.718383548633039
"1478",1.06428942361918
"1479",1.9462240050098
"1480",1.56428941393248
"1481",1.23559198318525
"1482",0
"1483",0.472227204189167
"1484",0
"1485",0.372005740935338
"1486",1.02408250454562
"1487",0.671606873370266
"1488",1.28543096407163
"1489",1.26569262483944
"1490",0.75597161863507
"1491",0.874064264683927
"1492",1.56838808954237
"1493",2.07029711883001
"1494",2.29918958464557
"1495",3.10815941262685
"1496",3.38616393279281
"1497",3.03192159871458
"1498",2.01174179212607
"1499",1.36065401106449
"1500",0.985654018329511
"1501",0.73565402317286
"1502",0.757089256971583
"1503",0.360654030437884
"1504",0.132089269079956
"1505",0.000519613712804068
"1506",3.08501562409201
"1507",3.86933372616584
"1508",5
"1509",5
"1510",4.79400296206092
"1511",4.31167471050644
"1512",2.96372471769264
"1513",1.30970260682209
"1514",3.16354293491212
"1515",2.26410562941343
"1516",2.99976064720258
"1517",4.00190884751027
"1518",4.63317413867289
"1519",5
"1520",5
"1521",5
"1522",5
"1523",5
"1524",5
"1525",5
"1526",5
"1527",5
"1528",2.14730898111932
"1529",2.6508195863383
"1530",4.07889107623248
"1531",4.96771931517304
"1532",5
"1533",5
"1534",5
"1535",5
"1536",5
"1537",5
"1538",5
"1539",5
"1540",5
"1541",5
"1542",5
"1543",5
"1544",5
"1545",5
"1546",5
"1547",4.77134531935983
"1548",3.55376313134048
"1549",1.4059577210599
"1550",1.15244041466753
"1551",0.494728187348147
"1552",1.29553404375837
"1553",1.63883625063025
"1554",1.17044848373122
"1555",0.327387498642299
"1556",0.521134783531773
"1557",0.903050942921328
"1558",1.02805094049965
"1559",1.30081040093881
"1560",1.30173864689579
"1561",0.824365662448199
"1562",0.861926554219806
"1563",0.712602119430568
"1564",1.98781390923087
"1565",0.817413209339233
"1566",0
"1567",0
"1568",0
"1569",0.0264289917466196
"1570",0.144034459767634
"1571",0.454433361098724
"1572",0.497423726276963
"1573",0.984079359317623
"1574",0.267471992086421
"1575",1.50597249431718
"1576",1.46290249777271
"1577",1.66567633009224
"1578",0.583074627762476
"1579",0
"1580",0.0441866411719456
"1581",0
"1582",0.56834320162329
"1583",1.7411320536408
"1584",2.1233538731266
"1585",2.55742799954087
"1586",1.58102821521448
"1587",1.5570773191191
"1588",0.95629106825423
"1589",2.6850944830621
"1590",2.65109298451127
"1591",3.76274451602967
"1592",3.75290547543117
"1593",3.02040623565485
"1594",2.42028822035144
"1595",1.75760248496121
"1596",1.2918548435789
"1597",0.893425004635826
"1598",0.326643059508209
"1599",1.14991308631688
"1600",0.153524502878679
"1601",0.2749131032686
"1602",0
"1603",2.45252334121603
"1604",3.0725637145616
"1605",3.91993591715945
"1606",4.64585351104213
"1607",5
"1608",5
"1609",5
"1610",3.86463809224919
"1611",1.47484852394959
"1612",2.03160551171017
"1613",0.784618164493772
"1614",1.26587136464846
"1615",1.81044273972726
"1616",2.88006078984664
"1617",3.52440579621038
"1618",5
"1619",4.88320873640569
"1620",5
"1621",5
"1622",5
"1623",5
"1624",5
"1625",5
"1626",5
"1627",4.95584913209074
"1628",3.43668889283844
"1629",3.75269897946788
"1630",3.80769571723015
"1631",5
"1632",5
"1633",5
"1634",5
"1635",5
"1636",4.25720928078153
"1637",4.26650089714235
"1638",4.85842842291191
"1639",5
"1640",5
"1641",5
"1642",5
"1643",5
"1644",5
"1645",5
"1646",5
"1647",4.90866828894561
"1648",3.95552392903114
"1649",2.19655236342253
"1650",0.0754400680082763
"1651",1.4987178555425
"1652",0.442686810404698
"1653",0.602898201010053
"1654",0.269347382362763
"1655",0.659995001478351
"1656",0.528050950186352
"1657",1.02805094049965
"1658",1.65305092839128
"1659",1.40305093323463
"1660",0.800810410625513
"1661",0.79922354550059
"1662",0.40226974732351
"1663",0.0581287646698948
"1664",0.302202777874041
"1665",0.289424670663747
"1666",0
"1667",0
"1668",0.234203275375986
"1669",0.337399808123025
"1670",0.690602130655527
"1671",0.326204322647452
"1672",0.600466659690347
"1673",0.528600115118948
"1674",1.35763500588428
"1675",0.951187430503464
"1676",2.30656784006663
"1677",1.60691716413311
"1678",1.41023126633772
"1679",0.0014568088445317
"1680",0
"1681",0.421311752586406
"1682",1.93430445817938
"1683",3.38458645846938
"1684",3.94893587889727
"1685",4.4021284752839
"1686",3.34578437004078
"1687",1.91655687449147
"1688",2.78559110347095
"1689",2.85615280653631
"1690",3.19713151288411
"1691",3.00558058510287
"1692",3.9905943137844
"1693",2.9931606951032
"1694",3.21191163977704
"1695",2.34418247245989
"1696",1.48861771687202
"1697",0.766367930350582
"1698",1.06692945870867
"1699",0.326643059508209
"1700",0
"1701",0
"1702",0
"1703",1.81828146507243
"1704",1.81516248138076
"1705",2.69255491118837
"1706",5
"1707",5
"1708",5
"1709",5
"1710",3.87618221754544
"1711",2.71399160671594
"1712",1.02557652563831
"1713",2.30140102569411
"1714",1.66354366834019
"1715",0.773455506654093
"1716",1.02889724660032
"1717",1.92156844047947
"1718",4.48693632569178
"1719",5
"1720",4.49437905264012
"1721",5
"1722",5
"1723",5
"1724",5
"1725",5
"1726",5
"1727",5
"1728",5
"1729",4.29452827986554
"1730",3.65063708498382
"1731",4.0186757882141
"1732",5
"1733",5
"1734",5
"1735",5
"1736",5
"1737",5
"1738",4.16009962609839
"1739",2.17267635324736
"1740",3.46136348546206
"1741",3.65618840838053
"1742",4.8590132243405
"1743",5
"1744",4.95518431900359
"1745",4.83805932329986
"1746",5
"1747",5
"1748",5
"1749",5
"1750",3.96186750658551
"1751",1.76974414757244
"1752",0.355520958265851
"1753",0
"1754",0.078283204558822
"1755",0.593945331782432
"1756",0.555723799184318
"1757",1.3336009124558
"1758",1.98545267016008
"1759",2.66461713787672
"1760",2.37370451684076
"1761",1.8309106618101
"1762",2.02670581085661
"1763",0.682454648360741
"1764",0.347947746085778
"1765",0.627028657467267
"1766",0
"1767",0
"1768",0.72667409648693
"1769",1.37874097950187
"1770",1.41078678572587
"1771",0.976455433951701
"1772",0.715878052717555
"1773",0.720698371898035
"1774",0.36995329782295
"1775",0.855693015495883
"1776",1.0822118062946
"1777",2.33337318817669
"1778",2.11465094293737
"1779",2.6931518323678
"1780",1.64883360037354
"1781",1.13666426121835
"1782",0
"1783",1.10040080542353
"1784",2.41689076593303
"1785",4.15216948720435
"1786",5
"1787",5
"1788",3.18668407627166
"1789",2.89062747963403
"1790",2.86158596243857
"1791",3.09118961806711
"1792",3.37093214807814
"1793",4.47603001965832
"1794",2.71546044003186
"1795",3.62648000684789
"1796",2.949977212978
"1797",2.37827806943763
"1798",1.91267402926721
"1799",1.57105749700305
"1800",0.53860752913258
"1801",0.0184908441948873
"1802",0
"1803",0
"1804",0
"1805",1.62713397977487
"1806",1.49820257947573
"1807",3.25718131375607
"1808",4.47260151061086
"1809",5
"1810",5
"1811",5
"1812",5
"1813",3.24126050536421
"1814",2.06795806516428
"1815",1.82839265789532
"1816",1.37679524027495
"1817",1.54147477836842
"1818",2.37317732551311
"1819",3.55823763760379
"1820",4.42292209485131
"1821",4.62368343015683
"1822",5
"1823",5
"1824",5
"1825",5
"1826",5
"1827",5
"1828",5
"1829",5
"1830",5
"1831",4.44805065618027
"1832",4.00666067716599
"1833",5
"1834",5
"1835",5
"1836",5
"1837",5
"1838",5
"1839",5
"1840",3.64400740465304
"1841",3.67381274304732
"1842",3.26624322389344
"1843",3.20805527714405
"1844",4.00366772779194
"1845",4.8786797981031
"1846",4.80424410493029
"1847",5
"1848",5
"1849",5
"1850",5
"1851",5
"1852",4.93037407442506
"1853",2.78126170151244
"1854",0.650548849294123
"1855",0
"1856",0.371922021641187
"1857",0.701565269496811
"1858",2.15383261014615
"1859",3.23618043668558
"1860",5
"1861",4.46216775651066
"1862",3.83021439395602
"1863",2.88645838161492
"1864",1.99313085038287
"1865",1.72067541124664
"1866",2.77868903301447
"1867",2.31661520044349
"1868",0
"1869",1.10026496091785
"1870",1.14712999934163
"1871",2.35549690192611
"1872",2.67625883345075
"1873",2.04809773721515
"1874",1.36182366689843
"1875",0.806740929034314
"1876",1.221176036439
"1877",0.74922053833218
"1878",2.00597950654659
"1879",2.48396478318627
"1880",3.82423376939267
"1881",3.03512117843872
"1882",2.907140419793
"1883",1.27391128487488
"1884",0.601507392054817
"1885",0.603534052094567
"1886",3.2182841760587
"1887",5
"1888",5
"1889",5
"1890",4.68725319268747
"1891",2.55489019134316
"1892",3.21730959249581
"1893",3.9407476332851
"1894",5
"1895",3.26008516717052
"1896",4.00243419911889
"1897",2.94720549656413
"1898",2.2210767879655
"1899",2.37491744263616
"1900",0.974541540503914
"1901",1.22410354293407
"1902",0.144817615703663
"1903",0
"1904",0
"1905",0
"1906",0
"1907",0.0729996355450751
"1908",1.95446032916022
"1909",1.78639412288682
"1910",4.90664953317975
"1911",5
"1912",5
"1913",4.97781423873298
"1914",4.94612410782349
"1915",3.34087112161388
"1916",3.10413866306492
"1917",1.94322836775199
"1918",2.28275184757555
"1919",2.30704517050825
"1920",3.37077302501698
"1921",3.18275656100038
"1922",3.37507820602342
"1923",4.47818728179781
"1924",5
"1925",5
"1926",5
"1927",5
"1928",5
"1929",5
"1930",5
"1931",5
"1932",5
"1933",5
"1934",5
"1935",4.88995491673163
"1936",5
"1937",5
"1938",5
"1939",5
"1940",5
"1941",5
"1942",4.97043710283151
"1943",4.41915449784344
"1944",3.87446163517682
"1945",3.34506380660777
"1946",3.57117845831693
"1947",3.3642169012582
"1948",5
"1949",4.41678960338768
"1950",5
"1951",5
"1952",5
"1953",5
"1954",5
"1955",5
"1956",5
"1957",4.19061233804529
"1958",1.86680469572253
"1959",0.830619415324291
"1960",1.24133037784614
"1961",1.97137527030824
"1962",3.91520426825766
"1963",5
"1964",5
"1965",5
"1966",5
"1967",3.80237036102629
"1968",2.52834980556264
"1969",2.18303746226684
"1970",2.24978144755718
"1971",2.39717267878642
"1972",2.9411875099528
"1973",1.87338645278767
"1974",2.9055867968255
"1975",3.76217046457853
"1976",3.61181060763433
"1977",3.84132255072748
"1978",2.26743477984788
"1979",2.83081707253211
"1980",1.78920361623271
"1981",2.22538939692804
"1982",1.83912902577284
"1983",3.22717728295301
"1984",3.8312093941221
"1985",3.36114801648213
"1986",2.88897152030957
"1987",1.8649731718387
"1988",0.69202365966754
"1989",1.05187090246617
"1990",1.8906468508133
"1991",4.08019201000563
"1992",5
"1993",4.71585282899614
"1994",3.47838204035629
"1995",3.18203120030043
"1996",2.7106235780978
"1997",4.21619905707227
"1998",4.20032812128601
"1999",4.88533502986837
"2000",4.19384234878539
"2001",4.12269489943529
"2002",2.7399146274492
"2003",1.81584865610676
"2004",1.6624244695143
"2005",0.857397154207002
"2006",0.333821967410544
"2007",0
"2008",0
"2009",0
"2010",0
"2011",0.165958116878791
"2012",0.796914129453926
"2013",3.12622265443186
"2014",3.82637441636564
"2015",5
"2016",5
"2017",5
"2018",4.07886634729143
"2019",4.07756131869507
"2020",3.54160417600867
"2021",3.5509438524876
"2022",3.1302355234658
"2023",2.26818616651605
"2024",2.84506581064446
"2025",4.90926238855356
"2026",4.27929957487693
"2027",4.23629224037039
"2028",4.11202592450543
"2029",4.65165703767326
"2030",5
"2031",5
"2032",5
"2033",5
"2034",5
"2035",5
"2036",5
"2037",5
"2038",5
"2039",4.01901246355072
"2040",5
"2041",4.91075180297105
"2042",5
"2043",4.55213055233702
"2044",3.85637479575181
"2045",3.85929361026627
"2046",3.30230123715156
"2047",2.85665332934356
"2048",3.31169446919621
"2049",3.10569359629169
"2050",3.62803703361716
"2051",3.3043857206183
"2052",4.40362844696794
"2053",5
"2054",5
"2055",5
"2056",5
"2057",5
"2058",5
"2059",5
"2060",5
"2061",5
"2062",5
"2063",2.98617150334456
"2064",1.05071222643802
"2065",1.32009511167989
"2066",3.4606937154805
"2067",5
"2068",5
"2069",5
"2070",5
"2071",5
"2072",3.45957762582267
"2073",2.48696526342957
"2074",1.88818055801938
"2075",2.98914653066418
"2076",3.30643633555352
"2077",4.14640187104083
"2078",4.42629082415241
"2079",5
"2080",4.9198165878829
"2081",5
"2082",4.91955586155611
"2083",4.77136646803747
"2084",3.77402133875941
"2085",3.34993659665692
"2086",3.36673294433366
"2087",3.62418696402435
"2088",2.95766040793338
"2089",3.25165515637158
"2090",2.82614770810875
"2091",3.16479908359102
"2092",1.34202038947388
"2093",0.853198299395551
"2094",0.29597017486761
"2095",1.76709166611382
"2096",2.35806211407249
"2097",3.06106054677476
"2098",2.8572894883182
"2099",3.28073984750365
"2100",2.46543941974546
"2101",3.44856145346117
"2102",4.07145459714008
"2103",5
"2104",5
"2105",5
"2106",4.71675140345336
"2107",4.46635787082748
"2108",1.71273598412859
"2109",2.43534510686861
"2110",1.03016849817845
"2111",0.648297090006516
"2112",0
"2113",0
"2114",0.225468925075002
"2115",0.363107153939941
"2116",0.413004412954017
"2117",0.620255538298189
"2118",2.41013417597655
"2119",3.42656492136008
"2120",5
"2121",5
"2122",5
"2123",4.77966093822969
"2124",4.77004622789225
"2125",3.33062080158698
"2126",4.84401234624368
"2127",3.87156645651168
"2128",4.68556927279026
"2129",2.97101004718362
"2130",4.38416206497588
"2131",3.76168005600098
"2132",3.85072837787919
"2133",5
"2134",5
"2135",4.60899908891906
"2136",4.1738442049927
"2137",4.56616451182845
"2138",4.84899576504121
"2139",5
"2140",5
"2141",5
"2142",5
"2143",5
"2144",5
"2145",5
"2146",4.82525952050397
"2147",5
"2148",5
"2149",3.79015726697363
"2150",4.19385119570336
"2151",3.59696598555673
"2152",3.19237638401554
"2153",3.21135415878396
"2154",1.74209732839418
"2155",1.66287146427021
"2156",1.45086493908615
"2157",2.45086491971275
"2158",3.15387344890843
"2159",4.29563965120289
"2160",5
"2161",5
"2162",5
"2163",5
"2164",5
"2165",5
"2166",5
"2167",5
"2168",5
"2169",5
"2170",5
"2171",4.79408493640797
"2172",4.53131768960478
"2173",3.1780959888743
"2174",3.8914595880329
"2175",5
"2176",5
"2177",5
"2178",5
"2179",4.03167137093791
"2180",2.42570141849843
"2181",1.35341846175589
"2182",2.20664215966395
"2183",3.00621214512457
"2184",4.41762653922803
"2185",5
"2186",5
"2187",5
"2188",5
"2189",5
"2190",5
"2191",5
"2192",4.90431786509405
"2193",4.35721476618026
"2194",4.32341066390832
"2195",2.63552337238931
"2196",2.78952005076244
"2197",1.56016955606345
"2198",3.05622397492026
"2199",2.03192495970383
"2200",2.04722223922012
"2201",0.610399879249038
"2202",0.631824029260398
"2203",0.369170281807622
"2204",1.36424822806724
"2205",1.61006545823759
"2206",1.87112984297119
"2207",2.18762322924346
"2208",2.52777419830093
"2209",3.67298001232005
"2210",5
"2211",5
"2212",5
"2213",5
"2214",5
"2215",4.96081355567515
"2216",4.37292020482585
"2217",1.69238590838418
"2218",1.99368056567831
"2219",0.738329891430862
"2220",0.640609383632566
"2221",0.385572102611582
"2222",0.417876322971848
"2223",0.428300680048233
"2224",0.428300680048234
"2225",0.620255538298188
"2226",1.684251128313
"2227",1.461027151749
"2228",3.15020919799041
"2229",4.8312565216609
"2230",5
"2231",5
"2232",5
"2233",2.97114175640392
"2234",4.7172723608784
"2235",4.15735352559197
"2236",5
"2237",4.93236009246392
"2238",5
"2239",5
"2240",5
"2241",5
"2242",5
"2243",4.8803111208215
"2244",4.25135924155205
"2245",4.08869215283839
"2246",4.17426612812013
"2247",4.47106779946772
"2248",4.89940129179309
"2249",5
"2250",5
"2251",5
"2252",5
"2253",5
"2254",5
"2255",5
"2256",5
"2257",3.56868853745414
"2258",5
"2259",4.13979349340181
"2260",3.72120830657997
"2261",3.06448481636413
"2262",2.32295821202908
"2263",1.4857765547949
"2264",0.954868790322719
"2265",1.05304790578676
"2266",2.05304788641336
"2267",3.55304785735327
"2268",4.93783889421012
"2269",5
"2270",5
"2271",5
"2272",5
"2273",5
"2274",5
"2275",5
"2276",5
"2277",5
"2278",5
"2279",5
"2280",5
"2281",4.10816639721311
"2282",3.3264688944635
"2283",4.72472661253741
"2284",5
"2285",5
"2286",5
"2287",4.0338011690476
"2288",2.69192654409843
"2289",0.669481379726221
"2290",1.75005536073026
"2291",2.01481376729163
"2292",3.08805494289615
"2293",4.94397602263419
"2294",5
"2295",5
"2296",5
"2297",5
"2298",5
"2299",5
"2300",5
"2301",5
"2302",5
"2303",3.95656959092646
"2304",3.44230325959828
"2305",1.16317329819754
"2306",1.31767025020918
"2307",1.41399438729871
"2308",1.48722506365757
"2309",1.16813230225436
"2310",1.08077800562141
"2311",0.553074463255821
"2312",0
"2313",0
"2314",0.282109525110792
"2315",0.991215860091148
"2316",1.82974600899563
"2317",2.19540684598685
"2318",3.31644792332766
"2319",5
"2320",5
"2321",5
"2322",5
"2323",5
"2324",5
"2325",4.62540122461289
"2326",3.72842510089282
"2327",3.35461663045936
"2328",0.493480418395988
"2329",0.719094290471504
"2330",0.425681017254041
"2331",0.428300680048233
"2332",0.428300680048233
"2333",0.428300680048234
"2334",0.620255538298188
"2335",1.07967003378601
"2336",1.8936356158706
"2337",3.88655168086663
"2338",5
"2339",5
"2340",4.86942020007322
"2341",4.27986918971389
"2342",3.57048834136748
"2343",3.80368399268699
"2344",4.1408366513421
"2345",5
"2346",5
"2347",5
"2348",5
"2349",5
"2350",5
"2351",5
"2352",3.76126420408294
"2353",4.06832627491298
"2354",3.51814108101888
"2355",2.75346100784205
"2356",3.61485018615527
"2357",3.2808313050394
"2358",4.05187667634835
"2359",3.85988512237021
"2360",3.74351687934103
"2361",4.92080190431687
"2362",5
"2363",5
"2364",5
"2365",5
"2366",5
"2367",5
"2368",5
"2369",4.27095304849287
"2370",3.19521880902059
"2371",3.05129176820591
"2372",1.65331130953013
"2373",1.07281689218386
"2374",1.17804790336509
"2375",2.30304788157001
"2376",3.92804785008824
"2377",4.48814493487133
"2378",5
"2379",5
"2380",5
"2381",5
"2382",5
"2383",5
"2384",5
"2385",5
"2386",5
"2387",5
"2388",5
"2389",4.52852264481882
"2390",3.99297334516469
"2391",4.65737040699013
"2392",4.66633604269875
"2393",4.5475152469463
"2394",3.98633734902768
"2395",3.60375610312268
"2396",1.61762132985454
"2397",0.757766987737034
"2398",0
"2399",0.789148651025168
"2400",1.79687486332816
"2401",4.24626432659873
"2402",5
"2403",5
"2404",5
"2405",5
"2406",5
"2407",5
"2408",4.19352620053229
"2409",4.48345633759854
"2410",4.58613808378915
"2411",3.95398231767486
"2412",2.81384987963669
"2413",2.03964738764726
"2414",1.06675657258761
"2415",0.355642165401369
"2416",1.58109823302128
"2417",1.28344470954916
"2418",1.18727033223626
"2419",0.864054178388195
"2420",1.16148866115731
"2421",0
"2422",0
"2423",0.0716903718093584
"2424",0.388242827667853
"2425",0.580556607743354
"2426",2.06542854112865
"2427",2.42458798209532
"2428",4.61290974489251
"2429",5
"2430",5
"2431",5
"2432",5
"2433",5
"2434",4.05601018590182
"2435",2.61267638627687
"2436",0.845494831802848
"2437",1.48655911493305
"2438",0.443877702944749
"2439",0.428300680048233
"2440",0.428300680048233
"2441",0.428300680048233
"2442",0.428300680048233
"2443",0.620255538298188
"2444",3.01633253224565
"2445",2.30972979090492
"2446",2.96475753765868
"2447",4.69260866752706
"2448",5
"2449",5
"2450",5
"2451",3.47723743233483
"2452",2.79425478029766
"2453",2.78887971602452
"2454",3.38006868273647
"2455",4.76732760562508
"2456",5
"2457",5
"2458",5
"2459",5
"2460",4.75264294828773
"2461",4.1271972474615
"2462",3.1284687126483
"2463",2.91805698764746
"2464",3.02292134415432
"2465",3.4817807999913
"2466",3.20039647051028
"2467",2.69974034486122
"2468",2.58025630661531
"2469",3.61239897627138
"2470",3.10654927574407
"2471",3.64190013920771
"2472",4.25975233181777
"2473",4.8419780684829
"2474",5
"2475",5
"2476",5
"2477",5
"2478",5
"2479",4.85573909483166
"2480",4.11749855572224
"2481",3.04014921323743
"2482",1.94335026673669
"2483",1.08478598560427
"2484",1.67804789367839
"2485",2.55304787672666
"2486",3.9076229983755
"2487",4.11052491362078
"2488",5
"2489",3.98696231966482
"2490",4.38178719737481
"2491",4.26936085272036
"2492",4.85032607656914
"2493",5
"2494",5
"2495",5
"2496",5
"2497",5
"2498",5
"2499",4.20081022150885
"2500",3.74368974674879
"2501",4.38005987258098
"2502",5
"2503",5
"2504",3.7959008716637
"2505",2.63747248439054
"2506",0.924323136497491
"2507",0
"2508",0.0528164185539453
"2509",0.899100230727863
"2510",1.64428723609166
"2511",4.53588111307102
"2512",5
"2513",5
"2514",5
"2515",5
"2516",3.14276126367346
"2517",3.42004266910831
"2518",3.45182942268506
"2519",3.35264739025896
"2520",2.4684841747538
"2521",2.12008110711597
"2522",1.97271559572058
"2523",1.05107867051885
"2524",0.564337322131139
"2525",1.05275175641927
"2526",1.43282982958262
"2527",1.88701079969347
"2528",2.10743118395284
"2529",0.743669746393258
"2530",0.395140886016466
"2531",0.6878974367407
"2532",0.0793475176262051
"2533",0.580123387500955
"2534",0.993617875305089
"2535",1.62283104284992
"2536",1.12046967607449
"2537",2.05855349152804
"2538",2.68718545895074
"2539",5
"2540",5
"2541",5
"2542",5
"2543",4.62908004202253
"2544",3.19222822602754
"2545",1.79010908739604
"2546",1.25922375003538
"2547",0.535806063410635
"2548",0.413287552709154
"2549",0.428300680048233
"2550",0.428300680048233
"2551",0.428300680048233
"2552",0.428300680048234
"2553",0.620255538298188
"2554",0
"2555",0
"2556",3.25831491325699
"2557",3.18835657404319
"2558",5
"2559",5
"2560",5
"2561",5
"2562",4.61654568545589
"2563",2.89075515724998
"2564",1.83996180769528
"2565",1.96151272407556
"2566",2.72640537763178
"2567",3.64826375204302
"2568",5
"2569",5
"2570",5
"2571",4.95121602155908
"2572",3.80258005149153
"2573",3.49644154474462
"2574",3.09322706948008
"2575",3.48430267418912
"2576",3.8587282255918
"2577",3.79397752319699
"2578",3.40926133848435
"2579",3.59310644349536
"2580",2.4961148431616
"2581",3.04507005141885
"2582",2.57499354322604
"2583",2.8352788236682
"2584",3.59594888866339
"2585",4.09317385984964
"2586",5
"2587",5
"2588",5
"2589",5
"2590",5
"2591",4.90540417430217
"2592",4.1684580228115
"2593",2.91260434350587
"2594",1.96803682042817
"2595",1.32700178073492
"2596",1.65800005061959
"2597",2.41930122691866
"2598",2.9937833812661
"2599",3.75906907960976
"2600",3.36871994243298
"2601",3.12280180877623
"2602",2.90550643827773
"2603",1.46536514314718
"2604",5
"2605",5
"2606",5
"2607",5
"2608",5
"2609",5
"2610",4.87170074503839
"2611",4.36770422532194
"2612",4.26273100219165
"2613",4.2597432552002
"2614",5
"2615",4.69109335748498
"2616",4.5710559841596
"2617",2.78539380246064
"2618",0.881277850006236
"2619",0.396934902751562
"2620",0.841729051544717
"2621",1.01698599849341
"2622",2.83546921408693
"2623",4.76828975134939
"2624",5
"2625",5
"2626",5
"2627",3.41727580061037
"2628",3.06709459556267
"2629",1.84602974065529
"2630",2.36271410668436
"2631",1.89313077162037
"2632",2.74015239462894
"2633",1.02327889342006
"2634",1.07959029841759
"2635",0.96717137227775
"2636",1.03204427195558
"2637",1.84083373690746
"2638",2.20440972527719
"2639",1.93582183214271
"2640",1.41207160109396
"2641",0.912705715122579
"2642",1.05521904984867
"2643",1.05778764915889
"2644",0.998836488693445
"2645",1.58242747706849
"2646",2.76908056670716
"2647",1.74239674518584
"2648",2.3161570232211
"2649",2.12236242369137
"2650",1.97140739120768
"2651",2.52616481528951
"2652",3.80291011475656
"2653",4.19080840687785
"2654",3.74561450543259
"2655",3.3722396488101
"2656",2.75710582575863
"2657",2.030697084271
"2658",0.676474807384357
"2659",0.63225491926464
"2660",0.428300680048233
"2661",0.428300680048233
"2662",0.428300680048233
"2663",0.428300680048234
"2664",0.428300680048233
"2665",0.812210396548143
"2666",0
"2667",0
"2668",0.1745181109658
"2669",0.418296043743663
"2670",3.79291414245939
"2671",5
"2672",5
"2673",5
"2674",5
"2675",5
"2676",3.51866495669174
"2677",2.24107187029604
"2678",1.29748928823004
"2679",0.861053996704007
"2680",1.87014810303394
"2681",3.43353489127896
"2682",4.84466732446064
"2683",5
"2684",5
"2685",4.52990077300694
"2686",5
"2687",3.68987143960045
"2688",4.52911804762995
"2689",3.5013249084968
"2690",3.96890059658986
"2691",4.07037485648883
"2692",4.37856194300454
"2693",3.0800641592096
"2694",3.46507636175456
"2695",3.00706175437333
"2696",4.01565203295245
"2697",3.49354184682796
"2698",3.84778469037973
"2699",3.1537490570134
"2700",4.44781597092261
"2701",5
"2702",5
"2703",5
"2704",5
"2705",5
"2706",3.59016232229188
"2707",2.59330821327605
"2708",1.73803980194833
"2709",1.29003887765532
"2710",1.5274809970794
"2711",2.39954471898501
"2712",2.33060927573519
"2713",3.24976009812944
"2714",2.25580247800813
"2715",2.46148887518057
"2716",0
"2717",5
"2718",5
"2719",3.77446318824072
"2720",4.34014535021683
"2721",5
"2722",5
"2723",5
"2724",5
"2725",4.66858598894362
"2726",4.90515673416614
"2727",4.84665302668921
"2728",5
"2729",5
"2730",5
"2731",3.19068730323724
"2732",3.18574523086426
"2733",2.40613874532745
"2734",1.31151333430668
"2735",2.18125933717531
"2736",3.55471424794378
"2737",4.82654670876767
"2738",5
"2739",5
"2740",5
"2741",3.22495658805947
"2742",2.12220934361257
"2743",1.46272237752114
"2744",1.77611826725608
"2745",2.21831827182261
"2746",1.64537564020797
"2747",1.17300673543918
"2748",1.34109856219016
"2749",2.01633108809661
"2750",2.24808632805926
"2751",3.63290289428797
"2752",2.875874157626
"2753",2.63327475999023
"2754",1.6985369974826
"2755",1.47541426137611
"2756",1.22032947889363
"2757",2.08800673433673
"2758",2.54136266758902
"2759",2.77327321083066
"2760",4.12835770427817
"2761",3.29636741377745
"2762",2.79627179951288
"2763",1.76856267683701
"2764",2.16359158374803
"2765",1.86552901112734
"2766",2.17902332724785
"2767",2.70183521161495
"2768",3.91374947305383
"2769",3.28461470683801
"2770",2.62765008507586
"2771",2.35927608617433
"2772",1.79064491019195
"2773",0.430904641449633
"2774",0.40335543316973
"2775",0.428300680048233
"2776",0.428300680048233
"2777",0.428300680048234
"2778",0.620255538298188
"2779",0.383464819653403
"2780",0
"2781",0
"2782",1.1191870053096
"2783",1.97876379816114
"2784",5
"2785",5
"2786",5
"2787",5
"2788",5
"2789",3.30757610758464
"2790",1.76325201424099
"2791",1.52642444425332
"2792",1.61694532322429
"2793",2.52149434194605
"2794",3.49288561759454
"2795",4.2058952055395
"2796",5
"2797",5
"2798",5
"2799",5
"2800",5
"2801",5
"2802",5
"2803",5
"2804",4.13062311877571
"2805",4.08735821870914
"2806",4.12638850419824
"2807",4.51029516676522
"2808",4.15064766950292
"2809",4.4879105962669
"2810",4.24789310292753
"2811",3.50875293403298
"2812",3.83567280069038
"2813",3.74339038110907
"2814",4.38838484698988
"2815",5
"2816",5
"2817",5
"2818",5
"2819",4.31602479967731
"2820",3.18940806543814
"2821",1.44243981615337
"2822",1.64035299625552
"2823",1.65405683466535
"2824",1.77149909279347
"2825",1.65804071721241
"2826",1.98564146475984
"2827",2.80151556314429
"2828",2.47832648065855
"2829",2.77975370118893
"2830",3.8925628348425
"2831",1.81589001965805
"2832",4.52549331704998
"2833",4.79447577135541
"2834",5
"2835",5
"2836",5
"2837",5
"2838",5
"2839",5
"2840",5
"2841",5
"2842",4.48944769874362
"2843",4.47230466914693
"2844",4.99808614443406
"2845",4.26994997697447
"2846",3.46909164953725
"2847",3.55401977878382
"2848",2.36471958637555
"2849",3.92010356315344
"2850",5
"2851",5
"2852",5
"2853",4.51344539442225
"2854",2.24955652274613
"2855",1.35522815205349
"2856",1.75693702511102
"2857",1.28284626759958
"2858",2.66310997207119
"2859",3.33975584446792
"2860",3.75295269584801
"2861",3.23379450081126
"2862",2.9795633875187
"2863",4.32741540600149
"2864",4.106309629809
"2865",4.6664295973267
"2866",3.34120607012724
"2867",1.63470117875573
"2868",0.870332038290794
"2869",1.64700375656085
"2870",1.72558988026181
"2871",2.33608494201801
"2872",3.21706158673421
"2873",4.29131531226385
"2874",3.54599836904845
"2875",3.11196073503081
"2876",1.86042762092602
"2877",1.20116703921935
"2878",1.03393033037531
"2879",1.86753889862915
"2880",2.57518178279945
"2881",3.23965932144102
"2882",3.77173309454008
"2883",3.97091773240144
"2884",2.4874477921486
"2885",1.60135080009225
"2886",0.515268467089546
"2887",0.389847245355381
"2888",0.428300680048233
"2889",0.428300680048233
"2890",0.428300680048234
"2891",0.812210396548143
"2892",1.71741150654593
"2893",1.1745180915924
"2894",0.924518096435752
"2895",0
"2896",0.205495124645205
"2897",1.51744787944942
"2898",4.89626183235172
"2899",5
"2900",5
"2901",5
"2902",4.61831133534288
"2903",2.41421799346533
"2904",1.34224335607181
"2905",1.62240248725095
"2906",2.40770522848179
"2907",3.37176246506462
"2908",4.11247107326237
"2909",5
"2910",5
"2911",5
"2912",5
"2913",5
"2914",5
"2915",5
"2916",5
"2917",5
"2918",4.32132682701509
"2919",3.48947483158026
"2920",4.08744495992743
"2921",3.4830224951144
"2922",5
"2923",4.75697360982371
"2924",5
"2925",5
"2926",4.7997016252651
"2927",4.51743843332156
"2928",4.13763879134976
"2929",5
"2930",5
"2931",5
"2932",5
"2933",5
"2934",3.01963852080972
"2935",1.83612906713307
"2936",0.968658138774327
"2937",1.39903164743317
"2938",2.42987890803952
"2939",2.98154023817965
"2940",2.02839668198614
"2941",2.80205110073019
"2942",3.31718430129706
"2943",4.23083618485192
"2944",4.59800187182486
"2945",5
"2946",5
"2947",5
"2948",5
"2949",5
"2950",5
"2951",5
"2952",5
"2953",5
"2954",5
"2955",3.5358497998566
"2956",3.57269701178408
"2957",3.56660003082455
"2958",4.8659059918454
"2959",5
"2960",5
"2961",3.63616607836368
"2962",4.00731465111974
"2963",2.95435989928456
"2964",4.92571742160092
"2965",4.43792751817657
"2966",4.79492158885445
"2967",2.31465593493021
"2968",2.29229977259898
"2969",0.57589136649002
"2970",1.36418363606066
"2971",3.02459436835844
"2972",4.77437116263389
"2973",5
"2974",5
"2975",5
"2976",5
"2977",5
"2978",5
"2979",5
"2980",3.48066085133761
"2981",2.01188205365706
"2982",1.53424388919625
"2983",0.947954720542399
"2984",1.31414995457082
"2985",1.74581481656876
"2986",2.99223876254089
"2987",3.18248740624874
"2988",3.5799780309403
"2989",2.21467705852445
"2990",1.10586234165289
"2991",0.787961923504591
"2992",1.28218483194326
"2993",1.67984997103697
"2994",2.65004766672621
"2995",3.98975378521291
"2996",4.01199641526522
"2997",4.20714857482141
"2998",3.24755216022223
"2999",2.95964804820285
"3000",0.849833263795822
"3001",0.339243850384166
"3002",0.428300680048233
"3003",0.428300680048234
"3004",0.428300680048233
"3005",0.620255538298188
"3006",0.620255538298188
"3007",0.620255538298188
"3008",0.812210396548143
"3009",2.21741149685923
"3010",4.17451803347221
"3011",3.17451805284561
"3012",1.04951809401408
"3013",0.157375291723828
"3014",0
"3015",2.34587443929744
"3016",3.75118119219241
"3017",5
"3018",5
"3019",5
"3020",5
"3021",4.12225500760536
"3022",2.6202902978857
"3023",2.24875925592371
"3024",3.16206076122652
"3025",4.27273070309255
"3026",5
"3027",5
"3028",5
"3029",5
"3030",5
"3031",5
"3032",5
"3033",5
"3034",5
"3035",5
"3036",3.79428816793816
"3037",2.89306239688653
"3038",3.91123277102921
"3039",4.09167529799538
"3040",4.1806848582024
"3041",4.92372424663434
"3042",5
"3043",5
"3044",5
"3045",4.79190289126809
"3046",4.59322540998122
"3047",5
"3048",5
"3049",5
"3050",5
"3051",5
"3052",3.32089394515949
"3053",1.81934712032663
"3054",1.28583158302791
"3055",2.48040482120118
"3056",2.80764208293016
"3057",3.60901950763824
"3058",3.74564193236836
"3059",4.36762309177993
"3060",4.49571790852249
"3061",5
"3062",4.92274039982761
"3063",5
"3064",5
"3065",5
"3066",5
"3067",5
"3068",5
"3069",5
"3070",5
"3071",5
"3072",5
"3073",3.32387730728108
"3074",3.20926642717756
"3075",3.85328936872745
"3076",4.63423998815515
"3077",5
"3078",5
"3079",4.95016461363265
"3080",3.12889599794507
"3081",3.03610593091404
"3082",2.87433957411186
"3083",3.1024800853165
"3084",3.36280653695404
"3085",1.93870308258072
"3086",0.277927980819622
"3087",1.17579084942547
"3088",1.59669612294829
"3089",4.25982149369959
"3090",5
"3091",5
"3092",5
"3093",5
"3094",5
"3095",5
"3096",5
"3097",5
"3098",3.90690120645789
"3099",2.34359977232894
"3100",1.36216368619559
"3101",1.29548542208077
"3102",1.13074566128276
"3103",0.617181097606328
"3104",1.66499680246868
"3105",2.28762012089097
"3106",1.69305498259082
"3107",1.13556927951884
"3108",0.79055748852372
"3109",0.257778200578284
"3110",0.704237884382125
"3111",2.17398363333351
"3112",3.18550642372954
"3113",3.71173476739994
"3114",5
"3115",4.54392816302282
"3116",3.38721358847376
"3117",1.35056444578405
"3118",0.799454387884927
"3119",0.527344458336467
"3120",0.428300680048233
"3121",0.428300680048233
"3122",0.428300680048234
"3123",0.428300680048234
"3124",0.428300680048234
"3125",0.428300680048233
"3126",0.812210396548143
"3127",1.59241150896761
"3128",2.63346477606326
"3129",5
"3130",4.0480039999367
"3131",4.04907144007117
"3132",2.04951807464068
"3133",0.1745181109658
"3134",0
"3135",2.37955171754889
"3136",5
"3137",5
"3138",5
"3139",5
"3140",5
"3141",5
"3142",3.9107065338686
"3143",3.5330789737694
"3144",3.47299590512832
"3145",4.38884899764152
"3146",5
"3147",5
"3148",5
"3149",5
"3150",5
"3151",5
"3152",5
"3153",5
"3154",5
"3155",5
"3156",5
"3157",3.79660476374129
"3158",3.49810828220103
"3159",4.65306367490374
"3160",5
"3161",5
"3162",5
"3163",5
"3164",5
"3165",5
"3166",5
"3167",5
"3168",5
"3169",5
"3170",5
"3171",5
"3172",4.1372868460642
"3173",2.37022707350403
"3174",2.86889974384527
"3175",2.5760143339514
"3176",3.72972860267831
"3177",3.85949555028752
"3178",4.68139218097656
"3179",4.1562553295051
"3180",4.36811245666238
"3181",5
"3182",5
"3183",4.61164095625805
"3184",5
"3185",5
"3186",4.54446589120233
"3187",3.62804946133699
"3188",3.70626600437332
"3189",5
"3190",4.84649509607855
"3191",5
"3192",3.95337926219991
"3193",3.48218980415517
"3194",2.26346117046925
"3195",3.13490048659307
"3196",4.13056613280129
"3197",5
"3198",5
"3199",3.77647344186328
"3200",3.72383664746729
"3201",2.68911148175373
"3202",3.28763170493944
"3203",2.69030270205314
"3204",1.90556076211647
"3205",1.16329701487114
"3206",0.65972372756532
"3207",0.714099638972082
"3208",2.46916686617668
"3209",4.72358461977828
"3210",5
"3211",5
"3212",5
"3213",5
"3214",5
"3215",5
"3216",5
"3217",5
"3218",4.07839731386713
"3219",2.23439418280576
"3220",1.67514523563283
"3221",0.819947168128259
"3222",0.344097124366387
"3223",0.043578814522014
"3224",0.632738869054408
"3225",0.222309891954475
"3226",0.32230701544054
"3227",0.61654484344811
"3228",0
"3229",0
"3230",0.175065534979282
"3231",1.5237466977148
"3232",3.27191468729436
"3233",4.58810498207595
"3234",4.90471464118362
"3235",5
"3236",4.31985914274698
"3237",1.71764313447171
"3238",1.2607690892472
"3239",0.405751720718227
"3240",0.332862691144979
"3241",0.428300680048233
"3242",0.428300680048233
"3243",0.428300680048233
"3244",0.428300680048234
"3245",0.620255538298188
"3246",1.77972402936579
"3247",1.51485055724197
"3248",1.63731734127836
"3249",2.57561252792239
"3250",0.592411528341005
"3251",1.79951807948403
"3252",3.06797669573818
"3253",4.81939552811388
"3254",5
"3255",3.3588371599833
"3256",1.15809300829609
"3257",0.0839352277525724
"3258",0.63558606363745
"3259",3.91839283940629
"3260",5
"3261",5
"3262",5
"3263",5
"3264",5
"3265",5
"3266",5
"3267",3.56193046290453
"3268",3.49182612249377
"3269",3.55740391173624
"3270",4.595310338504
"3271",5
"3272",5
"3273",4.77051438721533
"3274",5
"3275",5
"3276",5
"3277",5
"3278",5
"3279",5
"3280",4.82069616940246
"3281",5
"3282",5
"3283",5
"3284",5
"3285",5
"3286",5
"3287",5
"3288",5
"3289",5
"3290",5
"3291",5
"3292",5
"3293",5
"3294",5
"3295",5
"3296",5
"3297",4.22430775928809
"3298",3.09154294604308
"3299",3.01607268646309
"3300",3.61584697070072
"3301",3.94069351163497
"3302",5
"3303",4.14602287413208
"3304",5
"3305",4.35142911323421
"3306",4.33178053315033
"3307",4.62866238750834
"3308",4.69183964568984
"3309",4.42545996407214
"3310",3.64468580163793
"3311",3.71885585075873
"3312",2.74797281617908
"3313",4.24503033847142
"3314",4.05314394929792
"3315",4.09973883468372
"3316",3.6277140266712
"3317",3.25217509041141
"3318",2.16302823511377
"3319",2.37390647455954
"3320",3.10078152899585
"3321",4.61280473724985
"3322",4.70592372682839
"3323",4.63061518493929
"3324",3.89706288025443
"3325",4.61837601710309
"3326",2.97407033753088
"3327",3.41191852832795
"3328",2.51254851241545
"3329",0.981893464621743
"3330",1.11555329864952
"3331",1.76888979472485
"3332",2.56619749776703
"3333",5
"3334",5
"3335",5
"3336",5
"3337",5
"3338",5
"3339",5
"3340",5
"3341",4.56237810268451
"3342",3.76589195108772
"3343",2.36077972007018
"3344",1.40242517013217
"3345",1.3094024079176
"3346",0.506803784621765
"3347",0.505737709248578
"3348",0
"3349",0
"3350",0
"3351",0
"3352",0.314917473206535
"3353",0.157503130521623
"3354",0.191929668058428
"3355",1.39835582469351
"3356",2.86212727541771
"3357",4.48455851719165
"3358",4.03803025763195
"3359",5
"3360",3.20764553859405
"3361",3.05969228311509
"3362",1.23148518755255
"3363",1.00237373373475
"3364",0.297347147501858
"3365",0.358818910435071
"3366",0.428300680048233
"3367",0.428300680048234
"3368",0.428300680048233
"3369",0.812210396548143
"3370",1.90472402694412
"3371",1.57577212521467
"3372",2.26275983375099
"3373",2.72927664534238
"3374",2.97056053705299
"3375",2.15745928587038
"3376",0.901330855889772
"3377",0.46741153076268
"3378",0.799296558570087
"3379",0.596920018455759
"3380",2.83827899357452
"3381",2.83734367445447
"3382",3.19674987216279
"3383",2.07611367879422
"3384",1.35309181537868
"3385",0
"3386",1.4275056435269
"3387",4.88948552497157
"3388",5
"3389",5
"3390",5
"3391",5
"3392",5
"3393",5
"3394",5
"3395",2.46454239928987
"3396",2.90134880790446
"3397",3.12743313730253
"3398",3.78676781854891
"3399",4.73858485963469
"3400",3.65506924957812
"3401",3.52331710125113
"3402",2.78036570204498
"3403",4.94258431905367
"3404",4.80244456902323
"3405",5
"3406",5
"3407",5
"3408",5
"3409",5
"3410",5
"3411",5
"3412",5
"3413",5
"3414",5
"3415",5
"3416",5
"3417",5
"3418",5
"3419",5
"3420",5
"3421",5
"3422",5
"3423",5
"3424",5
"3425",5
"3426",4.03898570616449
"3427",3.23232881980826
"3428",3.23374249139863
"3429",3.42946393292446
"3430",3.95895948976672
"3431",5
"3432",5
"3433",5
"3434",4.66093369531517
"3435",5
"3436",4.7718846237933
"3437",4.49558952877477
"3438",3.86103539373392
"3439",3.15632799167431
"3440",3.73711094679691
"3441",4.14848262157419
"3442",5
"3443",4.7092357883783
"3444",4.70980168677623
"3445",3.29732206793055
"3446",3.85242350261198
"3447",3.74936070080445
"3448",4.7019385463066
"3449",3.88135987151188
"3450",4.53079064506474
"3451",4.81587700439365
"3452",5
"3453",5
"3454",4.76798808108226
"3455",2.97501011686688
"3456",3.0000821281117
"3457",2.77195975575194
"3458",1.11274860843056
"3459",1.53647359566641
"3460",2.92314000930403
"3461",5
"3462",5
"3463",5
"3464",5
"3465",5
"3466",5
"3467",5
"3468",4.12821706593131
"3469",3.29749485153316
"3470",2.49392249792132
"3471",1.52048021136491
"3472",1.58153699274279
"3473",1.03292804046195
"3474",0.87407867832456
"3475",0.158025006198516
"3476",0.296997596925607
"3477",0.471470688819352
"3478",0
"3479",0
"3480",0.503137464635895
"3481",0.048672630897578
"3482",1.6142741740367
"3483",2.56532534565982
"3484",3.50356344968716
"3485",4.46608445618924
"3486",5
"3487",4.67300573007754
"3488",3.97860241185914
"3489",2.6298176945127
"3490",1.86280620327367
"3491",0.652586867209219
"3492",0.556053316077135
"3493",0.210915919327668
"3494",0.428263404500445
"3495",0.428300680048234
"3496",0.620255538298188
"3497",2.02972402452244
"3498",2.47943178830404
"3499",3.99230706996169
"3500",4.29323537834983
"3501",4.80059855684104
"3502",3.19132003727195
"3503",1.29284903934749
"3504",1.1488421159066
"3505",0.340990271826168
"3506",1.09506636015167
"3507",0.798628951887288
"3508",1.90276381471525
"3509",1.60427170074667
"3510",1.10169027091653
"3511",0
"3512",0
"3513",1.90876255599098
"3514",5
"3515",5
"3516",5
"3517",5
"3518",5
"3519",5
"3520",5
"3521",5
"3522",5
"3523",3.31955419737874
"3524",2.65609597850728
"3525",2.81591813154693
"3526",2.72321433898491
"3527",2.39199879696096
"3528",1.12862768592185
"3529",1.98414166864133
"3530",1.98622729667752
"3531",3.03883990331793
"3532",3.38727141952523
"3533",4.63889063552586
"3534",5
"3535",5
"3536",5
"3537",5
"3538",5
"3539",5
"3540",5
"3541",5
"3542",5
"3543",5
"3544",5
"3545",4.96455836421124
"3546",5
"3547",4.72852777869156
"3548",5
"3549",4.66709700534734
"3550",5
"3551",5
"3552",4.81137740718241
"3553",4.06554816524076
"3554",3.00149329309834
"3555",1.89723867372631
"3556",2.35473495966673
"3557",3.73719916997193
"3558",4.75588741234477
"3559",4.46799597072162
"3560",4.9519007047295
"3561",5
"3562",4.93942949048149
"3563",3.96630199869083
"3564",3.63595091754265
"3565",3.70475605881643
"3566",3.72395287542877
"3567",4.42763566722861
"3568",4.51110259330082
"3569",5
"3570",5
"3571",4.81132257042282
"3572",5
"3573",4.90539912546916
"3574",4.81402769212096
"3575",4.36559139900369
"3576",5
"3577",4.63331219284935
"3578",5
"3579",5
"3580",5
"3581",5
"3582",4.89589653136119
"3583",3.11081033735159
"3584",2.13233667124286
"3585",1.05396837322899
"3586",2.17945863739955
"3587",3.03734648895825
"3588",5
"3589",5
"3590",5
"3591",5
"3592",5
"3593",5
"3594",4.93966110980845
"3595",3.20907194095519
"3596",3.10062088504607
"3597",0.813041264973986
"3598",0.902002384954682
"3599",0.754756256255014
"3600",1.35539861843875
"3601",1.50805861288591
"3602",1.62653950301712
"3603",1.09281119768893
"3604",1.10875097249436
"3605",1.34849984621391
"3606",0.606410093763728
"3607",0.0464836709636339
"3608",1.93982350056054
"3609",2.57064073430793
"3610",2.25535627266607
"3611",3.96774171758946
"3612",5
"3613",5
"3614",5
"3615",4.9673295920422
"3616",3.52895064390349
"3617",1.62256822536256
"3618",0.739172919201012
"3619",0.498641336283185
"3620",0.390222957667393
"3621",0.361743177056744
"3622",0.409110979191522
"3623",0.812210396548143
"3624",2.37550900978793
"3625",2.6734867398441
"3626",4.08443069970749
"3627",5
"3628",4.87371748804998
"3629",4.85418706333309
"3630",3.6784713292505
"3631",1.06064247579411
"3632",0.214719026264425
"3633",0.127271576405755
"3634",0.225614911124642
"3635",0.579312499059825
"3636",0.582407781956751
"3637",0.332978118967009
"3638",0.332978118967009
"3639",0.168353055939666
"3640",1.55460957409799
"3641",5
"3642",5
"3643",5
"3644",5
"3645",5
"3646",5
"3647",5
"3648",5
"3649",5
"3650",2.69423582993685
"3651",1.94110145887919
"3652",2.75829552052423
"3653",2.56816151030312
"3654",0.788338034196405
"3655",0.777693565337837
"3656",0.339870069741275
"3657",1.42126486168145
"3658",1.15911057009854
"3659",2.90409066713355
"3660",3.1031723906978
"3661",4.45727383071852
"3662",5
"3663",5
"3664",5
"3665",5
"3666",5
"3667",5
"3668",5
"3669",5
"3670",5
"3671",5
"3672",5
"3673",5
"3674",4.05408530493087
"3675",3.43405090714761
"3676",4.11540497204021
"3677",5
"3678",4.93312774333166
"3679",5
"3680",4.62935603720957
"3681",3.40375051543853
"3682",1.82966503854347
"3683",2.10771199309619
"3684",2.19092340435489
"3685",3.66783982153317
"3686",3.92104458214671
"3687",4.16103735681746
"3688",4.19802525011905
"3689",3.37239758629793
"3690",4.1407331444656
"3691",3.42168559738798
"3692",3.21874657098225
"3693",3.84668154946774
"3694",4.8967635886966
"3695",5
"3696",5
"3697",5
"3698",5
"3699",5
"3700",5
"3701",5
"3702",5
"3703",4.7448797851347
"3704",4.81175353983056
"3705",4.91260172282159
"3706",5
"3707",5
"3708",5
"3709",4.84797453954552
"3710",2.97861818126546
"3711",1.8589142572494
"3712",1.73147163798627
"3713",1.43016682247043
"3714",2.61016091401565
"3715",4.76076313936575
"3716",5
"3717",5
"3718",5
"3719",5
"3720",5
"3721",3.74795419754975
"3722",2.14817938468751
"3723",1.443849513814
"3724",0.749884129665998
"3725",0.67122788313616
"3726",0.579741012203104
"3727",1.48822418356575
"3728",1.39759026327643
"3729",2.4140448842677
"3730",2.19498741623993
"3731",2.41946764765649
"3732",2.09369687316845
"3733",1.2838655902482
"3734",0.9564624590466
"3735",0.261327105695541
"3736",0.731132229849764
"3737",3.27172102341337
"3738",3.95076404578463
"3739",5
"3740",5
"3741",5
"3742",5
"3743",4.30235976053097
"3744",2.37256821083251
"3745",0.995802701919211
"3746",0.570258776618089
"3747",0.3098843878159
"3748",0.261428904409561
"3749",0.197690393618326
"3750",0.702005249701465
"3751",1.74906241833824
"3752",2.76785805245017
"3753",3.70148086208836
"3754",4.53975767392954
"3755",5
"3756",3.34618539265265
"3757",2.48948107857992
"3758",1.54538404046495
"3759",0.152526741278812
"3760",0.131568397760078
"3761",0.711995745667017
"3762",2.19153541912996
"3763",1.97353495039996
"3764",2.20797808264189
"3765",1.06918444232329
"3766",0.230903827214461
"3767",3.98732283667899
"3768",5
"3769",5
"3770",5
"3771",5
"3772",5
"3773",5
"3774",5
"3775",5
"3776",3.09735084516565
"3777",1.97226646588641
"3778",3.1699023237736
"3779",2.051101320571
"3780",1.29553431068568
"3781",0.721956838950867
"3782",0.564711305844338
"3783",0.681353549365361
"3784",0.832314898927994
"3785",2.07331781595136
"3786",1.12863190294905
"3787",2.47288926443603
"3788",4.77710235287195
"3789",5
"3790",5
"3791",5
"3792",5
"3793",5
"3794",5
"3795",5
"3796",5
"3797",5
"3798",5
"3799",5
"3800",5
"3801",3.93631370370557
"3802",3.12777028346265
"3803",3.83365453873399
"3804",3.80539341863606
"3805",5
"3806",5
"3807",5
"3808",3.43773372428112
"3809",3.29979360809148
"3810",1.7771177039013
"3811",2.0761510893716
"3812",2.21513612831168
"3813",2.91442780018663
"3814",2.59055937385376
"3815",3.00171307388759
"3816",3.3616487636472
"3817",3.84482728826956
"3818",2.90003334442034
"3819",3.04936838400439
"3820",4.12667357435173
"3821",4.33814439369984
"3822",5
"3823",5
"3824",5
"3825",4.80178345978206
"3826",5
"3827",5
"3828",5
"3829",5
"3830",5
"3831",4.05656612627011
"3832",5
"3833",4.82668956741156
"3834",4.88773083194438
"3835",4.0538359532413
"3836",3.14175009477652
"3837",2.8090409936295
"3838",2.61058428056965
"3839",1.4705497294841
"3840",1.73249503600331
"3841",1.63919860702142
"3842",3.06286697700267
"3843",5
"3844",5
"3845",5
"3846",5
"3847",5
"3848",2.52356410139155
"3849",2.14247440636663
"3850",1.39424406334178
"3851",0.95875683643484
"3852",0.137159351574873
"3853",0.935311283820314
"3854",0.798161955906077
"3855",2.40502745584476
"3856",2.26968983999299
"3857",3.05194329321006
"3858",2.89627598726709
"3859",1.75231039976474
"3860",1.83243440925699
"3861",1.73058680503182
"3862",1.36645967154882
"3863",1.18456357339725
"3864",0.797900536496525
"3865",4.51472870551794
"3866",5
"3867",5
"3868",5
"3869",5
"3870",5
"3871",2.76094986733036
"3872",2.01641135784217
"3873",0.345551191656134
"3874",0.103472889525372
"3875",0.1779365208965
"3876",0.107303966539484
"3877",0.296529624741609
"3878",1.91261909544792
"3879",1.74740898349164
"3880",1.87021907041555
"3881",1.70763073162794
"3882",2.55671945045422
"3883",2.58076504694739
"3884",3.670299033149
"3885",4.08977421474063
"3886",4.29549848830271
"3887",2.25698286914121
"3888",1.6082075269446
"3889",1.6944635022779
"3890",1.76176718161543
"3891",2.82740499528688
"3892",4.53497152365374
"3893",4.87010214975858
"3894",4.37855124851867
"3895",3.65078353343517
"3896",4.1426238304297
"3897",3.66624245583791
"3898",5
"3899",5
"3900",5
"3901",5
"3902",5
"3903",5
"3904",5
"3905",3.38354859666833
"3906",3.72467990294344
"3907",3.66614181782626
"3908",2.28130634329435
"3909",1.5990357245758
"3910",0.77595888570976
"3911",0.632219860022625
"3912",0.18731405105429
"3913",0.940845875099016
"3914",1.06730364915079
"3915",0.588270862099476
"3916",1.74220528201607
"3917",2.83227498710636
"3918",3.60378292977651
"3919",5
"3920",5
"3921",5
"3922",5
"3923",5
"3924",5
"3925",5
"3926",5
"3927",5
"3928",5
"3929",5
"3930",4.53492811372436
"3931",4.71598947593639
"3932",3.79280513774097
"3933",3.59270574434572
"3934",5
"3935",5
"3936",5
"3937",5
"3938",4.68541319825139
"3939",2.84927508055729
"3940",2.48168014508825
"3941",2.5823814802309
"3942",2.68117830407051
"3943",1.99281844212086
"3944",2.25668407998187
"3945",2.06703197594404
"3946",3.16416704206477
"3947",2.63722771539487
"3948",3.4899396010548
"3949",2.85841476673701
"3950",4.26757221772872
"3951",5
"3952",5
"3953",5
"3954",5
"3955",4.93782241670581
"3956",5
"3957",5
"3958",5
"3959",5
"3960",4.17988285268201
"3961",4.37953034833749
"3962",4.66697578627233
"3963",4.53027088794156
"3964",3.74719268561163
"3965",3.5393004061317
"3966",3.44356281380158
"3967",3.38065842845222
"3968",3.2291675626137
"3969",2.98652324872954
"3970",2.86320950216543
"3971",1.73451948393247
"3972",2.05074705121462
"3973",3.76428671312042
"3974",5
"3975",5
"3976",5
"3977",4.77441662383948
"3978",3.10257238391861
"3979",1.58832699109837
"3980",1.24690642840993
"3981",0.643999305078467
"3982",0.920245394197408
"3983",1.33277008644704
"3984",1.67309037259018
"3985",2.09643506971823
"3986",2.9285669283718
"3987",3.14172575242824
"3988",3.30312247421842
"3989",2.83645715364135
"3990",2.17460690101679
"3991",1.80680616670954
"3992",2.2414596545971
"3993",1.7414596642838
"3994",1.72243693186817
"3995",2.63504020086239
"3996",4.99818868743776
"3997",5
"3998",5
"3999",5
"4000",5
"4001",4.36322964298031
"4002",1.86562485101814
"4003",0.697362238976673
"4004",0.061584646091954
"4005",0.0101197958389951
"4006",0
"4007",0.604821079000976
"4008",1.7876190978696
"4009",1.38757214916342
"4010",1.36252519319222
"4011",2.11252517866218
"4012",2.22236201783374
"4013",2.09501300157992
"4014",2.01257193350096
"4015",2.80978083821172
"4016",1.85434715533323
"4017",2.43115261610355
"4018",3.1615288537559
"4019",3.61828616235354
"4020",3.33768161920015
"4021",2.7368137885173
"4022",3.06929816889452
"4023",4.90662906549254
"4024",5
"4025",5
"4026",5
"4027",5
"4028",5
"4029",4.76843992064077
"4030",5
"4031",5
"4032",5
"4033",5
"4034",4.93795158866285
"4035",5
"4036",3.4391262569934
"4037",2.33274902964594
"4038",2.25451262867499
"4039",2.57844184256327
"4040",1.46676800901744
"4041",0.558111973816747
"4042",0.833250984285574
"4043",0
"4044",0.239576696190382
"4045",0.471667658090843
"4046",0.260323165446084
"4047",0.949338426329584
"4048",1.17857562716791
"4049",3.26826334021804
"4050",4.62704483282927
"4051",5
"4052",5
"4053",5
"4054",5
"4055",5
"4056",5
"4057",5
"4058",5
"4059",5
"4060",5
"4061",4.84054205351773
"4062",3.24254210860797
"4063",3.41160906814076
"4064",4.33271243305331
"4065",4.34110197457107
"4066",4.91798887017595
"4067",5
"4068",5
"4069",5
"4070",4.73917908390624
"4071",4.5064951276945
"4072",3.97736865444457
"4073",3.99485763776836
"4074",3.02352024901135
"4075",3.45233700724645
"4076",1.93344512964657
"4077",2.82731449941328
"4078",2.49393567047929
"4079",3.43474887916915
"4080",2.98777954347737
"4081",4.08304533018607
"4082",4.29916941023915
"4083",5
"4084",5
"4085",5
"4086",4.38433114127941
"4087",5
"4088",5
"4089",5
"4090",5
"4091",5
"4092",4.37522219984921
"4093",5
"4094",4.71672550520627
"4095",5
"4096",4.80356709968507
"4097",4.46910626029905
"4098",3.22870994008509
"4099",4.31118118946381
"4100",4.66262085980539
"4101",4.42220704049838
"4102",3.06717258925995
"4103",3.08384803521719
"4104",2.96445601410694
"4105",2.46862348192872
"4106",3.98835261715343
"4107",5
"4108",5
"4109",4.54587867857916
"4110",3.8912978308659
"4111",2.02155673750019
"4112",1.12212479351147
"4113",1.47966758174096
"4114",2.09730506834076
"4115",1.30951052623219
"4116",1.87639272376138
"4117",2.3292960760215
"4118",2.57950609446527
"4119",3.28292181667307
"4120",3.38243209857304
"4121",2.90855980597035
"4122",4.40107470703844
"4123",2.46747631060948
"4124",2.11794525565242
"4125",2.48021071015129
"4126",1.10405163881186
"4127",3.21323311384632
"4128",4.55191558678368
"4129",5
"4130",5
"4131",5
"4132",5
"4133",3.73624034822893
"4134",2.11726106335453
"4135",0.856254549168686
"4136",0.113238168060568
"4137",0.113238168060568
"4138",0
"4139",0.604821079000976
"4140",1.66261910029127
"4141",0.737525205300597
"4142",1.33918424592279
"4143",2.04591922904068
"4144",2.43591872790121
"4145",3.15428791773692
"4146",3.50985269066898
"4147",3.51619937150968
"4148",2.63759137580305
"4149",3.03166447459857
"4150",1.96284957810183
"4151",3.06440861184539
"4152",2.79959350821191
"4153",3.08374083979044
"4154",4.63631674954103
"4155",4.28377878984282
"4156",5
"4157",5
"4158",5
"4159",5
"4160",5
"4161",5
"4162",5
"4163",5
"4164",5
"4165",5
"4166",4.87202640334559
"4167",4.13503918786917
"4168",2.64352293505326
"4169",2.11830438795056
"4170",1.29742320664343
"4171",1.31975837893651
"4172",0.584699504566376
"4173",0.446184613864631
"4174",0.029881071739431
"4175",0
"4176",0
"4177",0
"4178",0.0951462966152434
"4179",0.51113223016068
"4180",0.535456851631435
"4181",2.19494003202166
"4182",2.22275948947694
"4183",4.15051796224991
"4184",5
"4185",5
"4186",5
"4187",5
"4188",5
"4189",5
"4190",5
"4191",5
"4192",5
"4193",5
"4194",3.33917241772472
"4195",5
"4196",5
"4197",4.5475509351812
"4198",5
"4199",5
"4200",4.58962672557349
"4201",5
"4202",5
"4203",5
"4204",4.82463426592472
"4205",5
"4206",5
"4207",5
"4208",4.39136901348138
"4209",4.41796092629925
"4210",3.40774863704585
"4211",4.19307855547182
"4212",4.27505334099172
"4213",4.73642316920405
"4214",4.22065145046724
"4215",4.14034148786407
"4216",4.96250465968605
"4217",5
"4218",3.71744274486553
"4219",4.20481891922959
"4220",3.78581197352501
"4221",5
"4222",5
"4223",5
"4224",4.90047063412027
"4225",5
"4226",5
"4227",5
"4228",5
"4229",5
"4230",4.33891312288638
"4231",4.63765052551942
"4232",4.86682041895542
"4233",4.78830777827956
"4234",5
"4235",5
"4236",3.93041115932323
"4237",4.51120925324887
"4238",4.31620251539419
"4239",5
"4240",5
"4241",5
"4242",4.86773035094935
"4243",2.6151687591482
"4244",1.5290950142087
"4245",1.69741638674729
"4246",2.04658679915348
"4247",2.4381594930641
"4248",2.02403172217571
"4249",1.80356806636773
"4250",1.95731150195101
"4251",3.39350365763231
"4252",3.21020146109137
"4253",3.01089308778865
"4254",2.93621497447247
"4255",3.81127074424606
"4256",1.52168717931284
"4257",3.19493247338093
"4258",2.53715191368583
"4259",4.61195379283159
"4260",3.95533517692519
"4261",4.96949712837041
"4262",5
"4263",5
"4264",5
"4265",5
"4266",5
"4267",1.78331835984624
"4268",0.86323815353052
"4269",0.613238158373869
"4270",0.238238165638893
"4271",0.238238165638895
"4272",0.604821079000975
"4273",2.08722372076559
"4274",1.26045155370296
"4275",1.1503801179636
"4276",1.06205853546921
"4277",2.01115423725865
"4278",1.71100802911326
"4279",0.269162500064861
"4280",0.955661719979109
"4281",1.45462617507872
"4282",2.49285277547609
"4283",4.0124252421886
"4284",4.29599922872755
"4285",3.6707016296572
"4286",4.22276244355053
"4287",2.83809164675455
"4288",2.99768272598454
"4289",2.40131757562626
"4290",1.89072749199403
"4291",2.79311608807977
"4292",3.76412635487399
"4293",4.25552348544549
"4294",5
"4295",5
"4296",5
"4297",5
"4298",5
"4299",5
"4300",5
"4301",5
"4302",5
"4303",5
"4304",3.80026957284962
"4305",5
"4306",2.36199233346656
"4307",1.87531348876946
"4308",0.491205163879209
"4309",0.861651249897364
"4310",0.570586949344044
"4311",0.614173230998196
"4312",0.977822570618411
"4313",0.551958789087765
"4314",0.074270996603603
"4315",0.346347605162769
"4316",0.519447138847835
"4317",0
"4318",0.138036837449868
"4319",0.88803682291982
"4320",1.28545683710139
"4321",2.01303680112475
"4322",3.22133599351343
"4323",4.20218138486343
"4324",4.28929238567172
"4325",5
"4326",5
"4327",5
"4328",5
"4329",5
"4330",5
"4331",5
"4332",3.56053139001325
"4333",5
"4334",5
"4335",5
"4336",5
"4337",5
"4338",4.7101759955421
"4339",4.9622077110185
"4340",4.81098400640517
"4341",4.20414129141563
"4342",5
"4343",5
"4344",5
"4345",5
"4346",5
"4347",5
"4348",5
"4349",4.71830714248347
"4350",4.71847861424814
"4351",4.78080593268077
"4352",5
"4353",4.31281217235226
"4354",4.12307323849703
"4355",4.89350424050771
"4356",3.42097063289074
"4357",3.71263683413076
"4358",4.00623887710008
"4359",4.25515804227602
"4360",5
"4361",4.99850527080537
"4362",5
"4363",5
"4364",5
"4365",5
"4366",5
"4367",5
"4368",5
"4369",5
"4370",5
"4371",4.85800962895875
"4372",5
"4373",5
"4374",4.64122335409458
"4375",5
"4376",4.76871578493873
"4377",4.17029388332061
"4378",4.75162881942235
"4379",4.92766513272618
"4380",3.9920186908329
"4381",2.89216164581523
"4382",1.60337340288027
"4383",2.19059726955514
"4384",1.91835600421462
"4385",2.61234741549922
"4386",2.92201781951667
"4387",2.63281089707937
"4388",2.31579124980312
"4389",2.84277357771199
"4390",2.16379807174082
"4391",2.43096044741264
"4392",1.81122097088174
"4393",2.34854797991033
"4394",1.80813186834155
"4395",3.27132897454758
"4396",2.38401044938728
"4397",5
"4398",5
"4399",5
"4400",5
"4401",5
"4402",5
"4403",5
"4404",5
"4405",3.41283394899305
"4406",1.69292552264873
"4407",0.974306786055559
"4408",0.782304579969559
"4409",0.569297255764356
"4410",0.538295136666745
"4411",1.63545154643793
"4412",0.8086793793753
"4413",1.07161868350124
"4414",0.623358738105922
"4415",0.974143990394868
"4416",0.636598599845056
"4417",1.70704860672427
"4418",0.872949821163852
"4419",1.8508158755668
"4420",2.87516968768528
"4421",4.61172944291474
"4422",4.66380761793158
"4423",5
"4424",4.72420587415407
"4425",3.45430580457825
"4426",3.36065687386672
"4427",2.20463427169551
"4428",1.52926294970233
"4429",1.68477733964819
"4430",2.93075443583983
"4431",5
"4432",5
"4433",5
"4434",5
"4435",5
"4436",5
"4437",5
"4438",4.07650996139008
"4439",3.87442361471666
"4440",5
"4441",4.65386910102148
"4442",4.1260262347426
"4443",3.18879482221264
"4444",1.2358434744202
"4445",0.821328095353988
"4446",0.552701755145698
"4447",0.248971470168804
"4448",0.695720748989634
"4449",0.688365209542701
"4450",0.467395243823135
"4451",0.760118705374316
"4452",0.511590569032544
"4453",0.237187334860665
"4454",0.875360621596698
"4455",0
"4456",0.3363768714334
"4457",0.388036832606519
"4458",1.01303682049815
"4459",1.51303681081145
"4460",1.87221633237329
"4461",2.39865332176751
"4462",3.6979453169852
"4463",3.10063829919765
"4464",4.60131598076366
"4465",4.51317187175006
"4466",5
"4467",5
"4468",5
"4469",5
"4470",5
"4471",5
"4472",3.08204969658548
"4473",5
"4474",5
"4475",5
"4476",4.62921923788775
"4477",3.51674123649204
"4478",2.52835103468097
"4479",2.87843749211072
"4480",4.76860664100093
"4481",5
"4482",5
"4483",5
"4484",5
"4485",5
"4486",5
"4487",4.27400022878326
"4488",4.42754976944467
"4489",5
"4490",5
"4491",5
"4492",4.81560085711796
"4493",4.67360023074057
"4494",3.46063403474683
"4495",3.70333274278156
"4496",2.23164832875495
"4497",4.25242415961546
"4498",4.45680537295579
"4499",5
"4500",5
"4501",5
"4502",5
"4503",5
"4504",5
"4505",5
"4506",5
"4507",5
"4508",5
"4509",5
"4510",5
"4511",5
"4512",5
"4513",5
"4514",4.39253789954526
"4515",4.82327048142661
"4516",5
"4517",4.57648579624347
"4518",3.57839674837888
"4519",1.43253353205574
"4520",2.25565915424271
"4521",2.45419392236059
"4522",3.24791077679452
"4523",3.76680080118438
"4524",4.06212205828011
"4525",2.94686226711886
"4526",2.4090147181811
"4527",2.0781996582346
"4528",2.07549613367556
"4529",1.63774212611246
"4530",2.75071582921426
"4531",1.21819958882791
"4532",2.05709052998378
"4533",2.53856267875568
"4534",4.57614498717761
"4535",5
"4536",5
"4537",5
"4538",5
"4539",5
"4540",5
"4541",5
"4542",3.36063509130356
"4543",2.42717825091159
"4544",1.00021388943437
"4545",1.37643362585625
"4546",1.16470599340968
"4547",0.778856871613103
"4548",0.542323887789442
"4549",2.21222371834391
"4550",1.76045154401626
"4551",1.18367937211028
"4552",1.43367936726693
"4553",1.24570947978944
"4554",1.46390992183201
"4555",1.36116631920041
"4556",1.96255854089707
"4557",1.89805387712799
"4558",2.97589497943777
"4559",2.38889404467468
"4560",3.57295234457749
"4561",5
"4562",5
"4563",5
"4564",5
"4565",5
"4566",4.05847035643203
"4567",1.15437374817268
"4568",0.542861204423059
"4569",2.06430836677319
"4570",3.8388031589614
"4571",4.54518599855563
"4572",5
"4573",5
"4574",5
"4575",5
"4576",5
"4577",4.21056533884663
"4578",3.00078200566064
"4579",4.30828589272921
"4580",5
"4581",4.10886908615762
"4582",3.16416526726461
"4583",1.8664424984719
"4584",2.19435837432194
"4585",0.983296658085705
"4586",0.746188472167152
"4587",0.54185930071968
"4588",0.218273910033557
"4589",1.02087525478899
"4590",1.05058153992174
"4591",0.617082034179597
"4592",0.948187963077693
"4593",1.36995224129905
"4594",0.993873193107771
"4595",0.717440906251732
"4596",0
"4597",0.505023770846457
"4598",0.458811572778141
"4599",0.63803682776317
"4600",0.486348758423733
"4601",1.71700608665757
"4602",1.86056122297644
"4603",2.17579791675884
"4604",2.67988099621409
"4605",2.7441057235182
"4606",2.50324248202431
"4607",5
"4608",5
"4609",5
"4610",5
"4611",5
"4612",5
"4613",5
"4614",5
"4615",5
"4616",5
"4617",3.01477851207217
"4618",2.46115944921687
"4619",2.70217900312503
"4620",3.1609422388791
"4621",4.52314958438201
"4622",5
"4623",5
"4624",5
"4625",5
"4626",4.87571328076972
"4627",5
"4628",5
"4629",5
"4630",5
"4631",5
"4632",5
"4633",3.98404492856028
"4634",4.53136931756894
"4635",1.6979218265866
"4636",2.67556550641104
"4637",2.76731792838437
"4638",4.73312063020314
"4639",5
"4640",5
"4641",5
"4642",5
"4643",5
"4644",5
"4645",5
"4646",5
"4647",5
"4648",5
"4649",5
"4650",5
"4651",5
"4652",4.83807669034525
"4653",4.12986049447372
"4654",4.93111173339381
"4655",4.22491387922875
"4656",4.8847234476258
"4657",4.34840120671579
"4658",3.57240251407957
"4659",2.5214802136307
"4660",2.68999682200747
"4661",2.60540889882282
"4662",3.67580854685159
"4663",4.20081585921042
"4664",3.79641047152444
"4665",3.80941414208545
"4666",3.05430705773505
"4667",2.55847375294882
"4668",1.5248561115741
"4669",2.0988619588456
"4670",1.92784769780459
"4671",2.19508209771865
"4672",1.42867097420381
"4673",2.39502681788868
"4674",3.06460058973547
"4675",5
"4676",5
"4677",5
"4678",5
"4679",5
"4680",5
"4681",4.12894253663822
"4682",3.49565951193693
"4683",2.01439165664465
"4684",2.10021553819982
"4685",1.57849670053808
"4686",1.38093638235571
"4687",1.00614217577813
"4688",0.645668020512704
"4689",1.30503039487706
"4690",1.53883331189138
"4691",2.40952068695143
"4692",2.28385385610914
"4693",1.75552418668723
"4694",1.27350267154462
"4695",1.34640958817718
"4696",1.6456136235699
"4697",1.59667782755878
"4698",2.94257674721372
"4699",3.13633009733854
"4700",5
"4701",4.94359161460449
"4702",5
"4703",5
"4704",5
"4705",5
"4706",5
"4707",5
"4708",5
"4709",3.88080527269787
"4710",1.96495339189443
"4711",1.11862466825397
"4712",1.64610490077857
"4713",3.69398464978781
"4714",5
"4715",5
"4716",5
"4717",5
"4718",5
"4719",5
"4720",4.08195033795216
"4721",3.67909739079005
"4722",4.73794340785168
"4723",4.17252612049777
"4724",4.01214591791013
"4725",3.12859955377275
"4726",2.90857894481571
"4727",1.30597418430057
"4728",1.31181135723621
"4729",1.17524333315219
"4730",0.953759598943092
"4731",0.748962517571778
"4732",0.619431020581722
"4733",0.884469856551921
"4734",1.22107264686867
"4735",0.691619683995488
"4736",0.683385468421948
"4737",1.28988562181269
"4738",2.16369574503616
"4739",1.97289331418304
"4740",0.990040071428453
"4741",0.147009420355528
"4742",0
"4743",0
"4744",0.422169207380809
"4745",1.63813304371117
"4746",2.58743016329649
"4747",1.89441303035336
"4748",2.37116313914549
"4749",3.60674873066147
"4750",4.09890165626958
"4751",5
"4752",5
"4753",5
"4754",5
"4755",5
"4756",5
"4757",4.87137277139659
"4758",5
"4759",5
"4760",3.79764477179831
"4761",2.77512316127533
"4762",2.01117529754965
"4763",1.9016587185023
"4764",4.75261738748579
"4765",5
"4766",5
"4767",5
"4768",5
"4769",4.89010421281513
"4770",4.50239215185018
"4771",5
"4772",5
"4773",5
"4774",5
"4775",5
"4776",4.3683430054267
"4777",3.07914497646687
"4778",2.13157941711051
"4779",1.78396421520818
"4780",3.66088397593582
"4781",4.58699133565919
"4782",5
"4783",5
"4784",5
"4785",5
"4786",5
"4787",5
"4788",5
"4789",5
"4790",5
"4791",5
"4792",5
"4793",5
"4794",4.49392424305068
"4795",4.26421363417735
"4796",4.42501328524144
"4797",3.9080342926978
"4798",4.65204076922481
"4799",4.58714733411013
"4800",4.28619466732084
"4801",4.17452860648331
"4802",3.24533860508814
"4803",2.57338151797147
"4804",3.85839770317747
"4805",2.80382765878103
"4806",4.2281710228682
"4807",4.66605534472465
"4808",3.97817242837681
"4809",3.27555662590665
"4810",1.92550604837151
"4811",2.09655441179343
"4812",2.80170552836057
"4813",3.29472293553272
"4814",2.77236848744136
"4815",2.35100323801922
"4816",2.25070021904895
"4817",4.30028437592721
"4818",5
"4819",5
"4820",5
"4821",5
"4822",5
"4823",5
"4824",5
"4825",3.77104731692244
"4826",3.11174276712804
"4827",2.10708998370164
"4828",1.34101076671589
"4829",1.28377088368004
"4830",0.533770898210088
"4831",0.536718687368694
"4832",0.806140450783059
"4833",0.146797834227979
"4834",0.146797834227979
"4835",1.96146382711657
"4836",1.55895649721832
"4837",2.06136006445818
"4838",2.03643477189449
"4839",2.01234020768637
"4840",2.53604926579698
"4841",2.39507605127345
"4842",3.5704063505802
"4843",3.60414206522792
"4844",5
"4845",5
"4846",5
"4847",5
"4848",5
"4849",5
"4850",5
"4851",5
"4852",5
"4853",5
"4854",5
"4855",3.16904462078206
"4856",1.54873761918261
"4857",2.96825657571984
"4858",4.82208679728842
"4859",5
"4860",5
"4861",5
"4862",5
"4863",5
"4864",5
"4865",2.49798916403049
"4866",5
"4867",4.09042671592581
"4868",4.51511251405308
"4869",3.78703965051207
"4870",3.53734018683645
"4871",2.08136765463382
"4872",2.6569077305852
"4873",1.80269149638304
"4874",1.19622113243676
"4875",0.525810204882714
"4876",0.440803460003331
"4877",0.737571832768673
"4878",0.888102986015026
"4879",0.407677349488575
"4880",0.58124834568501
"4881",0.622532222100934
"4882",0.553948894842581
"4883",1.59537386417305
"4884",1.62635614571804
"4885",1.69406467665656
"4886",1.29722741139165
"4887",1.07175829426194
"4888",0.730175206225284
"4889",2.06247784236651
"4890",2.74021122469833
"4891",3.43020849829678
"4892",2.83563575952205
"4893",2.67543249404061
"4894",3.58149120598993
"4895",5
"4896",5
"4897",5
"4898",5
"4899",5
"4900",4.01803509948834
"4901",4.57266083013997
"4902",4.2201234317571
"4903",5
"4904",5
"4905",4.63129597107943
"4906",4.29245540603631
"4907",2.47621246244824
"4908",2.45744539414321
"4909",3.3448661596054
"4910",5
"4911",5
"4912",5
"4913",5
"4914",5
"4915",5
"4916",5
"4917",5
"4918",5
"4919",4.95421734478501
"4920",3.63721615640563
"4921",3.4519849158948
"4922",4.01689921409443
"4923",0.361392517411891
"4924",1.80692191384889
"4925",1.64149655483506
"4926",4.7058063156004
"4927",5
"4928",5
"4929",5
"4930",5
"4931",5
"4932",5
"4933",4.46305985623398
"4934",4.17160171504305
"4935",5
"4936",5
"4937",4.68015866977193
"4938",4.55758194348592
"4939",4.83206644117826
"4940",3.23193151169588
"4941",4.70034322355556
"4942",4.08795460509052
"4943",4.22998643705807
"4944",4.53709044765071
"4945",4.89159062335143
"4946",4.09175164529079
"4947",4.18237847829543
"4948",3.63987101014176
"4949",1.65828256594953
"4950",3.30198549562063
"4951",4.65578268533004
"4952",4.47022959624516
"4953",4.7637001828894
"4954",3.74438776804354
"4955",2.82820998354816
"4956",2.78649512940434
"4957",3.89456562646736
"4958",4.4426406758302
"4959",3.36954754494354
"4960",1.96083684695
"4961",1.07106108678667
"4962",3.40462886821546
"4963",5
"4964",5
"4965",5
"4966",5
"4967",5
"4968",5
"4969",5
"4970",3.97099664023875
"4971",2.78278971493289
"4972",1.95910179536008
"4973",1.93530965032254
"4974",1.0368481494529
"4975",0.966127336306533
"4976",0.608877809847317
"4977",0
"4978",0
"4979",0
"4980",0.146797834227979
"4981",2.13797077713319
"4982",1.65995687952163
"4983",2.78495685772656
"4984",3.28309394066506
"4985",2.85739897548564
"4986",2.04624552873537
"4987",1.15568846050746
"4988",2.162038684332
"4989",3.75088298388581
"4990",5
"4991",5
"4992",5
"4993",5
"4994",5
"4995",5
"4996",5
"4997",5
"4998",5
"4999",5
"5000",5
"5001",4.78720033843001
"5002",4.42067209571707
"5003",3.51498152519601
"5004",4.38676899605237
"5005",5
"5006",5
"5007",5
"5008",5
"5009",5
"5010",5
"5011",5
"5012",5
"5013",5
"5014",5
"5015",3.2736946005964
"5016",3.64293770720966
"5017",2.94492573457689
"5018",2.98506606180811
"5019",2.35649566839032
"5020",1.72968296955471
"5021",1.15081019277434
"5022",0.525810204882714
"5023",0.15266740596833
"5024",0
"5025",0
"5026",0
"5027",0.0989921114620131
"5028",0
"5029",0.300265532731001
"5030",0.517610122010525
"5031",1.57067933947842
"5032",1.73243393731709
"5033",1.30883834710522
"5034",1.51981584723645
"5035",2.22780951102503
"5036",3.41686559671302
"5037",5
"5038",5
"5039",4.05304048402512
"5040",4.58146751465715
"5041",5
"5042",5
"5043",5
"5044",5
"5045",5
"5046",4.59062430051465
"5047",4.08340903736238
"5048",3.18507399965145
"5049",2.93851330625443
"5050",5
"5051",5
"5052",5
"5053",5
"5054",3.30873760220245
"5055",2.69434039938744
"5056",3.81028745095293
"5057",5
"5058",5
"5059",5
"5060",5
"5061",5
"5062",5
"5063",5
"5064",5
"5065",4.8263361002841
"5066",3.85008590312826
"5067",3.06930286411724
"5068",2.68493543699811
"5069",1.63597517575846
"5070",1.74076382676551
"5071",2.14896528331892
"5072",1.23735805996381
"5073",3.67503554574066
"5074",5
"5075",5
"5076",5
"5077",5
"5078",5
"5079",4.55714021598588
"5080",3.47021389505999
"5081",4.09502990143415
"5082",4.31869973598404
"5083",5
"5084",5
"5085",4.12956688053475
"5086",2.94372669809632
"5087",3.4071066542648
"5088",3.43265071058337
"5089",3.24853904455174
"5090",3.13222699124517
"5091",2.81169566064931
"5092",4.525672686132
"5093",4.36413306235136
"5094",3.8452261808174
"5095",2.49100143423174
"5096",3.29531791127523
"5097",2.58808715201564
"5098",4.39373956393035
"5099",5
"5100",4.27960738026794
"5101",3.09021897523077
"5102",3.38932955489749
"5103",3.79771538229748
"5104",4.76889552779387
"5105",4.71113435431269
"5106",3.47428619102115
"5107",2.4418872260251
"5108",1.20366209442901
"5109",2.44247596220611
"5110",5
"5111",5
"5112",5
"5113",5
"5114",5
"5115",5
"5116",5
"5117",4.18930277677521
"5118",2.96855916640785
"5119",1.99273598992072
"5120",2.0030088471391
"5121",2.11743878807968
"5122",1.74835630896419
"5123",1.34417507672588
"5124",0
"5125",0
"5126",0
"5127",0
"5128",1.71146383195992
"5129",2.28495686741326
"5130",3.15995685046154
"5131",3.31081937068968
"5132",4.1810543073023
"5133",2.58325473618959
"5134",2.23402987162243
"5135",2.11345691611761
"5136",3.60328102189371
"5137",5
"5138",5
"5139",5
"5140",5
"5141",5
"5142",5
"5143",5
"5144",5
"5145",4.90439457102096
"5146",5
"5147",5
"5148",4.85148551324234
"5149",4.76360578757297
"5150",5
"5151",5
"5152",5
"5153",5
"5154",5
"5155",5
"5156",5
"5157",5
"5158",5
"5159",5
"5160",4.54270619606734
"5161",5
"5162",3.86161603968005
"5163",3.39025675883931
"5164",3.7840732211361
"5165",3.38604146965882
"5166",2.75004174990416
"5167",2.02581017582262
"5168",1.02581019519602
"5169",0.278273395444952
"5170",0
"5171",0
"5172",0
"5173",0
"5174",0
"5175",0.0590022400883419
"5176",0.559002230401643
"5177",0.920894830704855
"5178",0.667283719701206
"5179",2.08328533224668
"5180",2.02826366929701
"5181",2.17645677390819
"5182",3.16547555725099
"5183",4.65255544361598
"5184",5
"5185",5
"5186",5
"5187",5
"5188",5
"5189",5
"5190",5
"5191",5
"5192",5
"5193",4.72510657331546
"5194",2.16401176132848
"5195",1.2192940273273
"5196",4.12918883540841
"5197",4.79469924333142
"5198",5
"5199",5
"5200",5
"5201",5
"5202",4.21195870321366
"5203",5
"5204",5
"5205",5
"5206",5
"5207",5
"5208",5
"5209",5
"5210",5
"5211",4.6782285218319
"5212",2.93519912171755
"5213",2.18299156725728
"5214",1.0330280153045
"5215",1.49137135100547
"5216",2.04659446166263
"5217",2.00910749306516
"5218",0.307479051734779
"5219",1.79859417708706
"5220",3.24770144407331
"5221",4.55871902302241
"5222",5
"5223",4.69550284627338
"5224",4.6886969531048
"5225",3.62268516726676
"5226",3.63586918744026
"5227",3.56227455133038
"5228",3.61305006560134
"5229",5
"5230",5
"5231",5
"5232",4.79674838928553
"5233",3.78725070434562
"5234",3.01408682739842
"5235",3.06171821784793
"5236",2.64305211954339
"5237",1.70659947800991
"5238",2.99385793346219
"5239",2.77560474073516
"5240",3.46075759586592
"5241",3.10482848836677
"5242",2.89865204306256
"5243",2.17060959815463
"5244",4.17268708237786
"5245",4.8335320278074
"5246",5
"5247",3.81583442931506
"5248",4.1880109911131
"5249",3.18534198589205
"5250",3.69317516825313
"5251",4.0595478308272
"5252",4.82789334231377
"5253",4.4951848025153
"5254",3.05398701673228
"5255",1.66840727812821
"5256",2.11975847207368
"5257",5
"5258",5
"5259",5
"5260",5
"5261",5
"5262",5
"5263",5
"5264",4.44674118094835
"5265",2.38725835051455
"5266",2.70618299430815
"5267",2.69802133848766
"5268",3.86423161292634
"5269",3.05476305545841
"5270",2.53007865114925
"5271",0.533344479877597
"5272",0.00451389587741335
"5273",0
"5274",0
"5275",1.5864638343816
"5276",2.03495687225661
"5277",3.28495684803986
"5278",4.03450439506239
"5279",3.29269364162466
"5280",2.9711169150199
"5281",2.4456679676892
"5282",2.90471246548916
"5283",2.78668905942629
"5284",5
"5285",5
"5286",5
"5287",5
"5288",5
"5289",5
"5290",4.52643306084305
"5291",4.08971347654475
"5292",3.87720914274128
"5293",4.8661233911598
"5294",5
"5295",5
"5296",5
"5297",5
"5298",5
"5299",5
"5300",5
"5301",5
"5302",5
"5303",5
"5304",5
"5305",5
"5306",5
"5307",5
"5308",5
"5309",4.92552074569751
"5310",3.155526472759
"5311",2.38755730514261
"5312",3.99084008008358
"5313",3.13694522859232
"5314",2.58894252757029
"5315",1.45268050874765
"5316",0.596384237159089
"5317",0
"5318",0
"5319",0
"5320",0
"5321",0.0590022400883419
"5322",0.309002235244992
"5323",1.3090022158716
"5324",1.38150559484367
"5325",3.38914555883744
"5326",4.0085140366174
"5327",2.06877598590782
"5328",2.64222235206567
"5329",3.97118679893246
"5330",5
"5331",5
"5332",5
"5333",5
"5334",5
"5335",5
"5336",5
"5337",5
"5338",5
"5339",5
"5340",2.64953274950422
"5341",1.0934720936671
"5342",0.965386794356097
"5343",2.2304420826366
"5344",5
"5345",5
"5346",5
"5347",5
"5348",5
"5349",5
"5350",5
"5351",5
"5352",5
"5353",5
"5354",5
"5355",5
"5356",5
"5357",5
"5358",3.55523780361141
"5359",2.94929324518345
"5360",1.04123808422174
"5361",1.92029236636776
"5362",1.26979018950763
"5363",0.274301500839004
"5364",2.07579766363591
"5365",2.1168851496618
"5366",3.46894496844388
"5367",2.6990714054901
"5368",2.81587055930614
"5369",2.97526948965135
"5370",4.51693889999355
"5371",4.29314271464528
"5372",3.41008616875791
"5373",2.65787914947875
"5374",3.74423807278125
"5375",5
"5376",5
"5377",5
"5378",5
"5379",5
"5380",4.08140691469977
"5381",3.49040268256512
"5382",3.54199177797149
"5383",2.69893287881582
"5384",2.55284031417825
"5385",2.54574782059435
"5386",3.13459540878744
"5387",3.1714947096195
"5388",3.75942730836364
"5389",2.34506573253226
"5390",3.64082071715853
"5391",4.459034371065
"5392",5
"5393",4.87870128943026
"5394",5
"5395",3.58124332009152
"5396",2.60428840307109
"5397",3.36698284996668
"5398",4.44396356675016
"5399",5
"5400",5
"5401",3.53715715642622
"5402",2.85924363399554
"5403",2.19065789670514
"5404",3.55026008724388
"5405",5
"5406",5
"5407",5
"5408",5
"5409",5
"5410",3.68020671843082
"5411",2.7720709735146
"5412",2.25946444763772
"5413",2.79043356507897
"5414",3.59457006530492
"5415",3.36226208527404
"5416",4.14441144698527
"5417",3.02452865690027
"5418",1.0962808949438
"5419",0.490058893698187
"5420",0
"5421",0
"5422",1.33646383922495
"5423",1.71031719476728
"5424",2.16481904010373
"5425",2.97721068751267
"5426",3.12339478062374
"5427",3.12737232916606
"5428",3.24643303305015
"5429",3.40413978083336
"5430",3.48795934950384
"5431",3.91842696983046
"5432",5
"5433",5
"5434",5
"5435",5
"5436",5
"5437",3.21801026693893
"5438",2.85027271163522
"5439",3.15010650226349
"5440",3.74566853323745
"5441",5
"5442",5
"5443",5
"5444",5
"5445",5
"5446",5
"5447",5
"5448",5
"5449",5
"5450",5
"5451",5
"5452",5
"5453",5
"5454",5
"5455",5
"5456",5
"5457",5
"5458",4.60773964251703
"5459",4.33833217601327
"5460",5
"5461",3.21984703158013
"5462",2.20071164697602
"5463",1.20635298212789
"5464",0.124155308121611
"5465",0
"5466",0
"5467",0
"5468",0
"5469",1.18400221829327
"5470",2.48918481513742
"5471",3.46058228147593
"5472",5
"5473",4.50025179177633
"5474",2.92104164149929
"5475",3.03411561713142
"5476",3.72210183638407
"5477",5
"5478",5
"5479",5
"5480",5
"5481",5
"5482",5
"5483",5
"5484",5
"5485",5
"5486",5
"5487",1.94325399807117
"5488",2.90668262176648
"5489",0
"5490",1.84859836405242
"5491",5
"5492",5
"5493",5
"5494",5
"5495",5
"5496",5
"5497",5
"5498",5
"5499",5
"5500",5
"5501",5
"5502",5
"5503",5
"5504",4.7091327707916
"5505",4.27031917426973
"5506",2.57124546218316
"5507",2.06573192129805
"5508",2.86069834988382
"5509",3.07403550133368
"5510",3.96324831392269
"5511",2.46014171519726
"5512",3.19848613516412
"5513",3.12701710381556
"5514",3.65413011883659
"5515",2.58878877843203
"5516",2.52146277600443
"5517",2.18035088084215
"5518",2.59221872580925
"5519",2.34270765558617
"5520",2.60771360604325
"5521",3.46030603719198
"5522",5
"5523",5
"5524",5
"5525",5
"5526",5
"5527",4.67188030731919
"5528",5
"5529",4.91248357556287
"5530",4.57776502704202
"5531",3.51955559636095
"5532",4.21971480185773
"5533",3.80426298076991
"5534",4.85784455252644
"5535",3.9682657121345
"5536",5
"5537",4.78054132625151
"5538",5
"5539",5
"5540",4.98761576774537
"5541",5
"5542",4.55119201759529
"5543",3.90939787465381
"5544",3.56498538822124
"5545",5
"5546",5
"5547",5
"5548",5
"5549",3.59338538419595
"5550",3.04396126539983
"5551",2.61513084906569
"5552",4.20162812105654
"5553",5
"5554",5
"5555",4.37989893749788
"5556",2.4142173593383
"5557",2.81769159691593
"5558",1.54128527850182
"5559",2.20059281061931
"5560",2.40244843601062
"5561",3.1876008402009
"5562",3.90502785813046
"5563",3.03755662557372
"5564",3.53571383982672
"5565",1.50344646088372
"5566",0.330979906606699
"5567",0
"5568",0.884741751759148
"5569",1.30996163478128
"5570",2.45816515953059
"5571",0.463043927009037
"5572",0.432356977619218
"5573",2.15829001657682
"5574",2.89318540237889
"5575",3.09876819215377
"5576",2.04280320612085
"5577",3.6469485348877
"5578",3.46564857072716
"5579",3.9009625730659
"5580",4.31600773368954
"5581",3.91585938164158
"5582",5
"5583",5
"5584",5
"5585",2.58930532410217
"5586",2.60326872096904
"5587",2.64692472122828
"5588",2.74440838483713
"5589",3.78301284157706
"5590",4.45925277292734
"5591",5
"5592",5
"5593",5
"5594",5
"5595",5
"5596",5
"5597",5
"5598",5
"5599",5
"5600",5
"5601",5
"5602",5
"5603",5
"5604",5
"5605",5
"5606",5
"5607",5
"5608",5
"5609",5
"5610",4.76100729743299
"5611",4.54747309167117
"5612",1.77341090098098
"5613",1.39412599829466
"5614",0.189648277954621
"5615",0
"5616",0
"5617",0.845131203189627
"5618",1.80826771790286
"5619",3.02470484064465
"5620",5
"5621",4.79930164515887
"5622",4.62998601207734
"5623",3.38901808120814
"5624",3.46616518211308
"5625",3.33797255522118
"5626",3.49514600603055
"5627",4.60756373804535
"5628",5
"5629",5
"5630",5
"5631",5
"5632",5
"5633",5
"5634",5
"5635",5
"5636",0.933150510328511
"5637",4.28792604621601
"5638",2.27905763186019
"5639",1.57179664269973
"5640",4.84041496995026
"5641",5
"5642",5
"5643",5
"5644",5
"5645",5
"5646",5
"5647",5
"5648",5
"5649",5
"5650",5
"5651",5
"5652",5
"5653",4.33075892344724
"5654",3.74437917316451
"5655",4.05191730056628
"5656",4.05101298918659
"5657",4.5002962493201
"5658",5
"5659",5
"5660",4.65578801926302
"5661",5
"5662",3.72702398834243
"5663",3.20341136346477
"5664",2.48058389930416
"5665",1.67667332678224
"5666",1.07404030051185
"5667",1.30522256763943
"5668",1.75393327121405
"5669",1.19163813741828
"5670",4.06717083242952
"5671",5
"5672",5
"5673",5
"5674",5
"5675",5
"5676",5
"5677",5
"5678",5
"5679",5
"5680",5
"5681",5
"5682",5
"5683",4.99336440424642
"5684",5
"5685",5
"5686",5
"5687",5
"5688",5
"5689",5
"5690",5
"5691",5
"5692",4.99710363616723
"5693",4.41873385422514
"5694",4.81205338139628
"5695",5
"5696",5
"5697",5
"5698",4.40820671849166
"5699",3.62314920631396
"5700",4.13542743733741
"5701",3.37744206249547
"5702",3.31977350410422
"5703",2.79662387981445
"5704",2.29713248990434
"5705",1.53832629818747
"5706",0.97184256629065
"5707",1.43279391403006
"5708",1.43083648142366
"5709",2.41998190697424
"5710",2.40038184584301
"5711",2.78247972195879
"5712",3.36407157195953
"5713",3.30915834549745
"5714",3.56324139060804
"5715",1.98260138700562
"5716",1.37930148944116
"5717",1.44381085659253
"5718",1.82462038788576
"5719",2.8263556830303
"5720",3.21562525414156
"5721",3.15879129196122
"5722",3.50270803153525
"5723",2.40053952526522
"5724",2.15242085890043
"5725",1.46634599944212
"5726",1.40001987372223
"5727",1.60419039937451
"5728",2.21573776020589
"5729",2.6580375448116
"5730",2.8638717477419
"5731",3.15428696635039
"5732",3.99252468026341
"5733",3.65158739549698
"5734",4.17945531146882
"5735",5
"5736",5
"5737",5
"5738",4.52299720700549
"5739",3.80972842664968
"5740",2.58164648591223
"5741",2.11470401644279
"5742",2.23793504671139
"5743",2.86279862405618
"5744",4.5663046554762
"5745",4.8865542282412
"5746",5
"5747",5
"5748",5
"5749",5
"5750",4.77886389140603
"5751",4.90410371547371
"5752",5
"5753",5
"5754",5
"5755",5
"5756",5
"5757",5
"5758",5
"5759",5
"5760",5
"5761",5
"5762",5
"5763",5
"5764",5
"5765",5
"5766",4.35903548568811
"5767",1.74152692716363
"5768",0.946966194811788
"5769",0
"5770",0.114468524963989
"5771",0.14654453848871
"5772",1.59136105415031
"5773",5
"5774",5
"5775",4.4822970384968
"5776",4.65122761973966
"5777",3.27211446458883
"5778",3.85314024970892
"5779",4.15618053762739
"5780",4.37765706317453
"5781",4.4914341541948
"5782",4.07765493317242
"5783",5
"5784",5
"5785",5
"5786",5
"5787",5
"5788",5
"5789",5
"5790",2.73505600289967
"5791",2.88980553154019
"5792",0
"5793",3.28561039474907
"5794",3.19419651268361
"5795",5
"5796",5
"5797",5
"5798",5
"5799",4.97705762613484
"5800",5
"5801",5
"5802",5
"5803",5
"5804",5
"5805",5
"5806",3.9494569115523
"5807",4.89897306595797
"5808",4.66817785305199
"5809",5
"5810",5
"5811",5
"5812",5
"5813",5
"5814",5
"5815",5
"5816",5
"5817",3.91097731381156
"5818",2.54069917979572
"5819",1.58061867971658
"5820",0.844565651187255
"5821",1.48983882616881
"5822",1.51335655784662
"5823",2.22388023542867
"5824",3.12142017537233
"5825",5
"5826",5
"5827",5
"5828",5
"5829",5
"5830",5
"5831",5
"5832",5
"5833",5
"5834",5
"5835",5
"5836",5
"5837",5
"5838",5
"5839",5
"5840",5
"5841",5
"5842",5
"5843",5
"5844",5
"5845",5
"5846",5
"5847",5
"5848",4.53457486336375
"5849",5
"5850",5
"5851",5
"5852",4.69800897548284
"5853",3.52883256922918
"5854",3.13534543532877
"5855",3.0527376963992
"5856",3.65232581824509
"5857",3.20600740980059
"5858",1.28993939082595
"5859",1.18446202714026
"5860",0.896233007577604
"5861",0.798291698350452
"5862",1.29949051535499
"5863",1.94517462020797
"5864",2.62196689647146
"5865",3.25760798500114
"5866",3.88277318118105
"5867",3.60051153787093
"5868",3.22128568855152
"5869",3.23875605025909
"5870",2.30715855307637
"5871",2.45135188272959
"5872",3.1924270092965
"5873",3.97364543038716
"5874",4.02994560129463
"5875",3.83664174730394
"5876",3.29195475894887
"5877",2.7527080460653
"5878",1.90053953495192
"5879",2.15053953010857
"5880",2.65053952042187
"5881",1.54837101415183
"5882",1.79837100930849
"5883",1.29837101899519
"5884",0.800252357473746
"5885",0.923666668008951
"5886",1.17337102141686
"5887",1.44440973190903
"5888",2.12565939609933
"5889",2.926976210851
"5890",3.02239363159886
"5891",3.17047802313291
"5892",4.39155149892516
"5893",5
"5894",5
"5895",5
"5896",5
"5897",5
"5898",3.85009050935014
"5899",2.85031283851213
"5900",1.73309382131879
"5901",2.09747122052123
"5902",2.89153244530229
"5903",3.97402614568498
"5904",5
"5905",5
"5906",4.69527568773075
"5907",3.9683618090529
"5908",3.25673227723792
"5909",3.48028342708367
"5910",3.83856666849425
"5911",5
"5912",5
"5913",5
"5914",5
"5915",5
"5916",5
"5917",5
"5918",5
"5919",5
"5920",5
"5921",5
"5922",5
"5923",5
"5924",5
"5925",5
"5926",2.9190457256439
"5927",2.4655120348019
"5928",1.44366014797196
"5929",0.768182758099361
"5930",1.2967085040671
"5931",2.80780090987431
"5932",3.65632959070004
"5933",4.15205448607844
"5934",3.88766189971477
"5935",3.11676929835146
"5936",1.85320681112022
"5937",2.36021890594263
"5938",2.93941402256216
"5939",4.13914459378022
"5940",5
"5941",5
"5942",5
"5943",5
"5944",5
"5945",5
"5946",5
"5947",5
"5948",5
"5949",4.36803313987661
"5950",2.62918635393806
"5951",3.01328483138658
"5952",5
"5953",3.797713940138
"5954",5
"5955",4.5379232049399
"5956",5
"5957",4.23962611788926
"5958",3.86635991150897
"5959",4.96257578557231
"5960",5
"5961",5
"5962",5
"5963",5
"5964",5
"5965",5
"5966",4.78040813145148
"5967",5
"5968",4.91111165890629
"5969",5
"5970",5
"5971",5
"5972",5
"5973",5
"5974",5
"5975",5
"5976",1.99155305807918
"5977",3.98876483971333
"5978",2.00935498109094
"5979",2.61359034681845
"5980",2.02006596976012
"5981",2.64907179701866
"5982",3.00685403286568
"5983",4.74170175859441
"5984",5
"5985",5
"5986",5
"5987",5
"5988",5
"5989",5
"5990",5
"5991",5
"5992",5
"5993",5
"5994",5
"5995",5
"5996",5
"5997",5
"5998",5
"5999",5
"6000",5
"6001",5
"6002",5
"6003",5
"6004",5
"6005",5
"6006",5
"6007",4.94001761551212
"6008",4.29094780414182
"6009",4.98047070641026
"6010",4.36966252630525
"6011",4.44177229031833
"6012",3.40266510935869
"6013",2.81797363614658
"6014",3.47746077909461
"6015",2.52872641020629
"6016",2.30780510746084
"6017",1.98937446371189
"6018",1.18141914177684
"6019",0.845155413521931
"6020",0.769537389002301
"6021",2.65197406801218
"6022",3.58078055096386
"6023",4.97978350241766
"6024",5
"6025",5
"6026",5
"6027",5
"6028",4.37207631109994
"6029",3.97516769768842
"6030",3.85891649413609
"6031",5
"6032",5
"6033",5
"6034",3.97560321838801
"6035",3.07247083510988
"6036",2.94096353806344
"6037",2.7527080460653
"6038",1.65053953979527
"6039",0.548371033525233
"6040",0.798371028681885
"6041",1.04837102383854
"6042",1.54837101415184
"6043",1.79837100930849
"6044",1.54837101415184
"6045",1.04837102383854
"6046",0.798371028681885
"6047",0.673371031103559
"6048",0.92337102626021
"6049",1.17337102141686
"6050",1.19440973675238
"6051",1.95961703753629
"6052",3.15946012750437
"6053",3.03394913580535
"6054",3.92211775887211
"6055",5
"6056",5
"6057",5
"6058",5
"6059",5
"6060",4.31908918583463
"6061",3.15393558892892
"6062",2.28118424334852
"6063",2.00706407596952
"6064",3.32066082461524
"6065",4.5118178706067
"6066",5
"6067",5
"6068",5
"6069",3.81113038315897
"6070",3.36761447221537
"6071",2.34198315592395
"6072",2.80397824071696
"6073",3.57129711098372
"6074",4.37321129932521
"6075",4.74427038276634
"6076",5
"6077",4.84880666870344
"6078",4.53872541881246
"6079",3.36051220855441
"6080",4.61984880733314
"6081",5
"6082",5
"6083",5
"6084",5
"6085",5
"6086",5
"6087",5
"6088",4.66854257993499
"6089",2.83668481068593
"6090",3.08020444472395
"6091",2.57140261294622
"6092",3.37363210110977
"6093",3.1463990351187
"6094",4.77123657936215
"6095",3.16580376726695
"6096",3.28271868682508
"6097",2.39829006713976
"6098",2.42654512188853
"6099",2.36338014719151
"6100",3.44177810133479
"6101",5
"6102",5
"6103",5
"6104",5
"6105",5
"6106",5
"6107",5
"6108",5
"6109",5
"6110",5
"6111",5
"6112",5
"6113",4.93757735033801
"6114",5
"6115",3.89133195173332
"6116",4.30298020278301
"6117",3.28914344235089
"6118",3.98425195832019
"6119",3.60857978721595
"6120",5
"6121",5
"6122",5
"6123",5
"6124",5
"6125",5
"6126",5
"6127",5
"6128",5
"6129",5
"6130",5
"6131",5
"6132",5
"6133",5
"6134",5
"6135",5
"6136",5
"6137",5
"6138",4.52018671897325
"6139",1.83897199454599
"6140",4.76479967465676
"6141",3.47404523452862
"6142",4.46948258790813
"6143",4.79038209795335
"6144",4.86742190863444
"6145",4.33007273282704
"6146",5
"6147",5
"6148",5
"6149",5
"6150",5
"6151",5
"6152",5
"6153",5
"6154",5
"6155",5
"6156",5
"6157",5
"6158",5
"6159",5
"6160",5
"6161",5
"6162",5
"6163",5
"6164",5
"6165",5
"6166",5
"6167",5
"6168",4.56046512669379
"6169",4.70679898588724
"6170",3.89236130076536
"6171",4.06430187989642
"6172",3.56256200609371
"6173",3.22757937643365
"6174",2.61857523846123
"6175",2.54288822572736
"6176",3.06344859004688
"6177",2.66345929481986
"6178",3.12779419477391
"6179",2.33232516696568
"6180",2.5522976084721
"6181",1.92209463986049
"6182",3.00833370028349
"6183",3.9208203213846
"6184",5
"6185",5
"6186",5
"6187",5
"6188",5
"6189",5
"6190",5
"6191",5
"6192",4.25327319895447
"6193",5
"6194",5
"6195",5
"6196",5
"6197",3.88911708161373
"6198",2.70146801000291
"6199",2.50277851839527
"6200",2.72564100721183
"6201",2.7527080460653
"6202",0.548371033525234
"6203",0.548371033525234
"6204",0.548371033525233
"6205",0.548371033525234
"6206",1.04837102383854
"6207",1.04837102383854
"6208",1.29837101899519
"6209",1.04837102383854
"6210",1.04837102383854
"6211",0.548371033525234
"6212",0.548371033525234
"6213",0.798371028681885
"6214",0.798371028681885
"6215",0.92337102626021
"6216",1.29837101899519
"6217",2.33747332965152
"6218",3.46936198185683
"6219",3.91864261713322
"6220",4.8621690892368
"6221",5
"6222",5
"6223",5
"6224",5
"6225",4.02570882915515
"6226",2.66792029593055
"6227",3.7585416992977
"6228",2.40875093259225
"6229",3.87431627617328
"6230",5
"6231",5
"6232",5
"6233",5
"6234",5
"6235",4.15714006571321
"6236",3.88979564134739
"6237",3.44051201051199
"6238",2.8908435655573
"6239",4.61365684035071
"6240",4.42070258868267
"6241",5
"6242",4.41506692832398
"6243",4.30805525749211
"6244",3.44207390054448
"6245",4.55763099736928
"6246",5
"6247",5
"6248",5
"6249",5
"6250",5
"6251",5
"6252",5
"6253",5
"6254",5
"6255",5
"6256",4.77771551479037
"6257",5
"6258",5
"6259",4.65173094891242
"6260",4.53508497692371
"6261",2.72736139361027
"6262",2.34660568466821
"6263",2.98048747378058
"6264",3.68957473464721
"6265",5
"6266",5
"6267",5
"6268",5
"6269",5
"6270",5
"6271",5
"6272",5
"6273",5
"6274",5
"6275",5
"6276",5
"6277",5
"6278",5
"6279",5
"6280",5
"6281",4.13970723813857
"6282",4.80495196836171
"6283",4.4451450307123
"6284",4.74292342734661
"6285",5
"6286",5
"6287",5
"6288",5
"6289",5
"6290",5
"6291",5
"6292",5
"6293",5
"6294",5
"6295",5
"6296",5
"6297",5
"6298",5
"6299",5
"6300",5
"6301",5
"6302",5
"6303",2.96493900800547
"6304",4.96996162556364
"6305",5
"6306",5
"6307",5
"6308",5
"6309",5
"6310",5
"6311",5
"6312",5
"6313",5
"6314",5
"6315",5
"6316",5
"6317",5
"6318",5
"6319",5
"6320",5
"6321",5
"6322",5
"6323",5
"6324",5
"6325",5
"6326",5
"6327",5
"6328",5
"6329",5
"6330",5
"6331",5
"6332",4.64584395685745
"6333",3.78737558746477
"6334",3.06561272640821
"6335",3.15116118007639
"6336",3.29523121723223
"6337",3.26254020338955
"6338",2.93343474893936
"6339",2.37914860131441
"6340",2.94443257096168
"6341",2.89000455988683
"6342",4.13594470139223
"6343",3.64536937096369
"6344",4.15717314978821
"6345",3.83310896634738
"6346",4.43212097302733
"6347",4.82559624711369
"6348",5
"6349",5
"6350",5
"6351",5
"6352",5
"6353",5
"6354",5
"6355",5
"6356",4.79427448652534
"6357",4.66272248952604
"6358",4.43765799144225
"6359",5
"6360",5
"6361",4.47304795945882
"6362",3.62016600814402
"6363",3.63903165763172
"6364",3.34404115193053
"6365",2.77327535437401
"6366",2.7527080460653
"6367",0.548371033525235
"6368",0.548371033525233
"6369",0.548371033525234
"6370",0.548371033525234
"6371",0.548371033525234
"6372",0.548371033525234
"6373",0.798371028681885
"6374",0.798371028681885
"6375",0.798371028681885
"6376",0.548371033525234
"6377",0.548371033525234
"6378",0.548371033525234
"6379",0.548371033525234
"6380",0.673371031103559
"6381",0.673371031103559
"6382",0.92337102626021
"6383",1.79837100930849
"6384",2.42622729658036
"6385",3.22563702410213
"6386",3.87407887635134
"6387",5
"6388",5
"6389",5
"6390",5
"6391",4.46729026195988
"6392",3.06007580712207
"6393",3.75433539426853
"6394",3.10557471786355
"6395",3.78134690484898
"6396",4.53726926673454
"6397",5
"6398",5
"6399",5
"6400",5
"6401",5
"6402",4.89700908269791
"6403",4.05104894324396
"6404",4.4540630809263
"6405",4.98670579481252
"6406",5
"6407",5
"6408",5
"6409",4.35838279410735
"6410",2.32921564723325
"6411",3.98378044586275
"6412",5
"6413",5
"6414",5
"6415",5
"6416",5
"6417",5
"6418",5
"6419",5
"6420",5
"6421",5
"6422",5
"6423",5
"6424",5
"6425",5
"6426",5
"6427",3.49200578644848
"6428",2.29007980230764
"6429",2.60835856914044
"6430",4.10753472107414
"6431",5
"6432",5
"6433",5
"6434",5
"6435",5
"6436",5
"6437",1.52625132707681
"6438",5
"6439",5
"6440",5
"6441",5
"6442",5
"6443",5
"6444",5
"6445",5
"6446",5
"6447",5
"6448",5
"6449",5
"6450",5
"6451",5
"6452",5
"6453",5
"6454",5
"6455",5
"6456",5
"6457",5
"6458",5
"6459",5
"6460",5
"6461",5
"6462",2.41402614917759
"6463",5
"6464",5
"6465",5
"6466",5
"6467",5
"6468",5
"6469",5
"6470",5
"6471",5
"6472",5
"6473",5
"6474",5
"6475",5
"6476",5
"6477",5
"6478",5
"6479",5
"6480",5
"6481",5
"6482",5
"6483",5
"6484",5
"6485",4.78343671224347
"6486",4.60020442846145
"6487",5
"6488",5
"6489",5
"6490",5
"6491",5
"6492",5
"6493",5
"6494",5
"6495",5
"6496",3.8511417834749
"6497",4.18259761497108
"6498",3.40125409586189
"6499",2.59563508501433
"6500",1.96827142124934
"6501",2.59166274794417
"6502",2.4704229299963
"6503",3.64438926521937
"6504",2.78132160926882
"6505",2.77820538634952
"6506",3.15968528256205
"6507",4.29992751133451
"6508",4.19629644838179
"6509",5
"6510",4.98580344588643
"6511",5
"6512",5
"6513",5
"6514",5
"6515",5
"6516",5
"6517",5
"6518",5
"6519",5
"6520",5
"6521",5
"6522",5
"6523",3.75745747135648
"6524",3.3462932077867
"6525",4.23043836819503
"6526",3.73788540043981
"6527",3.6277656007981
"6528",5
"6529",4.52735577425133
"6530",3.23837873090456
"6531",2.53411480334396
"6532",1.65053953979527
"6533",0.548371033525233
"6534",0.548371033525234
"6535",0.548371033525234
"6536",0.444409751282432
"6537",0.548371033525234
"6538",0.548371033525234
"6539",0.548371033525234
"6540",0.548371033525234
"6541",0.548371033525234
"6542",0.548371033525234
"6543",0.548371033525234
"6544",0.673371031103559
"6545",0.673371031103559
"6546",0.798371028681885
"6547",0.673371031103559
"6548",0.92337102626021
"6549",1.04837102383854
"6550",1.79837100930849
"6551",2.69357940364551
"6552",2.97968447957068
"6553",3.79198187788374
"6554",4.62780134015205
"6555",5
"6556",5
"6557",4.06625358413654
"6558",3.97249148442286
"6559",2.7067773196248
"6560",3.39063405508987
"6561",3.21577369855501
"6562",4.22904280255419
"6563",5
"6564",5
"6565",5
"6566",5
"6567",5
"6568",5
"6569",5
"6570",4.94788416344157
"6571",5
"6572",5
"6573",5
"6574",5
"6575",5
"6576",3.97012862557139
"6577",2.5386988021557
"6578",4.62567660644821
"6579",5
"6580",5
"6581",5
"6582",5
"6583",3.89580742884007
"6584",4.19544322932928
"6585",4.69830024349034
"6586",5
"6587",5
"6588",5
"6589",5
"6590",5
"6591",5
"6592",4.98439682600795
"6593",4.1881148736567
"6594",4.22233305472644
"6595",3.57327667916811
"6596",4.48485787721321
"6597",5
"6598",5
"6599",5
"6600",5
"6601",5
"6602",4.01316859862172
"6603",4.64034023551197
"6604",5
"6605",5
"6606",5
"6607",5
"6608",5
"6609",5
"6610",5
"6611",5
"6612",5
"6613",5
"6614",5
"6615",5
"6616",5
"6617",5
"6618",5
"6619",5
"6620",5
"6621",5
"6622",5
"6623",5
"6624",5
"6625",5
"6626",5
"6627",5
"6628",5
"6629",1.95985406009057
"6630",5
"6631",5
"6632",5
"6633",5
"6634",5
"6635",5
"6636",5
"6637",5
"6638",5
"6639",5
"6640",5
"6641",5
"6642",5
"6643",5
"6644",5
"6645",5
"6646",5
"6647",5
"6648",5
"6649",5
"6650",5
"6651",4.23653828737141
"6652",4.05494094770737
"6653",5
"6654",4.9627814653367
"6655",5
"6656",5
"6657",5
"6658",5
"6659",5
"6660",4.79903460374718
"6661",4.41693322692374
"6662",3.74467737724955
"6663",3.25000508616433
"6664",2.37747831348288
"6665",1.97778796760778
"6666",2.37802709244475
"6667",2.62495248942292
"6668",2.25878193214513
"6669",3.50062045293102
"6670",2.83444833901677
"6671",3.36517875824137
"6672",4.73953371388697
"6673",5
"6674",5
"6675",5
"6676",5
"6677",5
"6678",5
"6679",5
"6680",5
"6681",5
"6682",5
"6683",5
"6684",5
"6685",5
"6686",5
"6687",5
"6688",3.19726682077206
"6689",2.5446423767799
"6690",2.47625689926565
"6691",3.06887406615015
"6692",2.97288197471999
"6693",3.91328195652252
"6694",3.89501722417601
"6695",4.37357564708719
"6696",3.3187190600498
"6697",3.21608203404505
"6698",2.29514659673385
"6699",1.65053953979527
"6700",0.548371033525234
"6701",0.548371033525234
"6702",0.444409751282432
"6703",0.964216170552772
"6704",0.569409748860758
"6705",0.798371028681885
"6706",0.798371028681885
"6707",0.798371028681885
"6708",0.673371031103559
"6709",0.673371031103559
"6710",0.92337102626021
"6711",0.92337102626021
"6712",1.29837101899519
"6713",1.42337101657351
"6714",1.67337101173016
"6715",1.54837101415184
"6716",1.67337101173016
"6717",1.29837101899519
"6718",2.08095335383553
"6719",2.62411005592063
"6720",3.7610150760718
"6721",4.88600426283645
"6722",4.98761022077588
"6723",4.83392984884798
"6724",4.81253526981908
"6725",3.21245729997655
"6726",3.75245110333196
"6727",2.95887705331424
"6728",3.71873073768211
"6729",4.00457788510347
"6730",4.56012695940742
"6731",5
"6732",5
"6733",5
"6734",5
"6735",5
"6736",5
"6737",5
"6738",5
"6739",5
"6740",5
"6741",5
"6742",4.82541333327343
"6743",2.48184443875529
"6744",2.48731484777311
"6745",2.82756729356989
"6746",2.37345154256937
"6747",2.96342168972483
"6748",2.42271144617116
"6749",2.76226437657611
"6750",3.50636631202804
"6751",3.55389101113108
"6752",5
"6753",4.94247991876024
"6754",5
"6755",5
"6756",5
"6757",5
"6758",5
"6759",5
"6760",5
"6761",3.7616046752435
"6762",3.97006376400206
"6763",4.22063853595241
"6764",5
"6765",4.99652599708946
"6766",4.75747948046491
"6767",5
"6768",5
"6769",5
"6770",5
"6771",5
"6772",5
"6773",5
"6774",5
"6775",5
"6776",5
"6777",5
"6778",5
"6779",5
"6780",5
"6781",5
"6782",5
"6783",5
"6784",5
"6785",5
"6786",5
"6787",5
"6788",5
"6789",5
"6790",5
"6791",5
"6792",5
"6793",5
"6794",5
"6795",5
"6796",4.49463382522713
"6797",5
"6798",5
"6799",5
"6800",5
"6801",5
"6802",5
"6803",5
"6804",5
"6805",5
"6806",5
"6807",5
"6808",5
"6809",5
"6810",5
"6811",5
"6812",5
"6813",5
"6814",5
"6815",5
"6816",5
"6817",4.07079061885853
"6818",3.9454402265619
"6819",3.51676247851521
"6820",3.73371728920252
"6821",4.30825199459696
"6822",5
"6823",5
"6824",5
"6825",5
"6826",5
"6827",4.21764502798985
"6828",3.21002292319492
"6829",3.09110331915937
"6830",3.04707416180705
"6831",2.77859060293155
"6832",2.95497899849107
"6833",3.08670229524336
"6834",2.46803755267831
"6835",2.8788225373745
"6836",1.95417313750771
"6837",2.47166084536586
"6838",2.76817377517509
"6839",4.40679389914596
"6840",5
"6841",5
"6842",5
"6843",5
"6844",5
"6845",5
"6846",5
"6847",4.85796374300849
"6848",5
"6849",5
"6850",5
"6851",5
"6852",5
"6853",4.49007809922149
"6854",3.70985629476957
"6855",2.24899066409734
"6856",2.04915412664262
"6857",1.49310453908919
"6858",2.08669702583958
"6859",2.41018675449226
"6860",2.80181650637231
"6861",3.62518150719483
"6862",3.31088919621635
"6863",3.31751601670095
"6864",2.4660820485751
"6865",2.19311432628699
"6866",2.7527080460653
"6867",0.548371033525234
"6868",0.548371033525234
"6869",0.548371033525234
"6870",0.694409746439083
"6871",1.04837102383854
"6872",1.29837101899519
"6873",1.54837101415184
"6874",1.42337101657351
"6875",1.17337102141686
"6876",1.17337102141686
"6877",1.32008009648552
"6878",1.60210552516345
"6879",2.4815719086196
"6880",2.86103831173412
"6881",3.36550472239865
"6882",2.89233578785404
"6883",2.64579216911992
"6884",1.90114399248697
"6885",2.02049708088975
"6886",2.34401910470836
"6887",3.51609820647596
"6888",4.56811083120978
"6889",5
"6890",4.23196502031478
"6891",3.78659054062094
"6892",3.09130106342181
"6893",3.30258411363962
"6894",3.00789690110024
"6895",3.30377943994227
"6896",3.68187395993253
"6897",3.98077772723558
"6898",4.93721912365726
"6899",5
"6900",5
"6901",5
"6902",5
"6903",5
"6904",5
"6905",5
"6906",5
"6907",5
"6908",5
"6909",4.71255604193742
"6910",2.71169368543543
"6911",1.5661974226113
"6912",2.37461735706736
"6913",1.16931610237733
"6914",0.391532595473485
"6915",0.767116174473994
"6916",1.87107250623694
"6917",4.10605748988658
"6918",4.54840796149716
"6919",4.48610417765446
"6920",5
"6921",3.67734389614473
"6922",3.08458591771473
"6923",4.30987031564813
"6924",4.85047488071699
"6925",4.1138656409092
"6926",5
"6927",4.09043870868172
"6928",4.43341000527301
"6929",4.48136887075531
"6930",2.54388782476963
"6931",2.39291112322486
"6932",2.93144932529516
"6933",5
"6934",5
"6935",5
"6936",5
"6937",5
"6938",5
"6939",5
"6940",5
"6941",5
"6942",5
"6943",5
"6944",5
"6945",5
"6946",5
"6947",5
"6948",5
"6949",5
"6950",5
"6951",5
"6952",5
"6953",5
"6954",5
"6955",5
"6956",5
"6957",5
"6958",5
"6959",5
"6960",5
"6961",5
"6962",5
"6963",5
"6964",5
"6965",5
"6966",5
"6967",5
"6968",5
"6969",5
"6970",5
"6971",5
"6972",5
"6973",5
"6974",5
"6975",5
"6976",5
"6977",5
"6978",5
"6979",5
"6980",5
"6981",5
"6982",5
"6983",3.54462321424247
"6984",2.71039224989123
"6985",2.89967216636042
"6986",2.6501218302585
"6987",1.94379562004092
"6988",2.23287314569336
"6989",2.62687513776199
"6990",3.47472306488165
"6991",4.36647565945576
"6992",4.66832957053165
"6993",3.63872398527366
"6994",2.56235788090864
"6995",2.39570064341541
"6996",2.05659876562422
"6997",1.86283389579028
"6998",3.49882113859379
"6999",3.71983724717238
"7000",3.78860958297695
"7001",3.19669241111595
"7002",2.21614122002326
"7003",1.77759488878554
"7004",1.97794958671829
"7005",2.61116420533872
"7006",3.81658294077498
"7007",5
"7008",5
"7009",5
"7010",5
"7011",4.23367612938719
"7012",3.55694237129034
"7013",3.17406325580403
"7014",3.17110072512056
"7015",4.23549195753631
"7016",4.54641208717008
"7017",4.20810986590859
"7018",4.48151308517913
"7019",3.83005353359347
"7020",3.66314513308941
"7021",3.04582538733663
"7022",2.3541504070633
"7023",1.29378721898771
"7024",1.36293335285777
"7025",1.65848316699087
"7026",2.42948817313651
"7027",2.93077249112583
"7028",2.59996342449719
"7029",2.35318559568121
"7030",2.59108204615342
"7031",1.71608206310514
"7032",1.69311433597368
"7033",1.65053953979527
"7034",0.548371033525234
"7035",0.673371031103559
"7036",0.92337102626021
"7037",1.67337101173016
"7038",2.06940971980066
"7039",2.42337099720011
"7040",2.04837100446514
"7041",1.92337100688681
"7042",1.57008009164217
"7043",1.78150982388639
"7044",2.58303410441412
"7045",2.87952394728904
"7046",4.12250406989828
"7047",4.5379469028038
"7048",4.42003069061269
"7049",3.50903560853873
"7050",2.81793031747913
"7051",1.10891834595712
"7052",2.23397338648199
"7053",3.76836312470567
"7054",3.90425262280385
"7055",3.79223701680263
"7056",3.67979372602645
"7057",2.83867398657139
"7058",2.55292797936001
"7059",2.28643551319647
"7060",3.3632048719298
"7061",3.43272395948062
"7062",3.73383781644809
"7063",3.90782901589829
"7064",4.46186959276211
"7065",4.40574886790619
"7066",5
"7067",5
"7068",4.59849135057569
"7069",5
"7070",5
"7071",5
"7072",5
"7073",5
"7074",4.83002490142294
"7075",4.53834986444072
"7076",3.21210870536998
"7077",3.38576544308542
"7078",2.13205554498226
"7079",2.83026179513464
"7080",0.999700737156037
"7081",0.661125347099429
"7082",2.10455298356537
"7083",2.98079543554989
"7084",5
"7085",5
"7086",3.56610033477577
"7087",4.07082736600624
"7088",4.72328565376107
"7089",4.28836789157869
"7090",5
"7091",4.05317436742439
"7092",5
"7093",5
"7094",3.63428615965253
"7095",3.50335259056327
"7096",3.51393330489331
"7097",2.26885343746534
"7098",4.3778789026057
"7099",5
"7100",5
"7101",5
"7102",5
"7103",5
"7104",5
"7105",5
"7106",5
"7107",5
"7108",5
"7109",5
"7110",5
"7111",5
"7112",5
"7113",5
"7114",5
"7115",5
"7116",5
"7117",5
"7118",5
"7119",5
"7120",5
"7121",5
"7122",5
"7123",5
"7124",5
"7125",5
"7126",5
"7127",5
"7128",5
"7129",5
"7130",5
"7131",5
"7132",5
"7133",5
"7134",5
"7135",5
"7136",5
"7137",5
"7138",5
"7139",5
"7140",5
"7141",5
"7142",5
"7143",5
"7144",5
"7145",5
"7146",5
"7147",5
"7148",4.76756980215658
"7149",4.47574929343503
"7150",2.77578457571311
"7151",2.48157282861718
"7152",1.23280230651074
"7153",0.903513962347718
"7154",1.31007289593489
"7155",1.74295609020448
"7156",3.81846558081696
"7157",3.63779189333495
"7158",4.18994812108802
"7159",3.43910004383452
"7160",2.66481037450572
"7161",1.14610027081696
"7162",2.78540023821518
"7163",3.72132693102939
"7164",4.12586821228467
"7165",4.41871705221203
"7166",4.27529129436412
"7167",2.93342686433566
"7168",2.56800276323227
"7169",2.00639260185049
"7170",1.19238785674834
"7171",2.12006893738496
"7172",2.97747394911394
"7173",3.99508969524069
"7174",3.79933931736573
"7175",4.57192148016603
"7176",3.80891166684243
"7177",2.28688871056865
"7178",1.89502470271896
"7179",1.79957708355856
"7180",1.91760937888401
"7181",2.40355873425553
"7182",2.58811937464995
"7183",3.02187289527435
"7184",2.53643027713356
"7185",2.23188460955812
"7186",3.3026728079402
"7187",2.6631235136129
"7188",2.91860616227087
"7189",2.47115023871204
"7190",2.10227060281779
"7191",2.02467116366233
"7192",2.48812222813121
"7193",2.61400336103589
"7194",1.88135105077369
"7195",3.3484705680232
"7196",1.41616283141939
"7197",1.36276227495584
"7198",1.19556640749467
"7199",1.65053953979527
"7200",0.548371033525234
"7201",0.673371031103559
"7202",1.42337101657351
"7203",1.94440972222234
"7204",3.0892161293843
"7205",2.96856762531639
"7206",3.12587849490842
"7207",1.93763369560745
"7208",2.05531337012516
"7209",1.77960572338054
"7210",1.73395147478767
"7211",3.49839853316741
"7212",4.67891914567922
"7213",4.74612987673856
"7214",5
"7215",3.48650245505385
"7216",2.25709414941578
"7217",1.94136142750832
"7218",2.17857761968135
"7219",2.63286416854745
"7220",4.04962326908698
"7221",2.90246980179959
"7222",2.69952756309413
"7223",1.92385818273614
"7224",1.81859974646401
"7225",2.5996350165057
"7226",3.00833579241657
"7227",3.78020006058534
"7228",3.79949461041965
"7229",4.15643310307611
"7230",4.17258367096296
"7231",3.45294460414571
"7232",2.43861433542389
"7233",3.43154254834188
"7234",3.95012504272503
"7235",4.79531799940593
"7236",5
"7237",5
"7238",5
"7239",5
"7240",5
"7241",5
"7242",4.96880135508453
"7243",4.00877011892359
"7244",4.44503327865105
"7245",3.94079769877246
"7246",0.99399243448098
"7247",2.13040901803602
"7248",2.18686918554296
"7249",3.56667471977235
"7250",5
"7251",4.30223521598875
"7252",3.87361930763079
"7253",4.52403574190375
"7254",3.921603985007
"7255",4.3953364073232
"7256",4.60397460444582
"7257",3.8415779061237
"7258",4.15524663743422
"7259",3.38746335115296
"7260",4.23245150039481
"7261",3.6985240474041
"7262",2.66476160680117
"7263",2.79835196140079
"7264",5
"7265",5
"7266",5
"7267",5
"7268",5
"7269",5
"7270",5
"7271",5
"7272",5
"7273",5
"7274",5
"7275",5
"7276",5
"7277",5
"7278",5
"7279",5
"7280",4.48440197092332
"7281",5
"7282",5
"7283",5
"7284",5
"7285",5
"7286",5
"7287",5
"7288",5
"7289",5
"7290",5
"7291",5
"7292",5
"7293",5
"7294",5
"7295",5
"7296",5
"7297",5
"7298",5
"7299",5
"7300",5
"7301",5
"7302",5
"7303",5
"7304",5
"7305",5
"7306",5
"7307",5
"7308",5
"7309",5
"7310",5
"7311",5
"7312",5
"7313",5
"7314",5
"7315",5
"7316",3.73807910539393
"7317",1.14979100195405
"7318",1.04326401481679
"7319",0.888383561060951
"7320",1.13765509848509
"7321",2.40229534483998
"7322",3.71226657419604
"7323",4.74081875430163
"7324",5
"7325",4.20195827919743
"7326",2.16891120487746
"7327",2.42688166349204
"7328",3.07891095635174
"7329",4.38346711750424
"7330",4.04228058219265
"7331",5
"7332",4.00946879957323
"7333",3.84223524056571
"7334",2.37427259659612
"7335",2.23409363831876
"7336",1.84358342253057
"7337",2.83472665893287
"7338",1.78606283172791
"7339",2.23154721730839
"7340",2.72110368556879
"7341",1.98573276070848
"7342",2.39447050748269
"7343",1.70702923804833
"7344",1.49296442866639
"7345",0.544300445743002
"7346",1.23119601550518
"7347",1.84012006413034
"7348",2.06976970407131
"7349",2.24323156962881
"7350",1.79045168131274
"7351",3.85407489363259
"7352",3.79439381904274
"7353",4.78370210425985
"7354",3.79392893026909
"7355",4.470608335984
"7356",2.87184212019074
"7357",2.77348242631504
"7358",3.27393692271924
"7359",2.84052785254667
"7360",3.17655740262512
"7361",1.58151442151923
"7362",1.71487359441593
"7363",1.06846825213117
"7364",1.29113186653885
"7365",2.7527080460653
"7366",0.548371033525235
"7367",0.798371028681884
"7368",1.29837101899519
"7369",2.17337100204346
"7370",2.98960634065191
"7371",2.64511081396314
"7372",2.33765960377275
"7373",2.71448852984207
"7374",2.05256508185411
"7375",1.71704105274857
"7376",2.40043204137612
"7377",2.7166325601652
"7378",3.59885829318451
"7379",4.69762270041201
"7380",4.44540604530354
"7381",3.69032320294011
"7382",2.10706545462088
"7383",1.32970457376177
"7384",2.06412753000993
"7385",2.35188953810399
"7386",3.1097095343732
"7387",2.04994307264783
"7388",2.67677062871756
"7389",1.59621636672516
"7390",2.34740778550038
"7391",2.23569238915939
"7392",2.7129434848109
"7393",3.67391086731881
"7394",4.30195611592841
"7395",4.3276542833671
"7396",3.78963085651
"7397",1.85347282067301
"7398",2.21962126490313
"7399",0.900729491984718
"7400",1.55089702855338
"7401",4.10260187730275
"7402",5
"7403",5
"7404",5
"7405",5
"7406",5
"7407",5
"7408",5
"7409",5
"7410",5
"7411",5
"7412",5
"7413",1.61899242237261
"7414",3.95282323084325
"7415",3.81522142878234
"7416",3.74075802586454
"7417",3.39450522373756
"7418",4.59324443254215
"7419",4.06528623686909
"7420",4.4242815510905
"7421",4.3998912002752
"7422",4.32756258378678
"7423",4.27919605390336
"7424",2.59386941482455
"7425",4.59024888270135
"7426",3.42454272747503
"7427",3.10469270221821
"7428",4.06511141335352
"7429",5
"7430",5
"7431",5
"7432",5
"7433",5
"7434",5
"7435",5
"7436",5
"7437",5
"7438",5
"7439",5
"7440",5
"7441",5
"7442",5
"7443",5
"7444",5
"7445",5
"7446",4.58220839854404
"7447",4.36589939823893
"7448",5
"7449",5
"7450",5
"7451",5
"7452",5
"7453",5
"7454",5
"7455",5
"7456",5
"7457",5
"7458",5
"7459",5
"7460",5
"7461",5
"7462",5
"7463",5
"7464",5
"7465",5
"7466",5
"7467",5
"7468",5
"7469",5
"7470",5
"7471",5
"7472",5
"7473",5
"7474",5
"7475",5
"7476",5
"7477",5
"7478",5
"7479",5
"7480",5
"7481",5
"7482",5
"7483",3.13442006472027
"7484",2.08103686461829
"7485",1.87918507183363
"7486",2.2456986720462
"7487",3.25748031868889
"7488",5
"7489",5
"7490",5
"7491",4.51428119814681
"7492",2.93333824875767
"7493",3.26095564859667
"7494",2.53546227296256
"7495",3.5348649942782
"7496",5
"7497",4.59927753262258
"7498",4.70192137271826
"7499",4.18098063141856
"7500",3.73154823323778
"7501",2.281809978079
"7502",2.96086693358008
"7503",2.00680076009921
"7504",2.32493497360646
"7505",1.54596312263147
"7506",1.38160575189781
"7507",1.44160432692883
"7508",1.36599049878121
"7509",1.32074284745561
"7510",1.28654823194897
"7511",0.539104234043283
"7512",0.196805048951951
"7513",0.380401765790825
"7514",1.471011870438
"7515",1.45625012100042
"7516",1.42947088856172
"7517",2.02347001885515
"7518",4.1431137744723
"7519",4.45823498451368
"7520",5
"7521",4.7806679598763
"7522",4.07211962987542
"7523",3.68356839272939
"7524",3.1364847079722
"7525",3.3819002679163
"7526",2.55764408484417
"7527",2.09160917377268
"7528",1.58755044775152
"7529",1.2103332355481
"7530",1.19110509279672
"7531",1.69478764845308
"7532",1.65053953979527
"7533",0.673371031103559
"7534",1.29837101899519
"7535",1.81940972464401
"7536",2.81124407791975
"7537",2.38729865398193
"7538",1.30642751286759
"7539",0.88802352563697
"7540",0.907617785820745
"7541",0.340359164964649
"7542",1.15489750360102
"7543",2.36680285051568
"7544",2.59163256258688
"7545",3.86015573065711
"7546",2.88268736673618
"7547",2.56952890169029
"7548",1.33586537726936
"7549",1.46300929674299
"7550",1.09082016385142
"7551",1.88612767134306
"7552",1.58057886552608
"7553",2.9123393097799
"7554",1.97306407469356
"7555",2.60416067233086
"7556",2.22706819041747
"7557",2.24081838295406
"7558",2.22989809755692
"7559",3.49054607574704
"7560",4.94385167819863
"7561",3.6035353731543
"7562",3.63196388924866
"7563",1.45573348921362
"7564",0.391271614283055
"7565",0.67971333822409
"7566",1.73232713538018
"7567",2.57329574907665
"7568",3.86337082500769
"7569",4.45741096816483
"7570",5
"7571",4.95569138305861
"7572",5
"7573",5
"7574",5
"7575",5
"7576",5
"7577",5
"7578",5
"7579",5
"7580",2.78219516028883
"7581",4.76096929196706
"7582",5
"7583",4.88471545205321
"7584",5
"7585",5
"7586",4.60814510985454
"7587",5
"7588",5
"7589",4.39624929266346
"7590",3.42408982801556
"7591",3.75779844634105
"7592",3.91059209711248
"7593",5
"7594",2.45184664463681
"7595",5
"7596",5
"7597",5
"7598",5
"7599",5
"7600",5
"7601",5
"7602",5
"7603",5
"7604",5
"7605",5
"7606",5
"7607",5
"7608",5
"7609",5
"7610",5
"7611",2.4706676990721
"7612",4.25413827606538
"7613",3.99576898571592
"7614",5
"7615",5
"7616",5
"7617",5
"7618",5
"7619",5
"7620",5
"7621",5
"7622",5
"7623",5
"7624",5
"7625",5
"7626",5
"7627",5
"7628",5
"7629",5
"7630",5
"7631",5
"7632",5
"7633",5
"7634",5
"7635",5
"7636",5
"7637",5
"7638",5
"7639",5
"7640",5
"7641",5
"7642",5
"7643",5
"7644",5
"7645",5
"7646",5
"7647",5
"7648",5
"7649",4.61929857609503
"7650",2.52042447074625
"7651",1.99945003176875
"7652",3.13189276596247
"7653",5
"7654",5
"7655",5
"7656",5
"7657",4.97639698263137
"7658",3.75077976969687
"7659",1.6805174354779
"7660",3.78205277587586
"7661",4.27689898283487
"7662",4.28625220047465
"7663",5
"7664",5
"7665",5
"7666",5
"7667",4.61454237064929
"7668",3.2005288797557
"7669",2.5644614931804
"7670",2.1590480880694
"7671",1.88744773196255
"7672",1.02861524447524
"7673",1.1516935298794
"7674",1.71234574398899
"7675",1.60976647483826
"7676",1.337402823551
"7677",1.28174563765741
"7678",0.275405052292859
"7679",0.999646495014139
"7680",1.15972591224576
"7681",1.23597778282718
"7682",1.54331580830234
"7683",2.22217499626166
"7684",3.69854135413296
"7685",4.95277217097808
"7686",5
"7687",5
"7688",4.34050077266889
"7689",3.91949837603353
"7690",3.7728663595354
"7691",3.42156898047562
"7692",2.42320473253905
"7693",1.83583173499074
"7694",1.63658293983546
"7695",1.3865829446788
"7696",1.26158294710048
"7697",1.26158294710048
"7698",1.69478764845308
"7699",2.7527080460653
"7700",0.673371031103559
"7701",0.798371028681885
"7702",1.42337101657351
"7703",1.82949016300176
"7704",1.54712825098259
"7705",0.897277009092119
"7706",0.792924943436208
"7707",0.368496007706053
"7708",0.958919217243533
"7709",0.755476499046782
"7710",1.63960393429607
"7711",3.59525364798809
"7712",2.41222431426641
"7713",3.565515169521
"7714",1.6999214885081
"7715",1.44600385420091
"7716",0.612426210742107
"7717",1.1833008788188
"7718",1.39612837887191
"7719",1.73168414119828
"7720",2.82200410370162
"7721",3.57539643962287
"7722",3.38960368040994
"7723",2.39262631660574
"7724",2.23592391932587
"7725",2.53629264734535
"7726",3.17036360748314
"7727",4.2253159827312
"7728",3.2444964992232
"7729",2.63801304341828
"7730",1.42757775335884
"7731",1.14196911375166
"7732",0.592465716640683
"7733",0.92733240134763
"7734",1.87295223889875
"7735",2.56895998716675
"7736",4.13981440776373
"7737",3.77022963981171
"7738",4.8307008091402
"7739",4.8553056239443
"7740",4.69006737392891
"7741",5
"7742",5
"7743",5
"7744",5
"7745",5
"7746",5
"7747",5
"7748",5
"7749",5
"7750",5
"7751",5
"7752",5
"7753",5
"7754",5
"7755",5
"7756",4.76105439098405
"7757",5
"7758",3.67956668039624
"7759",5
"7760",3.71439996024647
"7761",5
"7762",5
"7763",5
"7764",5
"7765",5
"7766",5
"7767",5
"7768",5
"7769",5
"7770",5
"7771",5
"7772",5
"7773",5
"7774",5
"7775",5
"7776",5
"7777",5
"7778",5
"7779",5
"7780",5
"7781",5
"7782",5
"7783",5
"7784",5
"7785",5
"7786",5
"7787",5
"7788",5
"7789",5
"7790",5
"7791",5
"7792",5
"7793",5
"7794",5
"7795",5
"7796",5
"7797",5
"7798",5
"7799",5
"7800",5
"7801",5
"7802",5
"7803",5
"7804",5
"7805",5
"7806",5
"7807",5
"7808",5
"7809",5
"7810",5
"7811",5
"7812",5
"7813",5
"7814",5
"7815",5
"7816",4.66884961592065
"7817",3.64532389820495
"7818",4.07527614870394
"7819",4.49976085553417
"7820",4.74231408441098
"7821",5
"7822",5
"7823",5
"7824",4.37738047993393
"7825",4.18901304896639
"7826",3.16477084227978
"7827",2.13378492055972
"7828",4.85330493142985
"7829",5
"7830",5
"7831",5
"7832",5
"7833",5
"7834",4.95371952217214
"7835",3.8632034476383
"7836",3.50912117875683
"7837",2.32366095304827
"7838",2.12458179003105
"7839",1.55413356280221
"7840",2.01335889909987
"7841",1.83836529766562
"7842",2.71274895833286
"7843",1.65593852727074
"7844",1.32026728915241
"7845",1.58656075907019
"7846",0.986945692760538
"7847",1.57336095661515
"7848",2.53433653204598
"7849",2.46774128789666
"7850",2.26641058237776
"7851",3.36399639130908
"7852",3.92896961290902
"7853",4.25650509040912
"7854",4.49136493428032
"7855",3.97033572565716
"7856",3.85593205489704
"7857",3.52606496936514
"7858",3.13660710816543
"7859",2.79095494595566
"7860",1.82712044616026
"7861",1.54068529656594
"7862",1.3865829446788
"7863",1.26158294710048
"7864",1.26158294710048
"7865",1.41568529898762
"7866",2.7527080460653
"7867",1.26277577852627
"7868",1.27311664267131
"7869",2.06392837100308
"7870",0.900753458539603
"7871",0.779742273089619
"7872",0.565029572747731
"7873",0.706529808037623
"7874",0.726403609394438
"7875",1.10879297240154
"7876",2.34765579848291
"7877",2.71446494897672
"7878",3.21675259867578
"7879",2.5297963747593
"7880",2.06111365348534
"7881",1.32615155696299
"7882",1.16808061452241
"7883",0.987746597083425
"7884",1.37183863742714
"7885",2.8824800897991
"7886",4.06438996025201
"7887",5
"7888",3.9340904696807
"7889",3.83844917167441
"7890",2.59968092076334
"7891",3.10396784145038
"7892",3.78355906603838
"7893",3.66313675826949
"7894",3.53009854239043
"7895",2.50808439612531
"7896",1.5068099497717
"7897",0.49768518570748
"7898",0.372010130426484
"7899",0.497010128004809
"7900",0.99701011831811
"7901",1.12201011589644
"7902",1.69166880685909
"7903",1.8952296682495
"7904",2.95793522005689
"7905",3.39103628294758
"7906",4.82576855819332
"7907",5
"7908",5
"7909",5
"7910",5
"7911",5
"7912",5
"7913",5
"7914",5
"7915",5
"7916",5
"7917",5
"7918",5
"7919",5
"7920",5
"7921",5
"7922",5
"7923",5
"7924",5
"7925",5
"7926",5
"7927",5
"7928",5
"7929",5
"7930",5
"7931",5
"7932",5
"7933",5
"7934",5
"7935",5
"7936",5
"7937",5
"7938",5
"7939",5
"7940",5
"7941",5
"7942",5
"7943",5
"7944",5
"7945",5
"7946",5
"7947",5
"7948",5
"7949",5
"7950",5
"7951",5
"7952",5
"7953",5
"7954",5
"7955",5
"7956",5
"7957",5
"7958",5
"7959",5
"7960",5
"7961",5
"7962",5
"7963",5
"7964",5
"7965",5
"7966",5
"7967",5
"7968",5
"7969",5
"7970",5
"7971",5
"7972",5
"7973",5
"7974",4.92064220931787
"7975",5
"7976",4.08596671711124
"7977",5
"7978",4.44334577575545
"7979",4.92867689186174
"7980",5
"7981",5
"7982",4.9286522664353
"7983",4.70348329718698
"7984",4.98500542189821
"7985",5
"7986",5
"7987",5
"7988",5
"7989",5
"7990",4.54720965924007
"7991",4.16674409477267
"7992",3.68211242998692
"7993",5
"7994",5
"7995",5
"7996",5
"7997",5
"7998",5
"7999",5
"8000",5
"8001",4.52319884724822
"8002",5
"8003",4.23293365716826
"8004",3.12021686155009
"8005",2.37091895306861
"8006",2.25787095590385
"8007",2.06004050438854
"8008",2.53083214362592
"8009",2.34176372536465
"8010",2.0690415485465
"8011",1.16678796581051
"8012",1.91761557292636
"8013",2.25980315778247
"8014",3.16829358189416
"8015",2.9035125387912
"8016",2.94179102492162
"8017",2.78602687249832
"8018",3.10277766694961
"8019",3.07154223006167
"8020",3.64473817333734
"8021",2.99880984236441
"8022",2.96868033859464
"8023",2.82812655272431
"8024",1.69478764845308
"8025",1.54068529656594
"8026",1.41568529898762
"8027",1.69478764845308
"8028",0.592893086174316
"8029",0.15218770894128
"8030",0.436024436874264
"8031",1.56896009899955
"8032",1.64775977582894
"8033",1.40579065063408
"8034",1.0808684538738
"8035",0.978110793016694
"8036",1.05596043344768
"8037",2.65923399685205
"8038",2.93261786410702
"8039",3.37381096990453
"8040",3.28177025878665
"8041",3.17416244944051
"8042",2.20331636538967
"8043",1.53758453496866
"8044",2.44018238767959
"8045",2.35041611508815
"8046",3.58213705912162
"8047",5
"8048",5
"8049",5
"8050",4.75135756505495
"8051",3.70766591940696
"8052",3.58757588686168
"8053",4.43474996163543
"8054",4.58906621296764
"8055",4.51109149719461
"8056",2.94843573137485
"8057",1.59534145300241
"8058",1.03314467797899
"8059",0.617354104682232
"8060",0.100319404226199
"8061",0.208093744062174
"8062",0.440773192067589
"8063",0.568789628313239
"8064",1.27336093248525
"8065",1.75173504222167
"8066",2.7743567292506
"8067",3.31591936532738
"8068",5
"8069",5
"8070",5
"8071",5
"8072",5
"8073",5
"8074",5
"8075",5
"8076",5
"8077",5
"8078",5
"8079",5
"8080",5
"8081",5
"8082",5
"8083",5
"8084",5
"8085",5
"8086",5
"8087",5
"8088",5
"8089",5
"8090",5
"8091",5
"8092",5
"8093",5
"8094",5
"8095",5
"8096",5
"8097",5
"8098",5
"8099",5
"8100",5
"8101",5
"8102",5
"8103",5
"8104",5
"8105",5
"8106",5
"8107",5
"8108",5
"8109",5
"8110",5
"8111",5
"8112",5
"8113",5
"8114",5
"8115",5
"8116",5
"8117",5
"8118",5
"8119",5
"8120",5
"8121",5
"8122",5
"8123",5
"8124",5
"8125",5
"8126",5
"8127",5
"8128",5
"8129",5
"8130",5
"8131",5
"8132",5
"8133",5
"8134",5
"8135",2.57949256124602
"8136",3.6490700298047
"8137",5
"8138",4.6558933768063
"8139",5
"8140",4.7594141027328
"8141",5
"8142",4.79074482266872
"8143",4.49999353089105
"8144",4.77843951878885
"8145",5
"8146",5
"8147",5
"8148",5
"8149",4.54499146810545
"8150",5
"8151",3.94880772548559
"8152",4.71754166450893
"8153",5
"8154",5
"8155",5
"8156",5
"8157",5
"8158",5
"8159",5
"8160",5
"8161",5
"8162",5
"8163",5
"8164",4.8482322315322
"8165",3.58189960284674
"8166",4.01861575036347
"8167",2.89297272899798
"8168",3.08030233499208
"8169",2.66683648491268
"8170",2.52963501745706
"8171",2.26077047602587
"8172",2.04314115884744
"8173",1.52779455866968
"8174",2.44599415877869
"8175",3.55068211328223
"8176",3.30962850941023
"8177",3.21789478991894
"8178",3.22238383310744
"8179",3.18527961774695
"8180",2.6925878843621
"8181",2.22981795917845
"8182",1.7861429198871
"8183",2.95195102969675
"8184",0.878581074021496
"8185",0.829821224251214
"8186",1.49814146686929
"8187",1.96089634868521
"8188",3.04315635491304
"8189",2.71350478702829
"8190",1.94643541380211
"8191",1.7688053473558
"8192",0.842233318733347
"8193",2.02966642537808
"8194",2.44296263827617
"8195",3.02257339615632
"8196",4.06366983198813
"8197",2.74064569352821
"8198",3.00821514379226
"8199",3.87997570577243
"8200",3.6241565407256
"8201",3.42477552894523
"8202",4.65941498316418
"8203",5
"8204",5
"8205",5
"8206",4.44227754931035
"8207",4.87282071327138
"8208",4.26607099547361
"8209",5
"8210",4.8519722706
"8211",4.62412656408526
"8212",3.50606270547309
"8213",2.2158542201162
"8214",1.5419912511921
"8215",0.854166671957132
"8216",0.430306328779895
"8217",0.00205485480121759
"8218",0.0946192445919523
"8219",1.1233052994257
"8220",0.764520950008082
"8221",2.18589336728468
"8222",2.51448259268433
"8223",4.30941498177648
"8224",5
"8225",5
"8226",5
"8227",5
"8228",5
"8229",5
"8230",5
"8231",5
"8232",5
"8233",5
"8234",5
"8235",5
"8236",5
"8237",5
"8238",5
"8239",5
"8240",5
"8241",5
"8242",5
"8243",5
"8244",5
"8245",5
"8246",5
"8247",5
"8248",5
"8249",5
"8250",5
"8251",5
"8252",5
"8253",5
"8254",5
"8255",5
"8256",5
"8257",5
"8258",5
"8259",5
"8260",5
"8261",5
"8262",5
"8263",5
"8264",5
"8265",5
"8266",5
"8267",5
"8268",5
"8269",5
"8270",5
"8271",5
"8272",5
"8273",5
"8274",5
"8275",5
"8276",5
"8277",5
"8278",5
"8279",5
"8280",5
"8281",5
"8282",5
"8283",5
"8284",5
"8285",5
"8286",5
"8287",5
"8288",5
"8289",5
"8290",5
"8291",3.50463732807807
"8292",4.06523507759982
"8293",5
"8294",5
"8295",4.89611222448846
"8296",3.49646773794998
"8297",4.0173590015922
"8298",4.31548938804288
"8299",3.9792114629596
"8300",5
"8301",5
"8302",5
"8303",5
"8304",4.75627057594049
"8305",3.23934015469507
"8306",3.41011032227298
"8307",4.76421237134403
"8308",4.6041163753251
"8309",5
"8310",5
"8311",5
"8312",5
"8313",5
"8314",5
"8315",5
"8316",5
"8317",5
"8318",5
"8319",4.80718345304451
"8320",4.44403191032606
"8321",4.48152940781985
"8322",4.41902150880027
"8323",3.89037196252821
"8324",3.28777126012739
"8325",4.19922232391347
"8326",2.39480885948361
"8327",2.63761579617001
"8328",2.00507424166804
"8329",1.84139384980767
"8330",2.24389956083393
"8331",3.74873218891606
"8332",5
"8333",5
"8334",4.37436634314448
"8335",3.05884339366475
"8336",2.77213000549633
"8337",1.80557560764617
"8338",1.93229159005908
"8339",0.96881718124604
"8340",0.549212626570271
"8341",0.968817181246039
"8342",1.76634482560379
"8343",0.949031857879387
"8344",1.99118683910787
"8345",2.84233585551316
"8346",3.34453783327807
"8347",3.3634706143625
"8348",2.49378487759584
"8349",1.33414737533671
"8350",2.06580469455165
"8351",1.26286075699789
"8352",2.82158770038076
"8353",3.42088378931279
"8354",3.05587727956392
"8355",4.12351775130165
"8356",4.8380867260712
"8357",5
"8358",5
"8359",5
"8360",5
"8361",5
"8362",5
"8363",5
"8364",4.47872287120838
"8365",3.54401866912882
"8366",4.60964059802563
"8367",4.52757147763675
"8368",5
"8369",5
"8370",3.93695820269958
"8371",3.52835879002281
"8372",2.73920211157432
"8373",2.47922363338023
"8374",1.50745300259958
"8375",1.22870466334493
"8376",1.91055673475769
"8377",1.09572573220321
"8378",2.10368220742339
"8379",2.66857255556268
"8380",4.41581044002147
"8381",5
"8382",5
"8383",5
"8384",5
"8385",5
"8386",5
"8387",5
"8388",5
"8389",5
"8390",5
"8391",5
"8392",5
"8393",5
"8394",5
"8395",4.59334630089151
"8396",5
"8397",5
"8398",5
"8399",5
"8400",5
"8401",5
"8402",5
"8403",5
"8404",5
"8405",5
"8406",5
"8407",5
"8408",5
"8409",5
"8410",5
"8411",5
"8412",5
"8413",5
"8414",5
"8415",5
"8416",5
"8417",5
"8418",5
"8419",5
"8420",5
"8421",5
"8422",5
"8423",5
"8424",5
"8425",5
"8426",5
"8427",5
"8428",5
"8429",5
"8430",5
"8431",5
"8432",5
"8433",5
"8434",5
"8435",5
"8436",5
"8437",5
"8438",5
"8439",5
"8440",5
"8441",5
"8442",5
"8443",5
"8444",5
"8445",5
"8446",5
"8447",5
"8448",4.8527296770497
"8449",5
"8450",5
"8451",5
"8452",5
"8453",5
"8454",4.2214498665501
"8455",5
"8456",4.98119693687675
"8457",5
"8458",5
"8459",5
"8460",4.37872459531714
"8461",3.57586031130576
"8462",3.45321746832954
"8463",3.11651053956722
"8464",3.23286869071647
"8465",2.91744230133352
"8466",3.76867372258476
"8467",4.99353634919146
"8468",5
"8469",5
"8470",5
"8471",5
"8472",5
"8473",5
"8474",5
"8475",5
"8476",5
"8477",5
"8478",3.28055414680931
"8479",5
"8480",4.40788372946818
"8481",5
"8482",4.72487872140781
"8483",4.17901586341943
"8484",3.728661636411
"8485",2.79450619650225
"8486",2.24208676251885
"8487",1.92057440145219
"8488",2.97266360347369
"8489",4.37346642654733
"8490",5
"8491",5
"8492",5
"8493",4.47397054983416
"8494",3.06207782657924
"8495",2.02773990771549
"8496",2.9995353943858
"8497",0.96881718124604
"8498",0.129608071894503
"8499",0.129608071894503
"8500",0.129608071894503
"8501",0.549212626570271
"8502",0.549212626570271
"8503",0.96881718124604
"8504",1.94968117530073
"8505",2.39771655072867
"8506",3.48371614948897
"8507",3.98476812646263
"8508",3.55721993565688
"8509",3.43103994538529
"8510",2.44742093939855
"8511",1.87779567531634
"8512",1.97728145879749
"8513",2.32685510423709
"8514",2.47957246447592
"8515",3.26821336922338
"8516",4.15867668925623
"8517",5
"8518",5
"8519",5
"8520",5
"8521",5
"8522",5
"8523",5
"8524",5
"8525",5
"8526",3.62219957619045
"8527",4.40363781196846
"8528",4.51923762535809
"8529",4.69002508124059
"8530",5
"8531",4.28173405816987
"8532",3.58140843096582
"8533",4.46873109756364
"8534",2.96787075184782
"8535",2.51325505313292
"8536",2.8430603500952
"8537",2.1781646976941
"8538",3.50797355311636
"8539",3.47394548339918
"8540",4.23334109357874
"8541",4.852538256418
"8542",5
"8543",5
"8544",5
"8545",5
"8546",5
"8547",4.02180892635139
"8548",3.90322340115664
"8549",4.08647449217508
"8550",4.64331164166519
"8551",5
"8552",5
"8553",5
"8554",4.83193391113192
"8555",4.81271883928631
"8556",4.00393434085859
"8557",4.14076998658443
"8558",5
"8559",5
"8560",5
"8561",5
"8562",5
"8563",5
"8564",5
"8565",5
"8566",5
"8567",5
"8568",5
"8569",5
"8570",5
"8571",5
"8572",5
"8573",5
"8574",5
"8575",5
"8576",5
"8577",5
"8578",5
"8579",5
"8580",5
"8581",5
"8582",5
"8583",5
"8584",5
"8585",5
"8586",5
"8587",5
"8588",5
"8589",5
"8590",5
"8591",5
"8592",5
"8593",5
"8594",5
"8595",5
"8596",5
"8597",5
"8598",5
"8599",5
"8600",5
"8601",5
"8602",5
"8603",5
"8604",5
"8605",5
"8606",5
"8607",5
"8608",5
"8609",4.80173073985802
"8610",5
"8611",5
"8612",5
"8613",5
"8614",5
"8615",5
"8616",5
"8617",5
"8618",5
"8619",5
"8620",4.81387708424206
"8621",3.94470984052824
"8622",3.53050950039478
"8623",3.39247294816946
"8624",3.26127614378675
"8625",3.43561605088616
"8626",5
"8627",5
"8628",5
"8629",5
"8630",5
"8631",5
"8632",5
"8633",5
"8634",5
"8635",5
"8636",5
"8637",3.87733393211553
"8638",5
"8639",5
"8640",5
"8641",5
"8642",4.41578105847244
"8643",3.49211515707817
"8644",2.48373933645233
"8645",2.11807154156033
"8646",2.3458454088812
"8647",3.89395745227751
"8648",5
"8649",5
"8650",5
"8651",4.96162128817359
"8652",3.17521741435414
"8653",3.22924908924646
"8654",0.549212626570271
"8655",0.129608071894503
"8656",0.129608071894503
"8657",0.129608071894503
"8658",0.129608071894503
"8659",0.129608071894503
"8660",0.129608071894503
"8661",0.96881718124604
"8662",1.70489286473437
"8663",3.240621655229
"8664",4.33373784407506
"8665",4.63272582155954
"8666",5
"8667",4.43056933034085
"8668",3.40535532785639
"8669",3.54047615192311
"8670",2.64736967481652
"8671",2.89925576210904
"8672",3.52869081100325
"8673",4.41919560620646
"8674",5
"8675",5
"8676",5
"8677",5
"8678",5
"8679",5
"8680",5
"8681",5
"8682",5
"8683",5
"8684",4.85051618615801
"8685",4.23435796831275
"8686",5
"8687",4.41790227312296
"8688",4.62906103075667
"8689",4.26308146913409
"8690",4.28374724905427
"8691",3.52566241892133
"8692",4.21843647212334
"8693",3.07740080655523
"8694",3.58495703154527
"8695",3.52534285445664
"8696",4.47632106650261
"8697",4.68497403865048
"8698",4.78083346216345
"8699",5
"8700",5
"8701",5
"8702",4.41039210599796
"8703",5
"8704",3.83124990522638
"8705",3.56928464230519
"8706",3.13635072540118
"8707",4.02910840279599
"8708",5
"8709",5
"8710",5
"8711",5
"8712",5
"8713",3.01845741354136
"8714",3.80923959498888
"8715",5
"8716",5
"8717",5
"8718",5
"8719",5
"8720",5
"8721",5
"8722",5
"8723",5
"8724",5
"8725",5
"8726",5
"8727",5
"8728",5
"8729",5
"8730",5
"8731",5
"8732",5
"8733",5
"8734",5
"8735",5
"8736",5
"8737",5
"8738",5
"8739",5
"8740",5
"8741",5
"8742",5
"8743",5
"8744",5
"8745",5
"8746",5
"8747",5
"8748",5
"8749",5
"8750",5
"8751",5
"8752",5
"8753",5
"8754",5
"8755",5
"8756",5
"8757",5
"8758",5
"8759",5
"8760",5
"8761",5
"8762",5
"8763",5
"8764",5
"8765",5
"8766",5
"8767",5
"8768",5
"8769",5
"8770",5
"8771",5
"8772",5
"8773",5
"8774",5
"8775",5
"8776",5
"8777",5
"8778",3.65739287899426
"8779",3.44668478750619
"8780",3.34906552823586
"8781",2.71745292220944
"8782",3.82926908339044
"8783",2.79627485467996
"8784",2.7647580286675
"8785",2.2775905134417
"8786",2.47224547739415
"8787",2.45105488452378
"8788",2.75980042464892
"8789",2.5600664954268
"8790",5
"8791",4.7091862942161
"8792",3.53188457510256
"8793",4.09386852615295
"8794",3.62555807630942
"8795",4.42016856696003
"8796",3.66301971726734
"8797",5
"8798",5
"8799",5
"8800",5
"8801",4.12875177243165
"8802",3.2336261110441
"8803",2.47387310887644
"8804",1.35536374223825
"8805",1.83387368512812
"8806",3.06194671944446
"8807",3.87712353294465
"8808",5
"8809",4.49661617778444
"8810",4.40784587129863
"8811",2.97931499564832
"8812",2.33057210357042
"8813",1.09381717882436
"8814",0.254608069472828
"8815",0.129608071894503
"8816",0.129608071894503
"8817",0.129608071894503
"8818",0.129608071894503
"8819",0.129608071894503
"8820",0.129608071894503
"8821",0.549212626570271
"8822",2.00484068990223
"8823",1.59710789503766
"8824",2.69652873393344
"8825",4.36993552410966
"8826",5
"8827",5
"8828",4.90294658839511
"8829",4.77276343072104
"8830",3.40306667554597
"8831",4.45624964772549
"8832",4.74854998616052
"8833",3.45901035953428
"8834",3.88244656665716
"8835",5
"8836",5
"8837",5
"8838",5
"8839",5
"8840",5
"8841",5
"8842",5
"8843",5
"8844",5
"8845",5
"8846",5
"8847",4.63142137039405
"8848",5
"8849",4.97533859487151
"8850",5
"8851",4.555340650962
"8852",3.8580829502512
"8853",5
"8854",4.96862811734682
"8855",3.48172400086579
"8856",3.85423000747621
"8857",5
"8858",5
"8859",5
"8860",5
"8861",5
"8862",4.79364886263605
"8863",5
"8864",4.84785978235907
"8865",5
"8866",3.64288592309094
"8867",3.70688903688275
"8868",3.86345825656301
"8869",5
"8870",5
"8871",5
"8872",5
"8873",5
"8874",5
"8875",5
"8876",4.9071374880144
"8877",5
"8878",5
"8879",5
"8880",5
"8881",5
"8882",5
"8883",5
"8884",5
"8885",5
"8886",5
"8887",5
"8888",5
"8889",5
"8890",5
"8891",5
"8892",5
"8893",5
"8894",5
"8895",5
"8896",5
"8897",5
"8898",5
"8899",5
"8900",5
"8901",5
"8902",5
"8903",5
"8904",5
"8905",5
"8906",5
"8907",5
"8908",5
"8909",5
"8910",5
"8911",5
"8912",5
"8913",5
"8914",5
"8915",5
"8916",5
"8917",5
"8918",5
"8919",5
"8920",5
"8921",5
"8922",5
"8923",5
"8924",5
"8925",5
"8926",4.677711977903
"8927",5
"8928",5
"8929",5
"8930",5
"8931",5
"8932",5
"8933",5
"8934",5
"8935",5
"8936",5
"8937",5
"8938",4.03041999594225
"8939",4.14198911061212
"8940",4.99756681259559
"8941",4.48535418092115
"8942",4.83455352695578
"8943",3.77966846859381
"8944",3.62814059364503
"8945",2.99101572969747
"8946",2.31275239280839
"8947",2.17377524581493
"8948",3.28214790192932
"8949",2.85333782772403
"8950",2.80244446339044
"8951",3.40237060125191
"8952",3.33715285905537
"8953",0.557315958624506
"8954",3.74639599928156
"8955",4.48169984029917
"8956",1.81740642557132
"8957",5
"8958",5
"8959",5
"8960",5
"8961",5
"8962",3.90604507707998
"8963",3.0740580090837
"8964",1.72000350174145
"8965",1.11352766033651
"8966",0.988527662758188
"8967",1.64573709563711
"8968",2.55625531571563
"8969",2.72837811857086
"8970",2.90444009246859
"8971",2.53084097889325
"8972",2.04424494239439
"8973",2.80309185960269
"8974",1.1742126144619
"8975",0.75460805978613
"8976",0.379608067051154
"8977",0.129608071894503
"8978",0.129608071894503
"8979",0.129608071894503
"8980",0.129608071894503
"8981",0.129608071894503
"8982",0.129608071894503
"8983",0.549212626570271
"8984",0.549212626570271
"8985",0.96881718124604
"8986",1.16470204417633
"8987",1.3462846899141
"8988",3.20577892255503
"8989",4.32290252252721
"8990",5
"8991",4.81988499716486
"8992",5
"8993",4.59941706877925
"8994",4.23133182559955
"8995",3.87841976970557
"8996",3.64818520039255
"8997",2.55141331470772
"8998",2.20500356188417
"8999",4.46615126744393
"9000",4.55170902677049
"9001",5
"9002",5
"9003",5
"9004",5
"9005",5
"9006",5
"9007",5
"9008",5
"9009",5
"9010",5
"9011",5
"9012",5
"9013",5
"9014",5
"9015",4.78129508723071
"9016",4.26833555483165
"9017",2.57393630370085
"9018",2.85010051875134
"9019",3.64508107183304
"9020",4.69742952775216
"9021",5
"9022",5
"9023",4.09118603021274
"9024",5
"9025",5
"9026",5
"9027",5
"9028",5
"9029",5
"9030",5
"9031",3.99501227338135
"9032",3.24623611280623
"9033",5
"9034",5
"9035",5
"9036",5
"9037",5
"9038",4.39305061704953
"9039",3.31619400989353
"9040",5
"9041",5
"9042",5
"9043",5
"9044",5
"9045",5
"9046",5
"9047",5
"9048",5
"9049",5
"9050",5
"9051",5
"9052",5
"9053",5
"9054",5
"9055",5
"9056",5
"9057",5
"9058",5
"9059",4.88004130501909
"9060",4.90529152706223
"9061",5
"9062",5
"9063",5
"9064",5
"9065",5
"9066",5
"9067",5
"9068",5
"9069",5
"9070",5
"9071",5
"9072",5
"9073",5
"9074",5
"9075",5
"9076",5
"9077",5
"9078",5
"9079",5
"9080",5
"9081",5
"9082",5
"9083",5
"9084",5
"9085",5
"9086",5
"9087",4.9843380693866
"9088",4.92737891867541
"9089",4.77567599317534
"9090",4.21747595767954
"9091",4.4304629847634
"9092",5
"9093",5
"9094",5
"9095",5
"9096",5
"9097",5
"9098",5
"9099",5
"9100",5
"9101",4.62261275857793
"9102",4.16528856837155
"9103",5
"9104",5
"9105",5
"9106",5
"9107",5
"9108",4.08834721001496
"9109",3.20716309420625
"9110",2.70719166525672
"9111",2.92516536904881
"9112",3.53927351436094
"9113",4.73367603369708
"9114",4.55366667187481
"9115",3.26736230851379
"9116",3.06276455486266
"9117",1.81407189643161
"9118",0
"9119",1.97208480500759
"9120",2.78234232028362
"9121",5
"9122",5
"9123",5
"9124",5
"9125",5
"9126",3.79900568316104
"9127",2.13805812815486
"9128",1.5115895453278
"9129",0.613527670023212
"9130",0.738527667601538
"9131",0.918872507710596
"9132",1.13559341695963
"9133",1.09386351601056
"9134",1.2102222672678
"9135",1.19305833361803
"9136",1.77911575556566
"9137",1.79855598842544
"9138",1.37960804767776
"9139",1.12960805252111
"9140",0.254608069472829
"9141",0.129608071894503
"9142",0.129608071894503
"9143",0.129608071894503
"9144",0.129608071894503
"9145",0.129608071894503
"9146",0.129608071894503
"9147",0.129608071894503
"9148",0.549212626570271
"9149",1.80648003811621
"9150",0.522924050236448
"9151",1.7729240260197
"9152",2.9525372504615
"9153",4.32231192598444
"9154",5
"9155",4.86230222751321
"9156",4.6144661742806
"9157",5
"9158",3.92099645931232
"9159",3.32051065678956
"9160",2.88440629452551
"9161",2.27955792068554
"9162",2.32096545252393
"9163",3.05876551337682
"9164",3.79843152020283
"9165",4.72768881448372
"9166",4.33306280493817
"9167",3.94057973965817
"9168",4.37099008405376
"9169",5
"9170",5
"9171",5
"9172",5
"9173",5
"9174",5
"9175",5
"9176",5
"9177",5
"9178",4.49818279611555
"9179",3.46600235876836
"9180",3.58348754079945
"9181",3.62645171097447
"9182",2.52384027415942
"9183",3.01185922007711
"9184",2.90897063867791
"9185",3.82696277687162
"9186",4.79399389636427
"9187",4.7386537958666
"9188",4.50956628316705
"9189",5
"9190",5
"9191",5
"9192",5
"9193",5
"9194",5
"9195",4.13713720920039
"9196",3.19362005474525
"9197",3.44844765542617
"9198",3.97581945660583
"9199",5
"9200",4.8747796609839
"9201",3.8756317620943
"9202",3.42726119543021
"9203",2.69521717637115
"9204",2.67610587475424
"9205",4.64900975807731
"9206",5
"9207",5
"9208",5
"9209",5
"9210",5
"9211",5
"9212",5
"9213",5
"9214",5
"9215",5
"9216",5
"9217",5
"9218",5
"9219",5
"9220",5
"9221",5
"9222",5
"9223",5
"9224",5
"9225",5
"9226",5
"9227",5
"9228",5
"9229",5
"9230",5
"9231",5
"9232",5
"9233",5
"9234",5
"9235",5
"9236",5
"9237",5
"9238",5
"9239",5
"9240",5
"9241",5
"9242",5
"9243",5
"9244",5
"9245",5
"9246",5
"9247",5
"9248",5
"9249",5
"9250",5
"9251",5
"9252",4.51626808228547
"9253",4.94285430438903
"9254",4.67562306264592
"9255",5
"9256",5
"9257",5
"9258",5
"9259",5
"9260",5
"9261",5
"9262",5
"9263",5
"9264",5
"9265",4.50956020300089
"9266",4.23023005676384
"9267",5
"9268",5
"9269",5
"9270",5
"9271",5
"9272",5
"9273",5
"9274",3.39404912426393
"9275",3.17937604564091
"9276",3.11446385105539
"9277",4.3693085796157
"9278",5
"9279",4.9908057046593
"9280",4.67988418022611
"9281",3.6267464850152
"9282",2.34755800108144
"9283",0.578687908504933
"9284",1.20569196961407
"9285",2.7799355304998
"9286",4.94618221310151
"9287",5
"9288",5
"9289",5
"9290",5
"9291",2.46555170856379
"9292",2.53950700367752
"9293",0.929555477618692
"9294",0.488527672444887
"9295",0.465692541671607
"9296",0.570892616160167
"9297",0.560150348274606
"9298",0.49592093461384
"9299",1.06018004913622
"9300",1.0817968816136
"9301",2.13845650138552
"9302",2.81794306981386
"9303",2.44194160167699
"9304",2.25395141679795
"9305",1.25460805009943
"9306",0.629608062207805
"9307",0.129608071894503
"9308",0.129608071894503
"9309",0.129608071894503
"9310",0.129608071894503
"9311",0.129608071894503
"9312",0.129608071894503
"9313",0.129608071894503
"9314",0.549212626570271
"9315",1.20065732302012
"9316",0.913116563568622
"9317",1.76086950742947
"9318",3.46414778178789
"9319",3.82924298826382
"9320",4.504656221303
"9321",4.57772194986023
"9322",4.93787178603059
"9323",3.07452142215346
"9324",3.00943717061665
"9325",2.21568381705004
"9326",1.57822143821141
"9327",1.74958559993145
"9328",2.66102651170202
"9329",3.02494410809296
"9330",3.31845223144626
"9331",3.66739252229582
"9332",3.48687137191832
"9333",4.10889633843075
"9334",4.17165333123751
"9335",5
"9336",5
"9337",5
"9338",5
"9339",5
"9340",4.96141821551598
"9341",5
"9342",4.57303403644363
"9343",4.44153906663735
"9344",3.21060223511908
"9345",4.40852757309055
"9346",3.69258263167323
"9347",3.34939964981972
"9348",2.92661981957953
"9349",2.98488361196264
"9350",3.1866173678004
"9351",4.74650876563285
"9352",4.15174414239484
"9353",4.46856829149114
"9354",4.88043002406954
"9355",4.91427211865676
"9356",5
"9357",5
"9358",5
"9359",5
"9360",5
"9361",3.81969936605914
"9362",2.16912748367669
"9363",1.75251460982859
"9364",3.70861275567534
"9365",3.31782747534476
"9366",3.38338672726627
"9367",3.06029858081399
"9368",3.23507734902578
"9369",2.31921943619759
"9370",2.80970727342529
"9371",3.23385612809731
"9372",3.95961437711794
"9373",5
"9374",5
"9375",5
"9376",5
"9377",5
"9378",5
"9379",5
"9380",5
"9381",5
"9382",5
"9383",5
"9384",5
"9385",5
"9386",5
"9387",5
"9388",5
"9389",5
"9390",5
"9391",5
"9392",5
"9393",5
"9394",5
"9395",5
"9396",5
"9397",5
"9398",5
"9399",5
"9400",5
"9401",5
"9402",5
"9403",5
"9404",5
"9405",5
"9406",5
"9407",5
"9408",5
"9409",5
"9410",5
"9411",5
"9412",5
"9413",5
"9414",5
"9415",5
"9416",5
"9417",5
"9418",5
"9419",5
"9420",5
"9421",5
"9422",5
"9423",5
"9424",5
"9425",5
"9426",5
"9427",5
"9428",5
"9429",5
"9430",4.80737063712835
"9431",5
"9432",5
"9433",5
"9434",5
"9435",5
"9436",5
"9437",5
"9438",5
"9439",4.47374635719344
"9440",3.70359555543201
"9441",2.86542056144568
"9442",3.71985419797194
"9443",4.75277927211371
"9444",5
"9445",5
"9446",4.68181880388002
"9447",2.85513373991822
"9448",3.3524233288269
"9449",1.42673647155521
"9450",1.46966099960031
"9451",2.92008986749539
"9452",3.69440598733216
"9453",4.9107054815568
"9454",5
"9455",5
"9456",4.07019574979658
"9457",2.61856995677819
"9458",1.33126417197429
"9459",0.694500267553637
"9460",0.415851143509614
"9461",0.389438610500083
"9462",1.15337795205083
"9463",1.02667626934428
"9464",1.78516182958216
"9465",2.35101250859568
"9466",2.26536432725352
"9467",3.15053950714583
"9468",2.33851049515828
"9469",2.7544583316604
"9470",1.50460804525608
"9471",0.629608062207805
"9472",0.254608069472829
"9473",0.212151916655795
"9474",0.229038263333827
"9475",0.129608071894503
"9476",0.129608071894503
"9477",0.129608071894503
"9478",0.129608071894503
"9479",0.129608071894503
"9480",0.96881718124604
"9481",1.18352756993453
"9482",0.939967330044994
"9483",1.91943415608928
"9484",3.35902988067602
"9485",4.06456642376301
"9486",3.69690453843303
"9487",4.17791254186307
"9488",3.73496213457174
"9489",3.5598150877755
"9490",2.18561878219704
"9491",1.39051263605703
"9492",1.26271146914234
"9493",1.96544522420179
"9494",2.99330468621318
"9495",3.17783538612864
"9496",4.02412890432062
"9497",3.85545598114876
"9498",3.95940476490044
"9499",3.97259522309896
"9500",4.43752449766851
"9501",4.15728696702658
"9502",4.62109338093652
"9503",5
"9504",5
"9505",4.88789651506771
"9506",4.27563093146391
"9507",4.40958237793839
"9508",4.27732032291217
"9509",4.05764074726137
"9510",3.92509195601108
"9511",3.78150245492658
"9512",3.73424265052338
"9513",3.97268124803792
"9514",3.9178123197354
"9515",4.39733701838046
"9516",5
"9517",4.17684660222327
"9518",3.43561485424248
"9519",4.24351690811089
"9520",3.69917059490354
"9521",4.47665956209344
"9522",4.61678183355212
"9523",5
"9524",5
"9525",5
"9526",4.24664357272333
"9527",2.7346847718161
"9528",0.779378251006833
"9529",1.74861433929684
"9530",2.24857576094663
"9531",2.81512553607551
"9532",2.99907099940839
"9533",3.62250592402017
"9534",3.31669423800123
"9535",4.80473468361727
"9536",3.57497096740153
"9537",3.63254941784951
"9538",2.17231974158837
"9539",5
"9540",5
"9541",5
"9542",5
"9543",5
"9544",5
"9545",5
"9546",5
"9547",5
"9548",5
"9549",5
"9550",5
"9551",5
"9552",5
"9553",5
"9554",5
"9555",5
"9556",5
"9557",5
"9558",5
"9559",5
"9560",5
"9561",5
"9562",5
"9563",5
"9564",5
"9565",5
"9566",5
"9567",5
"9568",5
"9569",5
"9570",5
"9571",5
"9572",5
"9573",5
"9574",5
"9575",5
"9576",5
"9577",5
"9578",5
"9579",5
"9580",5
"9581",5
"9582",5
"9583",5
"9584",5
"9585",5
"9586",5
"9587",5
"9588",5
"9589",5
"9590",5
"9591",5
"9592",5
"9593",5
"9594",5
"9595",5
"9596",5
"9597",5
"9598",5
"9599",5
"9600",5
"9601",5
"9602",5
"9603",5
"9604",5
"9605",4.12523603130353
"9606",3.27476792781604
"9607",2.34492671750914
"9608",2.87477688208361
"9609",5
"9610",5
"9611",5
"9612",4.44585338041532
"9613",3.64079720178201
"9614",2.1407972308421
"9615",2.8524233385136
"9616",2.39423208569342
"9617",2.96966097054022
"9618",3.26739112898884
"9619",4.67883017140062
"9620",4.16556032767193
"9621",2.76490381246727
"9622",2.32403885783715
"9623",1.2988143663901
"9624",0.835138063747276
"9625",0.98869290485527
"9626",2.1212303253991
"9627",1.5659454587736
"9628",1.43126013260904
"9629",1.13650774451403
"9630",2.17936452811011
"9631",2.51917759372528
"9632",3.04716729878896
"9633",2.25460803072603
"9634",1.37960804767776
"9635",0.879608057364455
"9636",0.270143894429428
"9637",0.514407384919274
"9638",0.318946501074757
"9639",0.339896674599827
"9640",0.129608071894503
"9641",0.129608071894503
"9642",0.026010765564259
"9643",0.129608071894503
"9644",0.129608071894503
"9645",0.549212626570271
"9646",0.96881718124604
"9647",2.05504967013631
"9648",0.994197979931605
"9649",1.5801165560098
"9650",2.34060804788355
"9651",2.89012792940144
"9652",3.49614430333542
"9653",2.90192836713632
"9654",3.36934157273834
"9655",3.04091788772054
"9656",1.5183617156043
"9657",1.812824119228
"9658",2.04573814388852
"9659",2.69549721391187
"9660",3.5295527857172
"9661",3.32485450503285
"9662",3.74158328888493
"9663",2.74905933734437
"9664",4.19473405930662
"9665",3.03484157046569
"9666",3.15487029949209
"9667",3.61203344900442
"9668",4.79187751138502
"9669",5
"9670",5
"9671",4.89329608490529
"9672",4.62952429641076
"9673",3.59943086638236
"9674",3.72846323091295
"9675",2.98301648753061
"9676",2.67823773221948
"9677",3.55192836441742
"9678",4.35152712488353
"9679",4.40515192544602
"9680",5
"9681",5
"9682",5
"9683",5
"9684",3.99323656163289
"9685",3.06278092931443
"9686",3.53962838882227
"9687",3.60567341277293
"9688",4.11897410814579
"9689",4.74129294031052
"9690",5
"9691",4.15719997317443
"9692",3.57329326025724
"9693",2.15360762164531
"9694",1.00295555229545
"9695",2.1286839630962
"9696",2.6218376762884
"9697",3.70711726168831
"9698",4.59470163469738
"9699",5
"9700",5
"9701",5
"9702",5
"9703",4.10923320130363
"9704",3.94127410273583
"9705",5
"9706",5
"9707",5
"9708",5
"9709",5
"9710",5
"9711",5
"9712",5
"9713",5
"9714",5
"9715",5
"9716",5
"9717",5
"9718",5
"9719",5
"9720",5
"9721",5
"9722",5
"9723",5
"9724",5
"9725",5
"9726",5
"9727",5
"9728",5
"9729",5
"9730",5
"9731",5
"9732",5
"9733",5
"9734",5
"9735",5
"9736",5
"9737",5
"9738",5
"9739",5
"9740",5
"9741",5
"9742",5
"9743",5
"9744",5
"9745",5
"9746",5
"9747",5
"9748",5
"9749",5
"9750",5
"9751",5
"9752",5
"9753",5
"9754",5
"9755",5
"9756",5
"9757",5
"9758",5
"9759",5
"9760",5
"9761",5
"9762",5
"9763",5
"9764",5
"9765",5
"9766",5
"9767",5
"9768",5
"9769",5
"9770",4.9307623937868
"9771",3.43848415520881
"9772",2.82640354192996
"9773",1.97325644603353
"9774",5
"9775",4.68704872442145
"9776",5
"9777",5
"9778",4.74673517155505
"9779",3.34839692033721
"9780",2.17896499834092
"9781",1.55515464251303
"9782",1.76992146048638
"9783",2.60135885131604
"9784",2.56136224320447
"9785",1.18837390786917
"9786",1.06337391029084
"9787",2.30755955709078
"9788",3.13034347356923
"9789",2.08031344708841
"9790",1.51876511394076
"9791",2.03739653551149
"9792",2.28161481447861
"9793",1.82679536445315
"9794",0.771458626930557
"9795",0.726440687426925
"9796",1.13650774451403
"9797",2.23605344471407
"9798",2.04994070541071
"9799",2.31671323527815
"9800",1.87960803799106
"9801",2.00307696022262
"9802",0.88124538615124
"9803",1.09922543167867
"9804",0.809770873543657
"9805",0.810936902670829
"9806",0.386469037448121
"9807",0.365466480738829
"9808",0.151010763142584
"9809",0.543997305243608
"9810",0.026010765564259
"9811",0.129608071894503
"9812",0.129608071894503
"9813",0.549212626570271
"9814",1.53980807247257
"9815",0.794830613316823
"9816",1.9043278052634
"9817",1.70142279164122
"9818",2.3297734518264
"9819",3.52203263988459
"9820",2.86008679613389
"9821",3.15977336905461
"9822",2.54033303578028
"9823",1.9692049773888
"9824",2.87912298661328
"9825",3.53481765484417
"9826",3.80173330109585
"9827",3.55220655260149
"9828",2.35641175181103
"9829",2.29957094106057
"9830",3.76628601676652
"9831",2.47638745873905
"9832",2.71294379698931
"9833",4.09033752659763
"9834",5
"9835",5
"9836",5
"9837",5
"9838",3.84249717440592
"9839",4.75480107319768
"9840",3.43236803610825
"9841",3.44656963158868
"9842",3.00904775826139
"9843",3.85850929137076
"9844",3.96668140106909
"9845",5
"9846",5
"9847",5
"9848",5
"9849",5
"9850",4.18483441486079
"9851",3.10436644569314
"9852",2.24979475595089
"9853",3.05561368953224
"9854",3.34079116512016
"9855",4.09314635317156
"9856",3.79285359061501
"9857",3.18569412074028
"9858",2.1294439981372
"9859",2.13450909709741
"9860",2.03887821683937
"9861",3.06211275823883
"9862",5
"9863",5
"9864",5
"9865",5
"9866",5
"9867",5
"9868",5
"9869",4.75594706276224
"9870",5
"9871",5
"9872",5
"9873",5
"9874",5
"9875",5
"9876",5
"9877",5
"9878",5
"9879",5
"9880",5
"9881",5
"9882",5
"9883",5
"9884",5
"9885",5
"9886",5
"9887",5
"9888",5
"9889",5
"9890",5
"9891",5
"9892",5
"9893",5
"9894",5
"9895",5
"9896",5
"9897",5
"9898",5
"9899",5
"9900",5
"9901",5
"9902",5
"9903",5
"9904",5
"9905",5
"9906",5
"9907",5
"9908",5
"9909",5
"9910",5
"9911",5
"9912",5
"9913",5
"9914",5
"9915",5
"9916",5
"9917",5
"9918",5
"9919",5
"9920",5
"9921",5
"9922",5
"9923",5
"9924",5
"9925",5
"9926",5
"9927",5
"9928",5
"9929",5
"9930",5
"9931",5
"9932",5
"9933",5
"9934",4.81620595300688
"9935",5
"9936",3.26835477083524
"9937",3.23748981257779
"9938",2.40962094954075
"9939",3.41982492810244
"9940",3.58349393911852
"9941",4.52474479067559
"9942",4.97512828033639
"9943",4.58127813497452
"9944",4.09825201717954
"9945",3.17624499014891
"9946",2.82740636215937
"9947",2.02839975169677
"9948",1.62117890576779
"9949",1.24351591139693
"9950",1.37307269134245
"9951",1.08771387383464
"9952",1.06373127481564
"9953",0.736524983919222
"9954",1.66008354395489
"9955",2.30755955709078
"9956",3.55869827122988
"9957",2.60769161762841
"9958",2.71103044826125
"9959",1.85824644619801
"9960",1.02915173166776
"9961",0.95865344494378
"9962",0.952981223040957
"9963",1.26148000598831
"9964",1.36807773117602
"9965",2.34179030655123
"9966",1.68809750384626
"9967",2.36772794373512
"9968",1.86955203503487
"9969",2.7272812830381
"9970",2.52910271303825
"9971",1.68459779724307
"9972",1.04334091772245
"9973",0.843363771730493
"9974",0.574765318873884
"9975",0.379608067051154
"9976",0.27601076072091
"9977",0.219751102558294
"9978",0.152580473474196
"9979",0.129608071894503
"9980",0.96881718124604
"9981",1.43584480945827
"9982",1.2930738652719
"9983",0.340528773631052
"9984",1.0049190839277
"9985",0.692632362623621
"9986",2.75172002419934
"9987",2.19491681593843
"9988",2.82887142457033
"9989",2.34582618838516
"9990",2.96517065487463
"9991",3.78935147272528
"9992",3.52467641468758
"9993",3.28089767003124
"9994",2.88402118352165
"9995",1.92315834996272
"9996",2.25159945782533
"9997",2.46329160825712
"9998",2.15173463081099
"9999",3.17801451002608
"10000",4.46549359367466
"10001",5
"10002",5
"10003",5
"10004",5
"10005",5
"10006",3.86769146587253
"10007",4.05387126368276
"10008",3.3419657008206
"10009",3.2039016315909
"10010",3.97833965611799
"10011",4.65698183834569
"10012",5
"10013",5
"10014",5
"10015",5
"10016",5
"10017",3.38230426933901
"10018",2.12825927749256
"10019",1.53716409968714
"10020",1.7681856942857
"10021",3.30669134935449
"10022",3.30024885083131
"10023",2.91461260553999
"10024",2.53010436055507
"10025",2.97564312670977
"10026",1.60092633173868
"10027",3.27196761199994
"10028",5
"10029",5
"10030",5
"10031",5
"10032",5
"10033",5
"10034",5
"10035",5
"10036",5
"10037",2.20446163023562
"10038",3.32616193634937
"10039",2.65748411283086
"10040",4.3357127647964
"10041",5
"10042",5
"10043",5
"10044",5
"10045",5
"10046",5
"10047",5
"10048",5
"10049",5
"10050",5
"10051",5
"10052",5
"10053",5
"10054",5
"10055",5
"10056",5
"10057",5
"10058",5
"10059",5
"10060",5
"10061",5
"10062",5
"10063",5
"10064",5
"10065",5
"10066",5
"10067",5
"10068",5
"10069",5
"10070",5
"10071",5
"10072",5
"10073",5
"10074",5
"10075",5
"10076",5
"10077",5
"10078",5
"10079",5
"10080",5
"10081",5
"10082",5
"10083",5
"10084",5
"10085",5
"10086",5
"10087",5
"10088",5
"10089",5
"10090",5
"10091",5
"10092",5
"10093",5
"10094",5
"10095",5
"10096",5
"10097",5
"10098",5
"10099",5
"10100",5
"10101",5
"10102",4.65667184416635
"10103",3.70356147778348
"10104",2.50781714744926
"10105",3.09292919967136
"10106",3.40777150972132
"10107",4.71735339284353
"10108",5
"10109",4.74654019007786
"10110",4.36224652371659
"10111",3.58712781858798
"10112",2.87049570380069
"10113",2.35544539966182
"10114",2.20542603121638
"10115",2.56829840446184
"10116",2.89285383123716
"10117",2.58132478214335
"10118",2.72378250943745
"10119",1.83316981180619
"10120",1.39689523132931
"10121",1.48062463049019
"10122",0.988914433947469
"10123",1.56503382394822
"10124",2.29751845070875
"10125",2.49397181237957
"10126",2.99733207630447
"10127",3.50992710160514
"10128",2.65048275808576
"10129",1.73324644861968
"10130",1.26082862215367
"10131",0.882053254246988
"10132",0.772284128509062
"10133",1.36207674014572
"10134",1.70067055992656
"10135",1.90984443497556
"10136",2.68158480794467
"10137",2.5792280542728
"10138",3.58234382731203
"10139",3.75756534716782
"10140",3.32326577547807
"10141",1.97450402015436
"10142",0.932766034312641
"10143",0.824765314030535
"10144",0.867863230960834
"10145",0.750359452010336
"10146",0.536306820536393
"10147",0.00333840169110911
"10148",0.271568960863353
"10149",0.706409447338467
"10150",2.63171080690817
"10151",1.21698175270668
"10152",1.07171374505581
"10153",0.414009762733824
"10154",0.471576675314401
"10155",1.29743369575704
"10156",1.27488804366093
"10157",2.3835323534308
"10158",1.62329770882338
"10159",2.20642724958987
"10160",2.97324501795802
"10161",3.34325437009055
"10162",3.25371386673093
"10163",3.70207056403719
"10164",2.38323655700875
"10165",2.64025066863276
"10166",2.66772880817186
"10167",2.58480638050262
"10168",2.66138389592279
"10169",3.82634612154027
"10170",4.5608622485092
"10171",5
"10172",5
"10173",5
"10174",5
"10175",4.31215013880527
"10176",4.09595421963447
"10177",4.7071958096304
"10178",4.22134943121747
"10179",3.38057283461014
"10180",3.58245170696843
"10181",5
"10182",5
"10183",5
"10184",5
"10185",5
"10186",5
"10187",4.42374963847526
"10188",3.10987224440353
"10189",1.35417484855035
"10190",1.74529482472921
"10191",2.3087576532313
"10192",3.56286066297394
"10193",2.69959846964531
"10194",2.41111990246061
"10195",2.22045996588874
"10196",2.78399556248166
"10197",3.48503972224048
"10198",5
"10199",5
"10200",5
"10201",5
"10202",5
"10203",5
"10204",5
"10205",5
"10206",5
"10207",3.65796642810572
"10208",2.50635372686636
"10209",2.13033554913724
"10210",2.94914531519995
"10211",4.2789318693059
"10212",5
"10213",5
"10214",5
"10215",5
"10216",5
"10217",5
"10218",5
"10219",5
"10220",5
"10221",5
"10222",5
"10223",5
"10224",5
"10225",5
"10226",5
"10227",5
"10228",5
"10229",5
"10230",5
"10231",5
"10232",5
"10233",5
"10234",5
"10235",5
"10236",5
"10237",5
"10238",5
"10239",5
"10240",5
"10241",5
"10242",5
"10243",5
"10244",5
"10245",5
"10246",5
"10247",5
"10248",5
"10249",5
"10250",5
"10251",5
"10252",5
"10253",5
"10254",5
"10255",5
"10256",5
"10257",5
"10258",5
"10259",5
"10260",5
"10261",5
"10262",5
"10263",5
"10264",5
"10265",5
"10266",5
"10267",5
"10268",5
"10269",5
"10270",5
"10271",5
"10272",5
"10273",5
"10274",2.02187637444598
"10275",3.08490167283051
"10276",4.39449919270046
"10277",4.69794294968294
"10278",5
"10279",4.69061567662039
"10280",3.86369254333471
"10281",2.66986681835581
"10282",2.28573836659029
"10283",2.51747730411133
"10284",2.76181221598944
"10285",3.26850824325359
"10286",3.52996667748062
"10287",3.82407561283636
"10288",3.65591773811141
"10289",3.24901687688051
"10290",2.42821879390512
"10291",1.87062301764208
"10292",1.04799900321933
"10293",1.26383278907327
"10294",1.44114411256695
"10295",3.14411405666702
"10296",3.53586206390717
"10297",3.83093186065306
"10298",2.9786283871702
"10299",2.35615026430539
"10300",1.11745901062069
"10301",0.907586263904374
"10302",1.25735105104616
"10303",1.82059131175715
"10304",2.45420792024909
"10305",2.13460536175812
"10306",2.44544404110366
"10307",3.51629057857996
"10308",3.86169381561058
"10309",5
"10310",3.14125255955926
"10311",2.70080207741968
"10312",0.758174065980359
"10313",0.951366181854651
"10314",0.845147989725187
"10315",0.386664773287295
"10316",0.640007137729668
"10317",0
"10318",0
"10319",0
"10320",0.173948480988769
"10321",0.706656954079761
"10322",0.16165077898952
"10323",0
"10324",0.16165077898952
"10325",2.27843763209265
"10326",1.53027681471114
"10327",1.4614815624938
"10328",1.18261112415354
"10329",1.00775050050788
"10330",1.4361766543813
"10331",1.5484498406598
"10332",2.62783012491546
"10333",1.82692941988501
"10334",2.2329713421787
"10335",3.8652038967346
"10336",3.7608592285387
"10337",3.81933536423505
"10338",3.01960633595764
"10339",3.07238543210487
"10340",2.69625094643198
"10341",3.52051453244832
"10342",2.99084025281952
"10343",2.83266191511455
"10344",3.80934232175048
"10345",4.73559383565376
"10346",5
"10347",5
"10348",5
"10349",4.49226252530462
"10350",4.33322981699368
"10351",4.2530459932653
"10352",4.3662316718896
"10353",4.22541763636703
"10354",4.01248952958807
"10355",3.95527175145125
"10356",4.98990401907441
"10357",5
"10358",5
"10359",5
"10360",5
"10361",5
"10362",3.9659835935691
"10363",3.94653160297807
"10364",2.68086723907435
"10365",3.75411821758729
"10366",3.76859153945545
"10367",4.87815130231077
"10368",3.62311902788523
"10369",3.73714157850823
"10370",3.20870270703963
"10371",2.77560989680021
"10372",2.88313560373478
"10373",5
"10374",5
"10375",5
"10376",5
"10377",5
"10378",5
"10379",5
"10380",5
"10381",5
"10382",3.72480163197784
"10383",2.68174542810601
"10384",2.11951512158253
"10385",1.78948149574585
"10386",2.87654630177693
"10387",4.92307678039397
"10388",5
"10389",5
"10390",5
"10391",5
"10392",5
"10393",5
"10394",5
"10395",4.76785606077767
"10396",5
"10397",5
"10398",5
"10399",5
"10400",5
"10401",5
"10402",5
"10403",5
"10404",5
"10405",5
"10406",5
"10407",5
"10408",5
"10409",5
"10410",5
"10411",5
"10412",5
"10413",5
"10414",5
"10415",5
"10416",5
"10417",5
"10418",5
"10419",5
"10420",5
"10421",5
"10422",5
"10423",5
"10424",5
"10425",5
"10426",5
"10427",5
"10428",5
"10429",5
"10430",5
"10431",5
"10432",5
"10433",5
"10434",5
"10435",5
"10436",5
"10437",5
"10438",5
"10439",5
"10440",5
"10441",5
"10442",5
"10443",5
"10444",5
"10445",5
"10446",3.8177024174234
"10447",5
"10448",4.59711053762585
"10449",2.45918677875213
"10450",4.01728918777355
"10451",4.96244249870704
"10452",5
"10453",5
"10454",5
"10455",3.87956186703301
"10456",2.94156455043191
"10457",2.16354433697453
"10458",1.79443441252273
"10459",2.35217367787866
"10460",3.23988593598775
"10461",4.41115805283901
"10462",4.54124483213777
"10463",4.27652394928846
"10464",3.80248110252465
"10465",2.55004732897245
"10466",2.06835733409305
"10467",1.8144793510219
"10468",1.88312424756613
"10469",2.95055853464446
"10470",3.01301930763083
"10471",4.48101704259135
"10472",4.42638497501248
"10473",3.95193931759655
"10474",2.21187870724413
"10475",1.85824644907944
"10476",1.58471625781095
"10477",2.12970180008806
"10478",2.55301264128563
"10479",2.32525388942531
"10480",3.07413809682502
"10481",2.42441574063409
"10482",3.03409539026692
"10483",3.60142460736181
"10484",3.32985804075308
"10485",3.34209057796413
"10486",1.08664112929354
"10487",0.795918711203245
"10488",0.765874949389868
"10489",0.299101210169289
"10490",0.379049296258586
"10491",0.108951442174639
"10492",0.0876107435080888
"10493",0
"10494",0
"10495",0.200494312022387
"10496",0.16165077898952
"10497",0
"10498",0
"10499",0
"10500",0.16165077898952
"10501",3.0835452720761
"10502",2.66984647385776
"10503",3.71309558911766
"10504",3.39321242113569
"10505",2.71112897024847
"10506",2.54041448486624
"10507",0.681931375461041
"10508",0.645450843302648
"10509",2.39036584700326
"10510",3.47125600995315
"10511",4.29425673697322
"10512",4.45762504245512
"10513",4.29865166154245
"10514",3.52648859116352
"10515",2.67801073078901
"10516",2.91176696069615
"10517",2.35308614691344
"10518",2.54735098691865
"10519",2.91206775128153
"10520",3.07327857507729
"10521",4.57238000723394
"10522",4.17212760132108
"10523",5
"10524",4.89938346005306
"10525",4.34896227239647
"10526",3.37742783158705
"10527",2.99274896290295
"10528",3.93028251830179
"10529",4.80039601578332
"10530",3.31094007976604
"10531",4.25063337711282
"10532",4.31391142644593
"10533",5
"10534",4.71349100161996
"10535",5
"10536",5
"10537",5
"10538",4.9216654884275
"10539",5
"10540",3.84340067441917
"10541",5
"10542",5
"10543",5
"10544",5
"10545",5
"10546",3.49569394307634
"10547",3.28564628058059
"10548",4.69363702569314
"10549",5
"10550",5
"10551",5
"10552",5
"10553",5
"10554",5
"10555",5
"10556",5
"10557",5
"10558",4.92824136273075
"10559",4.0430069695186
"10560",3.47908353624537
"10561",3.13126296028308
"10562",4.87323302136067
"10563",4.01969297071626
"10564",5
"10565",5
"10566",5
"10567",5
"10568",5
"10569",5
"10570",5
"10571",5
"10572",5
"10573",4.28904823430607
"10574",5
"10575",5
"10576",5
"10577",3.99344989608409
"10578",4.31026832467413
"10579",4.04693919885402
"10580",5
"10581",5
"10582",5
"10583",5
"10584",5
"10585",5
"10586",5
"10587",5
"10588",5
"10589",5
"10590",5
"10591",5
"10592",5
"10593",5
"10594",5
"10595",5
"10596",5
"10597",5
"10598",5
"10599",5
"10600",5
"10601",5
"10602",5
"10603",5
"10604",5
"10605",5
"10606",5
"10607",5
"10608",5
"10609",5
"10610",5
"10611",5
"10612",5
"10613",5
"10614",5
"10615",5
"10616",5
"10617",5
"10618",4.92544458678889
"10619",5
"10620",4.84855079952815
"10621",4.45587807656221
"10622",4.76270653603196
"10623",4.58777137798538
"10624",4.43062828866859
"10625",4.67158380143357
"10626",5
"10627",5
"10628",5
"10629",5
"10630",5
"10631",5
"10632",3.93988992139962
"10633",3.23857371266887
"10634",2.39796003008939
"10635",2.92081183281164
"10636",3.60167651941455
"10637",4.36618393921189
"10638",4.75159109491002
"10639",5
"10640",4.18643873555839
"10641",3.20050521886295
"10642",2.61966778060676
"10643",2.41553495554116
"10644",3.04242342365179
"10645",2.9625123713717
"10646",4.85584215212134
"10647",4.70310930186554
"10648",5
"10649",4.11773265318592
"10650",3.7621765450156
"10651",2.6155182776896
"10652",2.33470476272219
"10653",2.59385267496251
"10654",3.04606254614832
"10655",3.01605526836996
"10656",1.87925097379996
"10657",1.86812882077551
"10658",2.77116156777659
"10659",2.99813301381537
"10660",3.01040153471687
"10661",1.74386729689259
"10662",0.982229562171205
"10663",0.810401629037756
"10664",0.421803008826221
"10665",0.333212538531183
"10666",0.147920118077778
"10667",0.213946766661414
"10668",0
"10669",0
"10670",0
"10671",0
"10672",0.291259586504356
"10673",0.0232076621776872
"10674",0
"10675",0
"10676",0
"10677",0
"10678",4.71702256454216
"10679",5
"10680",5
"10681",5
"10682",5
"10683",2.90606096400847
"10684",1.67641426126991
"10685",0.794681528009245
"10686",1.92680782054397
"10687",3.8052677063445
"10688",5
"10689",5
"10690",3.9769840674439
"10691",2.55474759258925
"10692",2.31809598824397
"10693",1.64801696915717
"10694",2.25167768575148
"10695",1.47671491546829
"10696",1.90913111311694
"10697",2.06303286993687
"10698",2.40727784882051
"10699",4.36871384875123
"10700",3.46938723469385
"10701",3.55431341485263
"10702",2.39454809104851
"10703",3.05212331553409
"10704",3.58961285290409
"10705",3.19001669007179
"10706",3.5946119082001
"10707",3.61156736563544
"10708",4.23440722723979
"10709",4.01130318704538
"10710",4.74411970408557
"10711",5
"10712",5
"10713",5
"10714",5
"10715",5
"10716",4.66970998237211
"10717",5
"10718",4.49439176110999
"10719",5
"10720",5
"10721",5
"10722",5
"10723",5
"10724",4.07292226376461
"10725",5
"10726",5
"10727",5
"10728",5
"10729",5
"10730",5
"10731",5
"10732",5
"10733",5
"10734",5
"10735",5
"10736",5
"10737",4.43802243580598
"10738",5
"10739",3.72109784943983
"10740",5
"10741",5
"10742",5
"10743",5
"10744",5
"10745",5
"10746",5
"10747",5
"10748",5
"10749",5
"10750",5
"10751",5
"10752",3.16187259491898
"10753",5
"10754",2.81368010345876
"10755",3.75523556506103
"10756",4.67910808988968
"10757",5
"10758",5
"10759",5
"10760",5
"10761",5
"10762",5
"10763",5
"10764",5
"10765",5
"10766",5
"10767",5
"10768",5
"10769",5
"10770",5
"10771",5
"10772",5
"10773",5
"10774",5
"10775",5
"10776",5
"10777",5
"10778",5
"10779",5
"10780",5
"10781",5
"10782",5
"10783",5
"10784",5
"10785",5
"10786",5
"10787",5
"10788",5
"10789",5
"10790",5
"10791",5
"10792",5
"10793",5
"10794",5
"10795",5
"10796",4.98790837712308
"10797",5
"10798",5
"10799",5
"10800",5
"10801",5
"10802",5
"10803",5
"10804",5
"10805",5
"10806",5
"10807",5
"10808",5
"10809",5
"10810",5
"10811",4.53203059998297
"10812",2.94213760850575
"10813",3.62253334907658
"10814",4.03635971464588
"10815",4.86239269204827
"10816",4.77535703755301
"10817",4.25899898986105
"10818",3.47998160780011
"10819",3.08619474063717
"10820",3.33514333872215
"10821",4.06420413571234
"10822",3.92935787628852
"10823",4.99568253756114
"10824",5
"10825",5
"10826",5
"10827",4.33487857848041
"10828",3.29441203341078
"10829",3.20818075815859
"10830",2.78357721303892
"10831",2.87520976107536
"10832",2.19351233098176
"10833",1.58509172708681
"10834",2.00113916268255
"10835",1.97639506534918
"10836",2.29296121705836
"10837",1.95360516416754
"10838",1.79193774026806
"10839",0.645162445827966
"10840",0.105261856770541
"10841",0.258008690338763
"10842",0.350947884327195
"10843",0
"10844",0
"10845",0
"10846",0
"10847",0
"10848",0
"10849",0.148207659756013
"10850",0.0232076621776873
"10851",0
"10852",0
"10853",0
"10854",0.16165077898952
"10855",5
"10856",5
"10857",5
"10858",5
"10859",5
"10860",5
"10861",2.3998052196073
"10862",1.95299849713578
"10863",2.32140559389262
"10864",3.7314440962713
"10865",4.95008810576351
"10866",4.79074472229165
"10867",3.715045255305
"10868",2.90918746163441
"10869",1.06982581240751
"10870",1.07952801889612
"10871",0.886880169723943
"10872",1.31493395739938
"10873",1.0787233111685
"10874",1.22263620232589
"10875",1.45713217609148
"10876",1.66441150522708
"10877",2.18382319140465
"10878",2.27456502626345
"10879",2.29547708466068
"10880",1.95859540522696
"10881",2.40058701231905
"10882",2.88440278731668
"10883",3.404163172886
"10884",4.26356377226023
"10885",3.55304613138688
"10886",5
"10887",5
"10888",5
"10889",5
"10890",5
"10891",4.98944006769335
"10892",5
"10893",4.56883078634593
"10894",4.08226804432519
"10895",4.54886075232008
"10896",5
"10897",5
"10898",5
"10899",5
"10900",5
"10901",5
"10902",5
"10903",5
"10904",5
"10905",5
"10906",5
"10907",5
"10908",5
"10909",5
"10910",5
"10911",5
"10912",5
"10913",5
"10914",5
"10915",5
"10916",5
"10917",4.91008354934543
"10918",5
"10919",5
"10920",5
"10921",5
"10922",5
"10923",5
"10924",5
"10925",5
"10926",5
"10927",5
"10928",5
"10929",4.89329619993825
"10930",3.5503398861407
"10931",4.28810115267762
"10932",5
"10933",5
"10934",5
"10935",5
"10936",5
"10937",5
"10938",5
"10939",5
"10940",5
"10941",5
"10942",5
"10943",5
"10944",5
"10945",5
"10946",5
"10947",5
"10948",5
"10949",5
"10950",5
"10951",5
"10952",5
"10953",5
"10954",5
"10955",5
"10956",5
"10957",5
"10958",5
"10959",5
"10960",5
"10961",5
"10962",5
"10963",5
"10964",5
"10965",5
"10966",5
"10967",5
"10968",5
"10969",5
"10970",5
"10971",5
"10972",5
"10973",5
"10974",5
"10975",5
"10976",5
"10977",5
"10978",5
"10979",5
"10980",5
"10981",5
"10982",5
"10983",5
"10984",5
"10985",5
"10986",5
"10987",5
"10988",5
"10989",4.7121291428452
"10990",3.45429654911774
"10991",3.63459142070465
"10992",3.97595767433651
"10993",4.56415468138263
"10994",4.3627944989167
"10995",3.79863556429256
"10996",3.7988045999064
"10997",4.24873886447843
"10998",3.76202264901929
"10999",5
"11000",4.72171988885516
"11001",5
"11002",5
"11003",5
"11004",5
"11005",4.27833963986843
"11006",3.27131038165805
"11007",2.37963547089791
"11008",2.60290669659682
"11009",2.19572593889661
"11010",1.59989805524023
"11011",1.62750947807617
"11012",2.45035545059644
"11013",2.20622670574678
"11014",2.30619770960346
"11015",1.3185473848758
"11016",1.03100930775816
"11017",0.468285045444432
"11018",0.149224872403453
"11019",0.387143236180548
"11020",0
"11021",0
"11022",0
"11023",0
"11024",0
"11025",0.134764540522505
"11026",0.25976453810083
"11027",0.134764540522505
"11028",0
"11029",0
"11030",0
"11031",5
"11032",5
"11033",5
"11034",5
"11035",5
"11036",5
"11037",4.84239964289758
"11038",2.59797102841656
"11039",1.6407004318353
"11040",3.54416812842371
"11041",5
"11042",4.38549413074961
"11043",2.92184273487688
"11044",1.70295816152456
"11045",0.650855773864391
"11046",0.601062148998812
"11047",0.521105844376149
"11048",0
"11049",0.951938510136569
"11050",0.701175474796436
"11051",1.10816704531137
"11052",1.63287393824913
"11053",2.28269941174474
"11054",1.3754897565006
"11055",1.51631652043434
"11056",2.41818619786473
"11057",1.80289267997982
"11058",2.95872645843301
"11059",3.09240723679465
"11060",3.75602913162833
"11061",4.54721028178533
"11062",4.95673309209352
"11063",4.96171927874991
"11064",5
"11065",5
"11066",4.94716137471652
"11067",5
"11068",3.89432505844409
"11069",3.38130080972396
"11070",2.97626609675902
"11071",3.20216136865513
"11072",3.7845098131161
"11073",5
"11074",5
"11075",5
"11076",5
"11077",5
"11078",5
"11079",5
"11080",5
"11081",5
"11082",5
"11083",5
"11084",4.78180111952832
"11085",4.89601683350341
"11086",5
"11087",5
"11088",5
"11089",5
"11090",5
"11091",5
"11092",5
"11093",5
"11094",5
"11095",5
"11096",5
"11097",5
"11098",5
"11099",5
"11100",5
"11101",5
"11102",5
"11103",5
"11104",5
"11105",5
"11106",3.7225978432252
"11107",5
"11108",5
"11109",5
"11110",5
"11111",5
"11112",5
"11113",5
"11114",5
"11115",5
"11116",5
"11117",5
"11118",5
"11119",5
"11120",5
"11121",5
"11122",5
"11123",5
"11124",5
"11125",5
"11126",5
"11127",5
"11128",5
"11129",5
"11130",5
"11131",5
"11132",5
"11133",5
"11134",5
"11135",5
"11136",5
"11137",5
"11138",5
"11139",5
"11140",5
"11141",5
"11142",5
"11143",5
"11144",5
"11145",5
"11146",5
"11147",5
"11148",5
"11149",5
"11150",5
"11151",5
"11152",5
"11153",5
"11154",5
"11155",5
"11156",5
"11157",5
"11158",5
"11159",5
"11160",5
"11161",5
"11162",5
"11163",5
"11164",5
"11165",5
"11166",3.45966765382791
"11167",3.56334683255289
"11168",4.16538741889485
"11169",4.16025577660135
"11170",4.11979985481442
"11171",4.3055330115674
"11172",3.65065954363133
"11173",4.50228629457537
"11174",4.75995865692087
"11175",5
"11176",4.9746035019687
"11177",5
"11178",5
"11179",5
"11180",5
"11181",5
"11182",2.74497116647432
"11183",2.49620869187234
"11184",1.69055246362203
"11185",2.00365574013404
"11186",1.70821097633441
"11187",2.50825553923488
"11188",2.74385581075433
"11189",2.68481424590334
"11190",2.34073374425865
"11191",2.01060143545219
"11192",1.25323054443852
"11193",0.517948545413476
"11194",0.120438514346963
"11195",0.22529419829431
"11196",0
"11197",0
"11198",0
"11199",0
"11200",0.0136750208679122
"11201",0.25976453810083
"11202",0.134764540522505
"11203",0.25976453810083
"11204",0.00976454294417972
"11205",0
"11206",0
"11207",0
"11208",0
"11209",0.16165077898952
"11210",5
"11211",5
"11212",5
"11213",5
"11214",5
"11215",5
"11216",5
"11217",3.48524808915706
"11218",2.58277920222468
"11219",2.96486435446434
"11220",3.26173466657286
"11221",3.19251682884096
"11222",2.48346633203686
"11223",0.962498016196005
"11224",0.076270424876713
"11225",0.211556620161106
"11226",0.313667431362116
"11227",0.396285783812559
"11228",0
"11229",0.925625196467009
"11230",0.966142525842969
"11231",1.33173649874733
"11232",1.32165699536794
"11233",1.53513212821116
"11234",1.86169820565104
"11235",1.49920994358304
"11236",2.54171683203365
"11237",2.18161546950696
"11238",2.9904333924783
"11239",3.94119472138162
"11240",4.18931210677101
"11241",4.12344010875034
"11242",5
"11243",5
"11244",5
"11245",5
"11246",5
"11247",4.29876494213145
"11248",2.13207763863187
"11249",0.92212406643298
"11250",1.0133642542422
"11251",2.62581402505108
"11252",3.70513518682389
"11253",5
"11254",5
"11255",5
"11256",5
"11257",5
"11258",5
"11259",3.69495116412073
"11260",3.5601212473376
"11261",4.34251241619618
"11262",4.05786791485023
"11263",4.45218900459995
"11264",3.85767904399987
"11265",4.56209203068542
"11266",5
"11267",5
"11268",5
"11269",5
"11270",5
"11271",5
"11272",5
"11273",5
"11274",5
"11275",5
"11276",5
"11277",5
"11278",5
"11279",5
"11280",5
"11281",5
"11282",5
"11283",5
"11284",5
"11285",5
"11286",5
"11287",5
"11288",5
"11289",5
"11290",5
"11291",5
"11292",5
"11293",5
"11294",5
"11295",5
"11296",5
"11297",5
"11298",5
"11299",5
"11300",5
"11301",5
"11302",5
"11303",5
"11304",5
"11305",5
"11306",5
"11307",5
"11308",5
"11309",5
"11310",5
"11311",5
"11312",5
"11313",5
"11314",5
"11315",4.48317606408783
"11316",5
"11317",5
"11318",5
"11319",5
"11320",5
"11321",5
"11322",5
"11323",5
"11324",5
"11325",5
"11326",5
"11327",5
"11328",5
"11329",5
"11330",5
"11331",5
"11332",5
"11333",5
"11334",5
"11335",5
"11336",5
"11337",5
"11338",5
"11339",5
"11340",5
"11341",5
"11342",5
"11343",5
"11344",4.76351127332709
"11345",3.53067014728832
"11346",3.55859123648634
"11347",3.66466911115248
"11348",3.85939443283097
"11349",4.28782374662741
"11350",3.8172300840442
"11351",4.19670975922048
"11352",3.84952842912044
"11353",5
"11354",4.18816953872791
"11355",5
"11356",5
"11357",5
"11358",5
"11359",5
"11360",4.02157803087063
"11361",3.36175214364102
"11362",2.32409821978724
"11363",1.82940849333728
"11364",1.728517827373
"11365",1.76498214256715
"11366",1.88711814058932
"11367",2.55644744177362
"11368",3.10978359832319
"11369",3.67141867401889
"11370",2.35688919536239
"11371",1.57721313031725
"11372",1.02230029614946
"11373",1.14609544676087
"11374",0
"11375",0
"11376",0
"11377",0
"11378",0
"11379",0
"11380",0.254436120074502
"11381",0.50723401030276
"11382",0.384764535679156
"11383",0.00976454294417972
"11384",0
"11385",0
"11386",0
"11387",0
"11388",0
"11389",0
"11390",0
"11391",0
"11392",0.225336075065562
"11393",0.521642010178153
"11394",5
"11395",5
"11396",5
"11397",5
"11398",5
"11399",5
"11400",3.48040291378206
"11401",2.32924609317723
"11402",1.90209490167184
"11403",2.48970527890724
"11404",2.41059571703659
"11405",1.59928954245181
"11406",0.0601677672716026
"11407",0
"11408",0.314141474837569
"11409",0.546275252774022
"11410",0.808912790808144
"11411",1.65005232761359
"11412",1.869890439423
"11413",1.71410923340893
"11414",1.85443566306616
"11415",2.25525272925855
"11416",2.54298274805908
"11417",2.65203201188127
"11418",2.49908996398775
"11419",3.50536202818767
"11420",3.03883354970009
"11421",3.30432518111892
"11422",3.73153832887832
"11423",4.11602264280736
"11424",5
"11425",4.03649822344167
"11426",5
"11427",5
"11428",5
"11429",5
"11430",4.30186962966446
"11431",2.13286047866512
"11432",1.25366757938715
"11433",1.0023547711245
"11434",2.20336783455228
"11435",4.51213585118354
"11436",5
"11437",5
"11438",5
"11439",5
"11440",5
"11441",3.83367064723252
"11442",3.58519405675723
"11443",3.30196547700473
"11444",3.37406931126626
"11445",3.50610045686063
"11446",4.2172881837052
"11447",3.51425213813761
"11448",5
"11449",5
"11450",5
"11451",5
"11452",5
"11453",5
"11454",5
"11455",5
"11456",4.7790055940373
"11457",5
"11458",5
"11459",5
"11460",5
"11461",5
"11462",5
"11463",5
"11464",5
"11465",5
"11466",5
"11467",5
"11468",5
"11469",5
"11470",5
"11471",5
"11472",5
"11473",5
"11474",5
"11475",5
"11476",5
"11477",5
"11478",5
"11479",5
"11480",5
"11481",5
"11482",5
"11483",5
"11484",5
"11485",5
"11486",5
"11487",5
"11488",5
"11489",5
"11490",5
"11491",5
"11492",4.64753626483395
"11493",5
"11494",5
"11495",5
"11496",5
"11497",5
"11498",5
"11499",5
"11500",5
"11501",5
"11502",5
"11503",5
"11504",5
"11505",5
"11506",5
"11507",5
"11508",5
"11509",5
"11510",5
"11511",5
"11512",5
"11513",5
"11514",5
"11515",5
"11516",5
"11517",5
"11518",5
"11519",5
"11520",5
"11521",5
"11522",5
"11523",5
"11524",5
"11525",5
"11526",5
"11527",5
"11528",4.30339608359538
"11529",2.87956729285983
"11530",3.67053415552025
"11531",3.79849752027733
"11532",4.02786033006982
"11533",3.83928228714091
"11534",4.06462064378301
"11535",4.0416484880226
"11536",3.72994963715298
"11537",4.88156305723033
"11538",5
"11539",5
"11540",5
"11541",5
"11542",5
"11543",4.99768428535245
"11544",3.61725401860178
"11545",2.73435616101123
"11546",3.11542467357592
"11547",1.86990810713867
"11548",0.635983161773398
"11549",1.24789188329943
"11550",2.09303720448067
"11551",2.62757466491847
"11552",2.83230912852133
"11553",2.83611742412817
"11554",2.44552478045145
"11555",2.14898244986011
"11556",1.43283396253802
"11557",0.582646419550693
"11558",0
"11559",0
"11560",0
"11561",0
"11562",0.129436122496177
"11563",0.390197854619893
"11564",0.530775071024498
"11565",0.497239546926299
"11566",0.384764535679156
"11567",0
"11568",0
"11569",0
"11570",0
"11571",0
"11572",0
"11573",0
"11574",0
"11575",0
"11576",0.157273859766076
"11577",5
"11578",5
"11579",5
"11580",5
"11581",5
"11582",4.22725965755786
"11583",2.7012107648962
"11584",1.59671932727242
"11585",1.79134608840796
"11586",2.17919711287694
"11587",0.67918202692133
"11588",0.231520379541614
"11589",0.0903112120981766
"11590",0.432374298410535
"11591",1.2844850950815
"11592",2.02903711182862
"11593",3.20401737905549
"11594",3.81767165398953
"11595",4.04721674239054
"11596",4.33691773163939
"11597",5
"11598",5
"11599",5
"11600",5
"11601",4.2542798221881
"11602",3.85549171698377
"11603",3.32870750355006
"11604",3.51088132849725
"11605",3.54793763907336
"11606",3.46604871330491
"11607",4.3496797884849
"11608",5
"11609",5
"11610",5
"11611",4.89768095443234
"11612",4.14962483707771
"11613",2.56591776744065
"11614",1.21548139028207
"11615",1.21292535457443
"11616",3.72187751401535
"11617",5
"11618",5
"11619",5
"11620",5
"11621",5
"11622",5
"11623",5
"11624",4.11372575127623
"11625",2.42365115258998
"11626",2.32239036012502
"11627",3.39189557808193
"11628",4.45102152086373
"11629",5
"11630",4.62883707171597
"11631",5
"11632",5
"11633",5
"11634",5
"11635",5
"11636",5
"11637",5
"11638",5
"11639",4.46499584366161
"11640",5
"11641",5
"11642",5
"11643",5
"11644",5
"11645",5
"11646",5
"11647",5
"11648",5
"11649",5
"11650",5
"11651",5
"11652",5
"11653",5
"11654",5
"11655",5
"11656",5
"11657",5
"11658",5
"11659",5
"11660",5
"11661",5
"11662",5
"11663",5
"11664",5
"11665",5
"11666",5
"11667",5
"11668",5
"11669",5
"11670",5
"11671",5
"11672",5
"11673",4.62991075104043
"11674",5
"11675",5
"11676",5
"11677",5
"11678",5
"11679",5
"11680",5
"11681",5
"11682",5
"11683",5
"11684",5
"11685",5
"11686",5
"11687",5
"11688",5
"11689",5
"11690",5
"11691",5
"11692",5
"11693",5
"11694",5
"11695",5
"11696",5
"11697",5
"11698",5
"11699",5
"11700",5
"11701",5
"11702",5
"11703",4.25897623096195
"11704",3.88555772924046
"11705",5
"11706",5
"11707",5
"11708",5
"11709",5
"11710",2.96664401426961
"11711",3.04359500665874
"11712",3.50918319651597
"11713",4.67270244403568
"11714",3.99820282473442
"11715",4.49618844365277
"11716",4.04071951658389
"11717",4.21672749014089
"11718",3.31095013436016
"11719",4.31717020068634
"11720",5
"11721",5
"11722",5
"11723",5
"11724",4.63572454202519
"11725",4.1894612019405
"11726",4.11277384717776
"11727",3.31231620310472
"11728",3.1740228598094
"11729",2.04742005906134
"11730",1.84402051073093
"11731",0.488289299784019
"11732",1.50380335712023
"11733",1.44971229902532
"11734",3.22428977318353
"11735",3.23020429227964
"11736",2.52274869557528
"11737",3.10835811775155
"11738",2.45750145310915
"11739",1.00273433538389
"11740",0.100722287015395
"11741",0
"11742",0
"11743",0
"11744",0
"11745",0.478568855159512
"11746",1.24295853758407
"11747",0.919671895171574
"11748",0.49977006988102
"11749",0.00976454294417972
"11750",0
"11751",0
"11752",0
"11753",0
"11754",0
"11755",0
"11756",0
"11757",0
"11758",0
"11759",0.0537211116974792
"11760",0.157273859766075
"11761",0.157273859766076
"11762",0.157273859766076
"11763",0.521642010178153
"11764",0.521642010178153
"11765",0.521642010178152
"11766",3.5017333195509
"11767",3.59029309102925
"11768",4.32846595179311
"11769",4.39071626698929
"11770",4.15259331913536
"11771",2.49534764278763
"11772",1.98316230506863
"11773",1.98984354145646
"11774",1.82124637693093
"11775",1.09122378309921
"11776",0.588847669868015
"11777",0.450302499381397
"11778",0.816103720682526
"11779",1.94096047749529
"11780",3.62318113788698
"11781",5
"11782",5
"11783",5
"11784",5
"11785",5
"11786",5
"11787",5
"11788",5
"11789",5
"11790",4.84808416691831
"11791",3.54352980841461
"11792",2.97265735054441
"11793",3.4300396351814
"11794",3.18903302079902
"11795",3.96617077334627
"11796",2.99132366119472
"11797",4.67782616540033
"11798",4.83386666878342
"11799",4.78938677626497
"11800",3.26954139384707
"11801",2.51502093883079
"11802",2.1909197003034
"11803",3.11292388604018
"11804",4.08098406798966
"11805",5
"11806",5
"11807",5
"11808",5
"11809",5
"11810",5
"11811",5
"11812",5
"11813",5
"11814",3.99098247661107
"11815",3.96662455151717
"11816",4.35850849669004
"11817",5
"11818",5
"11819",5
"11820",5
"11821",5
"11822",4.93928556105472
"11823",5
"11824",4.17014481472298
"11825",4.31357823052741
"11826",4.70287556982541
"11827",4.46786159888233
"11828",5
"11829",5
"11830",5
"11831",5
"11832",5
"11833",5
"11834",5
"11835",5
"11836",5
"11837",5
"11838",5
"11839",5
"11840",5
"11841",5
"11842",5
"11843",5
"11844",5
"11845",5
"11846",5
"11847",5
"11848",5
"11849",5
"11850",5
"11851",5
"11852",5
"11853",5
"11854",5
"11855",5
"11856",5
"11857",5
"11858",5
"11859",5
"11860",5
"11861",4.59557193214751
"11862",5
"11863",5
"11864",5
"11865",5
"11866",5
"11867",5
"11868",5
"11869",5
"11870",5
"11871",5
"11872",5
"11873",5
"11874",5
"11875",5
"11876",5
"11877",5
"11878",5
"11879",5
"11880",5
"11881",5
"11882",5
"11883",5
"11884",5
"11885",5
"11886",4.89278009938303
"11887",5
"11888",5
"11889",5
"11890",5
"11891",5
"11892",3.50125133016186
"11893",4.66831726843377
"11894",5
"11895",4.32569475322366
"11896",4.77233209009054
"11897",2.86918351538629
"11898",3.4673550813585
"11899",2.97509071353466
"11900",3.82056896586585
"11901",4.38865053451133
"11902",5
"11903",4.75904758172043
"11904",4.25546307225826
"11905",3.84113528608196
"11906",4.02668556053105
"11907",4.61639119546397
"11908",5
"11909",5
"11910",5
"11911",5
"11912",4.37167048191521
"11913",4.25812894127907
"11914",3.94527152971752
"11915",4.15412495985322
"11916",3.88794202277716
"11917",2.52961840346927
"11918",1.49583253833772
"11919",0.734847149466923
"11920",0.110998737056694
"11921",1.36038301534259
"11922",2.28575002607306
"11923",3.99901415225867
"11924",3.78096420604359
"11925",4.21073339894475
"11926",3.50708458810541
"11927",2.4497637792877
"11928",0.537669755605286
"11929",0.179513548362514
"11930",0
"11931",0
"11932",0.214939100436846
"11933",0.843282459705009
"11934",1.45798032466359
"11935",0.838270361772322
"11936",0.868341588622452
"11937",0.384764535679156
"11938",0
"11939",0
"11940",0
"11941",0
"11942",0
"11943",0.043925283771485
"11944",0
"11945",0
"11946",0
"11947",0.197029953396218
"11948",0
"11949",0
"11950",0
"11951",0
"11952",0
"11953",0
"11954",0.521642010178152
"11955",1.3679939784362
"11956",1.64522506010718
"11957",3.06328957294319
"11958",2.57484183469679
"11959",2.48791733640059
"11960",1.97125099007172
"11961",2.52581782272811
"11962",2.77023103977308
"11963",2.71470728410356
"11964",2.81101436891471
"11965",0.992483060431931
"11966",0.944467640064833
"11967",1.06647303624091
"11968",3.31596045085687
"11969",4.80848165741563
"11970",5
"11971",5
"11972",5
"11973",5
"11974",5
"11975",5
"11976",5
"11977",5
"11978",5
"11979",5
"11980",3.77221743021353
"11981",2.93533585927077
"11982",2.68686097785053
"11983",2.65978827486715
"11984",2.30685788486716
"11985",2.98689670748934
"11986",3.71240734624642
"11987",3.49306930249442
"11988",3.28955665268123
"11989",3.00445347667336
"11990",2.80123521748023
"11991",2.01032240563242
"11992",2.56171218243718
"11993",4.5819175614857
"11994",5
"11995",5
"11996",5
"11997",5
"11998",5
"11999",5
"12000",5
"12001",5
"12002",5
"12003",5
"12004",5
"12005",5
"12006",5
"12007",5
"12008",5
"12009",5
"12010",5
"12011",3.47284870522139
"12012",3.6101275860853
"12013",4.48755737973512
"12014",3.97506961448153
"12015",5
"12016",5
"12017",5
"12018",5
"12019",5
"12020",5
"12021",5
"12022",5
"12023",5
"12024",5
"12025",5
"12026",5
"12027",5
"12028",5
"12029",5
"12030",5
"12031",5
"12032",5
"12033",5
"12034",5
"12035",5
"12036",5
"12037",5
"12038",5
"12039",5
"12040",5
"12041",5
"12042",5
"12043",5
"12044",5
"12045",5
"12046",5
"12047",5
"12048",5
"12049",5
"12050",5
"12051",3.88263948645617
"12052",5
"12053",5
"12054",5
"12055",5
"12056",5
"12057",5
"12058",5
"12059",5
"12060",5
"12061",5
"12062",5
"12063",5
"12064",5
"12065",5
"12066",5
"12067",5
"12068",5
"12069",5
"12070",5
"12071",5
"12072",5
"12073",4.2484155139732
"12074",3.73194662095433
"12075",5
"12076",5
"12077",5
"12078",5
"12079",5
"12080",5
"12081",3.69296988602798
"12082",4.03453308785112
"12083",3.38732552723224
"12084",3.36751245185572
"12085",2.93630316049495
"12086",2.72115978657839
"12087",2.21318138153253
"12088",2.44384125535115
"12089",3.14234900981757
"12090",4.1707781836097
"12091",4.71587240487025
"12092",4.54979292730676
"12093",4.66070985288942
"12094",4.38770748628664
"12095",4.34055895817739
"12096",5
"12097",5
"12098",5
"12099",5
"12100",4.62451824523808
"12101",4.54159115249808
"12102",3.54618905955236
"12103",4.93160823838674
"12104",4.86329683561074
"12105",2.9890278849922
"12106",2.47894718727571
"12107",1.63610387689466
"12108",0.993367745815398
"12109",0.405442205127748
"12110",1.10938726350439
"12111",2.67512033731961
"12112",3.85257034319398
"12113",5
"12114",4.65780008377042
"12115",3.87545616830722
"12116",2.94961096909205
"12117",1.724510401101
"12118",0.237383417797871
"12119",0.0536711912407489
"12120",0.191104680876075
"12121",0.456248994232814
"12122",0.879265235728889
"12123",1.4824573010773
"12124",1.55358493350689
"12125",0.750375477187927
"12126",0.2553847668832
"12127",0
"12128",0
"12129",0
"12130",0
"12131",0
"12132",0
"12133",0
"12134",0
"12135",0
"12136",0
"12137",0
"12138",0
"12139",0
"12140",0
"12141",0
"12142",0
"12143",0.521642010178152
"12144",0.585627518519487
"12145",0
"12146",0.206546709420387
"12147",0.449155559515813
"12148",1.04458557173673
"12149",0.99699381435647
"12150",2.09067629665028
"12151",2.48393506389734
"12152",3.59060280432203
"12153",4.40370492202405
"12154",3.00359841499822
"12155",2.77451535654495
"12156",0.97207706911395
"12157",1.56596048476032
"12158",2.83962343316799
"12159",5
"12160",5
"12161",5
"12162",5
"12163",5
"12164",5
"12165",5
"12166",5
"12167",5
"12168",5
"12169",4.75218710945858
"12170",3.57974492456668
"12171",2.62091550628653
"12172",2.52999380674404
"12173",3.29197217411087
"12174",2.17522963011567
"12175",2.19136850145487
"12176",1.86737272630959
"12177",2.23811767921346
"12178",3.14594268250507
"12179",1.98256063555299
"12180",1.89407186062885
"12181",2.4410099229026
"12182",3.75208573363285
"12183",3.15550684785836
"12184",4.07491785418962
"12185",4.9601342653833
"12186",5
"12187",5
"12188",5
"12189",5
"12190",5
"12191",5
"12192",5
"12193",5
"12194",5
"12195",4.80235188805656
"12196",5
"12197",5
"12198",5
"12199",5
"12200",4.39267331419288
"12201",3.82087455357202
"12202",4.3313428461375
"12203",3.87789253469137
"12204",5
"12205",5
"12206",5
"12207",5
"12208",5
"12209",5
"12210",5
"12211",5
"12212",5
"12213",5
"12214",5
"12215",5
"12216",5
"12217",4.53344353702014
"12218",5
"12219",5
"12220",5
"12221",5
"12222",5
"12223",5
"12224",5
"12225",5
"12226",5
"12227",5
"12228",5
"12229",5
"12230",5
"12231",5
"12232",5
"12233",5
"12234",5
"12235",5
"12236",5
"12237",5
"12238",5
"12239",5
"12240",5
"12241",2.71343308495602
"12242",4.07737720299321
"12243",5
"12244",5
"12245",5
"12246",5
"12247",5
"12248",5
"12249",5
"12250",5
"12251",5
"12252",5
"12253",5
"12254",5
"12255",5
"12256",4.54105156001028
"12257",5
"12258",3.88144376915368
"12259",3.76032290951349
"12260",3.82585613362767
"12261",3.10335103146269
"12262",4.28596069883953
"12263",3.46525623252015
"12264",3.08391800271966
"12265",2.77443692996552
"12266",5
"12267",5
"12268",5
"12269",5
"12270",5
"12271",4.53509113703483
"12272",5
"12273",4.68914671297454
"12274",4.02823876417441
"12275",3.10892073865936
"12276",2.19603634431724
"12277",2.00778934802526
"12278",2.18923684683971
"12279",2.52164942166656
"12280",3.13186638338897
"12281",4.23651081170218
"12282",4.78890337705974
"12283",4.54802296657198
"12284",3.53588687419783
"12285",4.42027358614533
"12286",4.7969401877401
"12287",5
"12288",5
"12289",4.92080453858236
"12290",4.43220822486663
"12291",3.46166896664335
"12292",3.97124490369968
"12293",4.45193796569887
"12294",3.68432885524003
"12295",2.43035153844578
"12296",3.16801211468869
"12297",1.58254557735404
"12298",1.48468360544721
"12299",0.93372547522147
"12300",1.82402858272756
"12301",3.65873723687594
"12302",4.24924529195643
"12303",5
"12304",5
"12305",4.21152630039768
"12306",2.84081784398815
"12307",2.1520444399156
"12308",1.53169154977187
"12309",0
"12310",0.742112559530847
"12311",1.97824546674153
"12312",2.71640251362963
"12313",2.65602522561106
"12314",2.46248618470808
"12315",1.34060082836447
"12316",0.713534958243767
"12317",0.426260199926811
"12318",0
"12319",0
"12320",0
"12321",0
"12322",0
"12323",0
"12324",0
"12325",0
"12326",0
"12327",0
"12328",0
"12329",0
"12330",0
"12331",0
"12332",0.157273859766076
"12333",0.130693771051066
"12334",0
"12335",0
"12336",0
"12337",0.343195777497527
"12338",1.00865875408565
"12339",1.54245137305455
"12340",2.79898997298369
"12341",4.35284438365804
"12342",4.39301616459763
"12343",3.65270583994099
"12344",2.3189130494242
"12345",1.31596048960366
"12346",1.23307209747227
"12347",3.41220692571747
"12348",5
"12349",5
"12350",5
"12351",5
"12352",4.84542659094547
"12353",5
"12354",5
"12355",5
"12356",5
"12357",5
"12358",4.76217409781306
"12359",4.00866493017179
"12360",3.19290224311748
"12361",1.94704868410525
"12362",2.26920839343204
"12363",3.20867530705658
"12364",2.42113059180139
"12365",2.12137405157633
"12366",1.63742311820561
"12367",1.36342523016328
"12368",1.92866292920819
"12369",1.84488937068358
"12370",2.11139148776062
"12371",2.17420944561472
"12372",3.19778887380257
"12373",3.49385604739923
"12374",2.98758279112829
"12375",4.78423289027078
"12376",5
"12377",5
"12378",5
"12379",5
"12380",5
"12381",5
"12382",5
"12383",5
"12384",4.18800637536986
"12385",4.88190576799335
"12386",5
"12387",5
"12388",5
"12389",4.94650336107787
"12390",4.62610178463659
"12391",3.94704107058404
"12392",5
"12393",5
"12394",5
"12395",5
"12396",5
"12397",5
"12398",4.8156811972366
"12399",3.87346557727157
"12400",3.95262951052725
"12401",3.99503904458403
"12402",5
"12403",4.99554125874106
"12404",5
"12405",5
"12406",5
"12407",3.77885551396005
"12408",5
"12409",5
"12410",5
"12411",5
"12412",5
"12413",5
"12414",5
"12415",5
"12416",5
"12417",5
"12418",5
"12419",5
"12420",5
"12421",5
"12422",5
"12423",5
"12424",5
"12425",5
"12426",5
"12427",5
"12428",4.82830710663352
"12429",4.01022052069515
"12430",4.62501659086504
"12431",4.49299722568827
"12432",5
"12433",5
"12434",5
"12435",5
"12436",5
"12437",3.18274890702149
"12438",3.36872312782153
"12439",4.74172361464548
"12440",5
"12441",5
"12442",5
"12443",5
"12444",4.21938951954995
"12445",4.0032726188723
"12446",3.71436464265223
"12447",3.1397275811041
"12448",2.62110895223304
"12449",2.09101993742927
"12450",2.20724711888339
"12451",0.852249799849583
"12452",1.53931487087683
"12453",1.08350350732025
"12454",2.36995974410451
"12455",2.30260452174034
"12456",4.67728574559793
"12457",5
"12458",5
"12459",5
"12460",5
"12461",5
"12462",5
"12463",5
"12464",4.83934895178922
"12465",3.68828592194922
"12466",2.24561125886633
"12467",2.41890394115445
"12468",2.80528799264048
"12469",3.18585868950136
"12470",3.56505836105417
"12471",4.64003559524293
"12472",4.25181733635207
"12473",4.71752743199711
"12474",3.68546909256606
"12475",4.85856577518632
"12476",4.74783226852102
"12477",5
"12478",5
"12479",4.62296316419449
"12480",3.21006854169902
"12481",3.25982599212088
"12482",3.44304160628407
"12483",2.72125457118392
"12484",2.37455343230675
"12485",1.87486054664546
"12486",2.2012444435114
"12487",1.94545729034384
"12488",1.86539910851584
"12489",1.60912191734126
"12490",3.31846895146763
"12491",4.31855580385287
"12492",5
"12493",5
"12494",3.79261266078504
"12495",3.03990215119121
"12496",1.90979831317817
"12497",1.24610276789734
"12498",1.97243702019715
"12499",1.70867221429605
"12500",3.19121406264239
"12501",4.72556570452337
"12502",4.87247574409679
"12503",4.76770944887009
"12504",3.18357243310692
"12505",1.94116834991887
"12506",1.0279247049568
"12507",1.01156090992003
"12508",0
"12509",0.119866026106312
"12510",0
"12511",0
"12512",0
"12513",0
"12514",0
"12515",0
"12516",0
"12517",0
"12518",0
"12519",0
"12520",0
"12521",0.521642010178152
"12522",0.130693771051066
"12523",0
"12524",0
"12525",0
"12526",0.347088991251207
"12527",0.594321020652089
"12528",0.33646431738186
"12529",2.04412737775149
"12530",3.37150032851802
"12531",4.08680579494748
"12532",4.01528819989624
"12533",2.07606662166263
"12534",1.26401989166506
"12535",2.00032391081999
"12536",2.37876182696603
"12537",5
"12538",5
"12539",5
"12540",4.30145869524912
"12541",3.44040588020507
"12542",2.67319775083873
"12543",4.23674245525961
"12544",3.36272518401305
"12545",4.80952726833395
"12546",4.78483994654092
"12547",4.41375885593815
"12548",3.78747020098105
"12549",3.43082071254621
"12550",2.66713895724548
"12551",2.43735794664497
"12552",3.06140405432368
"12553",2.4303516040176
"12554",2.29676825619948
"12555",1.47765354019924
"12556",1.66546452222957
"12557",1.69565630363633
"12558",0.549481447166201
"12559",1.39552615145174
"12560",1.87758201850657
"12561",2.61575394932363
"12562",2.78851449965686
"12563",3.16588197762852
"12564",4.1133830344398
"12565",5
"12566",5
"12567",5
"12568",5
"12569",5
"12570",5
"12571",5
"12572",4.06966468066229
"12573",3.55164916128445
"12574",3.35944499474855
"12575",5
"12576",5
"12577",5
"12578",4.72470849767379
"12579",5
"12580",5
"12581",5
"12582",5
"12583",5
"12584",5
"12585",5
"12586",5
"12587",4.29473875178948
"12588",4.44068537950798
"12589",3.52793420009683
"12590",3.46726844398847
"12591",3.21297237979151
"12592",4.22195043865124
"12593",4.37262517702658
"12594",3.82229418238081
"12595",1.96167015658704
"12596",3.18182987006426
"12597",3.37081866426877
"12598",4.89358251306527
"12599",4.54768810937947
"12600",5
"12601",4.86587085935547
"12602",3.14980664909204
"12603",5
"12604",5
"12605",5
"12606",5
"12607",5
"12608",5
"12609",5
"12610",5
"12611",5
"12612",5
"12613",3.35412543135501
"12614",5
"12615",5
"12616",5
"12617",5
"12618",4.42213565215983
"12619",5
"12620",5
"12621",4.33979979631142
"12622",5
"12623",5
"12624",4.56851673776998
"12625",4.24339591948855
"12626",3.07289055500727
"12627",2.8555834566801
"12628",3.29490152253449
"12629",4.57338970652359
"12630",5
"12631",5
"12632",4.29358855334689
"12633",3.62477387594647
"12634",3.31393449101202
"12635",5
"12636",3.79740304894379
"12637",3.52020630037566
"12638",1.0623614873721
"12639",0.201310710793623
"12640",0.82581189291271
"12641",0.623809537140589
"12642",1.09267827617949
"12643",0.200046353262312
"12644",2.68021049565601
"12645",2.67189095652285
"12646",3.17916351701656
"12647",3.13731510326952
"12648",5
"12649",5
"12650",5
"12651",5
"12652",5
"12653",5
"12654",5
"12655",4.30578523859061
"12656",4.77627115877662
"12657",3.48602403403965
"12658",3.37234745313737
"12659",4.47610664894671
"12660",4.6639652971515
"12661",5
"12662",4.62991773528456
"12663",5
"12664",4.38588580132908
"12665",5
"12666",4.67521419511369
"12667",4.28012458055627
"12668",3.46471643754363
"12669",2.72347212094023
"12670",2.48838419825443
"12671",2.09490415136154
"12672",1.87252524963481
"12673",1.79869505900556
"12674",2.15565483824998
"12675",2.27800032384582
"12676",1.4303056288349
"12677",1.78210285238662
"12678",2.08598459161298
"12679",2.55112662580876
"12680",4.95704811162825
"12681",4.73022586144331
"12682",4.85664007496635
"12683",4.04405500527089
"12684",2.91104545375433
"12685",2.46811059409603
"12686",2.48300398764227
"12687",2.33735769250865
"12688",3.56705514566595
"12689",5
"12690",5
"12691",5
"12692",5
"12693",4.71756975104827
"12694",3.9256650621242
"12695",2.19457828903206
"12696",1.25659192924933
"12697",0.526580477587429
"12698",0.0738180196428966
"12699",0
"12700",0
"12701",0
"12702",0
"12703",0
"12704",0
"12705",0
"12706",0
"12707",0
"12708",0
"12709",0.521642010178152
"12710",0.255693768629391
"12711",0
"12712",0.157716279495509
"12713",0.191944855103936
"12714",0
"12715",0
"12716",0.725543427233744
"12717",1.65020531351682
"12718",2.19565605329731
"12719",3.00751686854679
"12720",2.13376260476445
"12721",1.76076846645834
"12722",1.67022213174884
"12723",1.39936136337607
"12724",4.42983087593692
"12725",4.3682618559323
"12726",5
"12727",4.11732174168683
"12728",4.55218401578189
"12729",2.50779782456387
"12730",1.99374374860738
"12731",1.9477091213178
"12732",3.51932703442423
"12733",3.29728771657657
"12734",4.22196744666425
"12735",4.18039341071754
"12736",3.91710372845915
"12737",3.72872732036884
"12738",3.34637625061171
"12739",2.95199893079334
"12740",4.72432295267904
"12741",3.3136867367014
"12742",3.11589425995516
"12743",2.79615500047406
"12744",1.79061523844857
"12745",1.11683002211006
"12746",0.665996940589584
"12747",0.432603680084951
"12748",0.925956035693845
"12749",0.832327617734637
"12750",1.95768840620012
"12751",3.25047870039861
"12752",3.98713348896328
"12753",5
"12754",5
"12755",5
"12756",5
"12757",5
"12758",4.97418572274383
"12759",2.89253800582011
"12760",2.24610814983675
"12761",2.73092574612487
"12762",3.80176416365236
"12763",3.61233630338048
"12764",4.86943195978498
"12765",5
"12766",5
"12767",5
"12768",5
"12769",5
"12770",5
"12771",5
"12772",4.41564133818063
"12773",5
"12774",4.22891508551641
"12775",5
"12776",4.42863741181628
"12777",1.48503597348488
"12778",1.92114895822938
"12779",2.92924558803986
"12780",2.76679238742005
"12781",2.32029027515315
"12782",1.08497045768278
"12783",0.366207402709218
"12784",1.19586940614373
"12785",2.97913794558299
"12786",3.89561633544705
"12787",5
"12788",5
"12789",4.09035517935313
"12790",5
"12791",4.05276363223688
"12792",5
"12793",5
"12794",5
"12795",5
"12796",5
"12797",5
"12798",5
"12799",5
"12800",5
"12801",4.66688217192652
"12802",4.59144399871489
"12803",4.58658826625983
"12804",5
"12805",5
"12806",5
"12807",5
"12808",4.75162561643455
"12809",5
"12810",3.53528822593456
"12811",4.03659406498472
"12812",4.40196526924121
"12813",4.17008044000607
"12814",3.10211686357559
"12815",2.86646127375605
"12816",3.34886405814266
"12817",4.79487145167034
"12818",4.62685849104985
"12819",4.79541532699905
"12820",4.31719634161985
"12821",3.88489763166879
"12822",3.99129208682659
"12823",4.81808823019974
"12824",4.51718909734762
"12825",3.80299433925362
"12826",0.840884198261572
"12827",0.930708336875905
"12828",1.63297121701958
"12829",1.80503675780168
"12830",1.40679273019217
"12831",1.01249598018325
"12832",2.12272975217241
"12833",1.96340645669842
"12834",1.82142914678362
"12835",2.85159657558613
"12836",3.98968649650629
"12837",5
"12838",5
"12839",5
"12840",5
"12841",5
"12842",5
"12843",5
"12844",5
"12845",5
"12846",4.80550578103411
"12847",4.30673123646282
"12848",5
"12849",5
"12850",5
"12851",5
"12852",5
"12853",4.25369030792052
"12854",4.45736274856739
"12855",3.9512200891979
"12856",2.90675985280792
"12857",2.86284118137342
"12858",1.59013024692498
"12859",1.74630090766549
"12860",1.76283757455119
"12861",1.2516248702503
"12862",1.83791160538714
"12863",1.6003519805116
"12864",1.81854766448511
"12865",1.48156304106482
"12866",1.79030506182769
"12867",2.91367232586343
"12868",3.87543690879519
"12869",4.12465378048411
"12870",4.33719240875072
"12871",3.07062836342685
"12872",3.40036862478942
"12873",2.74900223597509
"12874",2.50301051352863
"12875",2.97580508973527
"12876",5
"12877",5
"12878",5
"12879",5
"12880",5
"12881",5
"12882",5
"12883",3.47460755017082
"12884",2.22822170001785
"12885",1.06129621897674
"12886",0.18953463163301
"12887",0
"12888",0
"12889",0
"12890",0
"12891",0
"12892",0
"12893",0
"12894",0
"12895",0
"12896",0.521642010178152
"12897",0.255693768629391
"12898",0.0327162819171838
"12899",0.182959568223353
"12900",0.578105247512706
"12901",0.08245205928192
"12902",0.187147432776999
"12903",0.350339524268204
"12904",1.19979770478059
"12905",1.68895514861782
"12906",2.06103574488898
"12907",1.81154920154618
"12908",1.3380335881395
"12909",1.60857196218798
"12910",3.74827907325064
"12911",4.29523886704653
"12912",5
"12913",5
"12914",5
"12915",3.29210403117321
"12916",1.73333607284995
"12917",2.07276205259873
"12918",2.11040214874251
"12919",2.23683045747327
"12920",3.43127764062554
"12921",3.53341766556848
"12922",4.01311848145235
"12923",4.00203957447558
"12924",3.85921645966529
"12925",3.50697556341728
"12926",3.28131815463781
"12927",3.67146177637618
"12928",3.87876790800004
"12929",4.06072999366586
"12930",2.62959757539284
"12931",1.20744045895671
"12932",1.65849732811006
"12933",1.28690447419724
"12934",0.447653797357355
"12935",0.732989091425256
"12936",0.958701497557982
"12937",1.27068378329708
"12938",2.52737990952276
"12939",3.91620524767836
"12940",4.77230181341977
"12941",4.98496580465377
"12942",4.43914197522848
"12943",4.0949856043992
"12944",2.72317487905134
"12945",1.69918904358337
"12946",0.82667112111991
"12947",1.24359872212082
"12948",2.1416073852423
"12949",2.47330539847384
"12950",3.44171357901401
"12951",3.82762337533704
"12952",4.29533749754945
"12953",5
"12954",5
"12955",5
"12956",5
"12957",5
"12958",5
"12959",3.81699894437458
"12960",3.16123495686548
"12961",3.93406624054502
"12962",3.12083825716272
"12963",2.63574052799691
"12964",2.11449499962932
"12965",1.86659611487697
"12966",2.04315290932204
"12967",2.21998532413353
"12968",1.28384905789829
"12969",0.25536985589485
"12970",0
"12971",0.100718273304483
"12972",3.69907336794672
"12973",5
"12974",5
"12975",5
"12976",5
"12977",5
"12978",5
"12979",5
"12980",5
"12981",5
"12982",5
"12983",5
"12984",5
"12985",5
"12986",5
"12987",5
"12988",5
"12989",5
"12990",5
"12991",5
"12992",5
"12993",5
"12994",5
"12995",5
"12996",3.97811075805601
"12997",4.04920977313718
"12998",3.34493858427198
"12999",3.71610327829976
"13000",3.68964267505272
"13001",3.56575177540724
"13002",3.18993395358914
"13003",3.99570106927056
"13004",4.20583073111614
"13005",5
"13006",4.62553205384123
"13007",3.35339292856196
"13008",3.28657057298963
"13009",4.16585817199871
"13010",4.98133491569339
"13011",5
"13012",3.06547387953745
"13013",1.98128137888947
"13014",1.85631983061358
"13015",2.1585158762721
"13016",2.73220009308247
"13017",1.80441339112472
"13018",1.30192001878475
"13019",0.951102817284736
"13020",1.5540451650487
"13021",1.46867885179309
"13022",2.50003773907712
"13023",4.61702333527287
"13024",5
"13025",5
"13026",5
"13027",5
"13028",5
"13029",5
"13030",5
"13031",5
"13032",5
"13033",5
"13034",5
"13035",5
"13036",5
"13037",5
"13038",5
"13039",4.53744667420706
"13040",4.63492158916283
"13041",4.19332886790892
"13042",4.05070073234167
"13043",3.44291002610954
"13044",2.20140332186652
"13045",2.25268262038877
"13046",1.28822483418979
"13047",1.40389635721011
"13048",0.864615591491379
"13049",1.97426262238724
"13050",1.49539076812442
"13051",1.2486108671835
"13052",1.41733898834061
"13053",2.22030010268754
"13054",2.96830040510839
"13055",3.48495694724546
"13056",3.7746725691356
"13057",4.3668374832458
"13058",4.9154577236871
"13059",5
"13060",5
"13061",3.34747448672525
"13062",4.28696458040944
"13063",4.28797335903415
"13064",5
"13065",5
"13066",5
"13067",5
"13068",5
"13069",5
"13070",4.09587870411829
"13071",1.98573464217104
"13072",1.06095102745258
"13073",0.0730301761179537
"13074",0.332116707231386
"13075",0
"13076",0
"13077",0
"13078",0
"13079",0
"13080",0
"13081",0
"13082",0.521642010178153
"13083",0.255716758182972
"13084",0
"13085",0.291797358110946
"13086",0.217960268699203
"13087",0.222982414897678
"13088",0.107956938119132
"13089",0.468126391168128
"13090",0.662090766441723
"13091",1.12271157451275
"13092",0.663788036422926
"13093",1.11558698886493
"13094",0.929285597890809
"13095",2.17741976764796
"13096",3.87737861148777
"13097",5
"13098",5
"13099",5
"13100",4.93599812274492
"13101",3.72569062807608
"13102",2.89059027000405
"13103",2.65022512281109
"13104",1.98323708474045
"13105",2.2279327961534
"13106",1.70707185575465
"13107",2.56532302792999
"13108",3.51114098940655
"13109",4.1244411540505
"13110",3.32075367794594
"13111",3.22292894888431
"13112",2.55950968030966
"13113",3.59532917391359
"13114",4.52608269475927
"13115",3.80761310078789
"13116",5
"13117",5
"13118",1.17744395786755
"13119",0.959826637016133
"13120",2.68945846640535
"13121",1.25546558806261
"13122",0.316645177049871
"13123",0.880883671331962
"13124",2.08350127061439
"13125",3.16364794990052
"13126",3.06234351396735
"13127",4.05773800768815
"13128",3.13165921512772
"13129",1.86603484883428
"13130",1.22158861136455
"13131",0.893746319652792
"13132",0.266696404520468
"13133",1.57053757936265
"13134",1.9111777999183
"13135",2.43202723785185
"13136",2.95779702403924
"13137",1.94227351394143
"13138",3.29640419387095
"13139",3.94379066116017
"13140",5
"13141",5
"13142",5
"13143",5
"13144",5
"13145",4.77509298263778
"13146",2.74880811588778
"13147",2.66425225865965
"13148",3.54623196710673
"13149",4.3933258503585
"13150",1.53337768248245
"13151",2.04175379300585
"13152",1.44030929050706
"13153",1.66459622922097
"13154",1.10802108741872
"13155",0.217871503055264
"13156",0.0373775193849601
"13157",1.52897225502127
"13158",3.75781238216992
"13159",5
"13160",5
"13161",5
"13162",5
"13163",5
"13164",4.58846722983681
"13165",5
"13166",5
"13167",5
"13168",5
"13169",5
"13170",5
"13171",5
"13172",5
"13173",5
"13174",5
"13175",5
"13176",5
"13177",5
"13178",5
"13179",5
"13180",5
"13181",3.94939053216219
"13182",3.96406239782282
"13183",2.3538651637539
"13184",2.32628901848781
"13185",3.3626555250636
"13186",4.08290385406976
"13187",3.83471675544597
"13188",3.38273451139788
"13189",5
"13190",3.69327742757328
"13191",5
"13192",4.19686866124758
"13193",3.89121801926685
"13194",3.6004898376303
"13195",3.95722928061176
"13196",5
"13197",4.91923723269718
"13198",4.39313173114554
"13199",1.78351513116164
"13200",2.49970026508997
"13201",2.20458761091041
"13202",2.451763989685
"13203",1.90120397836246
"13204",1.252897401797
"13205",0.821463634759025
"13206",0.671857231696499
"13207",2.40426382493979
"13208",3.18471035991815
"13209",4.49933895852968
"13210",5
"13211",5
"13212",5
"13213",5
"13214",5
"13215",5
"13216",5
"13217",5
"13218",5
"13219",5
"13220",5
"13221",5
"13222",5
"13223",5
"13224",5
"13225",4.65389138860542
"13226",3.91787784494094
"13227",3.67815274472321
"13228",3.54234788953661
"13229",3.61563712930701
"13230",3.04196685786092
"13231",2.79666805604522
"13232",1.71502642523992
"13233",0.789625233739942
"13234",1.40695055840619
"13235",0
"13236",1.76232312956117
"13237",1.71621171639437
"13238",1.77110885250145
"13239",2.71431652307034
"13240",3.03254416912697
"13241",3.52631304557088
"13242",3.7624721244345
"13243",4.29156698539585
"13244",5
"13245",5
"13246",5
"13247",4.30567044418263
"13248",4.01015666883976
"13249",2.77580405992615
"13250",4.51948578072841
"13251",4.7791509549875
"13252",4.936564223091
"13253",5
"13254",4.76805269006619
"13255",4.49651047281148
"13256",3.30601615702063
"13257",3.42750533268618
"13258",0.644176846873696
"13259",0.333205643137909
"13260",0
"13261",0
"13262",0
"13263",0
"13264",0
"13265",0
"13266",0
"13267",0.157273859766076
"13268",0.999694559585452
"13269",0.293448043463447
"13270",0
"13271",0.420343935403899
"13272",0.509119066196316
"13273",0.843264956364461
"13274",0.671529406635996
"13275",1.16869040232408
"13276",0.662736087612986
"13277",0.897327332946973
"13278",0.906051638943186
"13279",0.842289646236543
"13280",0.802991552228591
"13281",1.21977563447176
"13282",1.77814101732378
"13283",4.33779382432576
"13284",4.05894300036444
"13285",5
"13286",5
"13287",5
"13288",3.89645985875573
"13289",3.65262305364903
"13290",2.33732035842318
"13291",2.9095219595972
"13292",1.3727335134952
"13293",2.08722463032999
"13294",1.43776990807305
"13295",2.89202218373235
"13296",3.76725732063556
"13297",3.02119798167661
"13298",2.27505746098608
"13299",2.81756277698367
"13300",3.39030943088981
"13301",4.96302450205078
"13302",5
"13303",5
"13304",5
"13305",5
"13306",2.96894638041418
"13307",4.10240716454524
"13308",3.90976258921217
"13309",3.78723820129728
"13310",1.24483551880161
"13311",1.10098374598219
"13312",1.91800729193939
"13313",2.62861554991524
"13314",2.47345421732257
"13315",1.55657479982828
"13316",1.16964893873125
"13317",0.258656670829955
"13318",0.996634009526065
"13319",1.32649856803439
"13320",1.98819926310793
"13321",2.08258975577768
"13322",2.1315253650147
"13323",1.63391062274175
"13324",3.11881440967165
"13325",2.26550716989251
"13326",3.35517999744804
"13327",4.37913919040348
"13328",5
"13329",5
"13330",5
"13331",5
"13332",5
"13333",4.67317440054221
"13334",2.20698482466277
"13335",2.84068337005395
"13336",3.00120791760861
"13337",1.93735065602871
"13338",2.75883254181746
"13339",1.44294879509464
"13340",1.28447790531359
"13341",0.847014877722324
"13342",0.866547917684344
"13343",0.698224258574992
"13344",2.31054803135971
"13345",5
"13346",5
"13347",5
"13348",5
"13349",5
"13350",4.85451440339763
"13351",5
"13352",5
"13353",4.56356439208337
"13354",4.98752457954724
"13355",4.92246435484772
"13356",4.75442366250629
"13357",5
"13358",5
"13359",5
"13360",5
"13361",5
"13362",5
"13363",5
"13364",5
"13365",5
"13366",5
"13367",5
"13368",5
"13369",1.92931617737379
"13370",1.61288862664016
"13371",2.78629502407366
"13372",2.69229888011211
"13373",4.1806487812085
"13374",4.55136406102072
"13375",5
"13376",5
"13377",5
"13378",5
"13379",4.45664888459748
"13380",4.02659603304565
"13381",3.95956263585253
"13382",4.01333202780607
"13383",4.19700600582623
"13384",5
"13385",4.89810408162016
"13386",2.78923987052961
"13387",2.70093719221201
"13388",2.79018288487165
"13389",2.2912902621495
"13390",1.59702879072195
"13391",1.02828739706504
"13392",0.807441887853153
"13393",2.0029250794214
"13394",1.92210109715101
"13395",3.21031927706213
"13396",4.52293694625367
"13397",3.84555888556991
"13398",5
"13399",5
"13400",5
"13401",5
"13402",5
"13403",5
"13404",5
"13405",5
"13406",5
"13407",5
"13408",5
"13409",5
"13410",5
"13411",4.96033304291059
"13412",4.39510597798416
"13413",4.00081614293368
"13414",3.84454062308592
"13415",4.23877158217908
"13416",4.60833323662761
"13417",3.35864536823043
"13418",1.54927354817385
"13419",4.81576904398036
"13420",0.28538801146889
"13421",4.9933474102882
"13422",5
"13423",0.865771595731919
"13424",2.68278408138996
"13425",2.48092549530409
"13426",3.05688433511931
"13427",4.23828540489395
"13428",3.82858521745661
"13429",3.56140056330673
"13430",3.06837610861585
"13431",3.45430585746347
"13432",4.29828843904161
"13433",4.57873922111786
"13434",3.97506785353659
"13435",2.18575164550292
"13436",3.08412198200901
"13437",2.82053900929141
"13438",4.11418335148173
"13439",3.18288883136887
"13440",3.59185320053598
"13441",3.00589171918773
"13442",3.91873753397259
"13443",4.16661900833533
"13444",2.88087031504054
"13445",2.36356006624548
"13446",0.205354601724468
"13447",0.139523539077999
"13448",0
"13449",0.184337484947499
"13450",0.158155795361831
"13451",0
"13452",0
"13453",0
"13454",0.157273859766076
"13455",0.621949269220178
"13456",0.148367098586079
"13457",0.279556869506402
"13458",0.397542843596582
"13459",0.771932630993727
"13460",0.897573249883083
"13461",0.89548307544812
"13462",0.645455013239733
"13463",0.895455008396383
"13464",1.06107805262357
"13465",0.700544982600492
"13466",0.600265072714313
"13467",0.616568988929571
"13468",1.73373351233454
"13469",1.69510023938485
"13470",0.750919263358864
"13471",3.35526757757093
"13472",4.34792960668541
"13473",5
"13474",4.80884415376706
"13475",4.96179496417741
"13476",3.67777683384284
"13477",3.53075955646348
"13478",2.40150346795986
"13479",2.01819395746933
"13480",0.867009895359979
"13481",1.25188418764347
"13482",2.77319479163771
"13483",2.94642734530059
"13484",2.82529590913398
"13485",2.62844856493402
"13486",2.09932213700392
"13487",3.43093495861204
"13488",5
"13489",5
"13490",5
"13491",5
"13492",5
"13493",5
"13494",4.43201104719692
"13495",3.95554670275225
"13496",3.77003576981671
"13497",0.853357075076837
"13498",1.05194705675498
"13499",1.73186721974931
"13500",2.26317808682702
"13501",2.57648298582787
"13502",2.30860030584235
"13503",0.794925555688661
"13504",1.75363340825321
"13505",2.04169618088351
"13506",2.53196076663091
"13507",2.73990596270651
"13508",3.10357378182103
"13509",3.18028359817183
"13510",3.04328952103543
"13511",2.59852588791718
"13512",3.15573803030612
"13513",3.76571031597133
"13514",4.55515735658676
"13515",5
"13516",5
"13517",5
"13518",5
"13519",5
"13520",3.57230064816496
"13521",3.53367742629261
"13522",3.41655568569375
"13523",2.73635621069895
"13524",2.39539432427113
"13525",1.31271308016325
"13526",1.44669079574767
"13527",1.50936777275326
"13528",1.39738492561402
"13529",0.99352648756281
"13530",1.66581393582999
"13531",2.7730564707394
"13532",4.92284411728069
"13533",5
"13534",5
"13535",5
"13536",5
"13537",4.28551428400682
"13538",3.66445461427093
"13539",4.20448073005148
"13540",4.92736996443093
"13541",3.85005184848954
"13542",3.16419748299375
"13543",2.62834564523398
"13544",4.2342490120071
"13545",5
"13546",5
"13547",5
"13548",5
"13549",5
"13550",5
"13551",5
"13552",5
"13553",5
"13554",5
"13555",3.19051582451773
"13556",1.92787540630234
"13557",1.10477502937582
"13558",1.7809117704382
"13559",2.6263967230811
"13560",4.31966914192608
"13561",5
"13562",5
"13563",5
"13564",5
"13565",5
"13566",5
"13567",4.82109874035596
"13568",3.85650734610038
"13569",3.77478541389937
"13570",5
"13571",4.05656575406816
"13572",4.41365417659432
"13573",3.59157527029978
"13574",2.21062820092211
"13575",2.66180533873919
"13576",3.29415129944935
"13577",1.59755629924911
"13578",0.66931361290196
"13579",1.14325934602814
"13580",1.9996915072526
"13581",3.09194351735989
"13582",4.20017510616627
"13583",3.69551135830473
"13584",4.09672211207805
"13585",3.9010637901509
"13586",4.80200551616838
"13587",5
"13588",5
"13589",5
"13590",5
"13591",5
"13592",5
"13593",4.83390960283946
"13594",4.26130628440609
"13595",5
"13596",5
"13597",5
"13598",4.23847990229382
"13599",4.04534345379407
"13600",4.32792573180037
"13601",4.86378363926557
"13602",5
"13603",4.19225787837563
"13604",3.5210263176576
"13605",2.5817639019137
"13606",4.32599194244951
"13607",5
"13608",4.29032646814774
"13609",5
"13610",4.38734324567485
"13611",3.99735577816821
"13612",5
"13613",4.68357084485079
"13614",4.21363850679043
"13615",4.00790440715549
"13616",3.02984859517966
"13617",3.45890817174484
"13618",2.51715550261948
"13619",3.12571307525046
"13620",2.40187820870772
"13621",2.3248493918992
"13622",2.07253601987677
"13623",2.30211128930865
"13624",3.11819263406911
"13625",3.67284982520332
"13626",3.15922346591264
"13627",2.36253970634023
"13628",3.90237001516094
"13629",3.74905708994228
"13630",4.67469365287164
"13631",3.88844341651145
"13632",1.94152165715525
"13633",1.0708233880472
"13634",0.210464335532161
"13635",0.379938495844653
"13636",0.521642010178151
"13637",0.157273859766076
"13638",0.157273859766076
"13639",0.521642010178153
"13640",1.15024904054037
"13641",0.171907065443292
"13642",0.194625413728047
"13643",0.293187980366373
"13644",0.537036542437157
"13645",0.770455010818058
"13646",0.645455013239733
"13647",0.895455008396383
"13648",0.895455008396383
"13649",0.898359465583086
"13650",0.804368460634548
"13651",0.743224827349389
"13652",0.759684837238871
"13653",1.51464329324103
"13654",1.55569981254804
"13655",1.16937853556173
"13656",1.39088256943105
"13657",2.79455495794869
"13658",3.5838627249849
"13659",4.91848613226801
"13660",5
"13661",5
"13662",4.73930483387078
"13663",3.70315114745016
"13664",2.46296495385518
"13665",2.16550743154017
"13666",1.17632211572152
"13667",1.07147225534479
"13668",2.08186132101107
"13669",3.69962815942353
"13670",3.37680578408341
"13671",2.7813719837828
"13672",2.79324753113117
"13673",2.89460195878612
"13674",5
"13675",5
"13676",5
"13677",5
"13678",5
"13679",5
"13680",5
"13681",5
"13682",2.13020925951576
"13683",1.44293314384219
"13684",2.14991939691725
"13685",1.79864027322382
"13686",2.55197169728288
"13687",2.40767305591422
"13688",2.90975104289316
"13689",3.03914780402962
"13690",2.59515328499299
"13691",3.55849336912119
"13692",4.12125978774467
"13693",4.21772171366179
"13694",3.92576690744555
"13695",4.44382592919004
"13696",4.21007527930431
"13697",4.43884054314459
"13698",4.75489935867478
"13699",4.67264726642375
"13700",4.72742451054599
"13701",5
"13702",5
"13703",5
"13704",5
"13705",4.40472376250939
"13706",3.32868354975984
"13707",3.42338413326838
"13708",4.00985643628545
"13709",3.62040189061111
"13710",3.17329015660149
"13711",2.63853416810056
"13712",1.11700936012202
"13713",2.3863044654688
"13714",1.43739840560807
"13715",1.46716312093849
"13716",2.04344567110304
"13717",2.72313219401823
"13718",4.53649462555891
"13719",5
"13720",5
"13721",5
"13722",4.21061272515952
"13723",2.33679946058819
"13724",3.69855992844362
"13725",4.23275823937656
"13726",4.8589282722713
"13727",5
"13728",3.88509631579651
"13729",4.07744248027549
"13730",3.33672060196768
"13731",4.90655847511449
"13732",5
"13733",5
"13734",5
"13735",5
"13736",5
"13737",5
"13738",5
"13739",5
"13740",3.76154751942556
"13741",2.3661745795095
"13742",1.30939030706933
"13743",0.939864073861896
"13744",0.671081480636653
"13745",3.06927635836659
"13746",3.81622320493601
"13747",5
"13748",5
"13749",5
"13750",5
"13751",5
"13752",5
"13753",5
"13754",3.44000897481426
"13755",2.62441877686728
"13756",2.7061135661876
"13757",3.53171755885505
"13758",3.38115621312759
"13759",4.23439547735119
"13760",4.50196382768185
"13761",2.94114792531092
"13762",2.97118446109753
"13763",1.76754138769088
"13764",0.836814569038987
"13765",2.10819900363726
"13766",1.9993587059449
"13767",3.41438057053099
"13768",3.84261996306758
"13769",4.37515826497568
"13770",4.05711380014959
"13771",3.63693634914628
"13772",4.41957602692811
"13773",4.8820829956917
"13774",5
"13775",5
"13776",5
"13777",5
"13778",5
"13779",4.35134394573696
"13780",4.75372801163079
"13781",5
"13782",5
"13783",4.20744526383297
"13784",3.92475979366828
"13785",3.53170280921677
"13786",4.31636837566772
"13787",4.58128200922134
"13788",5
"13789",4.13236660892804
"13790",4.18234017967032
"13791",3.40421447826117
"13792",2.82618786674174
"13793",2.70457476062528
"13794",4.70046148725408
"13795",5
"13796",5
"13797",5
"13798",5
"13799",5
"13800",5
"13801",3.89264597266892
"13802",3.13631509120484
"13803",2.23999204137784
"13804",2.1750993224511
"13805",1.52105641545784
"13806",1.24825613779813
"13807",1.13072999416693
"13808",1.28063784886082
"13809",2.52582167137239
"13810",3.57138924587496
"13811",3.21100425744372
"13812",3.35455736520383
"13813",2.92917743118765
"13814",2.34327442043551
"13815",3.16659858498694
"13816",3.70379106114679
"13817",4.31273117797687
"13818",2.12521012347545
"13819",1.34439920419018
"13820",0.594399218720231
"13821",0.405402635807689
"13822",0.456796325275974
"13823",0.182107932626252
"13824",0.0781172657113922
"13825",0.14855091788792
"13826",0.439750080809598
"13827",0.655387072634869
"13828",0.770455010818058
"13829",0.770455010818058
"13830",0.645455013239733
"13831",0.787148741450722
"13832",0.799714345427485
"13833",0.50839338407524
"13834",1.00969902016182
"13835",1.77926303157294
"13836",2.16629313185223
"13837",0.990314765918874
"13838",1.83522648356767
"13839",3.05878701985257
"13840",3.03907773778884
"13841",4.52564482632415
"13842",5
"13843",5
"13844",3.53491877056456
"13845",3.18848013080897
"13846",2.7653908401377
"13847",2.009601807614
"13848",1.10116904747407
"13849",1.72583961637191
"13850",2.68542391032782
"13851",4.0908210962195
"13852",4.09140238555026
"13853",3.71088076896257
"13854",2.89827085098323
"13855",3.41509582594786
"13856",5
"13857",5
"13858",5
"13859",5
"13860",5
"13861",5
"13862",4.86888041833391
"13863",3.46982587702493
"13864",2.77899598575068
"13865",2.88285786927919
"13866",2.83045206772843
"13867",2.77986798421044
"13868",3.01441791934845
"13869",3.34865382339232
"13870",2.95329029283271
"13871",4.16569029783291
"13872",4.63473060720013
"13873",4.83930410441455
"13874",5
"13875",5
"13876",5
"13877",5
"13878",5
"13879",5
"13880",5
"13881",5
"13882",4.63528687562824
"13883",5
"13884",5
"13885",5
"13886",4.58280224305405
"13887",3.80013222712564
"13888",3.0280611606994
"13889",3.72295190914938
"13890",4.83121615840987
"13891",5
"13892",4.24220098543522
"13893",3.73267723880777
"13894",2.55623589311488
"13895",2.84837726965141
"13896",2.22336804042542
"13897",1.68633753285219
"13898",2.56314374902402
"13899",2.21702317294785
"13900",2.6331005146931
"13901",3.95920803683734
"13902",4.85190632729289
"13903",3.78141794917028
"13904",2.27732017318707
"13905",1.90163160658222
"13906",2.84491587813209
"13907",5
"13908",5
"13909",5
"13910",5
"13911",3.58993327151114
"13912",4.06334781034906
"13913",5
"13914",5
"13915",5
"13916",5
"13917",5
"13918",5
"13919",5
"13920",5
"13921",4.11683763400893
"13922",4.14971870214294
"13923",1.25852703784984
"13924",0.734057632455015
"13925",0.591126780700247
"13926",0.668291459926414
"13927",2.5018037182034
"13928",4.60831749669496
"13929",5
"13930",5
"13931",5
"13932",5
"13933",5
"13934",5
"13935",4.18045048765809
"13936",5
"13937",4.70765383798766
"13938",2.901097658108
"13939",2.61328806707796
"13940",3.14348407009973
"13941",4.14869704372582
"13942",4.53149872335096
"13943",4.0188162101858
"13944",3.44596208259578
"13945",2.11742752836391
"13946",1.47466426201105
"13947",1.28084443007242
"13948",2.40147839515446
"13949",2.83834171497304
"13950",4.31231187069333
"13951",3.85824891255227
"13952",3.58892819801489
"13953",4.05834335633785
"13954",3.63250366047452
"13955",4.69940523654123
"13956",5
"13957",5
"13958",5
"13959",5
"13960",5
"13961",4.41147169302515
"13962",4.42058013027827
"13963",3.24545423020067
"13964",4.16458589530759
"13965",3.89562997741955
"13966",3.04922214603781
"13967",3.64024257782287
"13968",3.40398731815579
"13969",3.72796963587876
"13970",4.55660917224102
"13971",3.27685675875485
"13972",3.36135909819005
"13973",3.01863783990853
"13974",3.10730057437005
"13975",4.96459254105805
"13976",5
"13977",5
"13978",5
"13979",5
"13980",5
"13981",5
"13982",5
"13983",4.34130427040675
"13984",3.87401243874706
"13985",2.79779209313863
"13986",1.73527583059914
"13987",0.964738064992945
"13988",1.10738969743107
"13989",0.695247093975034
"13990",1.21638273430305
"13991",1.76544908564389
"13992",3.26955384686223
"13993",3.50518763536419
"13994",2.70048016242179
"13995",1.65589503887793
"13996",1.73671117005195
"13997",2.19724958720745
"13998",2.68318667253307
"13999",2.61333120670611
"14000",2.16162066370549
"14001",1.3186262827947
"14002",0.441115758382799
"14003",0.504662326912435
"14004",0.951087508009713
"14005",0.110740736022687
"14006",0.0827845666313198
"14007",0.101218477214343
"14008",0
"14009",0.295976409330956
"14010",0.43234010105209
"14011",0.520455015661407
"14012",0.395455018083082
"14013",0.645455013239733
"14014",0.426596369852693
"14015",0.297645201304542
"14016",0.431180040312793
"14017",1.94020396232985
"14018",2.11907778398513
"14019",2.24502111491574
"14020",1.84363257265858
"14021",1.77025278585645
"14022",1.50679539433792
"14023",2.78825458596212
"14024",4.74784338553145
"14025",4.52808768313763
"14026",4.31813069890826
"14027",3.63137992655896
"14028",2.04825274838102
"14029",1.84789726961973
"14030",2.15435097661398
"14031",2.02738174069784
"14032",2.78267737605796
"14033",3.30764582399683
"14034",4.51462466904726
"14035",5
"14036",5
"14037",3.94336011106252
"14038",3.0915519319817
"14039",4.50992508863733
"14040",5
"14041",5
"14042",5
"14043",5
"14044",5
"14045",4.66481358705213
"14046",2.8814797767449
"14047",2.09419580831515
"14048",3.10346018995137
"14049",2.82509957613337
"14050",4.60918078091352
"14051",4.10257769942415
"14052",4.5034959940858
"14053",3.55037264991644
"14054",4.86935848468527
"14055",4.74001235490861
"14056",5
"14057",5
"14058",5
"14059",5
"14060",5
"14061",5
"14062",5
"14063",5
"14064",5
"14065",4.53365469140171
"14066",4.53566131776688
"14067",5
"14068",5
"14069",5
"14070",3.67340044553235
"14071",3.0321202444477
"14072",3.60188914251563
"14073",5
"14074",5
"14075",4.37482496928302
"14076",3.43350209282416
"14077",3.04133687649845
"14078",2.47185985256062
"14079",3.42319201715032
"14080",2.69620990079416
"14081",2.52147593500755
"14082",2.60450618363903
"14083",2.73321893926941
"14084",2.92843452256987
"14085",3.22797828332011
"14086",2.83823594747911
"14087",2.28034450853741
"14088",3.688107407632
"14089",4.34818160500048
"14090",5
"14091",5
"14092",5
"14093",5
"14094",5
"14095",4.7132909667216
"14096",5
"14097",5
"14098",5
"14099",5
"14100",5
"14101",5
"14102",5
"14103",5
"14104",5
"14105",3.33966781030406
"14106",1.58671325038155
"14107",1.53700682203843
"14108",0.63848188336679
"14109",1.561218715554
"14110",2.31429479569309
"14111",5
"14112",5
"14113",5
"14114",5
"14115",5
"14116",5
"14117",5
"14118",3.79507482490303
"14119",5
"14120",4.80095527470557
"14121",1.39690340857846
"14122",2.34860241040597
"14123",3.11997108111449
"14124",4.53123764041414
"14125",4.19776653198559
"14126",4.45899798796168
"14127",3.84285144656684
"14128",1.68002587691163
"14129",1.24621906075608
"14130",1.877805213265
"14131",1.7691683274497
"14132",2.19212331237954
"14133",2.90194568226334
"14134",3.20560239053597
"14135",5
"14136",3.82304675382267
"14137",4.25497948790846
"14138",4.31519619276541
"14139",5
"14140",5
"14141",5
"14142",5
"14143",5
"14144",3.23734018397234
"14145",4.03586768679558
"14146",3.26687453883106
"14147",3.40637581906724
"14148",2.78997738057726
"14149",2.86575202263915
"14150",2.78784931031636
"14151",3.02462412136369
"14152",3.54855570555791
"14153",2.95627073982103
"14154",2.47796904074776
"14155",2.44401705083578
"14156",1.79051426461222
"14157",3.72555798511846
"14158",4.97790006420662
"14159",5
"14160",5
"14161",5
"14162",5
"14163",5
"14164",5
"14165",4.78415277899436
"14166",3.68076003934152
"14167",2.96467295598452
"14168",2.50051139043321
"14169",2.05461063810182
"14170",1.18517528916555
"14171",1.44409172881688
"14172",1.04772601631237
"14173",1.08332750471514
"14174",2.30658636903192
"14175",2.64020350289932
"14176",2.38317405026272
"14177",1.30180956061098
"14178",1.17293526222382
"14179",0.692720832692442
"14180",0.920269258287486
"14181",1.79521037746449
"14182",1.96744187333411
"14183",1.37880476443841
"14184",0.732593767993626
"14185",0.480820506634309
"14186",0.659573693690892
"14187",0.532167340217675
"14188",0.113247172425635
"14189",0.113247172425635
"14190",0
"14191",0.477252730587143
"14192",0.11352834638357
"14193",0.272504789498173
"14194",0.270455020504756
"14195",0.270455020504756
"14196",0.159762982895997
"14197",0.478994881464511
"14198",0
"14199",0.411642820186498
"14200",1.29585388264701
"14201",2.69719650691485
"14202",3.13440892535536
"14203",2.829155221889
"14204",1.25882690768747
"14205",2.59265264661769
"14206",1.71969188547642
"14207",2.74213353972644
"14208",3.48513185532466
"14209",2.42352451841032
"14210",2.05537161901493
"14211",1.0306792810489
"14212",2.98077765283791
"14213",2.28634067540251
"14214",3.73167680782916
"14215",4.43737731719018
"14216",4.76743766390299
"14217",4.53235833435854
"14218",5
"14219",5
"14220",3.86038332311886
"14221",3.23887241529904
"14222",3.91961209279179
"14223",5
"14224",5
"14225",5
"14226",5
"14227",5
"14228",5
"14229",3.20165173782057
"14230",2.42383522225069
"14231",2.79994429252922
"14232",4.53968336880857
"14233",4.62981221687305
"14234",5
"14235",4.43285148220505
"14236",5
"14237",4.4578636412007
"14238",5
"14239",5
"14240",5
"14241",5
"14242",5
"14243",5
"14244",5
"14245",5
"14246",5
"14247",4.9908489258704
"14248",4.52359285360034
"14249",4.56288952320242
"14250",5
"14251",5
"14252",5
"14253",4.2396500917343
"14254",3.68663989917961
"14255",4.23431507986744
"14256",5
"14257",4.69830753232676
"14258",4.29764465717685
"14259",3.79815808746506
"14260",2.66208148724538
"14261",3.02401494120979
"14262",3.06697694611858
"14263",3.5101902262335
"14264",2.90468623278485
"14265",3.20933420952158
"14266",2.47354470054554
"14267",2.37907756615674
"14268",3.7744573390515
"14269",4.03849900846861
"14270",3.42566562971333
"14271",3.39922635769244
"14272",3.43253899351687
"14273",5
"14274",5
"14275",5
"14276",5
"14277",5
"14278",5
"14279",5
"14280",5
"14281",5
"14282",5
"14283",5
"14284",5
"14285",5
"14286",5
"14287",5
"14288",5
"14289",3.35397305475042
"14290",0.977040036466605
"14291",1.37742205265386
"14292",1.87469677552138
"14293",4.30748450922593
"14294",5
"14295",5
"14296",5
"14297",5
"14298",5
"14299",5
"14300",5
"14301",4.86768960255993
"14302",2.52605740821052
"14303",2.14192085658342
"14304",1.19379357228451
"14305",2.2710960804797
"14306",2.11728306121326
"14307",3.33509865761591
"14308",4.33841312560252
"14309",4.45542188864367
"14310",2.78270873031464
"14311",2.32613479773301
"14312",1.35359185966813
"14313",2.20971271650912
"14314",1.13203075555582
"14315",1.98796604333138
"14316",1.86279283202368
"14317",2.2742934981694
"14318",3.1415632260841
"14319",5
"14320",4.48726120758136
"14321",4.78388430864854
"14322",4.63733005425936
"14323",5
"14324",5
"14325",5
"14326",3.96878777811756
"14327",2.09543624771774
"14328",3.48970618246459
"14329",4.32584218415628
"14330",2.33863961937037
"14331",2.90450673888098
"14332",2.00325864913703
"14333",2.07850929307475
"14334",2.3780492860144
"14335",2.19669106265906
"14336",2.0316911840344
"14337",1.4971126340047
"14338",1.10701602965863
"14339",1.98382569148589
"14340",2.80006954834077
"14341",4.68178961910574
"14342",5
"14343",5
"14344",5
"14345",5
"14346",5
"14347",5
"14348",3.42536311177376
"14349",3.46556480629144
"14350",3.00245517169478
"14351",2.61653835615593
"14352",1.52438503765386
"14353",2.82989638944529
"14354",1.89080406761281
"14355",2.17818381270196
"14356",1.78373057609041
"14357",1.73997604395256
"14358",1.66721727041206
"14359",1.18909428021774
"14360",0.641679142238412
"14361",0
"14362",0
"14363",0.269159675078975
"14364",0.390219741775949
"14365",0.80915851204809
"14366",0.568469291766263
"14367",0.441315656503137
"14368",0.748535875614486
"14369",0.532167340217675
"14370",0.113247172425635
"14371",0.112758282688855
"14372",0.0601225909082841
"14373",0.133265651052188
"14374",0.149416652328097
"14375",0.145455022926431
"14376",0.145455022926431
"14377",0.172286825246955
"14378",0.454820942913844
"14379",0
"14380",0
"14381",0.361936260539731
"14382",1.22626526077723
"14383",2.60481825837819
"14384",2.84277741861847
"14385",2.9654766088409
"14386",1.57618588912165
"14387",1.99014678907464
"14388",1.74549200483892
"14389",2.34531700903714
"14390",2.13299917829973
"14391",2.30407041999732
"14392",1.10897183262064
"14393",1.97202115124449
"14394",2.13544813215085
"14395",3.52783923117118
"14396",4.68342639995791
"14397",4.63363252677672
"14398",4.87029127412191
"14399",4.60296084435037
"14400",5
"14401",4.34507890585195
"14402",3.76678239169772
"14403",3.58737832045237
"14404",3.47759985395169
"14405",4.55342104395892
"14406",5
"14407",5
"14408",5
"14409",5
"14410",4.04827958275462
"14411",2.47735530433322
"14412",2.66668341659455
"14413",2.65733959701476
"14414",4.12062541140225
"14415",5
"14416",5
"14417",5
"14418",5
"14419",5
"14420",4.80300534191505
"14421",5
"14422",5
"14423",5
"14424",5
"14425",5
"14426",5
"14427",5
"14428",5
"14429",5
"14430",4.62902220400045
"14431",5
"14432",5
"14433",5
"14434",5
"14435",4.08908341941099
"14436",3.41471734299885
"14437",3.14768105519852
"14438",4.32898353859181
"14439",5
"14440",3.44680857144906
"14441",2.48769918559217
"14442",2.36610699630066
"14443",4.07834643514848
"14444",4.38822624863968
"14445",5
"14446",4.38792283813999
"14447",4.1821305442146
"14448",3.78912057343047
"14449",4.15442432598019
"14450",5
"14451",4.72573698871887
"14452",4.71239309941806
"14453",4.07795682249441
"14454",3.54252746470636
"14455",4.21974249892839
"14456",5
"14457",5
"14458",5
"14459",5
"14460",5
"14461",5
"14462",5
"14463",5
"14464",5
"14465",5
"14466",5
"14467",5
"14468",5
"14469",5
"14470",5
"14471",4.48175036661413
"14472",2.76598587143896
"14473",2.36904450927153
"14474",3.42374531646887
"14475",5
"14476",5
"14477",5
"14478",5
"14479",5
"14480",5
"14481",5
"14482",5
"14483",5
"14484",4.72740513898747
"14485",1.49028433625891
"14486",1.77702228668715
"14487",1.04217988853364
"14488",2.2795019914044
"14489",3.5259572452034
"14490",4.47283580264333
"14491",4.72051259598234
"14492",3.3210236610796
"14493",2.66459136956385
"14494",2.64586466304891
"14495",2.42270825167682
"14496",3.07692642010136
"14497",1.53156873365569
"14498",2.43661390992356
"14499",2.90550874404105
"14500",3.33021048123612
"14501",3.86153206331972
"14502",4.6867624588407
"14503",5
"14504",4.67539744568455
"14505",4.33909879850866
"14506",4.71686578957096
"14507",3.36205977704002
"14508",2.43339199668732
"14509",1.29373277685551
"14510",0.912266759265511
"14511",0.673922685973312
"14512",2.67752636055023
"14513",0.569899089271315
"14514",1.97598595776637
"14515",1.90150418812485
"14516",1.8317532262867
"14517",2.22283857339951
"14518",1.19637012939011
"14519",0.962334899750472
"14520",0.933874412701534
"14521",1.45651756609405
"14522",2.26234425887774
"14523",4.45015627322095
"14524",5
"14525",5
"14526",5
"14527",5
"14528",5
"14529",4.84147485912391
"14530",3.27365415161269
"14531",2.7721764495385
"14532",2.47108153138516
"14533",3.21257511408006
"14534",3.41605567146203
"14535",3.38150830166891
"14536",3.078566328014
"14537",2.96144453225126
"14538",2.81045337249797
"14539",1.79320105368663
"14540",1.07876224437156
"14541",0.992416025540327
"14542",0
"14543",0
"14544",0
"14545",0
"14546",0.0404326394479773
"14547",0.207907732861193
"14548",0.185686593267073
"14549",0.403065312383949
"14550",0.532167340217675
"14551",0.113247172425635
"14552",0.101895871138275
"14553",0.267550931227557
"14554",0.453044389984604
"14555",0.395455018083082
"14556",0.145455022926431
"14557",0.158790384932765
"14558",0.28625885332885
"14559",0
"14560",0
"14561",0
"14562",0.401315449357402
"14563",1.03221692259822
"14564",1.30345544167289
"14565",2.01078673346856
"14566",1.46195974742382
"14567",1.81968853470109
"14568",1.34796721345206
"14569",1.42589520558398
"14570",2.39140921666124
"14571",2.11659645823027
"14572",1.68553050244666
"14573",1.40163015043083
"14574",1.68488125604482
"14575",2.59087875829983
"14576",4.20487461821566
"14577",4.61652570523634
"14578",5
"14579",5
"14580",3.89648075273752
"14581",4.32820686463461
"14582",4.75465183751757
"14583",3.44090239597846
"14584",2.9203187150185
"14585",3.74001206592628
"14586",3.72013960389435
"14587",4.52056071160395
"14588",5
"14589",4.95818727589461
"14590",5
"14591",3.74360444654401
"14592",2.90736422715533
"14593",1.8877882309079
"14594",2.86765688236515
"14595",3.95228160825124
"14596",5
"14597",5
"14598",5
"14599",5
"14600",4.7305066753603
"14601",4.74007586138886
"14602",5
"14603",5
"14604",5
"14605",5
"14606",5
"14607",5
"14608",5
"14609",5
"14610",5
"14611",4.68745381160459
"14612",4.07546850071609
"14613",5
"14614",5
"14615",3.80215985193133
"14616",3.33252724353709
"14617",2.04971690869016
"14618",1.87794461015318
"14619",2.75474831508462
"14620",3.06383568707309
"14621",3.01914790729206
"14622",2.52750726591426
"14623",2.27549669938226
"14624",3.6177016781002
"14625",5
"14626",5
"14627",5
"14628",5
"14629",3.80781562902178
"14630",4.30347457503686
"14631",5
"14632",5
"14633",5
"14634",3.58530209698308
"14635",1.91447042018992
"14636",3.33658217931382
"14637",4.72523405934024
"14638",5
"14639",5
"14640",5
"14641",5
"14642",5
"14643",5
"14644",5
"14645",4.81014391638635
"14646",5
"14647",5
"14648",5
"14649",5
"14650",5
"14651",5
"14652",4.65954678589157
"14653",2.98181494366234
"14654",3.3766823936129
"14655",4.00473628811887
"14656",5
"14657",5
"14658",5
"14659",5
"14660",5
"14661",5
"14662",5
"14663",5
"14664",5
"14665",4.64624839798373
"14666",2.93616448469994
"14667",0.822310214712382
"14668",1.23155688206625
"14669",2.16692199497444
"14670",3.87717022226121
"14671",5
"14672",4.47981467406607
"14673",4.9283082311389
"14674",3.47032222295049
"14675",4.59941901007707
"14676",3.96774862553614
"14677",3.70365841623388
"14678",3.27738831810054
"14679",2.82905476930287
"14680",3.21391790113775
"14681",4.78763172065281
"14682",4.55258641147165
"14683",5
"14684",5
"14685",5
"14686",4.2872988711068
"14687",3.08168451267585
"14688",2.29839786752552
"14689",1.34922231585547
"14690",1.08886408046364
"14691",0.838490454414982
"14692",0.910266207406236
"14693",0.766832352854835
"14694",0.541911963372981
"14695",1.97634896381856
"14696",1.14132399429425
"14697",2.05447645193757
"14698",1.3073989829316
"14699",1.10164842701342
"14700",1.05093444343991
"14701",1.02176839004584
"14702",1.79301317421093
"14703",2.27094278810101
"14704",3.44082047121279
"14705",4.02493759593009
"14706",5
"14707",4.59869543361812
"14708",5
"14709",5
"14710",1.72317080130542
"14711",2.43682261883973
"14712",2.87073837164546
"14713",2.49205420965841
"14714",2.96450004332292
"14715",3.87660514534863
"14716",3.13424257019742
"14717",3.87552250758873
"14718",3.15504612753312
"14719",2.38028320337805
"14720",2.26328145209228
"14721",1.67617879160309
"14722",0
"14723",0
"14724",0
"14725",0
"14726",0
"14727",0
"14728",0.126412967677985
"14729",0
"14730",0.620444031500825
"14731",0.532167340217674
"14732",0.069138641195704
"14733",0.563408387459269
"14734",0.68374834698407
"14735",1.02003584681521
"14736",1.1670259147552
"14737",1.1803491243884
"14738",0.669073674663344
"14739",0.352437460924633
"14740",0
"14741",0
"14742",0
"14743",0
"14744",0.188249080217627
"14745",0.541961722154673
"14746",0.903567784983953
"14747",0.539479650092851
"14748",0.851539734783432
"14749",0.601829088803585
"14750",2.38171631867169
"14751",2.8066060994183
"14752",3.01618198784154
"14753",2.19317576448893
"14754",2.27709207277033
"14755",2.43700723637793
"14756",3.14609391075937
"14757",3.34058292591713
"14758",3.15008363831635
"14759",3.40084034422235
"14760",3.10622232306263
"14761",3.29823639899083
"14762",2.97559935563954
"14763",3.28813403925691
"14764",3.36004908037502
"14765",2.80692149769132
"14766",3.4518253961053
"14767",3.70122687006799
"14768",4.64191099721077
"14769",4.38373694979204
"14770",3.9386424403739
"14771",3.60047693906078
"14772",3.05608611746727
"14773",2.29514784387891
"14774",2.22186148091498
"14775",2.64601605140904
"14776",3.046530798322
"14777",4.57977656520613
"14778",5
"14779",5
"14780",5
"14781",5
"14782",3.76162025645281
"14783",4.35599653288688
"14784",4.60679368261197
"14785",5
"14786",5
"14787",5
"14788",5
"14789",4.92264861905254
"14790",5
"14791",5
"14792",4.79523873645662
"14793",4.02424805998051
"14794",3.73871848163388
"14795",2.98300584730974
"14796",3.03012764725365
"14797",2.14478860318449
"14798",2.18722654280311
"14799",2.27482287761007
"14800",2.71193627991552
"14801",3.09577948354157
"14802",2.92857506280364
"14803",3.39497977233888
"14804",3.51174105385831
"14805",4.60958349840761
"14806",5
"14807",5
"14808",4.49643473415037
"14809",4.09778570196195
"14810",4.22796530618486
"14811",5
"14812",5
"14813",5
"14814",4.75252543897433
"14815",3.14444110867558
"14816",1.83703922726965
"14817",1.26566989165741
"14818",3.72542629783274
"14819",5
"14820",5
"14821",5
"14822",5
"14823",5
"14824",5
"14825",4.65866570386142
"14826",4.07175133670867
"14827",4.41359153591729
"14828",4.3726293321058
"14829",5
"14830",5
"14831",5
"14832",5
"14833",4.1712536903019
"14834",3.02224368669575
"14835",2.53001144981169
"14836",3.64306109885461
"14837",4.21030845805923
"14838",5
"14839",5
"14840",5
"14841",5
"14842",5
"14843",5
"14844",5
"14845",5
"14846",4.38108959146975
"14847",2.1678069207282
"14848",1.67451871413069
"14849",1.42434017915215
"14850",3.13919899000129
"14851",4.32725171821505
"14852",5
"14853",4.95291970576589
"14854",5
"14855",4.8487446148154
"14856",5
"14857",5
"14858",4.70584265283933
"14859",4.87581596244849
"14860",4.68836806569352
"14861",4.41140969443083
"14862",5
"14863",5
"14864",5
"14865",5
"14866",5
"14867",4.04162465599614
"14868",2.8826023483287
"14869",0.874037331564618
"14870",0.838349546615607
"14871",0.588864090150335
"14872",0.838864085306986
"14873",0.713864087728661
"14874",0.588864090150335
"14875",0.213834046468212
"14876",0
"14877",0.795267813665429
"14878",0.919771503417691
"14879",1.04175778793807
"14880",1.17641213925371
"14881",0.958514307014962
"14882",1.16363596554823
"14883",1.54415593917752
"14884",2.34432650688713
"14885",2.37706396825399
"14886",3.3213681935052
"14887",3.48248256956525
"14888",2.83189911452885
"14889",1.85616074440472
"14890",1.97574276550635
"14891",2.58410608961352
"14892",2.4514344298548
"14893",2.17272684494491
"14894",2.4711876702474
"14895",2.98767784543223
"14896",3.39501515746199
"14897",3.81962514253524
"14898",3.56625912972195
"14899",2.68996185170817
"14900",3.00653686017158
"14901",1.81689698755948
"14902",1.00889989342427
"14903",0.806183326256481
"14904",0
"14905",0
"14906",0
"14907",0
"14908",0
"14909",0.00471707422040279
"14910",0.169643191310665
"14911",0.917521083416146
"14912",0.411043928133928
"14913",0.677119856160028
"14914",1.55438423022112
"14915",2.01934159088983
"14916",2.82382789507153
"14917",2.25801060134017
"14918",1.4234047981626
"14919",1.30429329357421
"14920",0.319843431887605
"14921",0
"14922",0
"14923",0
"14924",0
"14925",0.204966512265949
"14926",0.329966509844274
"14927",0.191017789077149
"14928",0.111332729944113
"14929",1.67168366191523
"14930",2.96808008285725
"14931",4.68088755280856
"14932",4.41417673683963
"14933",3.91044847152731
"14934",3.05502870701027
"14935",2.51500065627106
"14936",2.03784219075509
"14937",1.97598425294297
"14938",1.92984006939234
"14939",1.78790619823291
"14940",2.41475574540029
"14941",2.25942992969134
"14942",3.02555001672208
"14943",3.43091091834715
"14944",2.29378275729368
"14945",3.02204656538991
"14946",3.40438877356078
"14947",3.11997734604411
"14948",4.36838384484646
"14949",4.20845365567916
"14950",3.41940780150665
"14951",2.91894588583102
"14952",2.64550129121729
"14953",2.62455652892893
"14954",2.47229812967952
"14955",1.41581432557583
"14956",3.24687269406347
"14957",3.62831166279449
"14958",5
"14959",5
"14960",5
"14961",4.62814590390519
"14962",4.5204602911077
"14963",4.20689753298499
"14964",3.87610552040973
"14965",4.73584598792614
"14966",4.90501335846239
"14967",5
"14968",5
"14969",5
"14970",5
"14971",5
"14972",4.88102899127743
"14973",3.17213309662517
"14974",2.15296215770582
"14975",2.0966414088421
"14976",1.64922747731524
"14977",2.09006815567456
"14978",2.66241197291749
"14979",2.65924530566074
"14980",5
"14981",5
"14982",4.57508952402353
"14983",3.37649626637971
"14984",3.80990014303601
"14985",4.69616627947174
"14986",5
"14987",4.24580709364724
"14988",3.84078980484311
"14989",4.18977824832843
"14990",3.64321756102409
"14991",4.44774843733865
"14992",4.433359649261
"14993",4.9928186319249
"14994",3.38366379484049
"14995",2.31689813846157
"14996",1.86700543278213
"14997",1.85230010109449
"14998",3.23071118788609
"14999",5
"15000",5
"15001",5
"15002",5
"15003",5
"15004",5
"15005",4.07581914912742
"15006",4.13582071579931
"15007",4.4663197320552
"15008",5
"15009",5
"15010",5
"15011",5
"15012",4.04692884137266
"15013",4.21981638443214
"15014",3.22034027508799
"15015",2.15967091868035
"15016",3.61368451959247
"15017",3.64449424460776
"15018",4.43304044066619
"15019",4.43918899637361
"15020",5
"15021",5
"15022",5
"15023",5
"15024",5
"15025",5
"15026",4.26176590589779
"15027",2.40591140588964
"15028",1.14614022325944
"15029",2.45159789242406
"15030",4.06782805994626
"15031",5
"15032",5
"15033",5
"15034",5
"15035",5
"15036",4.79086490091522
"15037",5
"15038",5
"15039",5
"15040",4.77394502949719
"15041",4.8661774201505
"15042",5
"15043",5
"15044",5
"15045",5
"15046",5
"15047",5
"15048",2.67252970091592
"15049",1.74385902702414
"15050",0.360902116961209
"15051",0.713864087728661
"15052",0.46386409257201
"15053",0.713864087728661
"15054",0.46386409257201
"15055",0.465830967545381
"15056",0.038558368026349
"15057",0.618333415070651
"15058",0.870463871457036
"15059",1.15509707691789
"15060",1.23021053252874
"15061",1.62636987031269
"15062",1.88164186462532
"15063",1.78186079338303
"15064",2.25945767572775
"15065",2.9004869287317
"15066",2.72915490465674
"15067",2.81294321970928
"15068",0.988897829468715
"15069",2.27057483766885
"15070",0.998462883421813
"15071",1.1750260925046
"15072",1.48861401570237
"15073",1.59908542720818
"15074",0.875655526860104
"15075",3.28972595270286
"15076",3.65154843977759
"15077",5
"15078",3.96250596574726
"15079",3.71863631282466
"15080",1.08284711461051
"15081",2.29481232757947
"15082",1.33980900226226
"15083",0.851887507802701
"15084",0.305247025088126
"15085",0
"15086",0
"15087",0
"15088",0
"15089",0
"15090",0.557490419327941
"15091",0.67272276073375
"15092",0.355036994728384
"15093",1.09914739513068
"15094",2.66932709236546
"15095",4.40804202270603
"15096",3.08642273062346
"15097",3.28633009499961
"15098",2.4409308587451
"15099",1.03725830613457
"15100",0.847914971650152
"15101",0
"15102",0
"15103",0.329966509844274
"15104",0.329966509844274
"15105",0.579966505000925
"15106",0.277655995822339
"15107",0.453045215040454
"15108",1.1095112388097
"15109",4.03442357822702
"15110",3.78211120004443
"15111",5
"15112",5
"15113",4.49759618154674
"15114",2.8889306149146
"15115",2.00772776409336
"15116",1.61208339760288
"15117",1.14192829730976
"15118",1.03174328893073
"15119",1.51484284516553
"15120",2.04584627351573
"15121",2.88814814246297
"15122",3.25744208148256
"15123",2.91467786510331
"15124",3.59023559348792
"15125",3.44052725597011
"15126",2.87442270260752
"15127",4.33639685742853
"15128",4.03025742468913
"15129",3.89778375957936
"15130",2.83195301533873
"15131",2.80981298311877
"15132",1.9869269592834
"15133",2.18508447344794
"15134",2.0752446610268
"15135",1.94115302236456
"15136",2.80877931388049
"15137",3.80252053277414
"15138",5
"15139",5
"15140",5
"15141",5
"15142",4.44660774224649
"15143",3.84321610970837
"15144",4.36392255020821
"15145",5
"15146",5
"15147",5
"15148",4.7909540034635
"15149",5
"15150",5
"15151",5
"15152",3.63493155234719
"15153",3.50236688988853
"15154",3.01710032796807
"15155",1.05257625728126
"15156",0.911671283376477
"15157",1.73225605180451
"15158",2.4414569483622
"15159",3.75003480219834
"15160",3.55037553447304
"15161",5
"15162",3.59415730628072
"15163",4.29202642476812
"15164",3.82031034110608
"15165",4.55641641380993
"15166",3.92026059610585
"15167",3.8987486646029
"15168",3.07562682934637
"15169",2.86018974287703
"15170",3.27506901189426
"15171",3.85796385454771
"15172",3.39909642674482
"15173",2.9853943329203
"15174",2.44227468866195
"15175",2.00317223915684
"15176",1.36454986997343
"15177",1.93342415707411
"15178",3.61320312109453
"15179",5
"15180",5
"15181",5
"15182",5
"15183",5
"15184",5
"15185",4.23388577185488
"15186",3.27974022162024
"15187",3.47946528043827
"15188",5
"15189",5
"15190",5
"15191",5
"15192",5
"15193",3.88715473716351
"15194",4.54295197987934
"15195",3.40716740927934
"15196",3.0846581869443
"15197",2.94849342055936
"15198",3.60562530804372
"15199",3.55701149874409
"15200",3.8404190833871
"15201",5
"15202",5
"15203",5
"15204",5
"15205",5
"15206",3.14762794450007
"15207",1.15093710955524
"15208",1.36293986363012
"15209",2.84454518464907
"15210",4.92952398206367
"15211",5
"15212",5
"15213",5
"15214",5
"15215",4.49654618145195
"15216",4.74788603636398
"15217",5
"15218",4.59023928493565
"15219",4.70210633015187
"15220",4.79376763661321
"15221",3.56739429557564
"15222",4.05561520929459
"15223",4.42916028407798
"15224",5
"15225",5
"15226",5
"15227",5
"15228",3.53279060761743
"15229",1.28482468013523
"15230",0.710466346347983
"15231",0.46386409257201
"15232",0.838864085306986
"15233",0.713864087728661
"15234",0.588864090150335
"15235",0.21386409741536
"15236",0.0917154477650541
"15237",0.0447543733325682
"15238",0.682776692041957
"15239",0.939484994789497
"15240",2.00140092413203
"15241",1.65994727459171
"15242",2.07917288780492
"15243",2.02763966352079
"15244",1.87613792776583
"15245",2.62326530929825
"15246",2.88262243683151
"15247",2.34347149429317
"15248",1.68703197957394
"15249",0.205626971014799
"15250",0.542400181363667
"15251",0.493708160739447
"15252",0.545620878512181
"15253",0.448223022594614
"15254",0.714873163892108
"15255",2.7033314412911
"15256",5
"15257",5
"15258",5
"15259",4.43887191833328
"15260",3.64033158601858
"15261",1.33690455490221
"15262",1.66964163818405
"15263",1.31472550462263
"15264",1.14200849996401
"15265",0.0415821946190279
"15266",0
"15267",0
"15268",0
"15269",0
"15270",0
"15271",0
"15272",1.79716367097745
"15273",2.40770424082648
"15274",3.47307971727642
"15275",4.54251522639255
"15276",3.4733016059091
"15277",2.80657103145913
"15278",1.65200836018951
"15279",0.644573316106987
"15280",0
"15281",0.453542394473275
"15282",0.829966500157576
"15283",1.20057622096317
"15284",1.32772887110216
"15285",1.21601137636699
"15286",2.36998832416958
"15287",2.92590373295477
"15288",3.68790459429286
"15289",5
"15290",5
"15291",4.20242347615446
"15292",3.87835991588649
"15293",0.787842541530723
"15294",0.0388063243361059
"15295",0.311915066277101
"15296",0.38477718166376
"15297",0.178652079215627
"15298",1.33363461305842
"15299",2.30202047739792
"15300",3.52938765326594
"15301",3.85296589011157
"15302",4.77965169309127
"15303",3.98604012039333
"15304",3.93929550470486
"15305",3.61680318646953
"15306",4.03541248029428
"15307",3.16319964920926
"15308",3.32257434108094
"15309",2.86616164996769
"15310",1.73307267701075
"15311",2.22682604092868
"15312",2.43269460999132
"15313",2.61539391573975
"15314",2.30710980445577
"15315",3.07008166871134
"15316",4.04056819734877
"15317",5
"15318",5
"15319",5
"15320",5
"15321",4.41613992134649
"15322",3.49911028771668
"15323",5
"15324",5
"15325",5
"15326",4.74788642982243
"15327",4.69500642974345
"15328",3.69106857531479
"15329",4.87279259084386
"15330",4.5060443885841
"15331",4.02767030944462
"15332",2.85470026452241
"15333",1.93105664992193
"15334",2.14838350871969
"15335",1.55393276794011
"15336",2.2720392887431
"15337",3.33751297714008
"15338",5
"15339",4.38844016965341
"15340",4.12922008305878
"15341",4.24247307652691
"15342",4.3434195136178
"15343",4.68379675032301
"15344",4.38255680364641
"15345",4.73249920577299
"15346",3.18739508642178
"15347",3.45251558918982
"15348",2.84432104171244
"15349",2.71717854334303
"15350",3.27626445355178
"15351",3.61445842890782
"15352",2.31704629199121
"15353",2.40927829880374
"15354",2.7360675080965
"15355",2.87867609726453
"15356",2.93797198826268
"15357",4.33856732863051
"15358",5
"15359",5
"15360",5
"15361",5
"15362",5
"15363",5
"15364",4.3012721356713
"15365",3.63946776697057
"15366",3.09129874263217
"15367",3.86207725428237
"15368",5
"15369",5
"15370",5
"15371",5
"15372",5
"15373",5
"15374",5
"15375",3.98468424448388
"15376",3.10170714327405
"15377",2.56811858259669
"15378",3.39439665661212
"15379",3.31148478159186
"15380",5
"15381",5
"15382",5
"15383",5
"15384",4.19548444657293
"15385",2.33731481873377
"15386",1.82368554289445
"15387",1.4378663252007
"15388",3.13813326916284
"15389",5
"15390",5
"15391",5
"15392",4.90414954808254
"15393",4.14636758190393
"15394",3.36455431821764
"15395",3.42495507896459
"15396",3.5014327775461
"15397",4.0059873095139
"15398",3.93906296916978
"15399",3.17543182659356
"15400",2.92662393108779
"15401",2.86948706987892
"15402",2.88603944605587
"15403",4.32952401737747
"15404",5
"15405",5
"15406",5
"15407",3.43108629252365
"15408",2.15048925415506
"15409",0.918044714313211
"15410",1.00251264407983
"15411",1.08579845391621
"15412",1.08886408046364
"15413",1.08886408046364
"15414",0.838864085306986
"15415",0.0888640998370342
"15416",0
"15417",0
"15418",0.726464732634834
"15419",1.62564000253344
"15420",1.53557581190746
"15421",1.94035570674876
"15422",2.60373288841553
"15423",2.95769227121009
"15424",2.34456927719936
"15425",2.7846440188845
"15426",2.58796677476933
"15427",1.85897320256359
"15428",1.17565170841903
"15429",0
"15430",0.118155697062876
"15431",0.702189321422785
"15432",0.867336954227785
"15433",1.81218662184535
"15434",3.50135008520465
"15435",5
"15436",5
"15437",5
"15438",3.77333286066288
"15439",3.35647769431706
"15440",2.88441954226535
"15441",2.23060888142298
"15442",1.28295422807591
"15443",0.470800183377313
"15444",0.0434553441174109
"15445",0
"15446",0
"15447",0
"15448",0.101335768320606
"15449",0.347213150738325
"15450",0
"15451",0.995615095413476
"15452",2.00490714079593
"15453",2.50651019558346
"15454",3.73298797304937
"15455",2.92199565839593
"15456",2.24393207203854
"15457",1.13347373291345
"15458",0.843415503609294
"15459",0.292526328727382
"15460",0.700916485747373
"15461",1.57023004224562
"15462",2.22528459958003
"15463",2.21363745935091
"15464",2.74234408524713
"15465",3.09685746852597
"15466",4.24846736274545
"15467",5
"15468",5
"15469",5
"15470",3.93738871039068
"15471",1.79629392340758
"15472",0.750079873740473
"15473",0
"15474",0
"15475",0.57824588877877
"15476",0.722124660628289
"15477",1.33791572779074
"15478",2.93012502180169
"15479",3.95129179161352
"15480",3.74490165272951
"15481",4.51800127735357
"15482",4.60833471163176
"15483",4.18291063480389
"15484",4.26590390026924
"15485",3.86373802550027
"15486",3.87347940937652
"15487",2.92225627855468
"15488",2.81758666021112
"15489",1.44374239985523
"15490",1.36991772298416
"15491",1.71916114470988
"15492",2.53786112521815
"15493",2.95848002312755
"15494",2.6551960260463
"15495",5
"15496",5
"15497",5
"15498",5
"15499",5
"15500",4.9092140322436
"15501",5
"15502",5
"15503",5
"15504",5
"15505",4.82102911714775
"15506",4.28238485426646
"15507",3.89993796987904
"15508",4.08321134394437
"15509",2.39901335340409
"15510",3.18148539987866
"15511",3.61964403539096
"15512",3.39754484994888
"15513",2.02240519778735
"15514",2.29014848007522
"15515",2.72716533754963
"15516",4.18351755679328
"15517",4.18731271488824
"15518",4.49860463047181
"15519",4.73413209824827
"15520",4.29390511101243
"15521",4.93937888087666
"15522",4.93672784101431
"15523",5
"15524",4.86510182194415
"15525",4.92240783578941
"15526",2.84379814748548
"15527",3.23187159526454
"15528",3.56541813606897
"15529",3.0648031907406
"15530",3.0672514414389
"15531",3.61474490447627
"15532",2.5455338018276
"15533",2.73642327579559
"15534",2.59023710736264
"15535",3.39197855787635
"15536",3.72137472679076
"15537",5
"15538",5
"15539",5
"15540",5
"15541",5
"15542",5
"15543",3.195765134461
"15544",3.09026235146409
"15545",3.18656711512845
"15546",4.8756060650455
"15547",5
"15548",5
"15549",5
"15550",5
"15551",5
"15552",5
"15553",5
"15554",4.4637730612075
"15555",3.28107906385234
"15556",2.39347368585511
"15557",2.74640447204272
"15558",4.56263062374139
"15559",4.95255336024129
"15560",5
"15561",5
"15562",5
"15563",3.86755462296435
"15564",4.42766118166062
"15565",2.26791625133943
"15566",2.75772308080958
"15567",2.49612179077754
"15568",4.45091081519693
"15569",5
"15570",4.49702770131411
"15571",3.4256785790458
"15572",2.69720580002347
"15573",3.15174247652783
"15574",3.6516235750829
"15575",2.92720224283836
"15576",3.480004511187
"15577",2.87607269365846
"15578",2.83898717042552
"15579",1.86149670359944
"15580",0.889143103495692
"15581",0.789480618144995
"15582",2.81400318191917
"15583",3.78763312008623
"15584",4.62470975661312
"15585",4.28855424292755
"15586",2.92560134688994
"15587",2.78323947122161
"15588",2.57753396749326
"15589",1.56521926331556
"15590",2.36620935649411
"15591",2.53374158303504
"15592",2.33886405624689
"15593",1.46386407319861
"15594",1.08886408046364
"15595",0
"15596",0
"15597",0.892148745963429
"15598",0.937882455693545
"15599",1.17030993100319
"15600",1.87974838568716
"15601",2.35960742923007
"15602",2.62370251847702
"15603",2.59099483545277
"15604",3.0674050786233
"15605",2.64175340273246
"15606",2.07406143460081
"15607",0.840526926345272
"15608",0.475318402168059
"15609",0.0351416687417734
"15610",0.611642328470363
"15611",0.823046231607323
"15612",1.71827557147847
"15613",3.53372750538464
"15614",5
"15615",5
"15616",5
"15617",4.52537142428913
"15618",3.77543376275322
"15619",3.06289815010957
"15620",2.98405963676123
"15621",1.75853769773543
"15622",0.984827062818093
"15623",0.44714687961171
"15624",0.072146886876734
"15625",0
"15626",0
"15627",0.103855575384883
"15628",0
"15629",0
"15630",0
"15631",1.26711563423808
"15632",0.821161206463683
"15633",1.84470677733186
"15634",1.10687854814479
"15635",1.04890634453119
"15636",0.215936056261298
"15637",0.838920164465747
"15638",1.61152248863397
"15639",1.44746599676731
"15640",1.86098321019894
"15641",3.4461588563998
"15642",3.4140036430997
"15643",3.98859190686855
"15644",3.62745637369842
"15645",5
"15646",5
"15647",3.82512314510388
"15648",2.42874213572321
"15649",1.05157270759118
"15650",0
"15651",0
"15652",0
"15653",0
"15654",0.41447106868889
"15655",1.50017269608333
"15656",1.96202352590833
"15657",3.26027795437896
"15658",3.31584714882919
"15659",3.25061164771112
"15660",3.46364273429764
"15661",3.11841746458055
"15662",2.4498169536508
"15663",3.2659024324515
"15664",3.44815585874766
"15665",2.84517711536601
"15666",1.98683911724396
"15667",1.30772104335269
"15668",1.44988941194044
"15669",2.19780758703624
"15670",3.01998472137393
"15671",3.22988416472588
"15672",5
"15673",5
"15674",5
"15675",5
"15676",5
"15677",5
"15678",5
"15679",5
"15680",5
"15681",5
"15682",4.90781523634085
"15683",5
"15684",5
"15685",5
"15686",3.44725087238138
"15687",3.59270374546109
"15688",2.86893703146024
"15689",3.08809562491507
"15690",2.73539173399787
"15691",2.36011302916361
"15692",2.22894650999075
"15693",3.47711871533724
"15694",4.50470668968616
"15695",4.31754657596123
"15696",4.07206315497197
"15697",2.34271209411643
"15698",3.5436992623344
"15699",3.50084120423502
"15700",5
"15701",5
"15702",5
"15703",5
"15704",4.37143776026508
"15705",3.89262350387022
"15706",3.70380701434162
"15707",5
"15708",4.20166329677504
"15709",4.39704273460451
"15710",3.79583337454522
"15711",3.62313629699937
"15712",4.42592264612455
"15713",3.5754611878528
"15714",3.61124607647713
"15715",3.55005651105408
"15716",5
"15717",4.6883782632614
"15718",5
"15719",5
"15720",3.7930601387761
"15721",3.66616435233889
"15722",2.83669743400943
"15723",3.32932667223528
"15724",3.69938356746515
"15725",5
"15726",5
"15727",5
"15728",5
"15729",5
"15730",5
"15731",5
"15732",5
"15733",3.19125880815417
"15734",2.65393644423045
"15735",2.91001824132664
"15736",3.37178075218037
"15737",4.58829935935873
"15738",4.70350963692557
"15739",5
"15740",4.58661126658986
"15741",5
"15742",4.96709863475129
"15743",5
"15744",3.04111429385763
"15745",3.58412693855224
"15746",4.15838151093934
"15747",4.29408959451375
"15748",3.92982711031579
"15749",3.43122985282527
"15750",2.52738667061074
"15751",2.08910179065937
"15752",2.61473775840625
"15753",2.73920577023028
"15754",2.64266820741315
"15755",3.08619916537337
"15756",2.2599162856432
"15757",1.60927596283394
"15758",1.51106247078558
"15759",0.602179291936099
"15760",0.581675682575736
"15761",2.55876804374595
"15762",2.63749459838678
"15763",2.87551645888289
"15764",2.49959529314625
"15765",2.71922285941748
"15766",2.63810566552342
"15767",3.64042231310587
"15768",4.50197370043105
"15769",3.95017375578394
"15770",4.11098346453914
"15771",3.33266730856245
"15772",1.59134969133763
"15773",0
"15774",0.422027442884711
"15775",0.334804812780926
"15776",0.588098575792787
"15777",0.876454195776567
"15778",1.17612854811674
"15779",1.80715551873067
"15780",2.1306083616483
"15781",2.35741577144446
"15782",2.42897305228694
"15783",2.68398873045097
"15784",1.67555824708582
"15785",1.44349306152848
"15786",0
"15787",0.275270198737152
"15788",1.05248716624171
"15789",1.44999204220443
"15790",2.4723814500625
"15791",3.80293719832443
"15792",5
"15793",5
"15794",5
"15795",5
"15796",3.92885199028493
"15797",3.12690605574945
"15798",3.13497805379078
"15799",2.06865343465429
"15800",1.21223684697308
"15801",0.947146869925011
"15802",0.197146884455059
"15803",0.228855572963208
"15804",0.103855575384883
"15805",0.260564261471356
"15806",0
"15807",0
"15808",0
"15809",0
"15810",0.18639225242703
"15811",0.128090375771286
"15812",0.0777127616546505
"15813",0
"15814",0.902770750540492
"15815",1.68205151401509
"15816",1.38403582054131
"15817",1.98395302260873
"15818",2.80431179615572
"15819",3.240649471053
"15820",1.89775056860468
"15821",2.34677125929798
"15822",3.21743272644538
"15823",3.89998304535897
"15824",3.38105302859433
"15825",2.48043982100185
"15826",1.54605104950222
"15827",1.00037112086289
"15828",0
"15829",0
"15830",0
"15831",0
"15832",0.406590295438126
"15833",0.665907200030864
"15834",1.42134415424957
"15835",0.667452992929027
"15836",1.99174855584887
"15837",1.60684837832262
"15838",1.71397732195018
"15839",1.67939540135312
"15840",1.60631714364119
"15841",2.69586605547398
"15842",1.70167042298607
"15843",2.47877299769293
"15844",2.1358902235683
"15845",1.21206440223969
"15846",1.46975486694855
"15847",2.54486026465946
"15848",3.59630328059368
"15849",4.87432259472082
"15850",5
"15851",5
"15852",5
"15853",5
"15854",4.32349147905306
"15855",5
"15856",5
"15857",5
"15858",5
"15859",5
"15860",4.74002191300912
"15861",4.5759869788038
"15862",5
"15863",5
"15864",4.56344709281058
"15865",3.09248021723602
"15866",3.19596031614381
"15867",2.32181833008438
"15868",2.5792234936384
"15869",1.72430674754284
"15870",2.55997307444605
"15871",3.46496944155023
"15872",3.82128676876564
"15873",3.95658577214729
"15874",1.97669451282756
"15875",2.13153733226491
"15876",1.91822781972801
"15877",4.77109021519181
"15878",5
"15879",5
"15880",5
"15881",5
"15882",4.77728969249586
"15883",4.57281160005082
"15884",5
"15885",5
"15886",5
"15887",5
"15888",4.85756794434372
"15889",5
"15890",4.31141129476204
"15891",4.61206158875137
"15892",4.14338602188935
"15893",3.91405486467269
"15894",3.92534384642233
"15895",5
"15896",5
"15897",4.08717635763172
"15898",3.01518820722107
"15899",2.64617906459638
"15900",2.55397300110951
"15901",3.29485477764242
"15902",4.38818694283012
"15903",5
"15904",5
"15905",5
"15906",5
"15907",5
"15908",5
"15909",5
"15910",4.9124973434587
"15911",3.5956200099464
"15912",2.66371897737989
"15913",2.84578603907211
"15914",4.02386604597699
"15915",3.85374878719982
"15916",5
"15917",4.15638639556568
"15918",5
"15919",5
"15920",5
"15921",4.46334480277567
"15922",3.85456498419006
"15923",3.77724880827401
"15924",3.42189086799978
"15925",4.29311894856921
"15926",3.68696681974632
"15927",3.26426953878352
"15928",2.67239022018708
"15929",2.55604136296105
"15930",3.05107451099002
"15931",2.58805704632568
"15932",3.39939370022051
"15933",2.70836728924968
"15934",2.31398477137929
"15935",1.81291955587399
"15936",1.13984244818677
"15937",0.988178094118376
"15938",0.552470749386911
"15939",1.48070080538027
"15940",1.96625119252882
"15941",1.86770167960915
"15942",2.39145808485636
"15943",2.77698832961454
"15944",2.86970389766826
"15945",4.16308937291341
"15946",5
"15947",5
"15948",5
"15949",4.33337340719496
"15950",2.9038875286306
"15951",1.87222315921286
"15952",0.0899600792945305
"15953",0.0448312753344244
"15954",0.383378150451173
"15955",0.427840935376862
"15956",1.39441956696698
"15957",1.24354100034293
"15958",1.04668137477604
"15959",1.02629428550626
"15960",1.58283185646232
"15961",1.52833906575839
"15962",0.981683439707752
"15963",0.386431788846613
"15964",0
"15965",0.61252857054152
"15966",1.35972866045045
"15967",1.74513633001559
"15968",2.82572370483891
"15969",3.42507924099757
"15970",4.53973910742722
"15971",5
"15972",5
"15973",4.751719756177
"15974",4.52345287925754
"15975",4.23591936967176
"15976",4.08462586921948
"15977",1.87802348827366
"15978",1.34212734477374
"15979",0.899040204596345
"15980",0.635564254206332
"15981",0
"15982",0
"15983",0
"15984",0
"15985",0
"15986",0
"15987",0
"15988",0.34758489813545
"15989",1.84869983093185
"15990",1.40633352827016
"15991",1.64488904226833
"15992",1.11308256016457
"15993",1.64719466855424
"15994",1.17948453878159
"15995",1.43504335274928
"15996",1.76804298329388
"15997",2.60959110083934
"15998",2.25139392120716
"15999",0.0548559684307294
"16000",0
"16001",0.03120466125704
"16002",0
"16003",0.202282972586244
"16004",0.255354171903123
"16005",0.283638688053727
"16006",0
"16007",0.430469446438119
"16008",0.477006857002379
"16009",0.84066765464548
"16010",0.84066765464548
"16011",0.883390514499747
"16012",1.43878277550222
"16013",2.89722942222492
"16014",2.00764131326278
"16015",1.1848839395688
"16016",1.97066695873829
"16017",2.47509645743042
"16018",3.13194730420701
"16019",4.41232584263493
"16020",5
"16021",5
"16022",5
"16023",5
"16024",5
"16025",5
"16026",5
"16027",5
"16028",5
"16029",4.36039619972416
"16030",3.92441864717127
"16031",4.45318452106261
"16032",5
"16033",5
"16034",4.9704631234726
"16035",4.2570050789515
"16036",2.88827521921187
"16037",2.4349459415529
"16038",1.81558972288407
"16039",1.88967440459491
"16040",1.23968916335294
"16041",3.03269828459391
"16042",3.51860246347266
"16043",2.55811629523091
"16044",1.5659541051005
"16045",1.906626980097
"16046",2.76415624111185
"16047",5
"16048",5
"16049",5
"16050",5
"16051",5
"16052",4.90306272557686
"16053",5
"16054",5
"16055",5
"16056",5
"16057",5
"16058",5
"16059",5
"16060",5
"16061",4.82175234988758
"16062",4.09554287014304
"16063",5
"16064",5
"16065",5
"16066",5
"16067",4.40326206353668
"16068",2.68051760168115
"16069",2.40858091810711
"16070",3.07739998806627
"16071",2.24286150245836
"16072",5
"16073",5
"16074",5
"16075",5
"16076",5
"16077",5
"16078",5
"16079",5
"16080",4.9954256451557
"16081",3.8080833293129
"16082",2.98562528046177
"16083",3.58054855544232
"16084",3.86227127878398
"16085",4.7282036746592
"16086",4.23168578519985
"16087",4.93754353127932
"16088",5
"16089",5
"16090",5
"16091",5
"16092",3.78747172871407
"16093",2.3072837076803
"16094",2.67978338068242
"16095",3.81980889399843
"16096",4.17758223734871
"16097",3.27967774792867
"16098",2.21225616061574
"16099",1.98082011464633
"16100",1.99535482835992
"16101",2.29051309112903
"16102",2.08051128869752
"16103",2.28181703170215
"16104",2.95966158412497
"16105",2.05621225252022
"16106",1.69196053323007
"16107",2.80443281032657
"16108",3.73142017924766
"16109",4.62514101506416
"16110",5
"16111",5
"16112",5
"16113",5
"16114",3.10533917452625
"16115",1.84634634214145
"16116",0.539983481371436
"16117",0.0856950201880311
"16118",0.389157356064145
"16119",0.0455212340061806
"16120",0.721434471008053
"16121",0.141018301896594
"16122",0.970864858159747
"16123",1.16807566327582
"16124",1.5595222406427
"16125",0.14022825738414
"16126",0.71229582929267
"16127",0.00109553269740936
"16128",0.698390027370555
"16129",0.467508431157032
"16130",1.87288520752828
"16131",2.96707200541113
"16132",2.45900572731719
"16133",3.7139167485984
"16134",4.45117530588752
"16135",5
"16136",5
"16137",5
"16138",4.6486853053831
"16139",3.73601107778198
"16140",2.60772191279111
"16141",3.54287386852757
"16142",2.0777836352401
"16143",0.615133108391424
"16144",0.550505273161497
"16145",0.347596158204748
"16146",0
"16147",0
"16148",0
"16149",0
"16150",0
"16151",0.347596158204748
"16152",1.60980150514597
"16153",1.21913079505241
"16154",0.52466004383913
"16155",0.464830416224947
"16156",0.55625530665147
"16157",1.25818028287737
"16158",0.498094834689481
"16159",0.266922123508406
"16160",0
"16161",0
"16162",0.223838586499154
"16163",0
"16164",0
"16165",0
"16166",0.465667661910504
"16167",0.649008043224977
"16168",0.049586332932518
"16169",0.348233503105196
"16170",1.0615416027828
"16171",1.37500613208203
"16172",0
"16173",2.17045504141663
"16174",2.94734755023551
"16175",4.16107595164473
"16176",4.5940392124758
"16177",5
"16178",5
"16179",5
"16180",5
"16181",5
"16182",5
"16183",5
"16184",5
"16185",3.96871917926115
"16186",3.10351198498163
"16187",2.40916988224594
"16188",4.87154829697069
"16189",5
"16190",4.86618070179946
"16191",3.82686891447738
"16192",2.96818777649619
"16193",1.8151693217636
"16194",2.69346642626871
"16195",1.27622715535065
"16196",1.46386568156692
"16197",1.54162418004232
"16198",1.87013295498972
"16199",1.60458676739073
"16200",1.65498416837947
"16201",1.59969083210659
"16202",3.26518064726672
"16203",5
"16204",5
"16205",5
"16206",5
"16207",5
"16208",5
"16209",4.10860518564591
"16210",5
"16211",5
"16212",5
"16213",5
"16214",5
"16215",5
"16216",5
"16217",4.47115870455065
"16218",3.81414438043967
"16219",4.84976263306648
"16220",5
"16221",5
"16222",5
"16223",4.04893998376833
"16224",3.04702730573431
"16225",2.3876283518466
"16226",2.75794565482671
"16227",2.97894672317846
"16228",3.61152391745688
"16229",5
"16230",5
"16231",5
"16232",5
"16233",3.99768933661012
"16234",5
"16235",5
"16236",5
"16237",4.32713014405221
"16238",3.43341704115793
"16239",2.95063660035688
"16240",4.15091831772622
"16241",4.68525356024245
"16242",5
"16243",5
"16244",5
"16245",5
"16246",5
"16247",3.99220304720968
"16248",2.33786209935777
"16249",1.7851054432522
"16250",2.98979729723726
"16251",4.11848173254959
"16252",4.44033391428611
"16253",3.54447864231865
"16254",2.28088387275902
"16255",1.27267553839555
"16256",0.663804875323016
"16257",0.387813697010492
"16258",1.85848053165432
"16259",2.36082774560582
"16260",1.75437405536832
"16261",1.91302149946637
"16262",2.94567475039509
"16263",3.5800668792544
"16264",4.30229616208429
"16265",5
"16266",5
"16267",4.48514923377115
"16268",4.08623107853124
"16269",1.66498345957636
"16270",0.539983481371436
"16271",0.413236647192234
"16272",0.0443383213925221
"16273",0
"16274",0
"16275",0
"16276",0.686470454356769
"16277",0.380739755241461
"16278",0.435031832276289
"16279",0.127772769154841
"16280",0.193086860038816
"16281",0.306471680786551
"16282",0.203365516643678
"16283",0.931471668678177
"16284",1.47519616065912
"16285",2.63255706599584
"16286",3.09858372465502
"16287",3.52459163844827
"16288",4.50946122801283
"16289",4.99200976662505
"16290",5
"16291",4.88130105084817
"16292",4.93247298350594
"16293",4.03427145953139
"16294",3.51675252431088
"16295",2.11100610436524
"16296",2.02872750287676
"16297",1.7599925327171
"16298",0.914535820793578
"16299",0.717085248674359
"16300",0
"16301",0
"16302",0
"16303",0
"16304",0
"16305",0.347596158204748
"16306",0.187408347758754
"16307",0.100954955691221
"16308",0
"16309",0
"16310",0
"16311",0
"16312",0
"16313",0.652437470764041
"16314",0
"16315",0
"16316",0
"16317",0
"16318",0.739833452588533
"16319",2.26706078417476
"16320",2.72461468294123
"16321",1.52557433533318
"16322",3.99732979769917
"16323",3.50145315262599
"16324",4.58812045835572
"16325",5
"16326",5
"16327",4.02242508541469
"16328",5
"16329",5
"16330",4.34837531386717
"16331",2.38242184653887
"16332",1.77041970927067
"16333",3.09673420449324
"16334",3.94328432664055
"16335",2.72808695401158
"16336",3.06682155627242
"16337",2.18052280754898
"16338",1.42901231725115
"16339",1.92341025148256
"16340",1.48346795653214
"16341",1.96274540677044
"16342",1.17787458896261
"16343",1.5829731527713
"16344",1.18318465288769
"16345",1.31737810023473
"16346",0.854894086747262
"16347",1.31808712242399
"16348",4.30637970810643
"16349",5
"16350",5
"16351",5
"16352",5
"16353",5
"16354",4.90697073518244
"16355",4.64210670691213
"16356",4.62350885315964
"16357",5
"16358",5
"16359",5
"16360",5
"16361",4.22496032201939
"16362",3.76252527857837
"16363",2.69675991812735
"16364",3.66919955289815
"16365",5
"16366",5
"16367",5
"16368",5
"16369",4.3055608952354
"16370",2.43178747729187
"16371",2.57534356709337
"16372",2.78021095144919
"16373",3.84280713654922
"16374",2.92032813518542
"16375",2.94714071993999
"16376",3.06897626695911
"16377",4.63111614204744
"16378",4.71203136329403
"16379",4.916694139756
"16380",3.87260812568404
"16381",4.21393127907483
"16382",3.91021335062842
"16383",3.5579801515865
"16384",3.09630649179712
"16385",2.89815808862643
"16386",4.24080380402383
"16387",5
"16388",5
"16389",5
"16390",5
"16391",5
"16392",4.60923738002177
"16393",2.87629659533558
"16394",1.37045115219031
"16395",1.94598205667837
"16396",2.97590729980525
"16397",4.22657660659313
"16398",5
"16399",3.87604342900701
"16400",2.28915698064952
"16401",0.533834947580616
"16402",0
"16403",0
"16404",1.02234479130346
"16405",2.62044909863885
"16406",0.743175828610405
"16407",1.12272916266364
"16408",2.37272251094033
"16409",2.41424712954441
"16410",2.08231540240821
"16411",3.30897942181314
"16412",3.59116697716182
"16413",3.64954491288239
"16414",2.28998344746799
"16415",1.28998346684139
"16416",0.676915012484065
"16417",0.72951123710482
"16418",0
"16419",0
"16420",0.00814247900631559
"16421",0
"16422",0.073111537417009
"16423",0
"16424",0.136296890972506
"16425",0.45881008146834
"16426",0.556471675943201
"16427",0.556471675943201
"16428",0.681471673521527
"16429",0.806471671099852
"16430",1.43031134752137
"16431",1.49555789231029
"16432",3.01355751434966
"16433",2.69212738056882
"16434",2.99220445103689
"16435",3.6360114657004
"16436",4.67543112833315
"16437",5
"16438",3.2846681753485
"16439",4.6356650702984
"16440",2.29162146446267
"16441",2.43570062981274
"16442",1.5274383943317
"16443",1.21564179542777
"16444",1.07760051176701
"16445",1.86745489031026
"16446",0.347596158204748
"16447",0
"16448",0
"16449",0
"16450",0
"16451",0.347596158204748
"16452",0.665632785110759
"16453",0
"16454",0
"16455",0
"16456",0.348741938370431
"16457",0
"16458",0
"16459",0
"16460",0.0425775456901858
"16461",0
"16462",0.951912063792619
"16463",1.81805797098975
"16464",1.05603083454616
"16465",1.39927863867911
"16466",0.88077165352918
"16467",1.97063021094246
"16468",2.14044258684824
"16469",2.86783602338843
"16470",3.1808270340373
"16471",3.39159033970585
"16472",3.47130043309848
"16473",3.70497899229175
"16474",2.93800508008262
"16475",2.71309552494564
"16476",1.67642727863011
"16477",1.53790753672779
"16478",2.50277735874579
"16479",2.05164253018849
"16480",2.09362148426472
"16481",1.0314217978054
"16482",1.57414479248712
"16483",1.16888736953249
"16484",2.10299125343819
"16485",2.00242428752088
"16486",1.79996975441444
"16487",1.07355302824728
"16488",0.955169368339876
"16489",0.840823466336526
"16490",1.25160007087705
"16491",1.88962136567234
"16492",4.27780930993711
"16493",5
"16494",5
"16495",5
"16496",5
"16497",5
"16498",4.39573884860319
"16499",3.13337904314282
"16500",3.74506273681899
"16501",4.09645822528917
"16502",4.09160846845955
"16503",3.21233638083332
"16504",2.47701760636338
"16505",3.00970959701437
"16506",2.10679391148521
"16507",2.79883141776899
"16508",3.60177367402597
"16509",5
"16510",5
"16511",5
"16512",5
"16513",3.37473086733399
"16514",2.71410713735832
"16515",1.96832062517325
"16516",2.66491599111335
"16517",3.69408839916174
"16518",3.85292358196978
"16519",4.4343862302042
"16520",4.14362476635428
"16521",4.21200903536463
"16522",5
"16523",3.34968496986014
"16524",3.26522887688156
"16525",2.7149115748045
"16526",2.76033360527293
"16527",2.96558842087994
"16528",2.6365781350619
"16529",2.44908913830324
"16530",2.66303860610059
"16531",5
"16532",5
"16533",5
"16534",5
"16535",4.886837970298
"16536",4.90008586387373
"16537",2.69575022370386
"16538",1.56816240517474
"16539",1.63858930243938
"16540",3.14534794269789
"16541",4.92196231156615
"16542",4.00082829361199
"16543",3.94079637461572
"16544",1.5563773916361
"16545",0.983156614527401
"16546",0.934191178198327
"16547",0.606778389358284
"16548",0.934191178198327
"16549",1.87582516223371
"16550",1.99819393918484
"16551",1.91533573110845
"16552",2.62780993108724
"16553",1.58635049322497
"16554",1.78942715196332
"16555",1.41498346441971
"16556",1.03998347168474
"16557",0.466966578553156
"16558",0.329950422472884
"16559",0
"16560",0.00814247900631559
"16561",0.00814247900631559
"16562",0
"16563",0
"16564",0.14633218424626
"16565",0.634418368887499
"16566",0.806498544579712
"16567",1.0564716662565
"16568",0.828365504535304
"16569",0.806471671099852
"16570",0.806471671099852
"16571",0.931471668678177
"16572",1.3041838938956
"16573",1.05519520907675
"16574",1.49749964620786
"16575",2.33277832774533
"16576",1.9256266750116
"16577",2.34853892418068
"16578",3.08892423158725
"16579",2.45233752408851
"16580",1.57210190243143
"16581",1.80412005332675
"16582",1.21095896744985
"16583",1.04808478113868
"16584",0.759135111487785
"16585",1.58813799606452
"16586",0.347596158204748
"16587",0
"16588",0
"16589",0
"16590",0.347596158204748
"16591",0.665632785110757
"16592",0.253150229564817
"16593",0
"16594",0.346588450303183
"16595",0.0567575230850705
"16596",0.00992219179734283
"16597",0.164254531594788
"16598",0
"16599",0
"16600",0
"16601",1.38964013046506
"16602",1.11190790688421
"16603",0.729372567554709
"16604",0.641988946255303
"16605",0.387556484125087
"16606",0.714459055647702
"16607",1.22048923424985
"16608",1.03130757237002
"16609",2.38913067704022
"16610",2.54403488245125
"16611",3.53254457910501
"16612",2.72330199321845
"16613",2.48700758760058
"16614",1.65278158173942
"16615",1.92049323577496
"16616",1.3910290616715
"16617",1.54486874311168
"16618",0.758972303101592
"16619",1.49971787372248
"16620",1.84756950931019
"16621",1.43998400535286
"16622",1.41299542277229
"16623",1.32555113546622
"16624",0.194930229757806
"16625",0.294413580622542
"16626",0.59456801957628
"16627",1.34121231306727
"16628",1.55152244610281
"16629",2.69245183365089
"16630",3.48665298899415
"16631",5
"16632",5
"16633",5
"16634",5
"16635",5
"16636",4.02393147784105
"16637",4.01200773462725
"16638",3.17597761036403
"16639",2.0809580175806
"16640",1.70355940280609
"16641",1.16287607230386
"16642",1.28817652344869
"16643",0.87771323013761
"16644",1.66483868175585
"16645",2.39257621217237
"16646",3.55068026955901
"16647",3.68840230847337
"16648",5
"16649",4.3676537603966
"16650",3.97191350279101
"16651",3.92757391465846
"16652",2.42619829499962
"16653",3.26133559213789
"16654",3.06320528311608
"16655",3.66115032378929
"16656",2.55144374079044
"16657",3.78468456898209
"16658",4.85038534850597
"16659",4.72431530426827
"16660",5
"16661",4.64820994025531
"16662",2.37971908500102
"16663",2.77833307244969
"16664",1.54966058886955
"16665",1.13809545249565
"16666",1.04917763469027
"16667",1.64081191715299
"16668",2.72533696871607
"16669",3.4052781552236
"16670",3.88350687395213
"16671",5
"16672",4.95910648383738
"16673",4.4512291929566
"16674",3.14739464114343
"16675",3.66018389489327
"16676",2.36236823090734
"16677",2.37106829768084
"16678",2.59728130443211
"16679",3.49997036681535
"16680",4.66762591109022
"16681",2.83592051791613
"16682",2.08526723705352
"16683",1.09408971508175
"16684",2.27574808321377
"16685",0.789983476528087
"16686",0.664983478949762
"16687",0.290296095543676
"16688",0.794012225446302
"16689",0
"16690",0
"16691",0.00814247900631559
"16692",0.00814247900631559
"16693",0
"16694",0.0625657413350378
"16695",0.410638608310541
"16696",0.681498547001387
"16697",1.18147166383483
"16698",1.07836549969196
"16699",1.59389632839639
"16700",0.828365504535304
"16701",0.556471675943201
"16702",0.682538555674352
"16703",0.622067142326161
"16704",1.16469882809243
"16705",1.09474005846772
"16706",1.47561819454696
"16707",1.17020118464814
"16708",1.42865827981137
"16709",1.69347820284971
"16710",1.19219085729847
"16711",1.44219085245512
"16712",1.05436743674698
"16713",1.00812104216567
"16714",0.131341801715294
"16715",1.60610038273379
"16716",0.347596158204748
"16717",0.347596158204749
"16718",0.790632782689082
"16719",0.646590998460514
"16720",0.601494514735131
"16721",0.258909042072448
"16722",0.0141236117889881
"16723",0
"16724",1.13628599468203
"16725",1.41301003406616
"16726",0.981553720917498
"16727",1.02744455832564
"16728",0.891932145720918
"16729",0.109868507234383
"16730",0.573128580813654
"16731",0.653035702876297
"16732",1.15061679083875
"16733",1.24227946103023
"16734",1.27942535703569
"16735",1.84450758430261
"16736",2.96439400493021
"16737",2.71851095989006
"16738",2.7711939249227
"16739",2.46761985265778
"16740",2.07292695205804
"16741",2.16135148446346
"16742",1.57631282205353
"16743",1.55642512869561
"16744",1.29568704135361
"16745",0.930627679653977
"16746",0.861899573983765
"16747",0.687087946838533
"16748",0.202280901260832
"16749",0
"16750",0
"16751",0.346461986162976
"16752",0.382569256731699
"16753",1.27408643879087
"16754",1.94169704496368
"16755",3.33488721828
"16756",4.53435500261589
"16757",5
"16758",5
"16759",5
"16760",5
"16761",4.10523976904325
"16762",3.49442299182383
"16763",2.74157816075957
"16764",2.07100300230442
"16765",1.30633890948741
"16766",0.979523848135039
"16767",1.24243904846131
"16768",2.03444752325049
"16769",3.04209270837868
"16770",2.92956067318783
"16771",3.23100142276184
"16772",3.21906218445384
"16773",3.50583472836854
"16774",2.60794797148532
"16775",4.38575232649688
"16776",3.27783325692165
"16777",4.15593705959518
"16778",4.19920162790495
"16779",4.71141411844515
"16780",3.42754826467995
"16781",4.06631224397965
"16782",3.89633038811517
"16783",3.90105568616769
"16784",4.68959370761451
"16785",5
"16786",5
"16787",3.3421078103634
"16788",2.66471168523799
"16789",1.57265990655927
"16790",1.60544695629176
"16791",1.53271639371928
"16792",1.27840872738528
"16793",1.4891069152206
"16794",2.09217147615385
"16795",2.86181957964789
"16796",3.18734059815367
"16797",3.42312806758208
"16798",2.5176707760942
"16799",2.86573984749003
"16800",3.65312972248333
"16801",2.09914473194195
"16802",2.70234032555636
"16803",2.97464116274655
"16804",2.3731753666426
"16805",2.67300091794552
"16806",2.38541206851889
"16807",1.70445634199678
"16808",1.77630439809184
"16809",0.970643943364149
"16810",0.282056461317911
"16811",0.334452654538252
"16812",0
"16813",0.00814247900631582
"16814",0.00814247900631559
"16815",0.00814247900631559
"16816",0
"16817",0.0262058683773305
"16818",0.359836325763481
"16819",0.681471673521527
"16820",1.18147166383483
"16821",1.18147166383483
"16822",1.07836549969196
"16823",0.681471673521527
"16824",0.431471678364876
"16825",0.29092369662916
"16826",0.341532636794248
"16827",0.679967003980235
"16828",1.04345680211141
"16829",1.16092547753445
"16830",0.818190988241668
"16831",0.715009409513461
"16832",0.567190869406845
"16833",0.817190864563496
"16834",0.692190866985171
"16835",0.692190866985171
"16836",0.316973492611647
"16837",0.872541754246645
"16838",0.733767085021536
"16839",0
"16840",0.117167457865259
"16841",1.01062772674618
"16842",0.493834691206256
"16843",0.653104415634905
"16844",0.902444560747316
"16845",1.28090460867155
"16846",0.762279821136208
"16847",0.432000546109488
"16848",0
"16849",0
"16850",0.117279482825297
"16851",0.469363806034685
"16852",0.844363798769661
"16853",1.00435916487925
"16854",2.04870610440745
"16855",3.69097002657149
"16856",2.96490033114397
"16857",1.38825675982228
"16858",1.60161177227125
"16859",2.1135215241824
"16860",1.18237727603775
"16861",1.31494021478296
"16862",1.24551995308874
"16863",0.51539405870664
"16864",0.312234972485765
"16865",0.322536661320273
"16866",0.0725366661636223
"16867",0
"16868",0
"16869",0.322536661320273
"16870",1.4475366395252
"16871",1.44495502218309
"16872",2.33071147939903
"16873",1.75173326017285
"16874",2.81207444280038
"16875",3.71997826673512
"16876",5
"16877",5
"16878",5
"16879",4.22005024210219
"16880",3.56404770696185
"16881",1.74869415392272
"16882",1.33631581798644
"16883",1.51644209555032
"16884",2.21359782326974
"16885",2.49312437276123
"16886",3.98591158539489
"16887",4.10796489073474
"16888",5
"16889",4.26914165588641
"16890",3.3565870077983
"16891",1.98578364025843
"16892",2.14614321116662
"16893",3.30436402363835
"16894",4.2908258940487
"16895",5
"16896",5
"16897",5
"16898",4.34268899035041
"16899",3.82422872462065
"16900",3.80244789007873
"16901",4.12886897645146
"16902",4.93943660529201
"16903",5
"16904",4.99005257842263
"16905",3.57022417836294
"16906",3.40533389727449
"16907",2.58522205848791
"16908",2.19271550223636
"16909",2.0809446320066
"16910",1.80620203519509
"16911",1.46666961961466
"16912",1.41446624782969
"16913",1.6942118194684
"16914",1.6766592148089
"16915",3.01210917221107
"16916",2.70437072563862
"16917",2.63589123400196
"16918",2.80811031048052
"16919",2.41128881572243
"16920",3.20763506295098
"16921",2.2007458227215
"16922",1.65309076014124
"16923",1.27754465672739
"16924",1.62486415571192
"16925",1.93832923748997
"16926",0.278834477820171
"16927",0.134507364406347
"16928",0.330642730581945
"16929",0.330642730581946
"16930",0.330642730581946
"16931",0.277802545445312
"16932",0.41255090510388
"16933",0.658580042597592
"16934",0.982696073994016
"16935",1.10769607157234
"16936",1.0564716662565
"16937",0.806471671099852
"16938",0.556471675943201
"16939",0.222343994383913
"16940",0.23561205894326
"16941",0.132090579283293
"16942",0.251716693472474
"16943",0.484764717809548
"16944",0.42870898893339
"16945",0.590009411935136
"16946",0.975916697525394
"16947",0.46500941435681
"16948",0.317190874250195
"16949",0.317190874250195
"16950",0.317190874250195
"16951",0.881438400009152
"16952",0
"16953",0.52327802482067
"16954",0.666150509536734
"16955",0.378136580395604
"16956",0.503136577973929
"16957",0.75313657313058
"16958",0.777444563168991
"16959",0.703270962955591
"16960",0.236697010967996
"16961",0
"16962",0
"16963",0
"16964",0
"16965",0.0943638132997089
"16966",0.844363798769661
"16967",0.459706789788128
"16968",2.84140174398131
"16969",1.44391728342051
"16970",1.39888132881696
"16971",0.909380916199541
"16972",0.932310604054637
"16973",1.03438091377787
"16974",0.819080689623611
"16975",0.443732831013896
"16976",0
"16977",0.197536663741948
"16978",0.0725366661636223
"16979",0
"16980",0
"16981",0
"16982",0.572536656476924
"16983",1.32253664194688
"16984",1.67998905629995
"16985",1.52581258327068
"16986",1.45057552579643
"16987",1.25685923114087
"16988",1.52413743746979
"16989",3.25808565041105
"16990",3.39184896714548
"16991",2.44084697963231
"16992",1.83811356585296
"16993",2.00792286554827
"16994",1.58125129045939
"16995",1.31839109519142
"16996",1.69892815262548
"16997",2.28070256806101
"16998",3.88325538868406
"16999",5
"17000",5
"17001",5
"17002",5
"17003",3.27635707332251
"17004",1.9233778137753
"17005",1.90847250575896
"17006",3.35164608012652
"17007",5
"17008",5
"17009",5
"17010",5
"17011",4.85565406543898
"17012",4.87011692348206
"17013",3.39367523196388
"17014",3.73326588862685
"17015",4.47383767324091
"17016",4.76900664061047
"17017",4.52714668516426
"17018",5
"17019",3.48272545256818
"17020",2.69941704973296
"17021",3.54567325235384
"17022",3.21743238347147
"17023",2.23144253499524
"17024",1.71988358856767
"17025",1.46865102612875
"17026",1.11642169989634
"17027",1.64709969671379
"17028",2.19189708258902
"17029",2.41458372407958
"17030",2.72834323481951
"17031",3.34691594680724
"17032",3.12917202441444
"17033",1.7170592078643
"17034",1.60937624688136
"17035",0.752348549340054
"17036",1.26183239035133
"17037",1.28392047446651
"17038",0.857696076415691
"17039",0.735104788851693
"17040",0.598238740117784
"17041",0.402957606274974
"17042",0.292427532260104
"17043",0.307588264608646
"17044",0.302708867676893
"17045",0.44219087182852
"17046",0.44219087182852
"17047",0.340009416778485
"17048",0.317190874250195
"17049",0.317190874250194
"17050",0.599314637129674
"17051",0.881438400009152
"17052",0.906019479931444
"17053",0.253136582817279
"17054",0.50313657797393
"17055",0.503136577973929
"17056",0.628136575552255
"17057",0.428414742530159
"17058",0.562182162991575
"17059",0.160124440907047
"17060",0.140325772736316
"17061",0.140325772736316
"17062",0
"17063",0
"17064",0
"17065",0.513270654913893
"17066",0.427995946637869
"17067",0.484546307982477
"17068",0.1612153531244
"17069",0.556408071738943
"17070",0.322850546451804
"17071",0.322178859557376
"17072",0.25785088512572
"17073",0.180240034159871
"17074",0.155344643952036
"17075",0
"17076",0
"17077",0
"17078",0
"17079",0
"17080",0.572536656476924
"17081",0.945456730058653
"17082",1.28017358880783
"17083",1.28599127424388
"17084",0.747688506261394
"17085",0.64548633541186
"17086",0.540694001485378
"17087",2.31913193575592
"17088",1.95330805629674
"17089",2.01543928451611
"17090",1.3458307738884
"17091",2.28529295167288
"17092",2.67461283261558
"17093",1.63654850775408
"17094",2.08015010196453
"17095",3.40976041485785
"17096",3.90998980279698
"17097",5
"17098",5
"17099",5
"17100",5
"17101",2.53404116841882
"17102",1.39732898172252
"17103",1.29362334837966
"17104",3.72253218315065
"17105",5
"17106",5
"17107",5
"17108",5
"17109",4.55310371346333
"17110",3.93237061896872
"17111",2.96924179425475
"17112",3.3179144895214
"17113",3.64279580073818
"17114",4.51708288558623
"17115",5
"17116",4.76116815009977
"17117",4.50285422426004
"17118",3.74775587406978
"17119",3.41776423145284
"17120",3.17400057938363
"17121",2.85716229366443
"17122",1.99143773853311
"17123",1.22194764213079
"17124",1.78664489624159
"17125",1.32316066344197
"17126",1.9486571175715
"17127",2.50070743411862
"17128",3.14463847704295
"17129",3.70048009868
"17130",3.95254351455444
"17131",1.69008934169071
"17132",1.3189537224808
"17133",1.19228042774448
"17134",0.881438400009152
"17135",0.599314637129673
"17136",0.317190874250195
"17137",0.317190874250195
"17138",0.317190874250195
"17139",0.317190874250195
"17140",0.317190874250195
"17141",0.881438400009152
"17142",0.906019479931444
"17143",0.579578031374361
"17144",0.378136580395604
"17145",0.704578028952687
"17146",1.03101947750977
"17147",0.561287724907899
"17148",0.140325772736317
"17149",0.262199626601951
"17150",0
"17151",0.00809571524387787
"17152",0
"17153",0
"17154",0
"17155",0.146500482603068
"17156",0.300849269357627
"17157",0.398171320041917
"17158",0.463868722589779
"17159",0.367291956658145
"17160",0.599428732397024
"17161",0.558998962498239
"17162",0
"17163",0
"17164",0.0305762003625633
"17165",0.457368924836964
"17166",0.685616491494163
"17167",0.716386129643717
"17168",0.15011303960797
"17169",0.917907700065676
"17170",0
"17171",1.07737229496253
"17172",0.428700324848182
"17173",0.405892366267825
"17174",0.451486974063353
"17175",2.65103208709654
"17176",3.22407680864184
"17177",2.7799964511446
"17178",3.35170033309652
"17179",2.89606373400149
"17180",2.22546606260887
"17181",5
"17182",5
"17183",5
"17184",5
"17185",4.3734321271103
"17186",2.89780271974069
"17187",0.773474560834381
"17188",0.896812727414128
"17189",2.9100449093017
"17190",4.07668261461024
"17191",4.86660895928738
"17192",4.72820761579058
"17193",4.16595727123839
"17194",3.20069604177982
"17195",3.07175173528129
"17196",2.91002272429052
"17197",3.00383810835657
"17198",4.37516836617052
"17199",4.41917868215582
"17200",5
"17201",4.16853960401947
"17202",3.99388515417963
"17203",3.5420744573779
"17204",3.84700837639634
"17205",3.62340659129791
"17206",2.6756485511923
"17207",2.08515054370744
"17208",1.32343687907424
"17209",0.999111144048983
"17210",2.07090164524897
"17211",2.25900872335833
"17212",2.00753743633186
"17213",2.14969750498613
"17214",2.11984009835324
"17215",1.70326123663758
"17216",2.43675538284804
"17217",1.58905966525047
"17218",0.563728254475862
"17219",0.921525682026608
"17220",0.881438400009152
"17221",0.599314637129674
"17222",0.317190874250195
"17223",0.317190874250195
"17224",0.881438400009152
"17225",1.23246092848853
"17226",0.695426412813928
"17227",0
"17228",0
"17229",0.0772123131289584
"17230",0.0705432649200111
"17231",0.0662295570968532
"17232",0.428429258955563
"17233",0.229683431541892
"17234",0.799868103254861
"17235",0.983815833845926
"17236",1.49888912985201
"17237",0.753392486167214
"17238",1.05760723478528
"17239",0.619002445460899
"17240",0.20035652968933
"17241",0.489016362773347
"17242",0
"17243",0.535983732954203
"17244",0.563052680142689
"17245",0
"17246",0.801626305247724
"17247",0.843360875190692
"17248",1.02410901272817
"17249",1.08433792911423
"17250",2.04610704467929
"17251",2.88294127981123
"17252",4.03586327875669
"17253",4.29600797719661
"17254",3.52170040254711
"17255",3.12900193977954
"17256",3.93321969887846
"17257",4.01906542314979
"17258",4.50271877566329
"17259",4.67959783309862
"17260",4.96328448183982
"17261",2.6784514478075
"17262",1.7300218772351
"17263",0.761974985249567
"17264",1.1003742840621
"17265",1.56481702459749
"17266",3.04454222527064
"17267",3.58057172504505
"17268",2.85393897158715
"17269",2.23192832218993
"17270",2.24487654102883
"17271",1.62304817587043
"17272",1.89234195357488
"17273",3.29393884148355
"17274",3.52271239685579
"17275",4.40902994525429
"17276",4.66083516655287
"17277",4.70500322139927
"17278",3.26343897480964
"17279",4.09721278786924
"17280",3.59579443586387
"17281",3.63537678717774
"17282",2.89199650123634
"17283",1.90480509996126
"17284",1.10833605776633
"17285",1.1118901662763
"17286",1.52292852688753
"17287",1.37200840281042
"17288",1.98584224167626
"17289",1.96759612887767
"17290",1.86258961414883
"17291",1.82594107213239
"17292",1.37030470389366
"17293",0.740933679620787
"17294",0.463812366305096
"17295",0.567669026587527
"17296",0.881438400009152
"17297",0.881438400009153
"17298",0.930748641965017
"17299",0.547206356189871
"17300",0.506896067526658
"17301",0
"17302",0
"17303",0.475513936163708
"17304",0.313367317286963
"17305",0.218085763680514
"17306",0.870938306009348
"17307",0.939965727141524
"17308",0.916537699332005
"17309",0.556124870297659
"17310",1.11341139344019
"17311",1.71177399889558
"17312",1.44985916199539
"17313",3.13662703181376
"17314",2.45572004852853
"17315",3.15221575781467
"17316",2.73092150466707
"17317",2.0805056167307
"17318",2.15955988058587
"17319",1.57642253005675
"17320",1.88847736755337
"17321",4.55842577146947
"17322",5
"17323",4.26650308957287
"17324",5
"17325",5
"17326",4.95630435152082
"17327",4.49597034458016
"17328",4.10162544491469
"17329",4.25436795282342
"17330",3.80637203026231
"17331",3.06190389748383
"17332",2.16533915129979
"17333",1.40852324139575
"17334",1.95254657550424
"17335",1.50982867608918
"17336",2.25343450452416
"17337",1.51994527167968
"17338",1.94425314286222
"17339",1.06254449137406
"17340",1.36625233263385
"17341",1.60975415084846
"17342",1.23115376675274
"17343",1.86067670533295
"17344",2.81839249646276
"17345",3.66262489073466
"17346",4.22520477808629
"17347",4.87865908132256
"17348",3.96563176167898
"17349",4.49970458862871
"17350",4.26155802645792
"17351",4.86873959200683
"17352",4.10423785914984
"17353",3.04511588072254
"17354",1.4986281173601
"17355",1.30207019115869
"17356",1.05008588192503
"17357",1.42094632879275
"17358",1.07079670565932
"17359",1.249653009515
"17360",2.16905123350799
"17361",0.773053366023824
"17362",0.958437283721384
"17363",0.463812366305096
"17364",0.588812363883421
"17365",0.0888123735701201
"17366",0.921525682026608
"17367",0.470304521396504
"17368",0
"17369",0
"17370",0
"17371",0
"17372",0.522446878896071
"17373",0.506725832412705
"17374",0.486430239363569
"17375",1.36810999270453
"17376",1.18900929365763
"17377",0.464064402655561
"17378",3.76110714293809
"17379",3.11408246979724
"17380",3.69920574477551
"17381",4.34729209500515
"17382",3.90356240356192
"17383",3.50281766187049
"17384",2.90395893292506
"17385",3.42809548407888
"17386",3.71716643134753
"17387",4.53037409210881
"17388",4.21792089987118
"17389",5
"17390",5
"17391",5
"17392",5
"17393",5
"17394",4.39579610071963
"17395",3.34637670981146
"17396",2.92342395155605
"17397",2.61117925418944
"17398",1.94375683896076
"17399",3.20100425908262
"17400",3.05654247112846
"17401",3.59271624187785
"17402",2.87953060877454
"17403",2.85887072508126
"17404",1.21364206829269
"17405",2.14587901698299
"17406",1.68625506989096
"17407",2.30061383666443
"17408",3.06425509537829
"17409",2.28571090666513
"17410",2.55897476035969
"17411",4.41750326746611
"17412",4.0763800345833
"17413",4.30542905697808
"17414",4.64755044816218
"17415",4.9933713935149
"17416",5
"17417",5
"17418",4.5271035243902
"17419",3.3954640998477
"17420",2.15698187283943
"17421",1.01937122388039
"17422",1.13535947956895
"17423",1.07072903794855
"17424",1.38682686246099
"17425",1.37444901276721
"17426",1.66309764309963
"17427",0.956401708091003
"17428",0.516007326074816
"17429",0.567669026587527
"17430",0.317669031430876
"17431",0.796525684448283
"17432",0
"17433",0
"17434",0
"17435",0.139381898762489
"17436",0
"17437",0.307490100269235
"17438",0
"17439",1.3566710473499
"17440",1.58337706459432
"17441",1.39276276299676
"17442",5
"17443",4.1971618600664
"17444",4.88776316393228
"17445",5
"17446",4.19662231532492
"17447",4.37720757360799
"17448",4.81651758473548
"17449",4.87951626510656
"17450",4.6783145452788
"17451",5
"17452",5
"17453",4.56544684719319
"17454",4.98057836687454
"17455",5
"17456",5
"17457",5
"17458",4.7921445811161
"17459",4.34208089641001
"17460",2.82802825979828
"17461",2.04171490897535
"17462",2.35462378390909
"17463",3.77088203375413
"17464",5
"17465",4.80063885398517
"17466",4.5818704757122
"17467",3.2635373825558
"17468",3.69410995300613
"17469",4.6692833918369
"17470",5
"17471",5
"17472",5
"17473",4.10135377640411
"17474",4.1439149794254
"17475",4.79286062736504
"17476",4.58425693859016
"17477",4.34255825458788
"17478",5
"17479",5
"17480",5
"17481",5
"17482",4.99639608854588
"17483",3.52284548802963
"17484",2.15323864874119
"17485",1.26769786387656
"17486",1.0127408419389
"17487",0.963732297257907
"17488",1.52109751498217
"17489",2.05365075473503
"17490",0.291033367923645
"17491",0
"17492",0
"17493",0
"17494",0
"17495",0
"17496",0.189045190753413
"17497",0
"17498",3.43162223691114
"17499",5
"17500",5
"17501",5
"17502",5
"17503",5
"17504",4.10015121581401
"17505",4.31482024286624
"17506",5
"17507",5
"17508",5
"17509",4.90572374760994
"17510",4.87072986593281
"17511",4.04790719446287
"17512",4.26850443503806
"17513",3.70499083052596
"17514",4.68562672666707
"17515",4.56324151715313
"17516",3.91411352039341
"17517",2.90929963608291
"17518",2.48732000371014
"17519",1.97722808439895
"17520",2.00745015239811
"17521",3.17494047373457
"17522",4.43724850977071
"17523",5
"17524",5
"17525",5
"17526",5
"17527",5
"17528",5
"17529",5
"17530",5
"17531",5
"17532",4.31544761214315
"17533",4.35873108354709
"17534",4.66136353744567
"17535",4.65830288819992
"17536",4.98082297870176
"17537",4.60242913151578
"17538",5
"17539",4.99357429505133
"17540",4.43490971459837
"17541",3.47859878015569
"17542",2.14563281972995
"17543",1.29743946809759
"17544",0.917515203011887
"17545",1.46292616808778
"17546",0
"17547",0
"17548",0
"17549",0
"17550",0
"17551",0
"17552",0.357847512787488
"17553",1.05070555920919
"17554",1.43740681807211
"17555",5
"17556",5
"17557",5
"17558",5
"17559",5
"17560",2.57865354058921
"17561",3.00884955242429
"17562",4.46431892360494
"17563",5
"17564",5
"17565",5
"17566",4.22135168020651
"17567",3.18769095709712
"17568",3.28042242891779
"17569",3.92920785215859
"17570",2.83123342879881
"17571",2.77709344747783
"17572",2.17804090811498
"17573",2.01308089401584
"17574",1.82047373787677
"17575",0.560817393309564
"17576",1.41381197331636
"17577",2.37188227248439
"17578",4.17938557695477
"17579",4.68690421209464
"17580",5
"17581",5
"17582",5
"17583",5
"17584",5
"17585",5
"17586",5
"17587",5
"17588",5
"17589",5
"17590",4.89197093936227
"17591",4.41052171652665
"17592",3.49767481889203
"17593",3.99166119879795
"17594",3.859032078964
"17595",4.89626200857558
"17596",3.79228768058928
"17597",2.82270207853581
"17598",2.17853658135171
"17599",1.37382050641886
"17600",1.02224695907708
"17601",1.55150240801225
"17602",0.309826533366226
"17603",0.291033367923645
"17604",0
"17605",0
"17606",0
"17607",0.139381898762489
"17608",0.366079105896561
"17609",1.53758724733872
"17610",3.48384483221225
"17611",4.08144229676728
"17612",5
"17613",5
"17614",5
"17615",4.54702052187792
"17616",3.22869800408309
"17617",1.94393337670891
"17618",4.45131587228476
"17619",3.57905666230086
"17620",5
"17621",4.74013274742459
"17622",3.58506506731392
"17623",3.5801632589675
"17624",1.40101562913904
"17625",1.93603271205274
"17626",1.98667076546131
"17627",0.923961435467251
"17628",1.03094691337927
"17629",0.722531467223937
"17630",0.311669625377693
"17631",0.263254317378534
"17632",0.0482540382821599
"17633",1.66844191205834
"17634",1.99453800809134
"17635",3.08619264100102
"17636",3.84286484893388
"17637",5
"17638",5
"17639",5
"17640",5
"17641",5
"17642",5
"17643",5
"17644",5
"17645",5
"17646",5
"17647",4.68950439925276
"17648",3.47618545324982
"17649",3.1550634244338
"17650",2.39958406456461
"17651",3.04170568176506
"17652",2.67007169322472
"17653",2.30147963865638
"17654",1.69937970973443
"17655",1.19296113910181
"17656",1.07168522092546
"17657",1.45223868540258
"17658",0.411398191082706
"17659",0
"17660",0.434826530944551
"17661",1.14119677961623
"17662",1.19418711670223
"17663",2.82988689875703
"17664",4.68270595596745
"17665",5
"17666",5
"17667",4.58070113051977
"17668",2.91498437666995
"17669",1.29577749323247
"17670",1.39287261154426
"17671",2.01661419832447
"17672",3.15219616240835
"17673",4.3607499427744
"17674",3.35340420877054
"17675",2.16672876394784
"17676",0.739510494007007
"17677",1.36335245516609
"17678",1.5001148393685
"17679",0.721094670959753
"17680",0.107117925833571
"17681",0
"17682",0.110954964462836
"17683",0.103823188350829
"17684",0
"17685",0
"17686",0.0272817475054068
"17687",1.01382868642864
"17688",1.27972956117797
"17689",2.36001543920902
"17690",3.13837375365224
"17691",5
"17692",5
"17693",5
"17694",5
"17695",5
"17696",5
"17697",4.71970637402461
"17698",5
"17699",5
"17700",5
"17701",3.73556900926683
"17702",3.77758626429662
"17703",2.57537938127971
"17704",2.84971716203291
"17705",2.18104729960235
"17706",2.02798176197178
"17707",1.56645282233265
"17708",1.07465375767902
"17709",0.824653762522371
"17710",1.45223868540258
"17711",1.48508637037065
"17712",1.84292271842503
"17713",2.74654088002293
"17714",3.1422338971368
"17715",3.38282198271928
"17716",2.58917379988155
"17717",1.49739287310071
"17718",1.34149849851674
"17719",0.995024486180571
"17720",1.71180566627153
"17721",2.06885042985729
"17722",1.75247440443307
"17723",1.00030930483992
"17724",1.00381955227482
"17725",0.521819465514167
"17726",0.74190733117673
"17727",0.820547218104609
"17728",0
"17729",0
"17730",0
"17731",0.353408375548008
"17732",0
"17733",0
"17734",0
"17735",0.0151696582973568
"17736",0
"17737",0.309677458143201
"17738",1.05067193293694
"17739",2.09019982517882
"17740",3.84067421766445
"17741",5
"17742",5
"17743",5
"17744",4.98699793959969
"17745",3.83707380714212
"17746",3.21446873153072
"17747",5
"17748",5
"17749",5
"17750",4.87940315791451
"17751",4.49947851759245
"17752",3.70990221499025
"17753",3.45395000003401
"17754",2.86850563508356
"17755",2.86016459523064
"17756",1.60171148689827
"17757",1.449653750414
"17758",0.824653762522371
"17759",1.44756732381202
"17760",0.919205903432066
"17761",1.28162320608242
"17762",1.65912119883012
"17763",0.624952715746469
"17764",0.907410732160961
"17765",0.87308168241255
"17766",0.854420129471574
"17767",1.04674344351573
"17768",1.18505083337263
"17769",0.820000663175836
"17770",0.791992935269217
"17771",0.044880231311403
"17772",0
"17773",0
"17774",0
"17775",0
"17776",0
"17777",0
"17778",0
"17779",0
"17780",0
"17781",0
"17782",0
"17783",0.339060893365594
"17784",0.201186276591031
"17785",0.540168304356365
"17786",1.55069729191739
"17787",2.94031610849826
"17788",3.7164537714163
"17789",3.87323030105974
"17790",3.66285285416979
"17791",3.62628225083256
"17792",2.32083354438779
"17793",2.88994845559283
"17794",4.1224328098244
"17795",5
"17796",5
"17797",5
"17798",5
"17799",4.64142870081321
"17800",4.25837310325334
"17801",4.37856729021428
"17802",3.28746395797695
"17803",2.44627141028398
"17804",1.56781272887686
"17805",1.30283176131866
"17806",1.55728653076049
"17807",0.643521118017565
"17808",0
"17809",0
"17810",0.158806227167233
"17811",0.631613459803735
"17812",1.22362128711258
"17813",0.803706239496292
"17814",0.642786108161175
"17815",0.855054601001683
"17816",0.828123046697896
"17817",0.0445377684126518
"17818",0.347964498686149
"17819",0
"17820",0
"17821",0
"17822",0
"17823",0
"17824",0
"17825",0
"17826",0
"17827",0
"17828",0
"17829",0
"17830",0.452092461277123
"17831",0
"17832",0.693236579553804
"17833",1.30181109827399
"17834",1.51054240191734
"17835",2.2365847935495
"17836",2.99864614956411
"17837",3.14786891688485
"17838",1.92695829061228
"17839",2.90981183702545
"17840",2.57038449994774
"17841",4.48505808824522
"17842",4.74712447495058
"17843",4.65772866137662
"17844",5
"17845",4.34852050451762
"17846",5
"17847",5
"17848",5
"17849",3.72516865121499
"17850",3.23929137265939
"17851",2.15028155423852
"17852",1.55404758781905
"17853",1.75884125227726
"17854",0.518521120439239
"17855",0.00234836296837981
"17856",0.506613462225409
"17857",1.0670627623944
"17858",1.02625617678852
"17859",0.97234027940956
"17860",0.414479037311709
"17861",0.444238093137016
"17862",0
"17863",0
"17864",0
"17865",0.0801659908321344
"17866",0.152944530050843
"17867",0.15179410628448
"17868",0.150596145570227
"17869",0.14939743288508
"17870",0.285067672487672
"17871",0.332077209741224
"17872",0.332906910336629
"17873",0
"17874",0.0452302691786279
"17875",0.240330227230921
"17876",0.797730712990254
"17877",1.35282939847112
"17878",1.79155796136399
"17879",1.2980067980954
"17880",0.624733008342821
"17881",1.94568964138435
"17882",1.49178571193816
"17883",1.71672234696877
"17884",2.14546607245287
"17885",4.22765613262899
"17886",4.12032807238547
"17887",4.23827671128627
"17888",3.80051029843581
"17889",5
"17890",5
"17891",5
"17892",5
"17893",4.67419131358699
"17894",3.55805491345936
"17895",2.97641702550752
"17896",2.24322627937905
"17897",1.83755739603149
"17898",0.578177985899405
"17899",0.508331303082249
"17900",0.629460602289635
"17901",0.216936334030975
"17902",0
"17903",0
"17904",0
"17905",0.0858772056200834
"17906",0.203220832575342
"17907",0.208542213488115
"17908",0.208542213488115
"17909",0.458542208644766
"17910",0.458542208644766
"17911",0.583542206223091
"17912",0.458542208644766
"17913",0.403808899227822
"17914",0
"17915",1.21383914316759
"17916",0.79890760862049
"17917",1.38919302632663
"17918",1.29681460937687
"17919",1.04141419075694
"17920",1.1547089229233
"17921",0.971532827965254
"17922",1.30966334527405
"17923",2.41928552712909
"17924",3.00125956081745
"17925",3.48690468664558
"17926",4.40693873136992
"17927",4.58854528057775
"17928",4.74103757809365
"17929",4.00214241170901
"17930",5
"17931",5
"17932",5
"17933",4.75955272030458
"17934",4.46778725741769
"17935",3.26649615410104
"17936",3.29783137391725
"17937",2.68030231338876
"17938",0.812723781895629
"17939",0.0666361872700965
"17940",0
"17941",0
"17942",0
"17943",0
"17944",0.0115164094802305
"17945",0.194362042503679
"17946",0.208542213488115
"17947",0.33354221106644
"17948",0.458542208644766
"17949",0.708542203801417
"17950",0.729594436811822
"17951",0.708542203801417
"17952",0.458542208644766
"17953",0.514208905759673
"17954",0.849856686232239
"17955",1.40467886478525
"17956",2.21104525593536
"17957",1.70803956069792
"17958",1.50307703078859
"17959",0.903445449838226
"17960",1.03952189021574
"17961",1.32686309092556
"17962",2.47753773080795
"17963",3.70354145026775
"17964",5
"17965",4.97844797954044
"17966",5
"17967",4.9802866317853
"17968",4.97250894492706
"17969",4.40290866037096
"17970",4.33631272326651
"17971",4.72709005155007
"17972",4.28747423078328
"17973",4.61977399891516
"17974",4.0242841798818
"17975",3.36730790809015
"17976",2.4420051395231
"17977",0.547390548043075
"17978",0
"17979",0
"17980",0
"17981",0
"17982",0
"17983",0.185459972317298
"17984",0.208542213488115
"17985",0.33354221106644
"17986",0.583542206223091
"17987",0.729594436811822
"17988",1.12433327012838
"17989",0.729594436811822
"17990",0.583542206223091
"17991",1.20854219411472
"17992",1.56894219580322
"17993",2.45854216989797
"17994",2.1045944101734
"17995",2.20854217474132
"17996",1.45854218927137
"17997",1.20854219411472
"17998",0.850761649062555
"17999",1.28490194807819
"18000",2.16244457897086
"18001",3.4133615837027
"18002",5
"18003",5
"18004",5
"18005",5
"18006",4.46615695445318
"18007",4.25935539000507
"18008",3.45930342624625
"18009",4.30879915176122
"18010",3.90776454386141
"18011",4.03755601672541
"18012",3.19625446900158
"18013",3.16205739409073
"18014",2.62524284548781
"18015",0.119513371289097
"18016",0
"18017",0
"18018",0
"18019",0.135119726299235
"18020",0.0725668574482794
"18021",0.208542213488115
"18022",0.33354221106644
"18023",0.458542208644766
"18024",0.708542203801417
"18025",0.729594436811822
"18026",0.708542203801417
"18027",1.08354219653639
"18028",1.22959442712512
"18029",2.33354217231965
"18030",2.70854216505462
"18031",2.70854216505462
"18032",1.95854217958467
"18033",1.58354218684969
"18034",0.979594431968473
"18035",1.12433327012838
"18036",0.979594431968473
"18037",1.53625028943365
"18038",2.38967993848695
"18039",5
"18040",5
"18041",4.79810931792611
"18042",5
"18043",4.36632932545301
"18044",3.21719825090219
"18045",3.53878159301994
"18046",3.31855308711474
"18047",3.22747068777628
"18048",2.82322619287228
"18049",3.20344964976982
"18050",2.19625448837497
"18051",1.84872166367999
"18052",0.119513371289097
"18053",0
"18054",0.057129623253493
"18055",0.235161080659377
"18056",0.194222848271422
"18057",0.737464116791706
"18058",0.104594448920196
"18059",0.208542213488115
"18060",0.458542208644766
"18061",0.458542208644766
"18062",0.583542206223091
"18063",0.708542203801417
"18064",0.979594431968473
"18065",2.12433325075498
"18066",2.47959440290838
"18067",2.5835421674763
"18068",2.45854216989797
"18069",1.83354218200634
"18070",1.08354219653639
"18071",0.833542201379742
"18072",0.729594436811822
"18073",0.708542203801417
"18074",0.979594431968473
"18075",2.24933324833331
"18076",2.14669887619421
"18077",3.27169885439914
"18078",3.26611400542768
"18079",4.26435208405473
"18080",3.48426864388995
"18081",3.23918224662936
"18082",2.57894248014875
"18083",2.58465017685972
"18084",2.33951596638429
"18085",1.68009867234849
"18086",2.3576817646688
"18087",1.85768177435549
"18088",2.26191386503772
"18089",0.579504628446703
"18090",0.307617991783408
"18091",0.951457685468006
"18092",0.673298160803497
"18093",0.802489942795525
"18094",0.229594446498521
"18095",0.208542213488116
"18096",0.208542213488115
"18097",0.208542213488115
"18098",0.33354221106644
"18099",0.33354221106644
"18100",0.583542206223091
"18101",1.08354219653639
"18102",1.6045944198601
"18103",1.95854217958467
"18104",2.45854216989797
"18105",1.95854217958467
"18106",1.08354219653639
"18107",0.833542201379742
"18108",0.458542208644766
"18109",0.583542206223091
"18110",0.458542208644766
"18111",0.458542208644766
"18112",0.604594439233497
"18113",1.81435908402383
"18114",1.93935908160215
"18115",1.94161817222223
"18116",2.42595640934967
"18117",3.11087536077347
"18118",2.66195388312485
"18119",2.45503967731942
"18120",2.43874552111747
"18121",2.04365966337515
"18122",2.08511924808456
"18123",1.13022979655179
"18124",0.951552532288266
"18125",1.17017599814968
"18126",0.92017600299303
"18127",0.564359108240573
"18128",0.564359108240573
"18129",0.564359108240573
"18130",0.208542213488115
"18131",0.208542213488116
"18132",0.458542208644766
"18133",0.708542203801417
"18134",1.45854218927137
"18135",1.70854218442802
"18136",1.70854218442802
"18137",1.08354219653639
"18138",0.833542201379742
"18139",0.208542213488115
"18140",0.333542211066441
"18141",0.333542211066441
"18142",0.333542211066441
"18143",0.564359108240573
"18144",0.92017600299303
"18145",0.92017600299303
"18146",0.564359108240573
"18147",0.564359108240573
"18148",1.06435909855387
"18149",0.708542203801417
"18150",1.08354219653639
"18151",0.833542201379742
"18152",1.1893590961322
"18153",0.564359108240573
"18154",0.564359108240573
"18155",0.564359108240573
"18156",0.564359108240573
"18157",0.92017600299303
"18158",1.17017599814968
"18159",0.814359103397224
"18160",1.17017599814968
