"","x"
"1",3
"2",0.778789137663375
"3",0.545173807796394
"4",0.0779431480624319
"5",0.545173807796394
"6",0.311558477929413
"7",0.0779431480624319
"8",1.02727989731899
"9",0.0710891140506082
"10",0.965729227226418
"11",0
"12",0
"13",0
"14",0
"15",0.467507151049251
"16",0.031895353087715
"17",0.543294327854501
"18",0.0253157766279644
"19",0
"20",0
"21",0.624721412732453
"22",0.346158997882782
"23",0
"24",0.0924203225965937
"25",0
"26",0
"27",0
"28",0
"29",0
"30",0
"31",0
"32",0.341200012100765
"33",0.133422566702203
"34",0.0383343433541667
"35",0.524523931491473
"36",0.871907687927838
"37",0.646923068748319
"38",0
"39",0.94874018969041
"40",0
"41",0.0851274607716455
"42",0.203167349043706
"43",0.220670320111956
"44",0
"45",0.226058300324511
"46",0
"47",0
"48",0
"49",0
"50",0
"51",0
"52",0
"53",0.455492285629135
"54",0
"55",0
"56",0.0596566817473595
"57",0
"58",0.422679892805229
"59",0.979647346730892
"60",0.433397559169982
"61",0.56122622723271
"62",0.204544121653361
"63",0.134390168909786
"64",0.0505466754312781
"65",0
"66",0.0745218007932081
"67",0.205781693941788
"68",0
"69",0
"70",0
"71",0.0978083028091491
"72",0
"73",0
"74",0
"75",0
"76",0
"77",0.157289704658832
"78",0.0226667288390725
"79",0
"80",0
"81",0
"82",0.261979360634832
"83",0.201060830092964
"84",0.865662118192161
"85",0.411324997962111
"86",0.704475392951556
"87",0.111364403790893
"88",0
"89",0
"90",0
"91",0
"92",0.0766176243546653
"93",0.0615217387185691
"94",0.220670320111956
"95",0
"96",0.354308297839873
"97",0
"98",0
"99",0
"100",0
"101",0
"102",0
"103",0.278600210492163
"104",0
"105",0
"106",0.132457394585373
"107",0
"108",0.334739477138395
"109",0.178437235497885
"110",0.657780161031481
"111",0.816900469776407
"112",0.136967113920285
"113",0
"114",0
"115",0
"116",0
"117",0
"118",0.247022143913958
"119",0.22232474908912
"120",0
"121",0.58487839565854
"122",0.1592072258468
"123",0.0913082929965233
"124",0
"125",0.226058300324511
"126",0
"127",0
"128",0
"129",0
"130",1.08129050260362
"131",0.219007981266754
"132",0.166725090424921
"133",0.739363253493936
"134",0
"135",0.712521712771747
"136",0.0479727268111027
"137",0.541883982896358
"138",0.24013551063892
"139",0.0382571210996513
"140",0.161932342696764
"141",0
"142",0
"143",0
"144",0
"145",0
"146",0.285937961790891
"147",0.137934235928043
"148",0.125469505428589
"149",0
"150",1.23716047497711
"151",0.344779070264839
"152",0
"153",0
"154",0.189191126983428
"155",0
"156",0
"157",0
"158",0.0978019968165115
"159",0
"160",0
"161",0
"162",0.309789736771414
"163",0.938860609629662
"164",1.07984016608919
"165",0.549278415510659
"166",0.786096158853273
"167",0.43868298272447
"168",0
"169",0
"170",0.590391757588347
"171",0
"172",0.928986054761811
"173",0
"174",0.263719567744385
"175",0
"176",0
"177",0
"178",0.183930324153671
"179",0
"180",0.2554754388877
"181",0.276944047112795
"182",0.619614038762053
"183",1.70343567050891
"184",0.512393962948067
"185",0.822501448703519
"186",0.703113467886304
"187",0
"188",0
"189",0.44336857548064
"190",0
"191",0
"192",0
"193",0
"194",0
"195",0.140181381625802
"196",0.627188226399356
"197",0.762385406923036
"198",1.66795047231426
"199",0
"200",1.26425392673657
"201",0.0343311610174926
"202",0.138257481496619
"203",0
"204",0
"205",0
"206",0.135505808799342
"207",0
"208",0.351091574465234
"209",0
"210",0.680518050531482
"211",0.208547200322174
"212",0.16487019910806
"213",0
"214",0
"215",0.155267378622634
"216",0.448973206898661
"217",0.544706919731007
"218",0.515889667321952
"219",1.34372011454668
"220",0
"221",0
"222",0
"223",0.0166750763980669
"224",0.241840944531496
"225",0
"226",0.0894374647980047
"227",0
"228",0
"229",0.635604511784624
"230",1.3980217069334
"231",0
"232",0
"233",0
"234",0.510811752086891
"235",0
"236",0.618971451432788
"237",0
"238",0.745806615655623
"239",0
"240",0.43003674009632
"241",0.0764180096913797
"242",0.0139382893298939
"243",0.275110183301326
"244",0.434554649098974
"245",0.16487019910806
"246",0
"247",0
"248",0
"249",0.154893802312752
"250",0.467935717819342
"251",0
"252",0.512401370108072
"253",0
"254",0.388813347550424
"255",0.0689725595498594
"256",0
"257",0.0716050254420068
"258",0.115570605069926
"259",0.37404053650911
"260",0.0649397621258492
"261",0.226058300324511
"262",0
"263",0.0553737319787296
"264",0.455945852789028
"265",0
"266",1.6597619696763
"267",0.790200870417612
"268",1.57600977123662
"269",0.684882315513874
"270",0.452406237620602
"271",0.296423665165497
"272",0.714017698426477
"273",0
"274",0.102038786208111
"275",0.257796277277068
"276",0.0592957280490377
"277",0.214963242949729
"278",0
"279",0
"280",0.0511823936795899
"281",0.262666055454722
"282",0.473183336862532
"283",0.0603043702509662
"284",0
"285",0
"286",0.0839940586219816
"287",0.398597651384592
"288",0.161259607769769
"289",0
"290",0
"291",0.0839079915734988
"292",0.339903577285903
"293",0
"294",0.46836995145851
"295",0.0464030045466298
"296",0.148861496848028
"297",0.195855835925131
"298",0.680731280879196
"299",0.149240048881432
"300",0.0864197095656933
"301",0
"302",0.0448290741959478
"303",0
"304",0
"305",0.57737940097299
"306",0.0707450184355835
"307",1.16371742538237
"308",0.6894124154942
"309",0.512408622944346
"310",0.815795139315674
"311",0.369044449960321
"312",0.51475378228402
"313",0.275935899325379
"314",0
"315",0.828488929473388
"316",0.468316835845024
"317",0.12536333239613
"318",0
"319",0.203453457818012
"320",0
"321",0.233084024202741
"322",0.35427358639177
"323",0.379765668823448
"324",0
"325",0.168032369506973
"326",0.152807765126812
"327",0.0603043702509662
"328",0
"329",0
"330",0
"331",0.218188271722773
"332",0.714524901541055
"333",0
"334",0.464997804495707
"335",0.126283552209874
"336",0
"337",0
"338",0
"339",0.106789279817742
"340",0.0368945813349523
"341",0.219428183276292
"342",0.0632389922636518
"343",0.180447609479701
"344",0
"345",0
"346",0
"347",0.526259038893389
"348",0.00675903901931629
"349",0.503525348651295
"350",0
"351",0.203846759152313
"352",0
"353",0
"354",0
"355",0.0468343747490672
"356",0.324938328401675
"357",0.0977546694199816
"358",0.759806273640732
"359",0.190138357070827
"360",0
"361",0
"362",0.173483465981587
"363",0.337422633019311
"364",0.0295436886196613
"365",0
"366",0
"367",0.100770603997496
"368",0.502616741700837
"369",0.646220533733549
"370",0.146732124134005
"371",0.156098995487365
"372",0.0783292631196849
"373",0
"374",0.116092571952043
"375",0.188553728767943
"376",0
"377",0
"378",0
"379",0.0417509941371629
"380",0
"381",0
"382",0
"383",0.193242314202447
"384",0.233549615913884
"385",0
"386",0.24040319862123
"387",0
"388",0.0541635099853345
"389",0
"390",0.0780042673381695
"391",0.0199357165578317
"392",0.000361037737336839
"393",0
"394",0
"395",0.0709572205125502
"396",0
"397",0
"398",0
"399",0.398009041378027
"400",0.101061120838956
"401",0.461860409838861
"402",0.130321626891583
"403",0
"404",0.34026970391525
"405",0
"406",0.692052979638111
"407",0.292717821195346
"408",0.315367815270144
"409",0.211616371914657
"410",0
"411",0
"412",0.0591371455105771
"413",0.572289595678978
"414",0.144503287020155
"415",0.118265549116355
"416",0.177896802335304
"417",0
"418",0.426359116397672
"419",0
"420",0
"421",0.674587793733103
"422",0
"423",1.11983482574609
"424",0.443786150949982
"425",0
"426",0.0494636142031666
"427",0
"428",0
"429",0.209623424908385
"430",0
"431",0.0116256367122909
"432",0
"433",0.234082289791066
"434",0
"435",0.17665670525338
"436",0.018919296236502
"437",0
"438",0.11475287264828
"439",0.030136009672766
"440",0.0398213609170556
"441",0.101228670204924
"442",0
"443",0.107745636962007
"444",0
"445",0
"446",0
"447",0
"448",0
"449",0.0720706853697357
"450",0.387129623973881
"451",0
"452",0
"453",0.248000209054374
"454",0.269759043862666
"455",0.101061120838956
"456",0
"457",0
"458",0
"459",0.0552828389750285
"460",0
"461",0
"462",0.0976188107743954
"463",0.157554863044711
"464",0.210358799746655
"465",0.0628227738478169
"466",0.0698423438944621
"467",0
"468",0
"469",0.319399735634276
"470",0.0121359904667614
"471",0.173319265777462
"472",0.22486780659688
"473",0
"474",0
"475",0
"476",0.135753751257022
"477",0.40591848606082
"478",0
"479",0
"480",0
"481",0.233611206892841
"482",0
"483",0
"484",0.00413577816652683
"485",1.1323831759729
"486",0.00385449604162069
"487",0
"488",0
"489",0.109160463943692
"490",0.012146872049039
"491",0
"492",0
"493",0.070538208635771
"494",0
"495",0.00582771552952394
"496",0
"497",0.176947972286449
"498",0
"499",0
"500",0
"501",0.22168794218538
"502",0
"503",0.224881666838381
"504",0
"505",0
"506",0
"507",0
"508",0
"509",0
"510",0.0670967562084144
"511",0.25887962645852
"512",0
"513",0
"514",0
"515",0.25887962645852
"516",0.032586859303281
"517",0.0325749688201331
"518",0.718360404869585
"519",0
"520",0.440032831521114
"521",0
"522",0
"523",0
"524",0
"525",0
"526",0
"527",0.172580230706829
"528",0
"529",0.146417721212461
"530",0.163785037837381
"531",0.213616458551373
"532",0
"533",0
"534",0
"535",0.672218740451005
"536",0
"537",0.407825461712294
"538",0.0170304482589307
"539",0.0819447625753353
"540",0.414785747068531
"541",0
"542",0.432524332187545
"543",0.014019280719381
"544",0
"545",0.0033027839080087
"546",0.834661999953091
"547",0.195011969599974
"548",0
"549",0.00480839065742888
"550",1.08910411005958
"551",0.416390461826923
"552",0.483549611070534
"553",0.105299618398522
"554",0
"555",0.0441123977874905
"556",0
"557",0
"558",0.320517920920916
"559",0
"560",0.241008080532168
"561",0
"562",0.157220817425891
"563",0
"564",0.0966316693230187
"565",0
"566",0
"567",0
"568",0.0966316693230187
"569",0
"570",0
"571",0
"572",0
"573",0
"574",0
"575",0.248762097446219
"576",0.0670967562084144
"577",0.130629628943158
"578",0.504500204085097
"579",0
"580",0.504500204085097
"581",0.130629628943158
"582",0
"583",0.029792744242875
"584",0.53574199519281
"585",0.151095197979046
"586",0.844204756709021
"587",0.493348510440747
"588",0.18353283649039
"589",0
"590",0
"591",0
"592",0
"593",0
"594",0
"595",0.0646619836111479
"596",0
"597",0.0202349900754347
"598",0.539258830513831
"599",1.54654645191673
"600",0
"601",0.244926572795767
"602",0.406967537001527
"603",0.514727390855899
"604",0.386209663628179
"605",0.182197845405463
"606",0
"607",0.445284397151547
"608",0.0277653976134683
"609",0.224450508133582
"610",0
"611",0.138168200167909
"612",0.663620268550932
"613",0
"614",1.05792002230082
"615",0.350037079019858
"616",0.538939015791526
"617",0.591477422754622
"618",0.328446113046723
"619",0.865723163374015
"620",0.0543764695923485
"621",0.383046332028226
"622",0.650197862526313
"623",0.605299608711823
"624",0.361799613429245
"625",0
"626",0
"627",0
"628",0.0186333571279678
"629",0.00128420287982195
"630",0
"631",0.105624775808897
"632",0
"633",0
"634",0
"635",0.0966316693230187
"636",0
"637",0.224881666838381
"638",0
"639",0.224881666838381
"640",0
"641",0
"642",0
"643",0
"644",0
"645",0
"646",0.430427438684023
"647",0.545677436451239
"648",0.505262092476942
"649",0.398009041378027
"650",0.241500209180301
"651",0.632750201600459
"652",0.173065890458645
"653",0.643629619004605
"654",0.107694652738458
"655",0.129518563677352
"656",0
"657",0.594237237650843
"658",0
"659",0.156175353547753
"660",1.00142992923498
"661",0.12063163995772
"662",0.56178281922385
"663",0.18353283649039
"664",0
"665",0.671834331255698
"666",0
"667",0
"668",0.209505395188972
"669",0
"670",0.377580732787755
"671",0.720204135682493
"672",0.738875417019065
"673",0.699127084997099
"674",0.0531875788170351
"675",0
"676",0.463662359210199
"677",0.436429788621071
"678",0.452744178586469
"679",0
"680",0
"681",0
"682",0.240547059799835
"683",0.225701410290593
"684",0
"685",0.762239021100371
"686",0
"687",0.616714997076206
"688",0.165971831998508
"689",0.552676553637589
"690",0.249907192312729
"691",0.177950971858848
"692",0.155619254767125
"693",0.149272908790437
"694",0.161940196180161
"695",0.772671293152971
"696",0.383582657488051
"697",1.15560216734326
"698",0.331896077603081
"699",0.583339627695263
"700",0.371716778157426
"701",0.153299830647385
"702",0.361799613429245
"703",0
"704",0
"705",0
"706",0
"707",0
"708",0
"709",0
"710",0.0110197537746461
"711",0.257715912359572
"712",0
"713",0.145982417510161
"714",0
"715",0
"716",0
"717",0.0966316693230187
"718",0
"719",0
"720",0
"721",0
"722",0
"723",0
"724",0.17904188689827
"725",0.6739274339666
"726",0.680427423902121
"727",0.695346744037078
"728",0.387129623973881
"729",0.173065890458645
"730",1.41974639379876
"731",0
"732",1.02968255644304
"733",0.367051019957159
"734",0.146535013784487
"735",0
"736",0.626315955908969
"737",0.61155063087227
"738",1.15321786259835
"739",0.104410260683654
"740",0.623185378922586
"741",0
"742",0.631631229441992
"743",0
"744",0
"745",0
"746",0.318963401978167
"747",1.50381004845379
"748",0
"749",1.03172717243296
"750",0.318205058212684
"751",0
"752",0
"753",0
"754",0.223027151416653
"755",0.947086430563847
"756",0.300064175127974
"757",0
"758",0.707292264338053
"759",0.377196880718633
"760",1.04534588322806
"761",0.767117185247903
"762",0.922300645893668
"763",0
"764",0.746685859111679
"765",0
"766",0
"767",0.0888080089214049
"768",0.423325279350214
"769",0.395756629160084
"770",0
"771",0.678743704696611
"772",0
"773",0
"774",0.409091808405055
"775",0
"776",0
"777",0.36985178915011
"778",0
"779",0
"780",0.158443936650668
"781",1.26182062664778
"782",0.42289788654504
"783",0
"784",0.105299618398522
"785",0
"786",0
"787",0
"788",0
"789",0
"790",0
"791",0
"792",0.00259660970096937
"793",0.0425051990455627
"794",0.0119046293590789
"795",0.233616891849239
"796",0
"797",0
"798",0
"799",0
"800",0
"801",0
"802",0
"803",0
"804",0
"805",0
"806",0
"807",0.180619809444965
"808",0.167427433840673
"809",0
"810",0.130629628943158
"811",0.69282480234118
"812",0
"813",0
"814",0
"815",0.661466049150121
"816",0
"817",0.323278587552192
"818",0.523892839713181
"819",0.297974712477639
"820",0
"821",0.500147642836216
"822",0.28014504099325
"823",0.86775064672818
"824",0
"825",0.93719681563721
"826",0
"827",0.113607721209128
"828",0.791311353204448
"829",0
"830",0
"831",0
"832",0.463206904612007
"833",0.164580573745682
"834",0
"835",0.520790743740894
"836",0.537875168730694
"837",0
"838",0.941272517655503
"839",0.634111070556233
"840",0
"841",0.678494888879381
"842",0
"843",1.23792296154019
"844",0.142472153184893
"845",0.207444613103636
"846",0
"847",0.116323451611008
"848",0.0523821355887789
"849",0.0141643639758583
"850",0.946886216099018
"851",0
"852",0.0475310851713338
"853",0
"854",0
"855",0.154196672272882
"856",0
"857",0.381929370765559
"858",0
"859",0.242428721078058
"860",0.85957036546174
"861",0
"862",1.26618444692031
"863",0.459421089694893
"864",0.217197462692098
"865",0
"866",0
"867",0
"868",0
"869",0
"870",0
"871",0
"872",0
"873",0
"874",0.279484233688485
"875",0.160797901275298
"876",0.139310344626616
"877",0
"878",0
"879",0
"880",0
"881",0
"882",0
"883",0
"884",0
"885",0
"886",0
"887",0
"888",0.14903491717515
"889",0
"890",0.414877993287092
"891",0.113140913940692
"892",0.329574722656372
"893",0.770819763051029
"894",1.6231456367567
"895",0
"896",1.72205581852894
"897",0.634186150337766
"898",0.107987463551698
"899",0
"900",0
"901",1.22516949028878
"902",0.228931639080258
"903",0.722346032122671
"904",0
"905",0.139532507779867
"906",0
"907",0
"908",0
"909",0.90289038403889
"910",0.282375802487854
"911",0.816823893287726
"912",1.64493250176973
"913",0
"914",1.21094057563533
"915",0
"916",0.769961100454067
"917",0.869223321143432
"918",0.734640324497508
"919",0.369458072641973
"920",0.215269637382764
"921",1.19972614084752
"922",0
"923",1.12404149092722
"924",0.512520661896321
"925",0
"926",0.79996499570719
"927",1.02445295615971
"928",0
"929",0.452834770937431
"930",0
"931",0
"932",0.0768719750593677
"933",0
"934",0.279060741957351
"935",0
"936",0.271068433959032
"937",1.16463060151901
"938",0
"939",0.981582071167716
"940",0
"941",0.315839056324086
"942",0
"943",0.699408857729605
"944",0.905753918893395
"945",0.50837501218004
"946",0.456042161802626
"947",0.100138154771224
"948",0
"949",0
"950",0
"951",0
"952",0
"953",0
"954",0.00889874755709197
"955",0.00720491401084938
"956",0.368439435879833
"957",0.273915709516937
"958",0.550549309308961
"959",0.0103405976583572
"960",0.0775433118365279
"961",0
"962",0
"963",0
"964",0
"965",0
"966",0
"967",0
"968",0.000533699912319788
"969",0
"970",0.324108666908763
"971",0
"972",0
"973",0.137125902160206
"974",0
"975",0.322725575061599
"976",0.372509218543098
"977",0.244096293928423
"978",1.00484663958625
"979",0.929679394589442
"980",0.954890369483651
"981",0.772032559404068
"982",0
"983",0.837565363441732
"984",0
"985",0.536993560190413
"986",0
"987",0.17831594437844
"988",1.10072640707087
"989",0.854960764850633
"990",0.347211299618911
"991",0.774091562735876
"992",0
"993",0.698736153395561
"994",1.16912813873741
"995",0
"996",0.599936569520127
"997",0.317370523420965
"998",1.41958275726548
"999",0.235491795073254
"1000",0.7564842065386
"1001",0.523271241092141
"1002",1.17487722146304
"1003",0.414845623804417
"1004",1.13671753077533
"1005",1.58063377865978
"1006",0.00961473509733879
"1007",0.490923839092528
"1008",0
"1009",0.651046649804807
"1010",0
"1011",0
"1012",0.930675387877695
"1013",0.114641751092385
"1014",0
"1015",0
"1016",0.0348770510831649
"1017",0.341339913453977
"1018",0
"1019",0
"1020",0
"1021",0.237110717496622
"1022",0
"1023",0
"1024",0.0800443934853494
"1025",0.503345361649911
"1026",0
"1027",0
"1028",0.424049007075091
"1029",0.538749583564034
"1030",0.939836005428009
"1031",0.23071372357181
"1032",0
"1033",0
"1034",0
"1035",0
"1036",0.108271751855552
"1037",0
"1038",0.0291966707591539
"1039",0
"1040",0.509486335663507
"1041",0
"1042",0.695562045866391
"1043",0.20527734397837
"1044",0.455731547446112
"1045",0
"1046",0
"1047",0
"1048",0
"1049",0
"1050",0.240856624716592
"1051",0
"1052",0.00414226654715615
"1053",0
"1054",0.329581941140384
"1055",0
"1056",0.688543437680339
"1057",0.0625372864126079
"1058",0.268885389319138
"1059",0
"1060",0
"1061",0.120512099930857
"1062",0
"1063",0.265999382605338
"1064",0
"1065",0.908773975682177
"1066",0.728826410857523
"1067",0.841858439372468
"1068",1.3838597873426
"1069",1.39018590783676
"1070",0.678917412170145
"1071",0
"1072",0
"1073",0.253230608230544
"1074",0.660858264390946
"1075",0
"1076",1.86613250702537
"1077",0
"1078",1.77131270973567
"1079",0.702942294843453
"1080",0
"1081",0
"1082",0
"1083",0.000713366303004115
"1084",0
"1085",0
"1086",1.18625345866751
"1087",1.68441444809342
"1088",0.764886299014716
"1089",0.0283646894638219
"1090",0
"1091",0
"1092",0.127372425866547
"1093",2.27784041688747
"1094",1.81657023080091
"1095",0.592294397292796
"1096",0.0918104245868872
"1097",0.741313668150045
"1098",0
"1099",0.204959335197465
"1100",1.6913591313984
"1101",0
"1102",0.443653766272217
"1103",0
"1104",0
"1105",0.708499660453974
"1106",0
"1107",0.677216180312736
"1108",0
"1109",0.271417571132469
"1110",0
"1111",0.147361584439233
"1112",0
"1113",0
"1114",0
"1115",0
"1116",0.230599923265375
"1117",0.894691503076807
"1118",0
"1119",0.189746741057682
"1120",0.0797317245783219
"1121",0
"1122",0
"1123",0
"1124",0.212671213258661
"1125",0.209143856824374
"1126",0.259858813300037
"1127",0
"1128",0.41400650055885
"1129",0
"1130",0.207906593824493
"1131",0
"1132",0.370678468613799
"1133",0.169003433242477
"1134",0.167706777826012
"1135",0.0365085153885105
"1136",0.193107029481918
"1137",0.237108056314385
"1138",0
"1139",0
"1140",0
"1141",0
"1142",0.177967351479846
"1143",0
"1144",0
"1145",0
"1146",0
"1147",0
"1148",0
"1149",0.430427438684023
"1150",0
"1151",0.173927443653299
"1152",0
"1153",0
"1154",0.0670967562084144
"1155",1.36627723134947
"1156",0.993629319084122
"1157",1.61979874996719
"1158",0.773525589803155
"1159",1.082731745105
"1160",0.414265699485106
"1161",0
"1162",0.619234732996778
"1163",0.757086574496894
"1164",0
"1165",0
"1166",0
"1167",0
"1168",0
"1169",0.898087906965857
"1170",0.270222868527287
"1171",0
"1172",0
"1173",1.49184097664376
"1174",0.440101685471221
"1175",1.04472538482341
"1176",1.6589777438247
"1177",0
"1178",0
"1179",0.449451801906602
"1180",0.956802455697888
"1181",1.97616993769472
"1182",2.14636759465924
"1183",2.15619908119317
"1184",2.0522155760886
"1185",0.623565067262888
"1186",0.917030849665308
"1187",0
"1188",0
"1189",0.445299352750472
"1190",0.662224379567075
"1191",0
"1192",0
"1193",0.174207901404093
"1194",0.598473392041531
"1195",0
"1196",0
"1197",0
"1198",0.340243562866597
"1199",0
"1200",0.323630877679235
"1201",0
"1202",0.269591313293605
"1203",0.236440900973663
"1204",0.167629974196755
"1205",0
"1206",1.22038705328988
"1207",0.606272000612272
"1208",0.573844601584666
"1209",0.0168960594038888
"1210",0
"1211",0
"1212",0
"1213",0.0596119772130199
"1214",0.185497413144858
"1215",0.467567799743021
"1216",0.208576106246082
"1217",0.116491238244544
"1218",0
"1219",0.354074480805567
"1220",0
"1221",0.536695446354483
"1222",0
"1223",0.149048809233557
"1224",0
"1225",0.0170802914988166
"1226",0.1106085221087
"1227",0.0700360100202602
"1228",0.422507326222804
"1229",0.316692604432191
"1230",0.161740938767602
"1231",0
"1232",0
"1233",0
"1234",0
"1235",1.01316959780262
"1236",0
"1237",0.768609566157055
"1238",0.5332019873607
"1239",0
"1240",0.430427438684023
"1241",0
"1242",0.361993119962367
"1243",0
"1244",0
"1245",1.1422680508698
"1246",1.16738377033619
"1247",0.0558664310202805
"1248",0.464582540285436
"1249",0.252650492262557
"1250",0.613344589531968
"1251",1.18213102728542
"1252",0.0312422271725066
"1253",1.15120047438899
"1254",0
"1255",0
"1256",0
"1257",2.93345956370747
"1258",0.951961158953914
"1259",0.885853885975862
"1260",2.10167902440326
"1261",0.0835578288907707
"1262",0.187037505675755
"1263",0.159018579746567
"1264",0.310809292338508
"1265",0.874395461446862
"1266",1.10463756654721
"1267",0.593156077986684
"1268",0.0662191010772162
"1269",0.285159432964579
"1270",0.981613675696883
"1271",0.899924839186303
"1272",2.3783439127891
"1273",0.293132858452998
"1274",1.93987956466257
"1275",1.03678227730906
"1276",1.04621720720732
"1277",1.52966568394949
"1278",1.12530824666606
"1279",0.0182067689500927
"1280",0.0989031762300161
"1281",0.260753425885837
"1282",0.446933817969844
"1283",0.771953195355756
"1284",0.382564947061564
"1285",0
"1286",0.735122823474226
"1287",0
"1288",0.683664497611492
"1289",0
"1290",0.0705305700383569
"1291",0
"1292",0
"1293",0
"1294",0.315471975858292
"1295",0.117053650176031
"1296",0.251879238450126
"1297",0
"1298",0.587499576097941
"1299",0
"1300",0
"1301",0
"1302",0
"1303",0
"1304",0
"1305",0.316111972243744
"1306",0.19614451449829
"1307",0.239280778882957
"1308",0
"1309",0.555241128254323
"1310",0
"1311",0.695587208069639
"1312",0
"1313",0
"1314",0.16522558922889
"1315",0
"1316",0
"1317",0.483447657294228
"1318",0.622386695149762
"1319",0.336461484072874
"1320",0.776221887152291
"1321",0.325209559438618
"1322",0.00509011547857341
"1323",0.827189033352368
"1324",0.170806527610208
"1325",1.42296148104973
"1326",0
"1327",0
"1328",0
"1329",0.325610326877686
"1330",0.116773956576688
"1331",0
"1332",0
"1333",0.17816471912572
"1334",0.0370588062099882
"1335",0.265999382605338
"1336",0.830976570203013
"1337",0.778935751451996
"1338",0.244344808075829
"1339",0.541305536689587
"1340",1.24798932835416
"1341",1.47829506597056
"1342",0.327981619123202
"1343",0.945843618947674
"1344",0.0270047057701058
"1345",0.122247974135024
"1346",0.409140381008941
"1347",0.845888673334281
"1348",0.0278040747696875
"1349",1.83091307259889
"1350",4.47223982037559
"1351",2.3556926028442
"1352",2.62383864491675
"1353",0.738522220190804
"1354",0.24965009032997
"1355",0.149308697069989
"1356",1.0195407625745
"1357",0.648587087696379
"1358",1.66616341321103
"1359",0.710431504921889
"1360",1.02192026393006
"1361",0.651623683348729
"1362",1.16045577443502
"1363",0
"1364",0.383727431706731
"1365",0.193519655349133
"1366",0.658077637784911
"1367",0
"1368",0.261095033096955
"1369",0
"1370",0.424120605068108
"1371",0.639490587872921
"1372",1.16757499286616
"1373",0
"1374",0
"1375",0.225807079812688
"1376",0.544467984850407
"1377",0
"1378",0.518221489105247
"1379",0
"1380",0.162194909805093
"1381",0
"1382",0
"1383",0
"1384",0.200273471009182
"1385",0
"1386",0.450273466165833
"1387",0.38833914731825
"1388",0.187914918680903
"1389",0
"1390",0
"1391",0.0347083214298913
"1392",0.197350867967469
"1393",0
"1394",0
"1395",0.0186698888451301
"1396",0
"1397",0.21597845273434
"1398",0
"1399",0.320247410534292
"1400",0
"1401",0.406560345999467
"1402",0.270782364733175
"1403",1.09019735061023
"1404",0.214557348596407
"1405",0.077816566815132
"1406",0
"1407",0
"1408",0.100262289813075
"1409",0.205192368116777
"1410",0.764962298889774
"1411",1.37193696114586
"1412",0.572190663237052
"1413",0.0788459302895828
"1414",0.462789999919923
"1415",0.402401401468031
"1416",0.641053614737203
"1417",1.16601609634775
"1418",0.615552439924623
"1419",0.979766749355886
"1420",0
"1421",0.459794106346587
"1422",0
"1423",0.22427299652118
"1424",0.389267611287925
"1425",0
"1426",0.345974943670742
"1427",0
"1428",0
"1429",0.792738693835028
"1430",0.461935835287731
"1431",1.26545982504797
"1432",1.59430835945701
"1433",2.10831226856435
"1434",0.660374651756584
"1435",0
"1436",0
"1437",0.320517940615619
"1438",0.784904681535074
"1439",0.263784246742914
"1440",1.63166634753226
"1441",0
"1442",0.179106079502727
"1443",0
"1444",0.345675456698312
"1445",1.50552755271141
"1446",2.24986502815332
"1447",2.19879852021693
"1448",1.40481508737858
"1449",1.83010161148685
"1450",0
"1451",0.640539449660039
"1452",0.978899867637297
"1453",2.20394819565267
"1454",1.50458619718782
"1455",2.22928635643065
"1456",0.670274296791351
"1457",1.89774489713599
"1458",1.11519421147425
"1459",0.463439565025885
"1460",0.0514885324697285
"1461",0.657517401119006
"1462",0
"1463",1.3939617818546
"1464",0.328550625682597
"1465",0.155313343965901
"1466",0.667064477045279
"1467",0.686200226217543
"1468",0.0846000622233041
"1469",0
"1470",0.0105590141777279
"1471",0.937359510022022
"1472",0.0588564700261432
"1473",0
"1474",0
"1475",0
"1476",0.186857170528359
"1477",0
"1478",0
"1479",0
"1480",0.455780428157042
"1481",0.439537095157576
"1482",0.497623898973468
"1483",0.43711527104978
"1484",0.0803521380849648
"1485",0.0851578427030727
"1486",0
"1487",0
"1488",0
"1489",0.0127942609641835
"1490",0.396537779445002
"1491",0.338448063831687
"1492",0.295760214030145
"1493",0
"1494",0
"1495",0
"1496",0.193154340147553
"1497",0.221602019905585
"1498",0.764068558801734
"1499",0.527024075976666
"1500",1.04738064272703
"1501",0.206082291713749
"1502",0
"1503",0
"1504",0.0509349271748799
"1505",0.274731666036045
"1506",1.30942866926943
"1507",1.54372437079597
"1508",1.73877628710703
"1509",0.490060759490224
"1510",0
"1511",0.52275601531882
"1512",0.69739992261941
"1513",0
"1514",0.321722557866705
"1515",0.42877416151135
"1516",1.15970234552306
"1517",0
"1518",0.64869762777919
"1519",0
"1520",0.371987261096354
"1521",0.177061961974947
"1522",0
"1523",0
"1524",0
"1525",1.28401051073752
"1526",0.192982106487755
"1527",1.63317565497494
"1528",0.884589549217669
"1529",0.616086199393546
"1530",0.432642580143369
"1531",0.77424508662195
"1532",0.714425531564387
"1533",0.696969126406473
"1534",0.323807924693122
"1535",0
"1536",0
"1537",0.0797416038405199
"1538",0.560774869898861
"1539",1.13679933143694
"1540",0.563507574050723
"1541",0
"1542",1.98827895966725
"1543",1.19808712970345
"1544",0.780625310766101
"1545",0.616100803902239
"1546",0.783282574774134
"1547",0
"1548",0.760487953179813
"1549",2.86088537479374
"1550",0.333911072186388
"1551",1.33904433244296
"1552",1.09236889119965
"1553",0.752201613545427
"1554",0.725759738205454
"1555",1.32328666279627
"1556",0.420328171827683
"1557",0.458708729090321
"1558",0.293697351214785
"1559",0
"1560",0.0998071773875301
"1561",0.67092777579305
"1562",1.13634317422743
"1563",0.842105313724599
"1564",0.61085174509872
"1565",1.72905048464221
"1566",0.678996147083567
"1567",1.94066446067909
"1568",0.468871900245309
"1569",0.634223494418492
"1570",0.258662580297814
"1571",0
"1572",0.0992577785943232
"1573",0.0751675438921765
"1574",0.107759707945289
"1575",0.311209657154352
"1576",1.61465684753059
"1577",0.100771149413365
"1578",0.853956018964852
"1579",0.123007858235079
"1580",0.403742946322835
"1581",0.440573784989511
"1582",0
"1583",0.748812221077845
"1584",0
"1585",0.0549460275368379
"1586",0
"1587",0.647088157881867
"1588",1.11026654563371
"1589",0.495977170033083
"1590",0.32832707458139
"1591",0
"1592",0.192635856430453
"1593",0
"1594",0.456181119890178
"1595",0.353868764444559
"1596",1.61014783919568
"1597",0
"1598",1.31671411201592
"1599",0.0856255591964429
"1600",0
"1601",0
"1602",0.554946773748059
"1603",0.202408813404067
"1604",1.63606576508677
"1605",1.37269602226529
"1606",0.592047136935103
"1607",0.0155476533217276
"1608",0.53472632876295
"1609",0.591568901921984
"1610",0
"1611",0
"1612",0.401869309591918
"1613",0.0175147038938117
"1614",0.0450187046653203
"1615",0.0549760849095682
"1616",0
"1617",0
"1618",0.0240874280770057
"1619",0
"1620",0
"1621",0
"1622",0.138846551873761
"1623",0.208304944199811
"1624",0.376183714219844
"1625",0
"1626",0.158903755347074
"1627",0.769332552795283
"1628",0.163771665327736
"1629",0.287641953318917
"1630",0.826710981388321
"1631",1.17315526361092
"1632",0
"1633",1.57960159759425
"1634",1.20647201257752
"1635",1.68588773159766
"1636",0.936386154663942
"1637",0
"1638",0.71233525309748
"1639",1.73974055966464
"1640",0.230857748976416
"1641",1.18305369081106
"1642",0
"1643",0.691639798511903
"1644",1.29454328025248
"1645",0.666027080976025
"1646",0.321913504897354
"1647",0
"1648",0.68198659289575
"1649",0.383925909128803
"1650",0.183760956667763
"1651",0.238988977722939
"1652",0
"1653",0
"1654",0.472812286169141
"1655",0.291777231616442
"1656",0.669193117817383
"1657",0.199893275484941
"1658",0
"1659",1.25633990811638
"1660",0.63184542839738
"1661",3.68287318096839
"1662",2.54183476068965
"1663",2.67145679167005
"1664",0.850301255903048
"1665",1.11753747784747
"1666",0.329551384305063
"1667",0.383090144162743
"1668",0.631651418509188
"1669",0.328924282100824
"1670",0.269434658925036
"1671",1.59842275519926
"1672",0.151739650134477
"1673",0.717507430563137
"1674",0
"1675",0
"1676",0.149318051818808
"1677",0
"1678",0
"1679",0
"1680",0.307794352608191
"1681",0.196799874034767
"1682",0.853865701430397
"1683",0.840157162104866
"1684",1.64854791958982
"1685",0.681743387455967
"1686",0.271205635179597
"1687",0.759834258359853
"1688",0
"1689",0.503054014285714
"1690",0
"1691",1.05016680873891
"1692",0
"1693",0
"1694",0
"1695",0.709904091135734
"1696",0
"1697",0.101151654159826
"1698",0
"1699",0.539290364515666
"1700",1.15753221212828
"1701",1.47024712762615
"1702",1.02953087652831
"1703",0.184857231116715
"1704",0.437418727215595
"1705",0.878734094818712
"1706",0
"1707",0.119589652884447
"1708",0.346912574689379
"1709",0.18830908184526
"1710",0
"1711",0.464187419359038
"1712",0
"1713",0.234213154598253
"1714",0
"1715",0
"1716",0
"1717",0
"1718",0.105250475941124
"1719",0
"1720",0.909090250778502
"1721",1.09021729729786
"1722",0.324595795606206
"1723",0.809436109225875
"1724",0.4008358403894
"1725",0.642436827913357
"1726",0
"1727",0
"1728",0.156746589829332
"1729",0
"1730",0.554286975726502
"1731",0.806801515632929
"1732",0.877261456055322
"1733",1.30441518562844
"1734",2.30219403717478
"1735",1.80624089679037
"1736",1.16941911484592
"1737",1.60130041540054
"1738",1.10843168604879
"1739",1.86478848891278
"1740",0.532294728688593
"1741",0
"1742",0.557783676421068
"1743",1.61332111860228
"1744",1.53345628243638
"1745",0.0660028518041444
"1746",0.207954249957098
"1747",0
"1748",0
"1749",0.0849895711065601
"1750",0.875961613025337
"1751",0.28013986737563
"1752",0
"1753",0
"1754",0.337214508050597
"1755",1.33955767694242
"1756",0.648105744718004
"1757",0
"1758",0
"1759",2.23060586807836
"1760",2.23438407493568
"1761",3.86186277015823
"1762",0.135028633683324
"1763",1.66026282448859
"1764",0.682728356016733
"1765",0.200846340647874
"1766",0.183262270313917
"1767",0.151317081679717
"1768",0.175610451276589
"1769",0.412400579648404
"1770",0
"1771",0.465737671603355
"1772",1.06495550674478
"1773",1.14061854250795
"1774",0.0919472357085515
"1775",0
"1776",0.682385850220087
"1777",0
"1778",0.665683086475255
"1779",0.952691077696598
"1780",0.160731012319689
"1781",0.51895747403683
"1782",1.13952301234053
"1783",1.35330559106264
"1784",1.05105168117352
"1785",0.950629918005434
"1786",1.02327069824925
"1787",1.12950050458337
"1788",0
"1789",0
"1790",0
"1791",1.32570299268748
"1792",0
"1793",0.644363225641874
"1794",0
"1795",0.0536581007480709
"1796",0
"1797",0.20870399711151
"1798",0
"1799",1.06760378387741
"1800",0.594254683586238
"1801",0.586862149637509
"1802",0.0289999456859239
"1803",0.947723017988067
"1804",0
"1805",1.40856605110746
"1806",0
"1807",1.12634109513941
"1808",0
"1809",0.444916239541041
"1810",0.290925547807563
"1811",0.443933231069111
"1812",0.412403644978968
"1813",0
"1814",0
"1815",0
"1816",0.082774439733196
"1817",0.100548874660488
"1818",0.294360298132504
"1819",0.0610099278654215
"1820",0.721770625263609
"1821",1.04309096263501
"1822",1.2024579099768
"1823",1.04974448333071
"1824",0.159058608639823
"1825",0.556782941664932
"1826",1.47650219832156
"1827",0
"1828",2.05901605924297
"1829",0.553542017399644
"1830",1.2026099353
"1831",0.493811984246931
"1832",1.32038947701617
"1833",0.74901933906454
"1834",1.93454245941093
"1835",1.21400723408115
"1836",0.875206032623248
"1837",1.2956136212966
"1838",1.20233804426875
"1839",0.222371560511967
"1840",0
"1841",0
"1842",2.47747321110907
"1843",3.23249276257956
"1844",0.339683973087902
"1845",0.649617226865091
"1846",0
"1847",0.71169117955104
"1848",0.543517930794948
"1849",0.10569853143601
"1850",0.126547694982947
"1851",0
"1852",0.0862166321200371
"1853",0.405960635392878
"1854",0.480947348292988
"1855",1.04597347035548
"1856",1.00094033861605
"1857",1.40142452498162
"1858",0
"1859",2.06067033243109
"1860",2.22860446567338
"1861",4.81269812427636
"1862",3.92879214321321
"1863",1.17720260143935
"1864",0.60454778727707
"1865",0.632927545949926
"1866",1.08685987904876
"1867",0.018575841212339
"1868",0.867332941648591
"1869",0.542922786867506
"1870",1.01305888628399
"1871",1.36677208132251
"1872",1.19659635162863
"1873",2.02103021942209
"1874",0.735994011551801
"1875",0.0860492442088694
"1876",0
"1877",0
"1878",0.109730745987096
"1879",1.25584552597623
"1880",0.828630121142155
"1881",0
"1882",1.05242011453326
"1883",1.83997183684273
"1884",1.18894830961483
"1885",2.07274129978569
"1886",1.36499178537185
"1887",1.59032261235444
"1888",1.60126945494121
"1889",1.47838642652632
"1890",0
"1891",0.514544637110608
"1892",0
"1893",0.979170740409104
"1894",0
"1895",0.49258649459344
"1896",0
"1897",0
"1898",0
"1899",0.263689172477998
"1900",0.193139618019878
"1901",0.799361918981783
"1902",0.0342501775075468
"1903",0
"1904",0
"1905",1.47011270551528
"1906",0
"1907",1.85432371926109
"1908",0
"1909",2.34593793468428
"1910",0
"1911",0.662297183925708
"1912",0
"1913",0.212029486894931
"1914",0.152375311393757
"1915",0.129083105717472
"1916",0.0814566071137998
"1917",0.0712260543109586
"1918",0.0657873746837078
"1919",0.180073836408106
"1920",0.216226884371186
"1921",0.982668082914348
"1922",1.42459880828882
"1923",1.40606846171496
"1924",0.37432189300163
"1925",0
"1926",0.230687894379648
"1927",0.0119131503030068
"1928",1.02001196278065
"1929",0
"1930",1.87025827425322
"1931",0.644767368697681
"1932",0.324218941194165
"1933",0.496120724446051
"1934",1.30536501905759
"1935",0.982298986689596
"1936",0.655231719123523
"1937",0.962911243896804
"1938",0.915296946368573
"1939",0.578403802593445
"1940",0.501635554919627
"1941",1.38139595149222
"1942",0.623215318130007
"1943",1.29414794705096
"1944",1.17771369045503
"1945",0.662085172610789
"1946",1.12315668581312
"1947",0.612845345245701
"1948",1.59814270486759
"1949",0
"1950",0.996524903615125
"1951",0
"1952",0.339016831173214
"1953",0
"1954",0.761359134162319
"1955",0.226981791481736
"1956",0.00750823480430796
"1957",0.0264009533263306
"1958",0.0264009533263306
"1959",0.924150935933863
"1960",0.54334305916242
"1961",0.104801648464554
"1962",0.388900528631754
"1963",1.27981489698919
"1964",1.38959414636273
"1965",1.72167185733698
"1966",4.91570667009217
"1967",2.5133212984655
"1968",3.75558108576662
"1969",0
"1970",1.20253809741518
"1971",0
"1972",0.0811624526760295
"1973",0.585502049816451
"1974",0.282352816106839
"1975",1.2145164108595
"1976",0.434085202403772
"1977",1.35944541340058
"1978",1.51412080135608
"1979",0.789163919462554
"1980",0
"1981",0.23774952293324
"1982",0.045172360786479
"1983",0
"1984",0.0828604031710307
"1985",0.378951500198947
"1986",1.06858224967132
"1987",0
"1988",1.11537614660962
"1989",1.40669999371035
"1990",0.776676554760556
"1991",0.268374550589243
"1992",1.71861085750813
"1993",0.843238595489936
"1994",1.20420777008562
"1995",0
"1996",0.910071379551766
"1997",0.00118046409510658
"1998",0
"1999",0.106544365611584
"2000",0.489274388677002
"2001",0
"2002",0.494033061540313
"2003",0
"2004",0
"2005",0
"2006",0.138865717468307
"2007",0.113690114728842
"2008",0.515714331989675
"2009",0
"2010",1.24171710112971
"2011",0.112666442634061
"2012",1.90899692146546
"2013",0
"2014",0
"2015",0
"2016",0.59280599170651
"2017",0.388946695611072
"2018",0
"2019",0.560125374246415
"2020",0
"2021",0.0751710204378955
"2022",0.060754082970592
"2023",0.0657873746837078
"2024",0.0657873746837078
"2025",0.180073836408106
"2026",0.536929984346113
"2027",0.00525642409115967
"2028",0.509538924088471
"2029",0
"2030",0.485412371441391
"2031",0.84483139995821
"2032",0.0403108121446996
"2033",1.1400010629296
"2034",0.970935182143875
"2035",0
"2036",0
"2037",0
"2038",1.68346773453915
"2039",0.363267038991233
"2040",1.38497374447747
"2041",0.742766512517894
"2042",0.831558586593447
"2043",1.26562564836901
"2044",0.879042926838503
"2045",1.2011171572118
"2046",0.301609111114752
"2047",0.147472211221031
"2048",0.454146798592492
"2049",0.504527424605461
"2050",0
"2051",0
"2052",0
"2053",0.713136138059709
"2054",0.186543061325402
"2055",0.550641200567692
"2056",0.300253600998191
"2057",0
"2058",0.708650271008245
"2059",0
"2060",0
"2061",0.386515592722538
"2062",0.416479773020423
"2063",0.13187758111564
"2064",0.0264009533263306
"2065",0.539400943387778
"2066",0.648150931342368
"2067",0.698024242407828
"2068",0.400138120855316
"2069",0.829371170295437
"2070",0.966576604310472
"2071",0.982480250498134
"2072",0.429864203004081
"2073",0.511748135555939
"2074",3.24195501748203
"2075",0
"2076",1.80225078462214
"2077",0
"2078",0
"2079",0.503279299557801
"2080",0.290538322166304
"2081",1.69459805699137
"2082",0
"2083",0.529571325483688
"2084",0
"2085",0.542450466237365
"2086",0
"2087",0
"2088",0
"2089",0.0528347181505402
"2090",0.378605358860664
"2091",0.471999206632183
"2092",1.6150959548123
"2093",1.80473248317606
"2094",1.15481904369978
"2095",0.588158279306773
"2096",1.86057921267636
"2097",0.228027288399541
"2098",0.847896460930746
"2099",0.550017421491551
"2100",0.786345294013345
"2101",0.192679247958846
"2102",0
"2103",0
"2104",0.173310848939435
"2105",0
"2106",0.580866458544191
"2107",0
"2108",0.274121374739666
"2109",0
"2110",0.572633354377518
"2111",0
"2112",0
"2113",0
"2114",0
"2115",0.105399390651049
"2116",0
"2117",0.174343659352358
"2118",0
"2119",0.850363559847993
"2120",1.86651421180767
"2121",0.476722599834757
"2122",2.72989314590615
"2123",0.390231269405657
"2124",0.569523292271675
"2125",0.234778655470483
"2126",0
"2127",0.373635062960695
"2128",0
"2129",0.0657873746837078
"2130",0.0657873746837078
"2131",0.0657873746837078
"2132",0.180073836408106
"2133",0.307480610000282
"2134",1.02050100200991
"2135",0.596131759422385
"2136",1.20327242874423
"2137",0.449508371427204
"2138",0.651344852076188
"2139",0.78975621618381
"2140",0.693469656247672
"2141",0.338465346939252
"2142",1.78039580265595
"2143",0
"2144",1.72949051043862
"2145",0.310272630418577
"2146",0
"2147",0.106992251664896
"2148",0.850871345451768
"2149",0.897926102878567
"2150",0.560692503342583
"2151",1.04007329081722
"2152",0.780712427057924
"2153",0.0278711698152178
"2154",0.948583680986979
"2155",0.0225583889527894
"2156",0.509415542221185
"2157",0.65685234007654
"2158",0.189620111416876
"2159",1.00174660145201
"2160",0
"2161",0.812514374317006
"2162",1.35055317620706
"2163",0.130225401030719
"2164",0.687652709916156
"2165",0
"2166",1.00367003967445
"2167",0.151262531790462
"2168",0.74382370265663
"2169",0.28239566708373
"2170",0.00527735825181874
"2171",0.411150945872416
"2172",0
"2173",1.30009646404542
"2174",1.16728992696517
"2175",1.3142894307968
"2176",1.06551700012945
"2177",0.692365239170727
"2178",0.321597850544566
"2179",0
"2180",0.883432395287245
"2181",0.724613949367247
"2182",1.01298039636979
"2183",0.91019589324742
"2184",0.738872547407475
"2185",0
"2186",0.807461903940413
"2187",0.880053278195918
"2188",0
"2189",1.22268341390189
"2190",0
"2191",1.15254739110078
"2192",0.446295445468724
"2193",0
"2194",0
"2195",0.41748914273357
"2196",0
"2197",0.111700625245949
"2198",0.855110436158151
"2199",1.12504713663127
"2200",1.93583150489352
"2201",0.877196207329009
"2202",0
"2203",0
"2204",1.08789862296418
"2205",0.194598851494767
"2206",0.0714175065930308
"2207",0.460832572080399
"2208",0.369150887705118
"2209",0
"2210",0.44499682665708
"2211",0
"2212",0
"2213",0.206095098267307
"2214",0.808318735464262
"2215",0.347644099587118
"2216",0.318256720688641
"2217",0
"2218",0
"2219",0
"2220",0
"2221",0.258396067493315
"2222",0
"2223",0
"2224",0
"2225",0.285280179093929
"2226",0
"2227",0
"2228",1.45326219403825
"2229",1.23431022024754
"2230",0.355216069122419
"2231",0.206921054722988
"2232",0
"2233",0.109266848661344
"2234",0.0287015230079892
"2235",0.0532593596678724
"2236",0.0657873746837078
"2237",0.0657873746837078
"2238",0.0657873746837078
"2239",0.294360298132504
"2240",0.188313416943734
"2241",0.969632926112773
"2242",0
"2243",1.37846100189031
"2244",0.70818544872545
"2245",0.96815540727861
"2246",0.344364761599153
"2247",0.266315501414387
"2248",0.952562448136578
"2249",0.722997443066781
"2250",0
"2251",0.386551540659312
"2252",1.22293806535768
"2253",0.0265153065446886
"2254",0
"2255",0.140275269437715
"2256",0.526785206444561
"2257",0.240103697560809
"2258",0.821155570799791
"2259",0.537429744844476
"2260",0.361998506225763
"2261",0.370042724664636
"2262",0.425588421373913
"2263",0.996961560174789
"2264",0.826527875253738
"2265",0.0485940301341149
"2266",0.823928106329548
"2267",0.277825280516172
"2268",0.671433939364231
"2269",1.0546291857039
"2270",1.32997301988932
"2271",0
"2272",0.501362799450086
"2273",1.27129268961493
"2274",0
"2275",0.0675363692444981
"2276",0.649699895802387
"2277",0.0816559520261324
"2278",0.418734639975941
"2279",0.0313669755117819
"2280",0
"2281",0.25676750410938
"2282",0.953132048855315
"2283",0.93638591610792
"2284",0.0546845647497136
"2285",0
"2286",0
"2287",2.2173147217174
"2288",2.05178868270471
"2289",0.798746703003369
"2290",1.28712474680836
"2291",0.953785291110992
"2292",0.566429852380233
"2293",0.869748189732097
"2294",0.100640360970917
"2295",0.0358232578417198
"2296",0.422308220654267
"2297",0
"2298",0.201400173011482
"2299",0
"2300",0.506703023036855
"2301",0.193603406551751
"2302",0
"2303",0
"2304",0.0604139923017916
"2305",0.459177801971322
"2306",0.638252836424201
"2307",2.46125698786123
"2308",2.07760203370041
"2309",2.02228548631019
"2310",0.10602236430489
"2311",0.077385573742535
"2312",0.0779627319919055
"2313",0.135630768573175
"2314",0
"2315",0
"2316",0
"2317",0.233808382420513
"2318",0
"2319",0
"2320",0.502061482150794
"2321",0.420791953132103
"2322",0.341406398124205
"2323",0.0617574864613498
"2324",0.114430183429864
"2325",0
"2326",0
"2327",0.389108987771561
"2328",0
"2329",0.33473695139304
"2330",0.450327666619396
"2331",0
"2332",0.318377803783355
"2333",0
"2334",0
"2335",0
"2336",0.382880923307387
"2337",0.431174320785815
"2338",1.03120645639312
"2339",0
"2340",0.767858353692151
"2341",0
"2342",0.0435791919453379
"2343",0.0657873746837078
"2344",0.0657873746837078
"2345",0.0657873746837078
"2346",0.180073836408106
"2347",0.509747468596583
"2348",0.0731324112935114
"2349",1.30939497855637
"2350",0
"2351",1.46141336629467
"2352",0.781323769356781
"2353",0.110177186487892
"2354",0.424194481129555
"2355",0.113288918345275
"2356",0.148999739765633
"2357",0.470376599355571
"2358",0.658977502100621
"2359",0.0277027583896876
"2360",1.27800030810616
"2361",0
"2362",0.917182486612912
"2363",0
"2364",0.0792891121491643
"2365",0.573377233568461
"2366",1.0163655291828
"2367",0.043877452618716
"2368",0.727652793147482
"2369",1.5495871850636
"2370",0.875950533366756
"2371",0.197160446153341
"2372",0.409708874990499
"2373",0.237919218052075
"2374",1.24519376381408
"2375",0
"2376",0.844406658241286
"2377",0.117276273088326
"2378",0
"2379",0.0575400183410104
"2380",1.24992841465726
"2381",0
"2382",0
"2383",0
"2384",0.254520936670906
"2385",0.270327192668256
"2386",0.780466438266822
"2387",0.190945044524388
"2388",0.613802023016493
"2389",1.10550697008091
"2390",0.106448844840672
"2391",0.533349618887003
"2392",0
"2393",4.80996652846535
"2394",3.22135695110014
"2395",0.127849764607442
"2396",0.538622210649941
"2397",0.642717650737169
"2398",0.228819326947418
"2399",0
"2400",0.254581991455229
"2401",0.840127163215642
"2402",0.436339732184683
"2403",0.774832210456164
"2404",1.63392121873877
"2405",0.308202176356226
"2406",1.99841693570753
"2407",0.787919363259757
"2408",0.415155175377291
"2409",0.568111851313783
"2410",0.0572577599468086
"2411",0.388492465309883
"2412",0.2365313811151
"2413",0.541026907599838
"2414",1.52589106952011
"2415",2.96228715853111
"2416",1.29623299751973
"2417",0.948974980431876
"2418",0.418291402568105
"2419",0.472798034902314
"2420",0
"2421",0.162933869158905
"2422",0.234215066457797
"2423",0.15098404301408
"2424",0.262374351024184
"2425",0.276488079508698
"2426",0.29400536204512
"2427",0.886706094701268
"2428",0.66148869158107
"2429",0.585284392514974
"2430",0.336579674480907
"2431",0
"2432",0.435281186610395
"2433",0.858812383777404
"2434",0
"2435",0.18323326136803
"2436",0.450805241713363
"2437",0.836113059265559
"2438",0.509565545465429
"2439",0.129480921019605
"2440",0.309371141066598
"2441",0.0284957145658946
"2442",0.156927286906878
"2443",0.218968479193205
"2444",0.750319891041969
"2445",0.204874276852176
"2446",0
"2447",0
"2448",0.300190945093279
"2449",0.0266706037867379
"2450",0.0580086432888877
"2451",0.0657873746837078
"2452",0.0657873746837078
"2453",0.180073836408106
"2454",0.0404657338770273
"2455",0
"2456",0.185521152878344
"2457",0.00557390612326736
"2458",0
"2459",0.367754934419397
"2460",0
"2461",0
"2462",0
"2463",0.600087232944783
"2464",0.518023249463262
"2465",0.479190709639478
"2466",0.39685145727058
"2467",0
"2468",0.839710584178459
"2469",0
"2470",1.472456055798
"2471",0
"2472",1.88689826873773
"2473",0
"2474",1.58225595559985
"2475",0.00349476055561571
"2476",1.21115097214097
"2477",1.06556020400079
"2478",0
"2479",0
"2480",1.12809826420236
"2481",0.608039053030249
"2482",0.83039734764055
"2483",0.768996570317794
"2484",1.16168225807974
"2485",0
"2486",0.975469326934403
"2487",0
"2488",1.22699010124379
"2489",0
"2490",1.08522739530825
"2491",0.926220554796699
"2492",1.14960760694186
"2493",0.0909493009817701
"2494",0.8225603030673
"2495",0
"2496",0.26651614981306
"2497",0.350725513181163
"2498",0.456595775811745
"2499",0.12680247356388
"2500",0.0750324936633505
"2501",1.24810359245394
"2502",0
"2503",0
"2504",0.887345030823331
"2505",0
"2506",0.160968915544273
"2507",0.696222184800817
"2508",1.08392077348103
"2509",1.10838870834737
"2510",0
"2511",1.11936987618796
"2512",0.650147289472631
"2513",1.05322037995122
"2514",0.793373643551253
"2515",0.589201536688738
"2516",1.38082181160775
"2517",0.327125989072906
"2518",1.0619946698803
"2519",1.90913103201025
"2520",0.0826259574277279
"2521",0.0442593992802409
"2522",0.126488463090792
"2523",0.821075471646406
"2524",0
"2525",2.06607339662276
"2526",0.884795227826031
"2527",1.02953230161137
"2528",0
"2529",0.161065807036329
"2530",0
"2531",0
"2532",0
"2533",0.458448044258278
"2534",0.665200929192306
"2535",0.824404379380313
"2536",0.579729325770095
"2537",0.746081196168676
"2538",0
"2539",0.0418415751583203
"2540",0.203605020323156
"2541",0
"2542",0
"2543",0
"2544",0.0301113935662358
"2545",0.393583566962516
"2546",0
"2547",0.787482182759012
"2548",0
"2549",0.146512622707939
"2550",0
"2551",0.0878096479063404
"2552",0.258556669336278
"2553",0.268207450154848
"2554",0.23710987795217
"2555",0.795753195570423
"2556",0.682305128481192
"2557",0.866886446123846
"2558",0.48732336700967
"2559",0.0248490824418268
"2560",0.014181757128265
"2561",0.0543751367166428
"2562",0.0657873746837078
"2563",0.0657873746837078
"2564",0.294360298132504
"2565",0
"2566",0
"2567",0
"2568",0.421121925969271
"2569",0.582619554056563
"2570",0
"2571",1.09678803291843
"2572",0
"2573",0.686843581506714
"2574",0
"2575",0
"2576",0.602382995565377
"2577",0
"2578",0.562130496725601
"2579",0
"2580",1.2289713260498
"2581",0
"2582",0
"2583",0
"2584",0.713797037894793
"2585",0.585349662115931
"2586",2.13472511866558
"2587",1.05783690141474
"2588",0.881234236055356
"2589",0
"2590",0.0701006297778597
"2591",0
"2592",0
"2593",0.540337800979612
"2594",1.25684628893347
"2595",1.12704593112765
"2596",0.3708275511117
"2597",0
"2598",0
"2599",0
"2600",1.3024729470372
"2601",0.774676096567155
"2602",1.2875990415937
"2603",0.955208313496448
"2604",0
"2605",0.0774497259389245
"2606",0.179363262691989
"2607",0.0163019237099158
"2608",0.452533927055225
"2609",0
"2610",0.500868907549198
"2611",0.230302266948688
"2612",0
"2613",0
"2614",0
"2615",0
"2616",0.926965525747812
"2617",0.866217080861684
"2618",0.924052896669833
"2619",0
"2620",0.104309070524963
"2621",0.519278046633933
"2622",0.339912016217649
"2623",1.05110710663902
"2624",1.0889919467451
"2625",0.957734121880028
"2626",0
"2627",0.330746761853667
"2628",0.441439360369119
"2629",1.71374992752806
"2630",0
"2631",0.995780138679282
"2632",0
"2633",0
"2634",0
"2635",0.366401744153254
"2636",0.134876284948399
"2637",1.03761099937952
"2638",0
"2639",0.421353408897278
"2640",0
"2641",0.578996717158692
"2642",0
"2643",0.418178070713028
"2644",0.872629767323576
"2645",1.6667672688882
"2646",0.485774540672923
"2647",0.588971661525495
"2648",1.24235262860534
"2649",0.822004471891522
"2650",0.864152485020267
"2651",0.843642590716893
"2652",0
"2653",0
"2654",0.17757617975292
"2655",0.413496625629716
"2656",0
"2657",1.10142424965055
"2658",0.0792605707434919
"2659",0.391627930483316
"2660",0.053152773515688
"2661",0.252314410597514
"2662",0.0275344251812725
"2663",0.245753581761373
"2664",0.57570189008134
"2665",0.902495988001755
"2666",0.301918743413951
"2667",0.959788216465151
"2668",0.554494882802496
"2669",0.841083079401117
"2670",0.690996797562171
"2671",0
"2672",0.0397738507433607
"2673",0.0657873746837078
"2674",0.180073836408106
"2675",0.809965718969198
"2676",0
"2677",0
"2678",0
"2679",0.060121343517283
"2680",0.208548847450388
"2681",1.05195842299366
"2682",0
"2683",0.212768961210146
"2684",0.70286486828081
"2685",0.784282572504595
"2686",0.658405213834163
"2687",0.228258449060169
"2688",0.958471818100586
"2689",0
"2690",0.827125310853317
"2691",0
"2692",2.65978211364898
"2693",0
"2694",3.37237369056331
"2695",0
"2696",2.19302422505153
"2697",0.242364285934849
"2698",2.09023846317413
"2699",0.728266220187689
"2700",0.54078379758878
"2701",0
"2702",0.500508333854573
"2703",0
"2704",0
"2705",0.978520434482269
"2706",2.33456026003836
"2707",0.63521990375773
"2708",2.0495119136228
"2709",0.270646561678916
"2710",0.71017331115431
"2711",0.821382360014989
"2712",1.08333365714962
"2713",0
"2714",0.740336146287204
"2715",0
"2716",0.0694386923005121
"2717",0.116436668646627
"2718",0.156634664756694
"2719",0
"2720",0.130279114292129
"2721",0.0288672309979012
"2722",0.390535648287505
"2723",0.679581275599696
"2724",0.646030188814385
"2725",0.692369953814901
"2726",0.778964722078682
"2727",0.873219978554363
"2728",0.905847260134393
"2729",2.41441073914392
"2730",1.99939080024252
"2731",0
"2732",1.45894047753363
"2733",1.11291166125206
"2734",1.78502005204627
"2735",1.15118474142246
"2736",1.88629164923366
"2737",0
"2738",0.610149169767527
"2739",0.776911733381852
"2740",0
"2741",0.522356658909843
"2742",0
"2743",1.26654392331425
"2744",0.014393323956537
"2745",0.770426253213029
"2746",0
"2747",0.878970810638398
"2748",0.0563001911838775
"2749",0.47121859784289
"2750",0
"2751",0.111389257010369
"2752",0
"2753",0
"2754",0
"2755",1.57185391641376
"2756",1.69023289027905
"2757",1.2509429799084
"2758",1.32267358186947
"2759",1.66339742728325
"2760",0.941514872173761
"2761",2.12808469267683
"2762",0.28615599482681
"2763",0
"2764",0
"2765",0.0584865013039462
"2766",0.186035377027188
"2767",0.0200129590416892
"2768",0.0294771585622581
"2769",0.413777686428984
"2770",0
"2771",0.23741022982758
"2772",0
"2773",0
"2774",0.206403588410976
"2775",0.582560524522934
"2776",0.366961250697039
"2777",0.587009690526467
"2778",0.307199806367865
"2779",0.964614400038748
"2780",0.246234697918296
"2781",0.140225637040034
"2782",0.0139852174353504
"2783",0.0477593448584316
"2784",0.0657873746837078
"2785",0.0657873746837078
"2786",0.180073836408106
"2787",0.180073836408106
"2788",0.294360298132504
"2789",0
"2790",0
"2791",0.677305460565239
"2792",0
"2793",0
"2794",0
"2795",0.529549117832203
"2796",0.851515168566132
"2797",0.0885650099802615
"2798",0
"2799",0.618402987897712
"2800",0.7677369032908
"2801",0.622582231867788
"2802",0.416459491969748
"2803",0.386175784733016
"2804",0.842352993235218
"2805",0
"2806",1.92441587078808
"2807",0
"2808",0.233495368128495
"2809",0
"2810",2.34728677675612
"2811",0.87746491894961
"2812",1.46548085511356
"2813",1.94066021698552
"2814",1.27699944809432
"2815",1.46623827242609
"2816",0.143870841934969
"2817",0.00498828240175375
"2818",0.107374177591471
"2819",0
"2820",1.0844944884561
"2821",0.507199070367682
"2822",0.595404499742859
"2823",1.10122151840681
"2824",1.17231375501748
"2825",0.946968607975542
"2826",0.685320188868102
"2827",0.31513201151065
"2828",0.440018629872952
"2829",1.19263914908095
"2830",1.43601261468191
"2831",0.423681010172862
"2832",0.134498767283889
"2833",0.390263973208735
"2834",0
"2835",0
"2836",0
"2837",0.220811554831757
"2838",0.290203087451597
"2839",0.694089270234678
"2840",1.86654265723993
"2841",0.638999265900194
"2842",0.929773999365346
"2843",1.15011120544525
"2844",1.06129132355617
"2845",1.25482318632971
"2846",0
"2847",0.116416343460636
"2848",1.17608229591567
"2849",0.880942179343168
"2850",1.13506210298821
"2851",0.142280181801746
"2852",0.721323716578022
"2853",0.127376502999745
"2854",0
"2855",1.77116589238737
"2856",0
"2857",2.05537975951433
"2858",0
"2859",0.829087891219191
"2860",0
"2861",0.500525963304233
"2862",0
"2863",0
"2864",0
"2865",0.153588816029461
"2866",0
"2867",0.429981543460195
"2868",0
"2869",0.701183947945605
"2870",0.0185949397247573
"2871",1.45791096922546
"2872",0.722980192420116
"2873",1.00191498063402
"2874",0
"2875",0.369970607367867
"2876",0
"2877",1.35327609245679
"2878",0
"2879",0.16593495053028
"2880",0.140286512322027
"2881",0
"2882",0
"2883",0.100003628220794
"2884",0
"2885",0
"2886",0
"2887",0
"2888",0.0158088422220222
"2889",0
"2890",0.0184626661523158
"2891",0.741884204852307
"2892",0.555176647866995
"2893",1.38804828546337
"2894",0.0713445272930189
"2895",1.5784985658073
"2896",0.218431311421481
"2897",0.195756092369519
"2898",0.0737421937822096
"2899",0.00919375816681733
"2900",0.0657873746837078
"2901",0.0657873746837078
"2902",0.0657873746837078
"2903",0.294360298132504
"2904",0.599554578409653
"2905",1.783994106205
"2906",0
"2907",1.65463582311139
"2908",0
"2909",0
"2910",0
"2911",0.199758867464913
"2912",0.541615326279484
"2913",2.02763375688501
"2914",1.94678656686712
"2915",2.19517774045644
"2916",1.49498853075897
"2917",0.956925589922523
"2918",0.974822793219158
"2919",0.282711841323848
"2920",0.678080418977307
"2921",0.0462698875910514
"2922",0.664593845124818
"2923",0
"2924",0.0752506044268975
"2925",0
"2926",1.72100114537502
"2927",0
"2928",2.95419006780128
"2929",1.5654576841359
"2930",2.10965985175643
"2931",1.55416298415768
"2932",0.572022616672372
"2933",1.61441081708692
"2934",0.702777269178645
"2935",1.1992882519783
"2936",0.156632681022279
"2937",1.8276197246347
"2938",0.526814611991616
"2939",0.781961233889558
"2940",1.27103662106423
"2941",1.01699085812042
"2942",1.20260106814022
"2943",1.63163549900096
"2944",1.54782630772641
"2945",0.966269582144223
"2946",2.56845465107886
"2947",1.75537330371826
"2948",0.895006631168803
"2949",0.776568972716019
"2950",0.39959480869024
"2951",0.227222711566231
"2952",0.556143757105975
"2953",0.398549886556464
"2954",0.444572877709794
"2955",0.93863186888124
"2956",0.665589724413334
"2957",0.917823042433929
"2958",0.655875141912387
"2959",0.483909121772756
"2960",0
"2961",1.18251270701589
"2962",0.0239175541875715
"2963",0.595098154903646
"2964",0.0556481311543728
"2965",0.701203340285735
"2966",1.23563649801508
"2967",0.269690610486608
"2968",0.986232478689907
"2969",0.446341489984073
"2970",0.0499379841423782
"2971",0
"2972",0
"2973",0.768717930281205
"2974",0
"2975",0
"2976",0
"2977",1.08728855141076
"2978",0.0231909406646787
"2979",0.659803384936889
"2980",0
"2981",0
"2982",0
"2983",0.156252839778361
"2984",0
"2985",0
"2986",0.691123885044007
"2987",3.20164424465936
"2988",2.92309710495379
"2989",1.9829915672807
"2990",0.775032813027386
"2991",0.919837683879408
"2992",0
"2993",1.57511516076304
"2994",0.124212545459036
"2995",0
"2996",0
"2997",0
"2998",0.159588528348104
"2999",0.11195510654484
"3000",0
"3001",0
"3002",0.0280700794273734
"3003",0
"3004",0.203635356267513
"3005",0
"3006",0.0790434319241288
"3007",0.0472890326017419
"3008",0.693678358982842
"3009",0.947896372559641
"3010",0
"3011",0.664424649924233
"3012",0
"3013",0.790621457796625
"3014",0.0557552056289679
"3015",0.0500665866694046
"3016",0.130145043179671
"3017",0.0272217879920935
"3018",0.0657873746837078
"3019",0.180073836408106
"3020",0.546186229521707
"3021",0.732197034986146
"3022",0.244869131207309
"3023",0.615503479357874
"3024",0.407148072802761
"3025",1.25365782984015
"3026",0
"3027",0
"3028",0
"3029",0
"3030",0.687376157906596
"3031",2.41134181747968
"3032",1.98183982200848
"3033",3.15863070581728
"3034",1.85548192718988
"3035",0.169184020393728
"3036",0.862233366440458
"3037",0.901021738346789
"3038",0
"3039",0.751830033743651
"3040",0.957404089979807
"3041",0.418541471968215
"3042",1.31263815195861
"3043",0
"3044",1.7540037675561
"3045",0.0961168386230655
"3046",0.141895676475279
"3047",0.62217606942661
"3048",0.61625980964527
"3049",1.1914612188395
"3050",0.472465976774016
"3051",1.24760975867003
"3052",0.374265920653717
"3053",0.485419922131968
"3054",0.262465095266646
"3055",1.17233113540243
"3056",0.263034169681177
"3057",0
"3058",0
"3059",1.13040534171172
"3060",0.514081326551331
"3061",1.50384483278431
"3062",1.09755278543209
"3063",1.03141513072165
"3064",0
"3065",0.873008957202128
"3066",1.21432556662881
"3067",1.31969781706655
"3068",1.72498498863582
"3069",0.163136293979235
"3070",0.119821294946525
"3071",0.580205731569617
"3072",0.135929242796168
"3073",0.548000969440072
"3074",1.65952280383929
"3075",0.935342798201256
"3076",1.34788196553429
"3077",0.661637367913211
"3078",0.684476147559755
"3079",0.956141110730268
"3080",0
"3081",1.03677533821269
"3082",0.201412022826437
"3083",0.791462352578793
"3084",0.376755651683111
"3085",1.54085639474845
"3086",1.22326324139569
"3087",0.572645506113568
"3088",0.753934848410591
"3089",0.493957553947514
"3090",0
"3091",0.332266487288235
"3092",0.159117735399157
"3093",1.05576699885913
"3094",0.570763853487229
"3095",0.561237643021203
"3096",1.07338011720502
"3097",0.408635946180641
"3098",0
"3099",0.143763280808956
"3100",0.508922592653368
"3101",0.160309934954687
"3102",0
"3103",0.53199355833676
"3104",0
"3105",2.08391838705339
"3106",1.69379753526315
"3107",0.823577013857058
"3108",2.07255617430846
"3109",1.55264394823973
"3110",0
"3111",0.988945801874435
"3112",0.0269152963572898
"3113",1.06501993249408
"3114",0
"3115",0.0581339958691762
"3116",0.409199143092633
"3117",0
"3118",0.0275308754643825
"3119",0
"3120",0
"3121",0.00738326550595059
"3122",0.321391882390025
"3123",0
"3124",0
"3125",0
"3126",0.79695984573333
"3127",1.17558451060233
"3128",0.915078835803057
"3129",1.63305684228248
"3130",0
"3131",0.920203365061395
"3132",0
"3133",0.412558763034865
"3134",0.0147897137360916
"3135",0.11332588993979
"3136",0
"3137",0.0657583898123429
"3138",0.294360298132504
"3139",0.830414871320652
"3140",0.0368219887134302
"3141",1.60972662464653
"3142",0.642713040497038
"3143",0.115510665464318
"3144",0.220952460250315
"3145",0.188041490495097
"3146",0.438933052764995
"3147",0.165782369391313
"3148",0.136570458404637
"3149",0
"3150",0
"3151",0.0718086257062087
"3152",1.66636413225792
"3153",1.45725368270904
"3154",3.69739223621178
"3155",1.92801924701699
"3156",3.95077528931686
"3157",2.43868121383506
"3158",0.753317572539434
"3159",0.590310505226219
"3160",1.96397943043436
"3161",0
"3162",0.85310724324999
"3163",0.224475134516227
"3164",0.459070893864552
"3165",0.366199931767053
"3166",0
"3167",0.3029191545549
"3168",0.596429113872271
"3169",0
"3170",0.0694956133004903
"3171",0
"3172",1.53004437890058
"3173",0
"3174",0
"3175",0.978096630805732
"3176",0.106916288136943
"3177",1.03485887491783
"3178",2.26520181820527
"3179",0.299546281523929
"3180",2.55561573762039
"3181",0.269013355109958
"3182",1.79394512281589
"3183",0.0802853756048286
"3184",1.34961534586514
"3185",0.697511460134823
"3186",0.825204063983169
"3187",0.316943900624434
"3188",1.23544485169741
"3189",0.489300417874126
"3190",0.162859736003583
"3191",0.0489055518432622
"3192",0.486073813988822
"3193",0.131343356834263
"3194",0
"3195",0.333625216165165
"3196",0.31507345999939
"3197",0.527796537221904
"3198",0.88506470513718
"3199",1.60505303907793
"3200",0.341634301437116
"3201",0.750511649741028
"3202",1.89771606009642
"3203",0.41640952713341
"3204",0.80514557015935
"3205",0
"3206",0
"3207",0.239121029882133
"3208",1.35644472523322
"3209",0.941174388869812
"3210",1.83963496021923
"3211",0.983945307280644
"3212",0.404528323806079
"3213",0.897748041177151
"3214",0.220852947839447
"3215",1.36239171481541
"3216",1.22775467232719
"3217",0
"3218",0
"3219",0.856256220922077
"3220",0.739035000741534
"3221",0.818373301485384
"3222",0
"3223",0.263600364252717
"3224",0.362708322338359
"3225",0.22376173806048
"3226",0.871013068310307
"3227",0.563891723968644
"3228",2.2783669328603
"3229",0
"3230",1.0757773934184
"3231",0.919380332332685
"3232",0.931208915826634
"3233",0
"3234",1.11789554714395
"3235",0.021921390927902
"3236",0.206640063042957
"3237",0.101338786796554
"3238",0
"3239",0
"3240",0.069119735170027
"3241",0.201331170850342
"3242",0
"3243",0.218065273726558
"3244",0.0530535030329174
"3245",0.267957425753281
"3246",0
"3247",0.355694266376764
"3248",0.53920013899132
"3249",0.379011656577241
"3250",1.66775270398877
"3251",0.152996554399853
"3252",0.633923966157495
"3253",0
"3254",0.393210340785266
"3255",0
"3256",0.15553859055711
"3257",0.030833013610112
"3258",0.135910113532769
"3259",0.142472311412741
"3260",0
"3261",0.0271862579303521
"3262",0.682158706076742
"3263",1.6549258032192
"3264",0.980876904208884
"3265",0
"3266",0
"3267",0.0396683499705535
"3268",0
"3269",0.0202263393712447
"3270",0.514772570476286
"3271",0.123724986443053
"3272",0.0019749888017645
"3273",0
"3274",0.0574811876319224
"3275",0.767085646028732
"3276",1.04271052697717
"3277",0.756894415497818
"3278",2.15609022235637
"3279",1.62103178243511
"3280",0.769403880276217
"3281",0.934412154181757
"3282",0.585705686477553
"3283",3.85612752129799
"3284",0.436689825072134
"3285",0
"3286",0.160571101115172
"3287",0.162926906149545
"3288",0.0351624481325489
"3289",0
"3290",0.223864320408048
"3291",0
"3292",0
"3293",0
"3294",0.778600122896165
"3295",0.534798560068308
"3296",0
"3297",0.178797709523051
"3298",0.571446069249292
"3299",0.504794569618124
"3300",1.31054354193761
"3301",2.42009398679208
"3302",1.76041560073973
"3303",1.55236206568165
"3304",0.110477237708589
"3305",0.229105740926065
"3306",1.31975357089677
"3307",1.12314408444212
"3308",0.863197999464207
"3309",0.0309825246661637
"3310",0.821960240692304
"3311",0.321868826322437
"3312",0
"3313",0
"3314",0.916667752316466
"3315",0.193421052174021
"3316",0.232179985569618
"3317",0.674654814457753
"3318",0
"3319",0.452243202976594
"3320",0.0927410898080605
"3321",0.974163915630897
"3322",0.225857700272712
"3323",0
"3324",0.406684760781362
"3325",1.03488193041878
"3326",0.374799211851864
"3327",0.14555391998183
"3328",0.361663892622346
"3329",0
"3330",1.3039398348555
"3331",0.613605338063948
"3332",2.58311450674005
"3333",1.11066290687163
"3334",0.866864900307438
"3335",1.19667862776363
"3336",0.687209394895246
"3337",0
"3338",0.457955446670412
"3339",1.17913488117038
"3340",0.912327526954963
"3341",0.613996382228138
"3342",0.626238970790236
"3343",0.579064797067963
"3344",0.269910496507949
"3345",0
"3346",0
"3347",0.24166149052187
"3348",0.525315621195156
"3349",0
"3350",0.994251414324557
"3351",2.4060407729669
"3352",2.58485749863039
"3353",2.34519052417983
"3354",0.628010832647082
"3355",0
"3356",0
"3357",0
"3358",0.0633987112283482
"3359",0.167656548852317
"3360",0
"3361",0
"3362",0
"3363",0.242878175117896
"3364",0.432813663368605
"3365",0
"3366",0
"3367",0.551999341094761
"3368",0
"3369",0.118967120973897
"3370",0.0515806008344618
"3371",0
"3372",0.0099919858276305
"3373",0.767932816320306
"3374",0.468817369904667
"3375",0.288273581464165
"3376",1.32892407148958
"3377",0.164027862766239
"3378",0.221724906141401
"3379",0.024935767610502
"3380",0.0557190307352091
"3381",0.0998452458801
"3382",0.157172257104027
"3383",0.804893713467764
"3384",0.450020263472171
"3385",0.355492421066067
"3386",1.07933860096023
"3387",0
"3388",0.443214644985919
"3389",0.47604528459436
"3390",0
"3391",0
"3392",0
"3393",0.632289221893325
"3394",0.328882048697909
"3395",0.514974978863212
"3396",0
"3397",0.0646830843722193
"3398",0.364384314823741
"3399",0.0705017317508865
"3400",0
"3401",0.371774051158421
"3402",0.698784812663978
"3403",1.06402765772936
"3404",1.21415398753747
"3405",0
"3406",1.22673204568595
"3407",0
"3408",0
"3409",1.33571280048943
"3410",0
"3411",0.135147143608467
"3412",0.0978460288388691
"3413",0.0896410953107595
"3414",0.162880765314328
"3415",0.496061885486263
"3416",0.418728553115428
"3417",0.162370046582216
"3418",0.25480605361941
"3419",0
"3420",1.52350645507433
"3421",1.10033233138289
"3422",2.85861080826319
"3423",1.0677209083447
"3424",5.31018558269915
"3425",0
"3426",2.28905015535449
"3427",3.06116869653422
"3428",1.67240649874956
"3429",2.09119871044352
"3430",0.48292634768625
"3431",0.11228647260066
"3432",0.681037343154594
"3433",0.220785933736812
"3434",0.0487924022231632
"3435",0
"3436",0.0797376295056282
"3437",0.238360262428447
"3438",1.09419370571016
"3439",0.756079704464185
"3440",0.737402668218011
"3441",0.241976617515376
"3442",0.41469401098206
"3443",0.345675665983417
"3444",0
"3445",0.574697117948102
"3446",0.911440131604512
"3447",0
"3448",1.38862918822909
"3449",0
"3450",0
"3451",0
"3452",0.338951021073515
"3453",0.92069475191779
"3454",1.10917268748999
"3455",1.57753891073616
"3456",0.572283045079448
"3457",1.57813640474808
"3458",1.02092810412506
"3459",1.64394442482988
"3460",0.976693414530792
"3461",0.804207673725076
"3462",1.02667572453633
"3463",1.30568108579069
"3464",0.964905963077591
"3465",0.697867307527369
"3466",0
"3467",0.0257999211935007
"3468",0.082669750509517
"3469",0
"3470",0
"3471",0
"3472",0
"3473",0.337451868299885
"3474",0.675191260226287
"3475",0.949867062225872
"3476",1.94496171124449
"3477",0.567905147117447
"3478",0.222417607688325
"3479",0
"3480",0
"3481",0.489707177245241
"3482",0
"3483",0
"3484",0.16585957465895
"3485",0.224626764735925
"3486",0
"3487",1.00339625527878
"3488",0.391577770602587
"3489",0
"3490",0
"3491",0
"3492",0.379991446861119
"3493",0.105611154460646
"3494",0.133001099682899
"3495",0.440434770984553
"3496",0.945200404907522
"3497",0.615290801260662
"3498",0.12898653702209
"3499",0.574609888964766
"3500",1.35483413609791
"3501",0.964033192756786
"3502",0.488886438346409
"3503",0.0558601597728512
"3504",0.141152360991197
"3505",0.0507228478948585
"3506",0.0173146257458449
"3507",0.242124095743031
"3508",0.606822574913624
"3509",0.194555296469505
"3510",1.07598443688376
"3511",0
"3512",0.384134280159927
"3513",0
"3514",0
"3515",0.199525946541
"3516",0.245111060608553
"3517",0.245529374071487
"3518",0.852370101755658
"3519",1.15451020088417
"3520",0.758204110986957
"3521",0.435632788984425
"3522",0.210516294908293
"3523",0.942245129559056
"3524",1.78307640339639
"3525",0
"3526",1.25511712830679
"3527",0.641838044843252
"3528",1.96004753160628
"3529",0
"3530",1.14313583204597
"3531",0
"3532",0.336072812357055
"3533",0
"3534",0.218871470734063
"3535",0.187695366932621
"3536",0.0328370575037348
"3537",0
"3538",0.133068449729719
"3539",0.0365623735545142
"3540",0.585575272873807
"3541",0.0561665853098051
"3542",0.210560614347798
"3543",0
"3544",0
"3545",0.11813847558606
"3546",2.19760852886418
"3547",1.17004379806588
"3548",3.1369864867446
"3549",0
"3550",3.34169394388557
"3551",0.561846469615272
"3552",2.3142562730721
"3553",1.36543272482658
"3554",0.923616175147452
"3555",0.0189890336651641
"3556",0
"3557",0.599032818867281
"3558",0.0857024463715771
"3559",0
"3560",0.313839071776794
"3561",0
"3562",1.2819742276524
"3563",0.632670984607282
"3564",1.42452098105771
"3565",0.577002373356566
"3566",0.747242832981729
"3567",0
"3568",0.361574725161765
"3569",0.175804958949497
"3570",0
"3571",0.245793239792869
"3572",1.03492934828832
"3573",0
"3574",0.523119045205111
"3575",0
"3576",0.550032527909627
"3577",1.0955732443758
"3578",0.45721348463963
"3579",1.27760740188173
"3580",1.18926620350703
"3581",0.23737075773405
"3582",0.462286399262314
"3583",1.94881082033523
"3584",0.677415191317561
"3585",1.14038396203809
"3586",0.958976873897087
"3587",0.397765088601115
"3588",0
"3589",0.268364551030758
"3590",0
"3591",0.371386737931006
"3592",0
"3593",0.241762904565056
"3594",0.721268939227789
"3595",0.184895017436166
"3596",0
"3597",0.328425051646555
"3598",0
"3599",0.158909565159993
"3600",1.06809065042854
"3601",0.890994160822338
"3602",1.74880684659551
"3603",0
"3604",0.37949409098317
"3605",0.509194343998494
"3606",0.131659197612292
"3607",0.0771807726217626
"3608",0.371047928401742
"3609",0
"3610",0.415226295874225
"3611",0.297302415043595
"3612",0.700175300322059
"3613",0.461653291656955
"3614",0.750249128856077
"3615",0
"3616",0
"3617",0
"3618",0.740361142163382
"3619",0.233861151976007
"3620",0.258480751257973
"3621",0.160859697433406
"3622",1.3740615211385
"3623",0.518667076815273
"3624",1.06485714738899
"3625",1.48794914320391
"3626",0
"3627",0.879471789430226
"3628",0.265841445110824
"3629",0
"3630",0
"3631",0.0664631868100401
"3632",0.159031043121757
"3633",0.771406434710076
"3634",0.683459916801416
"3635",0.121988815453996
"3636",0.252607206236155
"3637",0.0246347884211872
"3638",0.546516490853408
"3639",0.132062742181121
"3640",0.90499455893215
"3641",0.296929641695542
"3642",0.329591444211876
"3643",0.0464742693864655
"3644",0.538444086877234
"3645",1.62808051964754
"3646",0.735573669160863
"3647",1.81330182915641
"3648",1.38938844182081
"3649",0
"3650",0.465947163014182
"3651",0.350277020031864
"3652",1.31683391662223
"3653",1.00648830478327
"3654",2.43931539423556
"3655",0
"3656",0.665559805602058
"3657",0
"3658",0.706609233487108
"3659",0
"3660",0
"3661",0
"3662",0.0522508693480983
"3663",0.150777047454275
"3664",0
"3665",0
"3666",0
"3667",0
"3668",0.0134473277299581
"3669",0
"3670",1.14226827903561
"3671",0
"3672",2.2548532858664
"3673",1.25434994913416
"3674",2.73446885692156
"3675",0.723828495659339
"3676",1.91020396106996
"3677",0
"3678",4.23590710314752
"3679",1.16532285384706
"3680",1.86829037549382
"3681",1.06379630256026
"3682",0.407116175449056
"3683",0
"3684",0
"3685",0.684226880457632
"3686",0.358185856316771
"3687",0
"3688",0.89477673250363
"3689",0
"3690",2.24111766907225
"3691",0.636085963100491
"3692",1.09529992843947
"3693",0.375620512759962
"3694",0.277498067399002
"3695",0
"3696",0.870429124314029
"3697",0.0984176389709378
"3698",0.297918863688439
"3699",0.68026254994878
"3700",1.102549487212
"3701",0.0712339863739754
"3702",1.00503616453667
"3703",0
"3704",0.902072113515098
"3705",0.96106644449226
"3706",0.781687774655204
"3707",0.64378299453249
"3708",0
"3709",0.159206941999099
"3710",0
"3711",0.161266043207263
"3712",0.514154723143174
"3713",0.520528594570653
"3714",0.760951410497823
"3715",0.44738326109549
"3716",1.15400928941101
"3717",0.618437896114354
"3718",0.264667091178973
"3719",0
"3720",0
"3721",0.0940630993685361
"3722",0
"3723",0
"3724",0
"3725",0.291276192500722
"3726",0.807682026434694
"3727",0
"3728",2.17127351538038
"3729",0.00976229630592762
"3730",0.0941354698377301
"3731",0
"3732",0.373354022890353
"3733",0.394521220122157
"3734",0.46196563734048
"3735",0.268809411288299
"3736",0.0248865118710362
"3737",0
"3738",0.60835216289363
"3739",0.278398612397341
"3740",0.776349432263938
"3741",0.590023593381528
"3742",0.685027754191205
"3743",0.020941227380476
"3744",1.47083230801407
"3745",0
"3746",0.963868304488439
"3747",0
"3748",0.303601245108508
"3749",0.719253438943863
"3750",1.05647942122312
"3751",1.36072969130237
"3752",0
"3753",0
"3754",0
"3755",0.310272630890785
"3756",0
"3757",0
"3758",0.0843578958380355
"3759",0.548166972085647
"3760",0
"3761",0
"3762",0.491384168150285
"3763",0.982952374269306
"3764",0.726540604482838
"3765",0.647189227589876
"3766",1.54948948384412
"3767",0
"3768",1.06495029970205
"3769",0.555518134376661
"3770",1.06666306347199
"3771",1.50737165196418
"3772",0.919042170716691
"3773",1.45690467843639
"3774",1.32815845565805
"3775",0
"3776",0.354377114494337
"3777",1.25328519534776
"3778",0
"3779",0.735142204913773
"3780",1.06860929525925
"3781",1.01264118637258
"3782",1.97808226299476
"3783",1.54415029317654
"3784",0.863235761522241
"3785",0
"3786",0.515747621400866
"3787",0
"3788",0.231239529684701
"3789",0
"3790",0.176455775641067
"3791",0
"3792",0
"3793",0
"3794",0.154222323616051
"3795",0
"3796",0.176679462476621
"3797",0
"3798",0.952948652691677
"3799",0
"3800",1.55926724566655
"3801",0.726616546539996
"3802",0
"3803",0.220640949874829
"3804",3.21066745235518
"3805",0
"3806",2.67591967116804
"3807",0
"3808",1.85194978641676
"3809",1.05310227965393
"3810",0.968609913806991
"3811",0
"3812",0.191691125651392
"3813",1.81986569652294
"3814",0
"3815",0.617990684400287
"3816",1.25006156451371
"3817",0
"3818",1.56999633510616
"3819",0.39320643866812
"3820",1.82219310207917
"3821",0.377109813052572
"3822",1.96303681671386
"3823",0.620024175168925
"3824",2.40001629673386
"3825",0.596943706499749
"3826",1.5738759792449
"3827",0.607821131512796
"3828",1.52441241398051
"3829",0.772052374620618
"3830",0.963764176791953
"3831",0
"3832",0
"3833",0.648835009760447
"3834",0.836769440914075
"3835",1.05786474966898
"3836",0
"3837",0
"3838",0
"3839",0.706393486620849
"3840",0
"3841",0.913056167248165
"3842",1.12298327424496
"3843",0.516716195659999
"3844",1.82693380931705
"3845",0.711377527179287
"3846",1.53204179173205
"3847",0.529816241593791
"3848",0.705948144663146
"3849",0
"3850",0.907317250696451
"3851",1.39657760146903
"3852",0
"3853",1.27426952511962
"3854",0.35802235533499
"3855",0
"3856",0.311636991151519
"3857",0
"3858",0.695502239908439
"3859",0
"3860",0.760776851514602
"3861",0.109796272006298
"3862",0.401609395029865
"3863",0.021917738433457
"3864",1.11636676734305
"3865",0
"3866",0.737660644148466
"3867",0.314755608850729
"3868",1.82806448419134
"3869",0.973113885698461
"3870",1.59084934282823
"3871",0.0771784317563304
"3872",0.781777478990067
"3873",0
"3874",0
"3875",0
"3876",0.658527669639166
"3877",0.307115558961532
"3878",0.185191230548525
"3879",0.421439020483833
"3880",0
"3881",0.66415256665694
"3882",0
"3883",1.65395015322335
"3884",0
"3885",0
"3886",0.124777438886902
"3887",0.0843578958380355
"3888",0.326193727519362
"3889",0.012199519130107
"3890",0.638065270649323
"3891",0.668809358077529
"3892",0.789254842016336
"3893",0.280676652130596
"3894",0.806586680721886
"3895",0.641510675422768
"3896",0.704044900813671
"3897",0.231061405173748
"3898",0
"3899",0.813148400813817
"3900",0.621621409013406
"3901",0.81857577039886
"3902",1.18448229049856
"3903",0.335444463380562
"3904",1.21256689884014
"3905",0
"3906",0.0815940608030781
"3907",0
"3908",0.653658822587281
"3909",0.545396546804711
"3910",0.540952036151524
"3911",0.76027349687897
"3912",0.225025256813361
"3913",0.365113914984195
"3914",0
"3915",0
"3916",0.0983609931196661
"3917",0.125551090663538
"3918",0
"3919",0.185263467787737
"3920",0.0152996735941288
"3921",0
"3922",0.241536292930727
"3923",0
"3924",0
"3925",0.306487128641781
"3926",0
"3927",0
"3928",0
"3929",0.652080674847875
"3930",0.0339479619893699
"3931",0.612895347022047
"3932",0.618002256151339
"3933",1.72194055073933
"3934",0
"3935",1.1069738992004
"3936",0.917253354029631
"3937",0.643069770592503
"3938",0
"3939",3.49987469647793
"3940",3.83334766047192
"3941",0.686314131637295
"3942",0.025210021595754
"3943",0.132595527860331
"3944",0.00104049065952372
"3945",0.781871059615719
"3946",0.441859229643945
"3947",0
"3948",0.364598359128378
"3949",0.826827459953894
"3950",1.52172668002395
"3951",1.05218528260215
"3952",1.53057054173094
"3953",2.10296610162673
"3954",0.368939553895134
"3955",1.28138144811922
"3956",0.48644093623048
"3957",1.86542775515211
"3958",0.167601302244129
"3959",1.22724680513482
"3960",0
"3961",1.0736773929974
"3962",0.914118305619967
"3963",0.0296718519272684
"3964",0.353915215109332
"3965",0
"3966",0.776487216383908
"3967",0.452351715763348
"3968",0.272134435830696
"3969",0.858729085997477
"3970",1.37564578055132
"3971",0.927370389152531
"3972",0.515469477560777
"3973",2.60991606971248
"3974",1.50335613001942
"3975",0.948671382719186
"3976",0.750976416546559
"3977",0
"3978",0.615588755294304
"3979",0.169884750996981
"3980",0.327450463183746
"3981",0.0251924321914574
"3982",1.33451451735384
"3983",0.903440124330934
"3984",0
"3985",1.73134639795413
"3986",0.157807871430088
"3987",1.05095535044965
"3988",0
"3989",0.176188060831186
"3990",0.0283241926274099
"3991",0
"3992",0
"3993",0
"3994",0
"3995",0.517537801825965
"3996",0.329749580123191
"3997",0.993506554519702
"3998",0.631199580529712
"3999",0.112745986568987
"4000",0
"4001",0.846712412278588
"4002",0
"4003",1.69010890661449
"4004",0.964144704269283
"4005",0.992025428008933
"4006",0.674077476339831
"4007",0
"4008",2.33011112702577
"4009",0.211025669562811
"4010",1.57805246735899
"4011",0.415933662175029
"4012",0.0734872004109915
"4013",0.502580626945137
"4014",0.203779488990237
"4015",0.318562815747987
"4016",0.585134153767088
"4017",0.305335467748971
"4018",0.548448890924499
"4019",0.77739574334985
"4020",0
"4021",0.515320478766357
"4022",0.702100152958582
"4023",1.43253008229874
"4024",1.37103773902333
"4025",0.433344090551076
"4026",0.409908762421167
"4027",0.451216052762917
"4028",1.08557536729399
"4029",0.0377057215012351
"4030",0.168731983347666
"4031",0
"4032",0.740702313052159
"4033",1.22564278325063
"4034",1.30342904505817
"4035",0.425928304390381
"4036",0.579111994470686
"4037",0.507445640842149
"4038",0.500450994752802
"4039",0.161540709034638
"4040",1.09303937211389
"4041",0.391856852656317
"4042",0.962069449307417
"4043",0.260122600380339
"4044",0
"4045",0
"4046",0.231605126740307
"4047",0
"4048",0.225328558765058
"4049",0.211657898483745
"4050",0.233552282710003
"4051",0.201402005551012
"4052",0
"4053",0.129134941567329
"4054",0
"4055",0
"4056",0
"4057",0.691237121187867
"4058",0
"4059",0.673467267146044
"4060",0.131471327979411
"4061",0.303844555865694
"4062",0.839123262223897
"4063",0.756059671723093
"4064",0
"4065",0.614775996543811
"4066",0.866545489854924
"4067",0.929270323518868
"4068",0.651381324473923
"4069",0.709517103378637
"4070",3.47815526802762
"4071",0
"4072",1.44278292423142
"4073",1.12425348478467
"4074",0.900521202527884
"4075",0.178496060653331
"4076",0.486929291819107
"4077",0.0752504909439533
"4078",0
"4079",0.858227271485584
"4080",0.395790585604717
"4081",1.57619628903159
"4082",0.93271004024203
"4083",1.91843282794549
"4084",0.790449009712303
"4085",0.570182585672184
"4086",0
"4087",0.340124023538956
"4088",0
"4089",1.88755321893512
"4090",0.319291790492696
"4091",0.873156502288589
"4092",1.36559509178646
"4093",0.197372112142819
"4094",0.869644000473178
"4095",0
"4096",0.474996961663534
"4097",0.252334624182373
"4098",0
"4099",0.176830775584928
"4100",0
"4101",0.748561283835897
"4102",1.21994796715954
"4103",1.56722613689341
"4104",1.65531120703381
"4105",1.4724578251245
"4106",0.204730629793191
"4107",1.36635809177833
"4108",0.284507949443081
"4109",1.10609549139548
"4110",0.72713385576983
"4111",0.0125477976299047
"4112",1.94611805971276
"4113",0.692307542421614
"4114",1.13482556996213
"4115",1.03866212425172
"4116",0.639172586667646
"4117",0.746984083070311
"4118",0.0358092652294392
"4119",0.134229873194823
"4120",0.462948254458537
"4121",1.1236043492892
"4122",0.545148970247485
"4123",0.94403426221575
"4124",0.0265315495013299
"4125",0.401233353923998
"4126",0
"4127",0.561816601206928
"4128",0
"4129",0.946264364931841
"4130",0
"4131",0
"4132",0
"4133",1.32599312925455
"4134",0.619415415661215
"4135",1.24482361475821
"4136",0.0971517312884789
"4137",1.10756208570642
"4138",1.83226283033499
"4139",0.615492789715741
"4140",1.11923502628831
"4141",0.108121815047442
"4142",0.130417524895874
"4143",0.577117266931267
"4144",0.426094324518262
"4145",0.730261983573728
"4146",0.317637273460216
"4147",0.424624051049012
"4148",0
"4149",0.561882970691207
"4150",0.208394822727161
"4151",0.586027602268159
"4152",0.15282829414391
"4153",0.648460438619277
"4154",0.0410826926478313
"4155",1.31350655965492
"4156",1.48588760205353
"4157",0.790062816528884
"4158",0
"4159",0.511296524365834
"4160",0
"4161",1.10857772375727
"4162",0
"4163",0
"4164",0.286817809807655
"4165",0.217538467524998
"4166",0.43957999881662
"4167",0.770961248472712
"4168",0.209685793220834
"4169",0.88632583231481
"4170",0
"4171",1.03658812829512
"4172",1.1470830780827
"4173",0
"4174",1.40872218471802
"4175",0
"4176",0.943914045848328
"4177",0.698788719590545
"4178",0
"4179",0.36312524696349
"4180",0.0656651141930996
"4181",0
"4182",0
"4183",0
"4184",0.34526922948313
"4185",0.562872674438202
"4186",0.25524934065031
"4187",0.268323196712808
"4188",0.29942942597551
"4189",0.157966897475799
"4190",0
"4191",0
"4192",0
"4193",0.306487128641781
"4194",0
"4195",0
"4196",0.227459426206336
"4197",1.28540194525364
"4198",0.419094255884581
"4199",0.478760266405171
"4200",0.38080447627726
"4201",0.863885872040576
"4202",1.39164261189937
"4203",0.869184106093659
"4204",0.765981318748131
"4205",0.341427677616801
"4206",1.67925900619646
"4207",1.32848608351074
"4208",1.28342083524899
"4209",0.683089640034335
"4210",0.34105242464024
"4211",0
"4212",0.376050228843242
"4213",0.52467899580296
"4214",0
"4215",0
"4216",1.09487232280202
"4217",0
"4218",1.44962862385321
"4219",0.586699770189483
"4220",0.636225414299987
"4221",0.963097259245652
"4222",0
"4223",0.164708300683275
"4224",0
"4225",0.718432351100527
"4226",1.54806148603885
"4227",0.239032183381816
"4228",0.356876530547445
"4229",0
"4230",0.235486243493976
"4231",0.558536835941892
"4232",0
"4233",0.193277956169251
"4234",0.403459271278779
"4235",0.459805834286838
"4236",1.40687316519046
"4237",1.63441789681789
"4238",1.97391859940708
"4239",1.16006945905315
"4240",0.462352189004203
"4241",0.280474166835048
"4242",0
"4243",1.56877666145277
"4244",0
"4245",0.130281048583581
"4246",0.785190536530909
"4247",0
"4248",0.715987238044444
"4249",0.919830940283746
"4250",0.373616504824193
"4251",1.10998971781174
"4252",0.0298111087938207
"4253",0.310496860291962
"4254",0.608701140806648
"4255",0.769990234258766
"4256",0.493069581154284
"4257",0
"4258",0
"4259",0.714172508780497
"4260",0.340581437295235
"4261",0
"4262",0
"4263",0.0394264770037791
"4264",0
"4265",0.377619367452763
"4266",0
"4267",0.546339286247746
"4268",0
"4269",0.877792080930039
"4270",0
"4271",1.38026841614662
"4272",0.239173882872432
"4273",1.38348922592817
"4274",2.00129192325918
"4275",0.0669309425959721
"4276",0.633294506812035
"4277",0.34981380523495
"4278",0.614576113326506
"4279",0.539705617432406
"4280",0.352585376203573
"4281",0.520462769935574
"4282",0.400961181435256
"4283",0
"4284",0
"4285",0.19977759696375
"4286",0
"4287",0.0932584189271255
"4288",0
"4289",1.32472792670576
"4290",0
"4291",0.067398352434608
"4292",0.947333604265766
"4293",1.21094230211835
"4294",0.631899735378895
"4295",1.4321551259946
"4296",0
"4297",1.58523993758407
"4298",0.0374119880392484
"4299",0.113945688510451
"4300",0
"4301",0.166380421450881
"4302",0.0959684745975926
"4303",1.77356690435217
"4304",0
"4305",1.80289748116339
"4306",0.0294711070740612
"4307",0
"4308",0
"4309",0
"4310",0
"4311",0.528769634372473
"4312",0.337382498316782
"4313",0.0899702574118103
"4314",0
"4315",0
"4316",0.0968305779874828
"4317",0.231496316443724
"4318",0
"4319",0.183851798600516
"4320",0.48768715661224
"4321",0.48430072722419
"4322",0.566009117621362
"4323",0.129857664644174
"4324",0.446770829790651
"4325",0.888815650061914
"4326",0.0861085424536817
"4327",0.245794405843873
"4328",0
"4329",0
"4330",0
"4331",0
"4332",0.703944571193308
"4333",0.681156460394301
"4334",1.45544964223227
"4335",0.732513637170599
"4336",0.283447148945111
"4337",0.578341506522262
"4338",1.4128414146836
"4339",1.09587197241112
"4340",0.755950925679451
"4341",0
"4342",0.793752301430529
"4343",1.15754433696783
"4344",0.621228556797685
"4345",1.25320883460488
"4346",0
"4347",0.986758277107292
"4348",0.183488683258714
"4349",0.15552885217316
"4350",0.0608977145749013
"4351",0
"4352",0.671968592282414
"4353",0
"4354",0
"4355",1.1173067766231
"4356",0
"4357",0.318875926879201
"4358",2.57989874691695
"4359",0
"4360",1.68906434337243
"4361",0.430007259946912
"4362",0.355074926534898
"4363",1.3037574000924
"4364",0
"4365",0.168341069789748
"4366",0.0387646846166023
"4367",0.0254367887301791
"4368",0
"4369",0
"4370",0.606297478736325
"4371",0.811133959775967
"4372",0
"4373",0.590229842529051
"4374",1.373595064209
"4375",0
"4376",0.856170754419922
"4377",0
"4378",0.940641192432886
"4379",0
"4380",0.380778091299435
"4381",0.259266960051009
"4382",0.689669157094799
"4383",0.495423602537134
"4384",0
"4385",0.788461352359567
"4386",0.548403831776759
"4387",0.258123066459908
"4388",0
"4389",0.378778971653681
"4390",0.235920099016954
"4391",0.58112162648566
"4392",0.612336106366898
"4393",0.65807441168754
"4394",0.580051013095195
"4395",1.20445670223343
"4396",0.566647547030225
"4397",0
"4398",0.687637503627001
"4399",0.110030837348749
"4400",0.940902284264133
"4401",0.43722455472744
"4402",0.898743486686
"4403",0
"4404",0.264874249654584
"4405",0
"4406",3.03379824805704
"4407",0.607283436474939
"4408",3.22476962813715
"4409",1.51444446623377
"4410",0.0115420545095368
"4411",0.456966876216584
"4412",0
"4413",1.15445797964837
"4414",0.514312940767198
"4415",0.131635584529724
"4416",0.171290326911119
"4417",0.043040329395757
"4418",0.374088304492118
"4419",0.750387732005364
"4420",0.419024937423298
"4421",0
"4422",1.01317801591415
"4423",1.11809093053618
"4424",1.48251700966059
"4425",0
"4426",2.17339687504774
"4427",0
"4428",3.02049774049311
"4429",0.988349541028719
"4430",1.52369588356162
"4431",1.35103472936417
"4432",1.68091237940227
"4433",0.295829698914518
"4434",0.668278505314898
"4435",0.0325578932984856
"4436",1.40732138324609
"4437",0.369669821902561
"4438",0.342821422293079
"4439",0.537924719294038
"4440",1.130216963647
"4441",0.883861346068332
"4442",0.513623978212941
"4443",1.09308804943916
"4444",0.701886878626025
"4445",0.330873356485593
"4446",1.11638353523142
"4447",0
"4448",1.81583270017948
"4449",0.388935358121863
"4450",0.408453819046974
"4451",0.252821667619676
"4452",0.482373660507121
"4453",0
"4454",0.467970333501569
"4455",0
"4456",0.0813491219953117
"4457",0.103303685660873
"4458",0.170458530924992
"4459",0.450050380698142
"4460",0.112996385427308
"4461",0.322211294109761
"4462",0.260975589309048
"4463",0.177112362185499
"4464",0
"4465",0.0884032169023214
"4466",0.204764445155351
"4467",0.312352446888026
"4468",0
"4469",0.0155471339149036
"4470",0.0058429378671393
"4471",0.152447937520477
"4472",0
"4473",0.650051510015471
"4474",0.612768039511806
"4475",0.565494802084001
"4476",0.156114687301546
"4477",0
"4478",0
"4479",1.44861429547536
"4480",0
"4481",0.79856551226444
"4482",0.673483708603422
"4483",0
"4484",0.632138618742286
"4485",0
"4486",1.00327500741305
"4487",0.209236670927604
"4488",0.0301042048508452
"4489",0.374611971954316
"4490",1.63800820606308
"4491",0.444099662647288
"4492",2.6733479765738
"4493",0.462005853418017
"4494",0.668907275818839
"4495",0.733137585703354
"4496",0.268972112805684
"4497",0.388212330890419
"4498",0.123999307743238
"4499",0
"4500",0.579630071966837
"4501",0
"4502",1.20833688770421
"4503",0
"4504",0.180909705519773
"4505",0.0891594660688291
"4506",0.440552191185273
"4507",0.0974643990610389
"4508",1.93930999439891
"4509",1.61015302364648
"4510",0.519541890225339
"4511",0.827504819904426
"4512",1.25992306367436
"4513",0
"4514",0.341910627904182
"4515",0.87313749083628
"4516",0
"4517",1.27917057832505
"4518",0.298780890469808
"4519",1.53801211283048
"4520",0.387158822559174
"4521",0.471337819711637
"4522",0
"4523",0
"4524",0
"4525",0.587885073624252
"4526",0.0790211426375125
"4527",0.0590878111447271
"4528",1.15575341090118
"4529",0
"4530",0.754973330442821
"4531",0.376420082818019
"4532",1.6068755787185
"4533",1.14444010240559
"4534",0.704029415280841
"4535",0.173653312903178
"4536",0.251036638595721
"4537",1.40578366924412
"4538",0.291732597579568
"4539",0
"4540",0.0915824167633579
"4541",0.208914001383871
"4542",0
"4543",0.891225519678275
"4544",0.739922108804921
"4545",0
"4546",0
"4547",2.5805981279461
"4548",0.0842276439933736
"4549",0
"4550",1.14606777546221
"4551",0.509460942675173
"4552",0.506809961333456
"4553",0.580754298970885
"4554",0
"4555",0.032460363273944
"4556",0.210960607116242
"4557",1.26881276629012
"4558",0.229812766541972
"4559",0.868695382205252
"4560",0.10880967020845
"4561",0
"4562",0
"4563",1.64689206952068
"4564",1.31083983422834
"4565",0
"4566",0.591176073231505
"4567",0
"4568",4.52547257557052
"4569",2.17037562115315
"4570",1.56881407782842
"4571",1.23252164064006
"4572",1.45191349216676
"4573",0
"4574",1.33601527559471
"4575",0.798814698873581
"4576",0.536299551325107
"4577",1.1061970769289
"4578",1.07681553478781
"4579",0.906420336891787
"4580",1.04405046509544
"4581",0
"4582",1.21484731732958
"4583",0
"4584",1.55429319879768
"4585",0.781706846141055
"4586",0.299772081719927
"4587",0.428123650375391
"4588",0
"4589",0.920898485069814
"4590",0
"4591",0
"4592",0
"4593",0.199920810461485
"4594",0
"4595",0
"4596",0.170355071884037
"4597",0.121747487114024
"4598",0.159048310635456
"4599",0
"4600",0.127371945469957
"4601",0
"4602",0
"4603",0
"4604",0.17771934918486
"4605",0.128199995579433
"4606",0.0251946025801961
"4607",0.841878912364098
"4608",0.596951825601104
"4609",0.672855438164115
"4610",0.748983223095158
"4611",0
"4612",0.109552021088602
"4613",1.21529714428408
"4614",2.0174010149711
"4615",0
"4616",2.24209558438519
"4617",0
"4618",1.21020566993883
"4619",0.931524140868036
"4620",0.0976960564303097
"4621",1.44332280249404
"4622",0
"4623",0.522206574445733
"4624",0.959415350826516
"4625",0.21575678993216
"4626",0
"4627",0.625582251309987
"4628",0.668875861870113
"4629",1.97555414958078
"4630",1.09786445364167
"4631",1.74990835906437
"4632",0.995818911912853
"4633",1.53117359438001
"4634",1.22504121237666
"4635",0.991523891740346
"4636",1.19194555789825
"4637",0.65999899483997
"4638",0
"4639",0.922198173996646
"4640",0.00543719297057721
"4641",0.22793300544988
"4642",0.274151049947649
"4643",0
"4644",0.818380425212148
"4645",1.34999037781367
"4646",1.61493997749113
"4647",1.05554467636371
"4648",0.228837749619171
"4649",0
"4650",0.419632501416704
"4651",0.460289507211289
"4652",1.15339775535725
"4653",0
"4654",1.67301874416554
"4655",0.566556279234104
"4656",1.16914437913815
"4657",0.559359982797241
"4658",0.246958386552311
"4659",1.07434693080657
"4660",0
"4661",0.4823038649536
"4662",0
"4663",1.06013373754595
"4664",0
"4665",0.484218690496057
"4666",0
"4667",0.994606131247007
"4668",0
"4669",0.600126929941624
"4670",0.991514238556475
"4671",1.59487561903193
"4672",0.433355440473529
"4673",0.458903385202794
"4674",1.15256670044529
"4675",0
"4676",0.375181135561225
"4677",0
"4678",0.0329437358989979
"4679",0.05086998951828
"4680",0
"4681",1.05395721731004
"4682",2.85314608033506
"4683",0
"4684",1.81479111749013
"4685",0.227727775350907
"4686",2.19289340802011
"4687",0.721243004189195
"4688",0.13255356684039
"4689",0.611205345064232
"4690",0.466084392094535
"4691",0.178916484913927
"4692",0.355201209257519
"4693",0.111388466308336
"4694",0.18495013931284
"4695",0
"4696",0.00472983827973894
"4697",0.0953363345095455
"4698",1.07047524796839
"4699",0.299900287348343
"4700",0.039965953467004
"4701",0
"4702",0.699000665506563
"4703",0.25888421883158
"4704",0.163200328288187
"4705",0.712847423973149
"4706",0.0439929644960066
"4707",2.75455016635857
"4708",0
"4709",0
"4710",0
"4711",2.41505351661716
"4712",1.54516445365929
"4713",0.850783441611129
"4714",1.1422381363323
"4715",0.458837857744329
"4716",0.992056401024041
"4717",0.258886212953804
"4718",0.849541684043805
"4719",0.881061304983179
"4720",0.772409354884964
"4721",1.14452203365363
"4722",0.879763775002082
"4723",0
"4724",1.41694311840319
"4725",0.269012774109286
"4726",0
"4727",0
"4728",0.40428850908162
"4729",0.532118635895431
"4730",0
"4731",1.13542382373908
"4732",0
"4733",0.456420805492208
"4734",0
"4735",0
"4736",0
"4737",0
"4738",0.271938790114485
"4739",0
"4740",0
"4741",0
"4742",0.125872710735187
"4743",0
"4744",0.289428851954023
"4745",0.395580402423431
"4746",0.303046754404062
"4747",0.783739957641803
"4748",0.33497390536578
"4749",0
"4750",1.56314503545316
"4751",0.265131797244341
"4752",0.787714430138043
"4753",2.6205924531326
"4754",0
"4755",1.68020272260137
"4756",1.18334872729843
"4757",0.0491253545148371
"4758",1.23441588966514
"4759",0.310574963660233
"4760",0
"4761",1.38385953099979
"4762",0
"4763",1.62236030461184
"4764",0.368027447907951
"4765",1.51526216449703
"4766",0.704726399581274
"4767",0.822464270835028
"4768",0.685209161940282
"4769",2.05217026430699
"4770",1.16263027691972
"4771",1.06389694049899
"4772",0.763803195496088
"4773",2.08333711500903
"4774",0.634781976344255
"4775",0.0346638633682019
"4776",0.275597933308962
"4777",0
"4778",0
"4779",0
"4780",0
"4781",0.482297179837176
"4782",0.338818322777895
"4783",0
"4784",0
"4785",0.816319554848743
"4786",0.55230410611966
"4787",1.55492420965206
"4788",0.198860847086077
"4789",0.350562007266253
"4790",0.280284355737716
"4791",0.269243609779924
"4792",0.426490937906259
"4793",0
"4794",0.332196786511036
"4795",1.7418987865047
"4796",0.854391037096527
"4797",0.222902711125023
"4798",0.309795249323716
"4799",0
"4800",0
"4801",0.624236380300208
"4802",0
"4803",0.225958269735208
"4804",0.427551355707104
"4805",0.90507756398078
"4806",0
"4807",0
"4808",0
"4809",1.55104843431029
"4810",0.371216535129642
"4811",0.861045279995824
"4812",0.237627743190443
"4813",0.703516198111555
"4814",0.55698076443236
"4815",0
"4816",0
"4817",0
"4818",0.344128733083406
"4819",0.34638383095413
"4820",0
"4821",0.209451217024095
"4822",0
"4823",0.387762953799452
"4824",2.83493431167982
"4825",0.245246692308356
"4826",2.13499384857149
"4827",0
"4828",0.224081617927823
"4829",0
"4830",0.227610379041437
"4831",0.562200751334713
"4832",0.795863515526714
"4833",1.53253303649384
"4834",0.601521581619476
"4835",0.0627060586216762
"4836",0.0592149248994565
"4837",0
"4838",0.00786603592564217
"4839",0.50581278107202
"4840",1.21065028958113
"4841",0
"4842",0.541165717623599
"4843",0
"4844",0.334346765930008
"4845",0.476312525996572
"4846",0
"4847",0
"4848",0
"4849",3.02721192481896
"4850",0
"4851",2.96351462747902
"4852",1.03526703946045
"4853",0.890865317557636
"4854",1.27885239820844
"4855",0.142786412152771
"4856",1.21872683127018
"4857",0.130837141609248
"4858",1.13341264705321
"4859",0.189773095076151
"4860",1.902203669157
"4861",1.3965915110586
"4862",1.59095791423323
"4863",1.53591965790894
"4864",1.63525485523226
"4865",1.33408353623648
"4866",1.93809534486393
"4867",2.88044317183849
"4868",0.255194764998234
"4869",0
"4870",0
"4871",0.438407573472873
"4872",0
"4873",0.0542496199822951
"4874",0
"4875",0
"4876",0
"4877",0
"4878",0
"4879",0
"4880",0.254701504955366
"4881",0.195945549515103
"4882",0
"4883",1.14593689979226
"4884",0
"4885",1.04095938202641
"4886",0.242061580795123
"4887",1.01587370370232
"4888",1.11420799477597
"4889",0.356620374853002
"4890",0.548139325635793
"4891",1.25302012673774
"4892",0
"4893",0
"4894",0.382523496706436
"4895",0.616172597574983
"4896",1.72599464493738
"4897",0.211187168780247
"4898",0
"4899",0.319846042349834
"4900",0
"4901",0.486170700917031
"4902",0.1240044231899
"4903",0.502458892929843
"4904",1.18767734887373
"4905",0
"4906",1.01240961805141
"4907",2.07517716855489
"4908",2.05316417048683
"4909",1.55243474609421
"4910",0.447739437285503
"4911",0.204858962340669
"4912",0.0893053260767454
"4913",1.9946191336916
"4914",0.0722068680525525
"4915",0.42372329860496
"4916",0
"4917",0
"4918",0.118455578811906
"4919",0.133157559157187
"4920",0
"4921",0.595732073529582
"4922",0
"4923",1.00467844947481
"4924",0
"4925",0
"4926",0
"4927",0.717394306256417
"4928",1.59730049899011
"4929",0.655604103546476
"4930",0
"4931",0.238318542367284
"4932",0.0748610888092041
"4933",2.06435685602421
"4934",0.184180075357938
"4935",1.07639180666707
"4936",0
"4937",0.0240749544973134
"4938",0.0781918613945107
"4939",0.0402290449041018
"4940",0
"4941",0.275774452823147
"4942",0.40380964769323
"4943",0.522472548246153
"4944",0.0294035760321851
"4945",0.975931471285892
"4946",0
"4947",0.712345195867042
"4948",0.278586181268254
"4949",1.49286447349653
"4950",1.10752567780241
"4951",1.06887553351653
"4952",0.764750581537581
"4953",0
"4954",1.16970723916316
"4955",0
"4956",0.958341697892564
"4957",0.949268937629741
"4958",0.31557885750912
"4959",0.145260746639856
"4960",0.20721554339968
"4961",0.798779114495733
"4962",0
"4963",0.896557620651611
"4964",2.34861788300852
"4965",0
"4966",1.86083245339467
"4967",0
"4968",0
"4969",0.114886102708558
"4970",0.62182315400974
"4971",1.56149746075535
"4972",1.39278571295322
"4973",0
"4974",0
"4975",0
"4976",0.0440235485900921
"4977",0
"4978",0.217641899495543
"4979",0.35336956587897
"4980",0.945181038591979
"4981",0
"4982",0
"4983",0.205389500844248
"4984",0.23370464331658
"4985",1.11772325012732
"4986",0.15676750208324
"4987",1.38282661040183
"4988",0
"4989",1.2013358219403
"4990",0.253250158714431
"4991",0.364845494516289
"4992",0.706941400556457
"4993",0.250238181581889
"4994",0.313704045026007
"4995",0
"4996",0.827620057007681
"4997",0.324841771493123
"4998",1.31590027759232
"4999",1.50037978657912
"5000",1.63469612269832
"5001",2.10171979850852
"5002",1.6292476054711
"5003",0.745756019344237
"5004",0.68171892352589
"5005",1.87813827206573
"5006",0.678502544807893
"5007",2.83770812488125
"5008",1.97432047025493
"5009",0.485860541578114
"5010",0.842816834315323
"5011",0.434098762325229
"5012",0.112739509878887
"5013",1.0802143157455
"5014",0.393113796381236
"5015",0.177338443971941
"5016",0.086010609149146
"5017",0.179870661604507
"5018",0
"5019",0
"5020",0
"5021",0
"5022",0.639451497501452
"5023",0
"5024",0.682475640606355
"5025",1.23856229083505
"5026",0
"5027",0
"5028",0
"5029",0
"5030",0.887710907953375
"5031",0.51472102143149
"5032",0.628444506735585
"5033",0
"5034",0.798833083744473
"5035",3.07862807202181
"5036",0
"5037",2.91250258059355
"5038",1.57501102847805
"5039",0.181618568534493
"5040",0
"5041",0.811731365334683
"5042",0
"5043",0.284343324147185
"5044",0.443421303450926
"5045",1.78747595816219
"5046",3.07966444114545
"5047",2.6390168048516
"5048",1.98577542157177
"5049",1.02663109448725
"5050",1.84213284953014
"5051",1.57216131255603
"5052",0.593177703564621
"5053",0
"5054",0
"5055",0.228082554299957
"5056",0.444543569092898
"5057",0.462417577006279
"5058",0.545208475911387
"5059",0
"5060",0
"5061",0.789870000466175
"5062",0.219305079535894
"5063",0.91750104728257
"5064",0
"5065",1.15672537043085
"5066",0.132702827065544
"5067",0.806873555501477
"5068",0
"5069",0.555501138728179
"5070",0.0883148743267763
"5071",0.324160618956654
"5072",0.693882102996549
"5073",0
"5074",0.358627124173898
"5075",0.799768868859563
"5076",0
"5077",0.0832225540014271
"5078",0
"5079",0.136621634433644
"5080",0.944542039526702
"5081",0
"5082",0.471973705607796
"5083",0.786641006311194
"5084",0.494219364951622
"5085",0.577479135043853
"5086",0.327818232217621
"5087",0.413656933110662
"5088",0
"5089",1.05690013015252
"5090",0.238522486632884
"5091",0.353138436631516
"5092",0.457492039916731
"5093",0.792063402347484
"5094",1.0539735668718
"5095",0.256343150646748
"5096",0
"5097",0.0162714066770964
"5098",1.66063846744238
"5099",1.47123247566795
"5100",0
"5101",1.17221939411457
"5102",0.845880705884199
"5103",0.138850627708001
"5104",0.0236584579226452
"5105",1.24018524175316
"5106",0.243952094739264
"5107",0.425415896712093
"5108",1.08105126553253
"5109",0
"5110",0.249510492607737
"5111",0.041255911874834
"5112",0
"5113",0.539923928689161
"5114",0.968618126055846
"5115",1.40248898991406
"5116",0
"5117",0.167589386443032
"5118",0
"5119",0.143251603390321
"5120",0
"5121",0.238160652489748
"5122",0.348223700171867
"5123",0.8066365877699
"5124",0.931427520245242
"5125",0
"5126",0.591995803630739
"5127",0
"5128",0.863127928464671
"5129",0.62117169062798
"5130",0.146101875995043
"5131",1.17816988855463
"5132",0.382600069334312
"5133",0.204662320545966
"5134",0
"5135",0
"5136",0.768112596089434
"5137",0.045495568607819
"5138",0.867271460817495
"5139",0.214343091401272
"5140",1.73069796977836
"5141",0.784375952239229
"5142",1.83409683216331
"5143",0.746134432109098
"5144",1.46050122133909
"5145",0.902918460638123
"5146",0.193098413602205
"5147",0.695584414985857
"5148",0
"5149",0.739450998984226
"5150",1.10216724097587
"5151",0.940085050478188
"5152",0.623360285561634
"5153",1.23151966954919
"5154",1.2609563925183
"5155",1.43645330417395
"5156",2.39961095409232
"5157",0.724015241942258
"5158",1.34021659259104
"5159",0.635798450108075
"5160",0.0871109118053189
"5161",0.047498742086915
"5162",0
"5163",0
"5164",0.528438785145209
"5165",0
"5166",0
"5167",0.947201919638345
"5168",0.727604715952125
"5169",1.47343960740143
"5170",0.138571074133482
"5171",0.611322181765289
"5172",0
"5173",0.680897779976317
"5174",0.828417078734056
"5175",1.23761563451326
"5176",1.37341665759396
"5177",1.84128708783237
"5178",1.41904508894066
"5179",2.00540742105172
"5180",2.39538294708806
"5181",1.5394599342899
"5182",0.436644637205657
"5183",0.404053772762296
"5184",0
"5185",1.74365300646441
"5186",0
"5187",0.0320818394325704
"5188",0
"5189",0.680650819786468
"5190",0.427549738802012
"5191",0.749837175978367
"5192",0.850949617798295
"5193",1.37436897648446
"5194",0.969072329006004
"5195",1.87460360804133
"5196",1.69274657732859
"5197",0.760374624370051
"5198",1.00155166119852
"5199",0.980386568488097
"5200",0.894041108677648
"5201",0.165763353096979
"5202",0.956629552560432
"5203",0.562270276540354
"5204",0.284893513531493
"5205",0.295214827035768
"5206",0.585356676482542
"5207",0.414339625106575
"5208",0.723561628922123
"5209",0.721682236195701
"5210",0.271399196085317
"5211",0.56080018544699
"5212",0
"5213",0.0595963117187889
"5214",0.0677148399617931
"5215",0
"5216",0
"5217",0.240153437368401
"5218",0.71141549169564
"5219",3.0705896201315
"5220",1.29589693494317
"5221",1.82380303481883
"5222",1.18087113178853
"5223",0
"5224",0
"5225",0.997246335110027
"5226",0.585703408188636
"5227",1.60281962696517
"5228",0.718006938054953
"5229",1.64821520154014
"5230",0
"5231",1.7842811076003
"5232",0
"5233",2.1358129183812
"5234",0
"5235",1.14366439986239
"5236",1.20264406924171
"5237",0.26335149856162
"5238",1.05858578979769
"5239",0.119145793074091
"5240",0
"5241",0.847298952833775
"5242",0
"5243",0
"5244",0.224302684754302
"5245",1.22273113018799
"5246",0.927434249431094
"5247",1.21700343007973
"5248",0.0783548659687655
"5249",0.973037653546488
"5250",0.125144121917018
"5251",0
"5252",0.170843914835385
"5253",0.198127542389904
"5254",0
"5255",0
"5256",0
"5257",0.512419602489599
"5258",0.515283665588525
"5259",0.365620459945802
"5260",0.199388912242176
"5261",0.657993647399207
"5262",0
"5263",0.478199186924518
"5264",0.194831233136583
"5265",0.798262971487768
"5266",0.588995190116919
"5267",0.42187284084511
"5268",0.627715307832825
"5269",0.105206071020233
"5270",0.810200284290417
"5271",0
"5272",0
"5273",0
"5274",0.61489047887898
"5275",0.759052824327212
"5276",0.260420007081255
"5277",1.14866562888856
"5278",0.121192913226712
"5279",0
"5280",0.41858671183312
"5281",0.18444936270811
"5282",0.311999707521657
"5283",0.183732402836388
"5284",1.18013959311557
"5285",0.391488948706606
"5286",1.5380409191205
"5287",0.538161965260788
"5288",0.00226375563842574
"5289",0.528236504948441
"5290",0
"5291",0
"5292",0.429313400757291
"5293",1.39654346164357
"5294",0.243284696832712
"5295",1.65983966782246
"5296",1.40180531369557
"5297",0
"5298",1.82619770372149
"5299",0.93126359143592
"5300",0
"5301",0.467252951065808
"5302",3.00103844751415
"5303",0
"5304",1.48590607581014
"5305",0.080710300171858
"5306",0.103951294919703
"5307",0
"5308",0
"5309",0
"5310",0.489924843653574
"5311",0.485459581089835
"5312",1.13725574762051
"5313",0.741436429144589
"5314",0.69031181712038
"5315",0.378178358435464
"5316",0
"5317",0.10502285765794
"5318",0.223932645635891
"5319",0
"5320",0.150709016012195
"5321",0.494433597021557
"5322",0
"5323",0.245120320212538
"5324",2.68858467293239
"5325",0.789746364762823
"5326",2.5200593961141
"5327",0.142667334616329
"5328",0
"5329",1.67096687370986
"5330",0
"5331",0.873000916752565
"5332",0.0533358237957096
"5333",0.684370289000151
"5334",1.92751471982399
"5335",1.65910723720101
"5336",1.84221485823706
"5337",0.564298460937402
"5338",0
"5339",0
"5340",0
"5341",2.59713622259884
"5342",1.09999108304742
"5343",0.820996156627958
"5344",0.126855179018979
"5345",0.369011487287489
"5346",0.995975348030018
"5347",0
"5348",0.865480049441478
"5349",0.836028319138244
"5350",0
"5351",1.35574260125851
"5352",1.12002986073208
"5353",2.08328354978729
"5354",0.812145295459817
"5355",0.965112550634691
"5356",0.356029065248262
"5357",0
"5358",0
"5359",0.2439215957526
"5360",0.194661222281239
"5361",0.0855514890000375
"5362",0.364778896517883
"5363",1.56201523984352
"5364",0.278282649697299
"5365",1.63162768430557
"5366",0
"5367",0
"5368",1.19706002942384
"5369",0.829124288213058
"5370",0.812833441718425
"5371",1.99008623467614
"5372",1.52821977818135
"5373",2.44528513782221
"5374",1.60928126287338
"5375",1.06575522838654
"5376",0
"5377",0.982994587486459
"5378",0
"5379",0.463929712643711
"5380",1.04002422947526
"5381",0.540800509492205
"5382",1.14365914610006
"5383",0.838560017154311
"5384",0.895143577568007
"5385",1.21454485271672
"5386",0
"5387",1.03140137143123
"5388",0
"5389",1.16263598451025
"5390",0
"5391",0.844314964699668
"5392",0.211240557574297
"5393",0.734544021468484
"5394",0
"5395",0.82235886273187
"5396",0
"5397",0
"5398",0.182159936108778
"5399",0.143752667032729
"5400",0
"5401",0.0832985447883235
"5402",0
"5403",0.226990552076651
"5404",0.0515445904829002
"5405",0.560073439318696
"5406",0
"5407",0.0261201027020876
"5408",0
"5409",0.572790923008094
"5410",0
"5411",0.25148481624427
"5412",0.939056592481878
"5413",0.807328132171585
"5414",0.44600648811463
"5415",0.44600648811463
"5416",0.084744414465842
"5417",0.212934841573036
"5418",0
"5419",0
"5420",0
"5421",0.862519049334307
"5422",0
"5423",0.222243926905314
"5424",0.562452429446467
"5425",0.522024881679243
"5426",0
"5427",0.377367676943494
"5428",1.06758328790964
"5429",0.189506510595208
"5430",0.886083885167806
"5431",0
"5432",0.30782703063203
"5433",0.423241517305153
"5434",0.241620977712139
"5435",0
"5436",0.322876785604199
"5437",0.854673818412176
"5438",0
"5439",0.955754392242256
"5440",0
"5441",0.100242345633024
"5442",1.24959690107586
"5443",0.593568726770318
"5444",1.74429676681092
"5445",1.4756028924909
"5446",0.322827892319063
"5447",0
"5448",0.935093758777785
"5449",0.597996682805813
"5450",2.24514778666277
"5451",0.799564847468149
"5452",0.441274339282034
"5453",0
"5454",0.73555775615131
"5455",0
"5456",0.700025028013937
"5457",0
"5458",0.0221865138489441
"5459",0.47953483889277
"5460",0
"5461",1.35795877898693
"5462",0
"5463",0
"5464",0
"5465",0
"5466",0
"5467",0.689552884243045
"5468",1.55274756612656
"5469",1.38572259546919
"5470",0.0691239335217844
"5471",0
"5472",0
"5473",1.93245663792369
"5474",0.524133418458451
"5475",0.810137143204167
"5476",1.43705845584421
"5477",0
"5478",0.254360673625952
"5479",0.675538780433722
"5480",1.47513092503757
"5481",0.454199960281342
"5482",0.354690924924556
"5483",0.690265104392084
"5484",0.748042291237781
"5485",0.707088922449977
"5486",0
"5487",1.37909241804118
"5488",0
"5489",0
"5490",0.428721801173375
"5491",1.85396182403548
"5492",0.66613583312406
"5493",0.118702396876126
"5494",1.36151577591721
"5495",0.26788751590519
"5496",0.761796855316823
"5497",0.714937187888604
"5498",0.357762343266742
"5499",0.231891393704654
"5500",1.16654830982811
"5501",0
"5502",0.809480091704883
"5503",0
"5504",0
"5505",0.60857211507972
"5506",0
"5507",0.618168793565931
"5508",0
"5509",0.323446033960813
"5510",0.340967403485195
"5511",1.10726505564628
"5512",0.138776860910683
"5513",0.186965418858287
"5514",2.23082067288293
"5515",2.76459163653948
"5516",2.28262360162831
"5517",0.0943443545970624
"5518",0.821513937016402
"5519",2.49281757129189
"5520",1.1162608944171
"5521",2.48924493523785
"5522",2.17140011941012
"5523",1.74212113448398
"5524",0.241673428955566
"5525",0.533536585046076
"5526",0
"5527",0.438110802237152
"5528",0
"5529",1.1473747316087
"5530",2.09816163649419
"5531",0.248678468113073
"5532",0.728153336497848
"5533",0
"5534",0.39914550064478
"5535",1.33308845929115
"5536",0
"5537",1.54727897844017
"5538",0.0517516037917011
"5539",0.349564153851241
"5540",0.607261040531138
"5541",0.928625382415918
"5542",0
"5543",0
"5544",0
"5545",0
"5546",0.121234895450037
"5547",0
"5548",0
"5549",0.139102204029443
"5550",0
"5551",0
"5552",0
"5553",0.75528842859025
"5554",0.765136940454696
"5555",1.13223400152501
"5556",0.413854812069354
"5557",0.617432631614883
"5558",0.159541348055711
"5559",0.576926386451081
"5560",0.563552246642225
"5561",2.00215251825983
"5562",0.755821477111736
"5563",0.807328132171585
"5564",0.44600648811463
"5565",0.44600648811463
"5566",0.44600648811463
"5567",0.0846848440576742
"5568",0.0846848440576742
"5569",0.0846848440576742
"5570",0.0846848440576742
"5571",0.0846848440576742
"5572",0.341184839088398
"5573",0
"5574",0.349975314747454
"5575",0.423904507869369
"5576",0.380884959588942
"5577",0.126394647334073
"5578",0.704985511993881
"5579",0.334850602112937
"5580",0
"5581",0
"5582",0
"5583",0.324056656101773
"5584",0
"5585",0.126666760254731
"5586",0
"5587",0.330097573265482
"5588",0.804573495396086
"5589",0
"5590",0.836993645697332
"5591",0.0945036431437918
"5592",0
"5593",0
"5594",0.39740479208013
"5595",0.237230560477822
"5596",0.525171275390798
"5597",0.700707386651148
"5598",0.678872110327281
"5599",0.473636687215609
"5600",0.795026700777948
"5601",0.340416736971826
"5602",1.72036131331599
"5603",3.66770000928784
"5604",1.68499183642199
"5605",4.28984217109396
"5606",3.63329599733919
"5607",0.889232091524307
"5608",1.73476803386277
"5609",0.176207653991951
"5610",0.236986968252714
"5611",0.290970909348239
"5612",0.404610585540857
"5613",0.250328746376615
"5614",0
"5615",0.696912459772626
"5616",0
"5617",0.618164074389685
"5618",0
"5619",0.455302759105574
"5620",0.121159701901657
"5621",0.110984643957192
"5622",0.75395307401982
"5623",1.49672664184968
"5624",2.72686942293338
"5625",1.70190308840017
"5626",0
"5627",0.775386387585464
"5628",2.58447445775053
"5629",0
"5630",2.07731093837344
"5631",0
"5632",0.598800811665814
"5633",0.289430133664442
"5634",1.60195794442615
"5635",1.2072928891115
"5636",0.704019648052283
"5637",0.448236740256589
"5638",0
"5639",0.309836850890514
"5640",0
"5641",0.615535414387856
"5642",0.155057405863963
"5643",0.675103852110404
"5644",0
"5645",1.0933802934394
"5646",0.624902651131459
"5647",1.5242456588063
"5648",0.658346910871253
"5649",0.859893954609735
"5650",0
"5651",0.85985600507068
"5652",0.759903518675226
"5653",0
"5654",1.7372861897043
"5655",0.340082394656484
"5656",1.00224383024048
"5657",0.90056159470555
"5658",0.287816943883065
"5659",0.311715755211651
"5660",0
"5661",1.68531961253958
"5662",0
"5663",1.2072655071689
"5664",0.207916857298963
"5665",1.25604934804494
"5666",0.223851793771992
"5667",0.272572167688614
"5668",0
"5669",0
"5670",0.698746704739684
"5671",2.16631701030661
"5672",0.530728582906837
"5673",1.83658112214849
"5674",1.34201236549707
"5675",2.77382829190519
"5676",1.48627571863803
"5677",0.87833139612483
"5678",1.17841178062973
"5679",0.463286532910139
"5680",1.76937892111704
"5681",1.4617815346503
"5682",0
"5683",1.08535760181281
"5684",0
"5685",0.278314486031172
"5686",1.15745468908047
"5687",0.879920858406714
"5688",0.9234385095585
"5689",1.22592598816652
"5690",0.363922947920603
"5691",0.132162386525962
"5692",0
"5693",0.565738832829288
"5694",0.71932163525919
"5695",0
"5696",0.215860798823932
"5697",0.792357302727636
"5698",0
"5699",0.643329538768481
"5700",0.294112272071606
"5701",0.465101401686488
"5702",0
"5703",0.131425263250436
"5704",0.552848630913381
"5705",0.336167246877733
"5706",1.55217983447771
"5707",1.40717519016096
"5708",2.30632366472448
"5709",1.35122945213531
"5710",1.67511576177466
"5711",0.886404808670228
"5712",0.350714371524338
"5713",1.22954667013971
"5714",0.671581951095221
"5715",1.78846761281784
"5716",1.64651236814492
"5717",1.5310155599703
"5718",1.22001616338361
"5719",0.807328132171585
"5720",0.44600648811463
"5721",0.0846848440576742
"5722",0.0846848440576742
"5723",0.0846848440576742
"5724",0.0846848440576742
"5725",0.0846848440576742
"5726",0.0846848440576742
"5727",0.0846848440576742
"5728",0.0846848440576742
"5729",0.0846848440576742
"5730",0.0846848440576742
"5731",0.212934841573036
"5732",0.0846848440576742
"5733",0.0941457201258005
"5734",1.23928688107295
"5735",0
"5736",1.01103228441056
"5737",1.14047639958693
"5738",0.0646471631924195
"5739",0.505022524804241
"5740",1.01356183876623
"5741",0
"5742",0.0572983697617588
"5743",0
"5744",0.181882866648106
"5745",0.460204144591776
"5746",0.407622676931298
"5747",0
"5748",0.822102814000096
"5749",0.0398920097436882
"5750",0.579863095504486
"5751",0.0125493872079412
"5752",0
"5753",0.518467269158271
"5754",0.815204606699905
"5755",0.7256267424497
"5756",0.538451257069482
"5757",0.362896018488255
"5758",1.0534080314058
"5759",2.4860183675016
"5760",1.77805128561786
"5761",0.728284277153167
"5762",2.13413703633532
"5763",2.16068159192991
"5764",1.49464313488612
"5765",1.58714889488525
"5766",0.384801646691317
"5767",1.78391914171726
"5768",0.83293008361826
"5769",1.01075102641844
"5770",0.357480275747855
"5771",0.6056075678163
"5772",0
"5773",0.848691491626217
"5774",0.47306450341742
"5775",0.533478368287917
"5776",0.562346911416497
"5777",0.869364178761888
"5778",1.04269850967393
"5779",0.615542273829321
"5780",2.53780265794571
"5781",0.210093891197065
"5782",1.88366023573088
"5783",2.22889594229103
"5784",1.88255113597107
"5785",0
"5786",2.38794825968586
"5787",0.492347211172703
"5788",1.70012363168314
"5789",0.343276819573562
"5790",0.0674801899108227
"5791",1.4183389916778
"5792",0
"5793",1.4822196491142
"5794",0.192710045166046
"5795",0.825573734078952
"5796",0.951833012706476
"5797",0.330023297261549
"5798",0.788828876015886
"5799",2.72066820644196
"5800",1.14102606560033
"5801",1.90486945611149
"5802",0.122712375855551
"5803",0
"5804",0
"5805",0.84670212164307
"5806",2.66998776863137
"5807",0.827703820801622
"5808",2.24859577773613
"5809",1.09976576533979
"5810",1.46716952071172
"5811",0.412024329561699
"5812",0.212116114649813
"5813",0.860313189917191
"5814",0
"5815",0.498303218561404
"5816",0
"5817",0
"5818",0.383632607210155
"5819",0.817173364022533
"5820",0
"5821",0.202994812824273
"5822",0.427411067707107
"5823",3.56651498542248
"5824",0.42264142249832
"5825",2.44014670862382
"5826",1.03164655167731
"5827",0.944998603676054
"5828",0.121230448375734
"5829",0.0739019893835312
"5830",1.25180553414535
"5831",1.27825459546739
"5832",2.28831734059129
"5833",1.87112529851448
"5834",1.76325820062497
"5835",0.558215041111535
"5836",0
"5837",1.57460756208321
"5838",0.517387899772542
"5839",0.245383757826954
"5840",0.704590843462197
"5841",0.332108251000059
"5842",0.0279308184665761
"5843",0.998452220835089
"5844",0
"5845",0.643484421046585
"5846",1.32922557532411
"5847",0
"5848",0.212211069780074
"5849",0
"5850",0.168816116931809
"5851",0.91573399011121
"5852",0.83588718226408
"5853",0.788944558004997
"5854",0.243956183803468
"5855",1.21831196617965
"5856",0.877658050776176
"5857",0.95458442524172
"5858",1.86206484882932
"5859",0.2997957496079
"5860",0
"5861",1.69598173801117
"5862",2.35926083474086
"5863",1.57506264401232
"5864",1.20238244956619
"5865",0.518561678483044
"5866",0
"5867",0.295537553574
"5868",1.02983613996407
"5869",0.804205393830159
"5870",1.30346549243971
"5871",0.589855565172559
"5872",0.923003619935988
"5873",0.982176123963305
"5874",0.807328132171585
"5875",0.0846848440576742
"5876",0.0846848440576742
"5877",0.0846848440576742
"5878",0.0846848440576742
"5879",0.0846848440576742
"5880",0.0846848440576742
"5881",0.0846848440576742
"5882",0.0846848440576742
"5883",0.0846848440576742
"5884",0.0846848440576742
"5885",0.0846848440576742
"5886",0.0846848440576742
"5887",0.0846848440576742
"5888",0.0846848440576742
"5889",0.341184839088398
"5890",0
"5891",0
"5892",0
"5893",0.467060203854909
"5894",0
"5895",0.835161179529861
"5896",1.02302380703287
"5897",0.284936282294339
"5898",0.358279551496019
"5899",0.927233837967451
"5900",0.453221414832828
"5901",0
"5902",0
"5903",0.170735494569716
"5904",0.366324434650237
"5905",1.51144923223867
"5906",0
"5907",0.782316216791022
"5908",0.8869231035056
"5909",0.333060655869565
"5910",0.853261699420151
"5911",0.918221132074408
"5912",1.86096997161384
"5913",0.201290962123726
"5914",0.950870443143484
"5915",0.348662200605035
"5916",1.07896746151707
"5917",2.30449184125595
"5918",0
"5919",2.15708314679351
"5920",0.937184066897521
"5921",0.635893603055114
"5922",0
"5923",0.711935233103476
"5924",0
"5925",0.265914318728281
"5926",0
"5927",1.68599602091542
"5928",0.925800657098606
"5929",2.34154930297714
"5930",0.542775581483916
"5931",0.0919019948345204
"5932",0.598321917351808
"5933",1.19749252771472
"5934",1.27243259248374
"5935",0.737755868357039
"5936",1.04671156677166
"5937",0.525077679547305
"5938",0
"5939",1.42429859033505
"5940",0.00650472777752631
"5941",3.22026758171714
"5942",1.42581545946689
"5943",0
"5944",1.18020555860653
"5945",0.412890739729554
"5946",0
"5947",0
"5948",0.0208298857766445
"5949",0
"5950",1.21633051925611
"5951",0.998307537358034
"5952",1.97050568786976
"5953",1.52501522185199
"5954",2.89002321976232
"5955",1.66110335232714
"5956",2.80606568750987
"5957",0
"5958",2.15042553954581
"5959",0
"5960",2.23652450581023
"5961",0.657190603215241
"5962",1.51326451853892
"5963",0.0178485363583949
"5964",0.084416304199709
"5965",0
"5966",1.16251365494587
"5967",1.51949411428489
"5968",1.68031007542222
"5969",0
"5970",0.602725030659963
"5971",0
"5972",1.3800864420509
"5973",0.862016428622437
"5974",0.174792911474462
"5975",0.761788847973981
"5976",2.37898349173949
"5977",0.889692797597915
"5978",1.32964648778047
"5979",0
"5980",0
"5981",1.48288236790032
"5982",0.197155489751634
"5983",0.455058193283362
"5984",1.23991536549257
"5985",1.08093494720739
"5986",2.03111227981287
"5987",2.23545496090833
"5988",1.13557988036104
"5989",0.0595921077365009
"5990",1.17517890689734
"5991",0
"5992",2.28265399045254
"5993",0.171599638279368
"5994",1.08183767162075
"5995",0.235952129671519
"5996",0.545097420802178
"5997",0.0286169400920906
"5998",0.034919170488259
"5999",0.04144000654337
"6000",0
"6001",0.693899763137014
"6002",0
"6003",0.402550301172871
"6004",0.94018318242159
"6005",0.548306251028596
"6006",0.659254968115477
"6007",0.673445206315086
"6008",1.77309154387831
"6009",1.40122383025388
"6010",2.050561467414
"6011",2.01125746454152
"6012",0.425911638236863
"6013",0
"6014",0
"6015",2.05321150907778
"6016",1.48457216899276
"6017",1.20660959213119
"6018",1.19198452470958
"6019",0
"6020",0.872051518862797
"6021",0
"6022",0.698810887335464
"6023",0.151842191322473
"6024",0.98950633277893
"6025",1.22831110458104
"6026",1.09070769319468
"6027",0
"6028",0.807328132171585
"6029",0.0846848440576742
"6030",0.0846848440576742
"6031",0.0162505253360188
"6032",0.0846848440576742
"6033",0.0846848440576742
"6034",0.0846848440576742
"6035",0.0846848440576742
"6036",0.0846848440576742
"6037",0.0846848440576742
"6038",0.0846848440576742
"6039",0.0846848440576742
"6040",0.0846848440576742
"6041",0.0846848440576742
"6042",0.0846848440576742
"6043",0.0846848440576742
"6044",0.0846848440576742
"6045",0.597684834119121
"6046",0
"6047",0.866025152898087
"6048",0.306634024208381
"6049",0.421904659600833
"6050",0.512157404337577
"6051",0.781251920728716
"6052",0.806584624644511
"6053",0.594875594700516
"6054",0.620359046362955
"6055",0
"6056",0
"6057",0.038744776414346
"6058",0.846544463833188
"6059",0.989426193143828
"6060",0.746539584189351
"6061",2.82251474101126
"6062",0.657298648262877
"6063",0.379158997407404
"6064",0.380539453282388
"6065",0.695564714568733
"6066",1.17815522745585
"6067",0.354240904744406
"6068",0
"6069",0
"6070",0.943096519074836
"6071",0
"6072",1.78353705673364
"6073",0.519072420406685
"6074",1.47157469653851
"6075",0.275295712172774
"6076",0
"6077",0.187408100883302
"6078",0
"6079",1.50855760902397
"6080",0.20742980778488
"6081",1.65869171200037
"6082",1.01881190538378
"6083",2.04952131896265
"6084",1.04235646002751
"6085",0.0795130398315309
"6086",0
"6087",0.490633947733717
"6088",0.560059150246007
"6089",0.475516838169337
"6090",0
"6091",1.53744963430014
"6092",1.05741693085426
"6093",0.380552316667705
"6094",1.2792179447257
"6095",1.22827760827323
"6096",0.784701269452739
"6097",0.249870010177154
"6098",0
"6099",0
"6100",1.17180590331507
"6101",1.4296319023446
"6102",0.982718053963498
"6103",0.786491629602297
"6104",1.81117897806735
"6105",1.44097471418777
"6106",3.46449223214534
"6107",0.921764475870662
"6108",3.60220111306057
"6109",0.425829540272419
"6110",1.25151819854256
"6111",0.357236971695154
"6112",6.08860139400698
"6113",0
"6114",0.397631107381452
"6115",0.67484282120072
"6116",1.4611021672248
"6117",0.924258035398712
"6118",2.57749861567083
"6119",2.06454545366863
"6120",1.63317718170622
"6121",1.5523732519421
"6122",2.13159166170153
"6123",0.72131436078648
"6124",1.35308944324883
"6125",1.24285441959271
"6126",0
"6127",0
"6128",1.42947690240556
"6129",0
"6130",4.57540087967364
"6131",0.185512920645484
"6132",1.51452621358765
"6133",0.808770343501974
"6134",0.439825468016368
"6135",0.183860057590215
"6136",0
"6137",0
"6138",0
"6139",1.04657025832854
"6140",2.20043321639189
"6141",1.8867257964435
"6142",1.17840129349009
"6143",0
"6144",0
"6145",0
"6146",0.890650788824112
"6147",0.463317304065236
"6148",0.721265265602559
"6149",0.260718752609284
"6150",0.110637785204418
"6151",0.401216786405231
"6152",0
"6153",0.740688285054012
"6154",0
"6155",0.271369309145627
"6156",1.41844474925413
"6157",0.558990409766061
"6158",1.76030386259883
"6159",0.886798413397779
"6160",2.26522578327003
"6161",1.57112263632755
"6162",1.81920663531146
"6163",2.23321436746306
"6164",1.03437164564886
"6165",0.0521833435483545
"6166",0.0155733434884398
"6167",1.18873567956635
"6168",1.0389809796196
"6169",0.854172578098178
"6170",0
"6171",0.515635169713658
"6172",0.640971519078052
"6173",0.00683783814829264
"6174",0.468322375408048
"6175",0.728371396422664
"6176",0.274214182838443
"6177",0.60857090524437
"6178",0.404159627909338
"6179",0.380695627303055
"6180",0.0480407962270109
"6181",0.807328132171585
"6182",0.0846848440576742
"6183",0.0162505253360188
"6184",0.358422124247517
"6185",0.0162505253360188
"6186",0.0846848440576742
"6187",0.0846848440576742
"6188",0.0846848440576742
"6189",0.0846848440576742
"6190",0.0846848440576742
"6191",0.0846848440576742
"6192",0.0846848440576742
"6193",0.212934841573036
"6194",0.0846848440576742
"6195",0.212934841573036
"6196",0.0846848440576742
"6197",0.0846848440576742
"6198",0.0846848440576742
"6199",0.363858228908886
"6200",0.0829969983156518
"6201",1.04779730302929
"6202",0.520197733979531
"6203",1.34965501675828
"6204",0.566722045751953
"6205",1.02299616769822
"6206",0.858595605951156
"6207",1.33107399677855
"6208",0.480616253083469
"6209",0.313652054108159
"6210",1.13822510958915
"6211",0.503844038095862
"6212",0.809486272283483
"6213",1.58258257875048
"6214",0
"6215",3.86052405446853
"6216",0.288769994145401
"6217",0.338616766820826
"6218",0.0187149347953297
"6219",0.710018176966497
"6220",0.67926879810664
"6221",0.389083671785268
"6222",2.73177673744305
"6223",0.92422980531768
"6224",0.699014268550049
"6225",0
"6226",0.527417444991446
"6227",0
"6228",0.188726322304603
"6229",0.899827311710547
"6230",0
"6231",0.910335012399781
"6232",0.619353597337445
"6233",2.03373420632159
"6234",0
"6235",0.768371303965306
"6236",0.684033318910618
"6237",0.555721024504079
"6238",0.339725537185911
"6239",0.507660406521905
"6240",0
"6241",0.405033727689092
"6242",1.76047069163461
"6243",1.1630469683825
"6244",0
"6245",2.35344140362088
"6246",0
"6247",0
"6248",0.978615181167188
"6249",0
"6250",0.608470820841131
"6251",0
"6252",0.675862051725801
"6253",2.34671494159887
"6254",1.77276300572292
"6255",1.33475759437548
"6256",1.706016428415
"6257",0.979122469163802
"6258",1.04963698488128
"6259",1.47936017566495
"6260",0.638723825897441
"6261",0.254015313233678
"6262",1.47559128315379
"6263",0
"6264",5.76883231276802
"6265",3.35481445614181
"6266",0
"6267",0
"6268",0.787931151665175
"6269",0.845815679013306
"6270",2.50519875193916
"6271",2.81857310938821
"6272",1.40015453629867
"6273",1.97439499217486
"6274",0.362196320841801
"6275",0.53942020756018
"6276",0.507517003339166
"6277",0.114688383977571
"6278",0.761895124544807
"6279",1.12115087543175
"6280",0.891198504165617
"6281",0.326768697248796
"6282",1.42014539514356
"6283",0
"6284",1.38400083410843
"6285",0.156230418746287
"6286",0.0157376889792917
"6287",0
"6288",0
"6289",0
"6290",0.962566080165641
"6291",0
"6292",1.89328143424261
"6293",1.02761869718239
"6294",0.558480559531022
"6295",0.962144179837137
"6296",1.66081435437968
"6297",0
"6298",0.884542972653545
"6299",0.076817622495942
"6300",0.48687713890615
"6301",0.411462238314826
"6302",0.245757510616946
"6303",0.548009619359729
"6304",0.326830552060813
"6305",0.699828333507437
"6306",0
"6307",0.0723218822774656
"6308",0
"6309",0
"6310",0.763185125324505
"6311",0
"6312",0.822748792400008
"6313",1.05213040052506
"6314",1.66854448439549
"6315",1.27799851346233
"6316",0.895405932393753
"6317",0.488651419992882
"6318",0
"6319",0.629533771987653
"6320",0.463742767443719
"6321",1.33631599622234
"6322",0.291452820927667
"6323",0.0376863893880737
"6324",0.388215290853305
"6325",0.0538326094467145
"6326",0.20190671872151
"6327",0.14477858068214
"6328",0.126574349954546
"6329",0.060605576982899
"6330",0.598258140147893
"6331",0.0470891400001351
"6332",0.773807447223367
"6333",0.366715768845493
"6334",0.707394784671489
"6335",0.44600648811463
"6336",0.0846848440576742
"6337",0.0162505253360188
"6338",0.0846848440576742
"6339",0.212934841573036
"6340",0.212934841573036
"6341",0.0846848440576742
"6342",0.212934841573036
"6343",0.0846848440576742
"6344",0.0762530920958169
"6345",0.450588448937111
"6346",0.314577671107833
"6347",0.576363805087958
"6348",0.696946861319743
"6349",0.462733777089729
"6350",0.337613411940394
"6351",0.0792462633022213
"6352",0.174321620540393
"6353",0.169024724443842
"6354",0.945180070923892
"6355",1.32687896776223
"6356",0.761950843334881
"6357",0.802282207678266
"6358",0.633741408938101
"6359",1.08050637616762
"6360",0.643125256142046
"6361",0.724430540233295
"6362",0.24556308487858
"6363",0.774446096912048
"6364",0.714634726563371
"6365",0
"6366",0.138461218546717
"6367",0
"6368",0
"6369",1.24033375846183
"6370",0.266880617234623
"6371",0.503721190051452
"6372",0.150015320151606
"6373",0
"6374",2.94558286624897
"6375",2.34168151043661
"6376",0
"6377",0.553461331118938
"6378",0.158212469372208
"6379",0
"6380",0
"6381",0.513446285493591
"6382",0.425334003374406
"6383",0.434406046727571
"6384",0.27553034745314
"6385",0
"6386",0.387600637163765
"6387",0.339619897093305
"6388",0.683626705145588
"6389",0.018133203273631
"6390",0.4726460580352
"6391",0.128807636383101
"6392",0.103292563384523
"6393",1.05001674711766
"6394",0.585577794512399
"6395",1.81395472455012
"6396",0
"6397",0
"6398",1.25793331096274
"6399",1.05463744180219
"6400",2.42373205713481
"6401",0.624190786528784
"6402",1.00705459627955
"6403",1.87868012482195
"6404",2.35768328902759
"6405",1.55121816583892
"6406",2.13553784079869
"6407",0.555108321235332
"6408",0
"6409",0
"6410",1.06595873921566
"6411",2.29034747270486
"6412",0.300736705398337
"6413",0.99507016375063
"6414",1.15145587566984
"6415",0
"6416",2.6270647037199
"6417",1.61210070374482
"6418",0.208659227422844
"6419",1.52205370665501
"6420",2.49031809484936
"6421",1.94422382130243
"6422",2.21949257524114
"6423",0.0907617017387139
"6424",0.0398667741906293
"6425",0
"6426",0
"6427",0.234006835249776
"6428",0.61254360004534
"6429",1.11028359118354
"6430",0.861309767441247
"6431",0
"6432",0.115996159229623
"6433",0
"6434",1.14999613906641
"6435",0
"6436",0.521762169663129
"6437",0.244588760573612
"6438",0
"6439",0.0776364533778031
"6440",0.231212627947124
"6441",0.2699767889092
"6442",0.14495270523661
"6443",0.219913317655333
"6444",0.811317584202633
"6445",0.971390415416888
"6446",0.947433929107621
"6447",0.855876220509657
"6448",0.618752284577229
"6449",0.0922077664085426
"6450",0
"6451",0.0781155305705978
"6452",0
"6453",0.239205722278475
"6454",0.496081332252255
"6455",0.899282870582625
"6456",0.59248131397312
"6457",0.411805842783077
"6458",0.38306820519522
"6459",0
"6460",1.16362065934836
"6461",0
"6462",0.966676284837356
"6463",0
"6464",0
"6465",0
"6466",0.641504874227118
"6467",0.577696710058605
"6468",0.557438846965702
"6469",0.558461017409949
"6470",0.874086944634134
"6471",0
"6472",0
"6473",1.32179749457399
"6474",0.40906957279831
"6475",0.608719398743969
"6476",0.470700790586027
"6477",0
"6478",0.513425029898911
"6479",0.295496855485872
"6480",0.364252815828692
"6481",0.471707069705044
"6482",0
"6483",0.24063030051006
"6484",0.387253620839744
"6485",0.290824207724893
"6486",0.44600648811463
"6487",0.0846848440576742
"6488",0.0846848440576742
"6489",0.341184839088398
"6490",0.0097505155233929
"6491",0.20643483176041
"6492",0.597684834119121
"6493",0
"6494",0.332753087126541
"6495",0.451638234518689
"6496",0.609497596631092
"6497",0.932528970896301
"6498",1.30700776110267
"6499",1.19646270426761
"6500",1.7979973312312
"6501",0
"6502",0.715256397227638
"6503",0
"6504",0.527281926900331
"6505",0.580308163177112
"6506",0.806745630466371
"6507",0.403616573647229
"6508",0.384529793566263
"6509",0.586066483131423
"6510",0.675958284053003
"6511",0.900971665878392
"6512",0.430727557501822
"6513",0
"6514",0.535258538277355
"6515",0
"6516",0
"6517",0
"6518",0
"6519",0.960810335379228
"6520",0.594873708095188
"6521",1.04444506004063
"6522",0.0869726183179309
"6523",1.03542272851131
"6524",1.27461391066161
"6525",1.89209185876757
"6526",0
"6527",0.920862527522942
"6528",0.280055894426248
"6529",0.483993708668987
"6530",0.234654777928989
"6531",0.0331672076975934
"6532",0.142647434544858
"6533",0
"6534",0.0520416026802117
"6535",1.17912742910072
"6536",0.981606728593542
"6537",0.154016893115221
"6538",1.49316903262805
"6539",0.717508366516698
"6540",0.606763010930573
"6541",0
"6542",0
"6543",0.393508076283145
"6544",0.609452166303553
"6545",0
"6546",1.1643712852725
"6547",0.00370204669863483
"6548",1.53603792711502
"6549",0.422545941523417
"6550",1.13797934031259
"6551",0.786378894494289
"6552",1.52130455279502
"6553",0.30857157687225
"6554",0.13479002838893
"6555",1.04427488189223
"6556",2.13169986647267
"6557",0.205827862280317
"6558",2.5283443403698
"6559",0.034741844752602
"6560",1.81323164549329
"6561",1.0683390228299
"6562",0.93874653496094
"6563",2.0487478187615
"6564",1.27161105011714
"6565",1.04175472197287
"6566",0.958488324442071
"6567",0.238436307726334
"6568",0
"6569",1.60758817284289
"6570",1.3398281536057
"6571",1.50672806071841
"6572",1.86003189574501
"6573",1.79891249445204
"6574",2.86117688918819
"6575",1.18443521107651
"6576",0.6219980662452
"6577",1.16689466387278
"6578",0.536409179184203
"6579",0.884897791364909
"6580",0.780524616778941
"6581",1.02976400868364
"6582",0.921919927221467
"6583",1.32491995445473
"6584",0.45130125984102
"6585",0.528664982832253
"6586",2.04433251356004
"6587",0
"6588",1.04239755457756
"6589",0.113225732664427
"6590",0.319790577795243
"6591",0
"6592",0.286985288235996
"6593",0.119097377302841
"6594",0
"6595",0
"6596",0
"6597",1.22258120527438
"6598",0.046769365918245
"6599",1.01004857947984
"6600",0.292333976006109
"6601",0.090014756720844
"6602",0
"6603",0.392025758943471
"6604",0.137485618850633
"6605",0
"6606",0.213720825791863
"6607",2.19736827457051
"6608",0.787098143255682
"6609",0.504129103145627
"6610",0.321558416345469
"6611",0
"6612",0.208786725510125
"6613",0
"6614",0.302583721302248
"6615",0
"6616",0.696542485673341
"6617",0
"6618",0.0551756886938886
"6619",0
"6620",0.126339743392525
"6621",0.268926041222548
"6622",0.91049161754716
"6623",0.978803303788809
"6624",0
"6625",0.958601320652498
"6626",0.0362466676287288
"6627",0.551707771399249
"6628",0.740629115820019
"6629",0.0433552096195702
"6630",0
"6631",0
"6632",0.722414579708492
"6633",0.464801445234412
"6634",0.371618346950134
"6635",0
"6636",0.662063098078289
"6637",0.132302351524512
"6638",0.301027259581227
"6639",0.807328132171585
"6640",0.0846848440576742
"6641",0.212934841573036
"6642",0
"6643",0
"6644",0
"6645",0
"6646",0
"6647",0
"6648",0.538816059286191
"6649",0.733954069954974
"6650",1.19859941803752
"6651",1.25536555254756
"6652",1.57119242578823
"6653",0.798031492603917
"6654",0
"6655",0
"6656",0.429440161034019
"6657",0.291669020262633
"6658",1.35482218936975
"6659",0.304374198037276
"6660",0.836707026879279
"6661",0.295642407785821
"6662",0.241764796598888
"6663",0.592162941495259
"6664",0.53090410108631
"6665",0.0652366489938724
"6666",0
"6667",0.314342783075209
"6668",1.43123348803621
"6669",0
"6670",1.05425208916365
"6671",0
"6672",0.578866759151985
"6673",0
"6674",0
"6675",0
"6676",0
"6677",0.0665167787424612
"6678",1.04212507896112
"6679",0.201225028845889
"6680",0.69115719712807
"6681",0.273354481827967
"6682",0
"6683",0.683064929263594
"6684",0.362904775444351
"6685",0.342982881647951
"6686",0.475435830400847
"6687",0.953454185044501
"6688",0
"6689",0.209757739942977
"6690",0.990242989533322
"6691",0
"6692",0.578739719714241
"6693",0.0913650185266806
"6694",0.497629190931015
"6695",0.710622064348076
"6696",1.15438367246443
"6697",0.038611220832681
"6698",1.20634833093468
"6699",2.27027138481699
"6700",0.773444779488083
"6701",3.65337703173827
"6702",2.08011596486213
"6703",1.51874997583323
"6704",0.44835451238063
"6705",1.03621780863582
"6706",1.36854472917246
"6707",0
"6708",0.560117234902324
"6709",0.104450304516068
"6710",0.187384384267589
"6711",0
"6712",1.27049586122046
"6713",0.0135599532974169
"6714",0.905825999168105
"6715",1.55956169780371
"6716",1.0009010124285
"6717",1.80782670703052
"6718",0.728960376192918
"6719",1.93148726304431
"6720",1.45570090376058
"6721",0.700860128347419
"6722",1.39364218441576
"6723",1.22680919338905
"6724",1.0327686124778
"6725",1.3444582996295
"6726",1.73841012355647
"6727",0.976990175777167
"6728",1.46169209122199
"6729",1.42796586987508
"6730",1.56982282462573
"6731",1.34445964816433
"6732",1.65606453222981
"6733",1.69543188760861
"6734",0.691002639386276
"6735",0.15935192631712
"6736",1.30027019789389
"6737",0.751359752349067
"6738",1.5888378211129
"6739",1.08998081646427
"6740",1.53579653681464
"6741",0.483250601933758
"6742",0.147662969953927
"6743",0
"6744",0
"6745",0.134726069638896
"6746",0.0826119454827662
"6747",0.280845151401258
"6748",0
"6749",0.557020322286707
"6750",0
"6751",0.939469557918772
"6752",0.145632223176857
"6753",0.13173591695057
"6754",0.632412935428815
"6755",1.13437561892081
"6756",0.450281757372353
"6757",1.60432520386302
"6758",1.00223876852927
"6759",1.12531525655261
"6760",0.165552681283615
"6761",0.241334788143365
"6762",0.221086468972985
"6763",0.490681029722499
"6764",0.257157877604795
"6765",0
"6766",0.443854918408479
"6767",0.0298292326745901
"6768",0.716971805643007
"6769",0
"6770",0.551389511982336
"6771",0
"6772",0.23733433976079
"6773",0.364041817545898
"6774",0.647732386778246
"6775",1.04854878472284
"6776",0
"6777",0.706877192657535
"6778",1.14032259622102
"6779",0.919461195534734
"6780",1.11329532744451
"6781",0.659117790305526
"6782",0.437245849164607
"6783",0.343785111477168
"6784",1.01156784732132
"6785",0
"6786",0.010095219287265
"6787",0
"6788",0.182255858043002
"6789",0.202384924115972
"6790",0.44600648811463
"6791",0.0846848440576742
"6792",0.725934831634483
"6793",0
"6794",0
"6795",0.342585303018406
"6796",0.0667175632982695
"6797",0.370165011302064
"6798",0.469761250103921
"6799",0.680322492298177
"6800",0.350880153377563
"6801",0.812371360373853
"6802",0.833114103577595
"6803",1.65072793338202
"6804",0
"6805",0.584288402480683
"6806",0.0502696825244733
"6807",0.433132811738438
"6808",0.0238413275529231
"6809",0.406363107968001
"6810",0
"6811",0.632675054057675
"6812",0.528735343888797
"6813",0.613431296290662
"6814",0.345041016411965
"6815",0.379973850979026
"6816",0.228702212567676
"6817",1.64663879271947
"6818",0.316291070952776
"6819",0.819176276849862
"6820",0
"6821",0.412812051156983
"6822",0
"6823",0.0126121185743647
"6824",0.622980332974469
"6825",1.22672263783015
"6826",0.591166527415867
"6827",1.72712381747644
"6828",0.321647161582529
"6829",0.30335777685732
"6830",0.505605314751052
"6831",0.508924308688992
"6832",1.49117194761102
"6833",1.51647919277108
"6834",0.487105924765959
"6835",0.55658485422246
"6836",0
"6837",0.265627762183083
"6838",0.00359669830377851
"6839",0
"6840",0.959850384787828
"6841",0.0349432848561075
"6842",0.375643264228126
"6843",0.538895724937819
"6844",0.474220061931477
"6845",2.71324731017278
"6846",0
"6847",1.02892450720529
"6848",0.780324343071797
"6849",1.22809407218304
"6850",1.83524322813969
"6851",0.269692791837923
"6852",0.367898069641068
"6853",0.620057073378725
"6854",1.1864382111819
"6855",0.771855230261344
"6856",1.14960251664112
"6857",2.73905254433262
"6858",0.580314212401043
"6859",1.76704391619104
"6860",0
"6861",0.694283709950625
"6862",1.64994561995543
"6863",1.71950244254778
"6864",2.0642733876298
"6865",1.5421054076604
"6866",0.358233029281823
"6867",1.85457556746427
"6868",1.42356093017539
"6869",0.758419134761046
"6870",0.431748728696571
"6871",0.447136332760999
"6872",1.34477942172672
"6873",0.640244363805167
"6874",0.716521399031293
"6875",1.852874107953
"6876",1.04014575375003
"6877",0.843500076775322
"6878",1.23797276857994
"6879",0.914912426885792
"6880",0.468003775980949
"6881",0.850267356524268
"6882",1.29817422191127
"6883",0.290507823261099
"6884",2.94241021990238
"6885",1.26271194333056
"6886",1.22017750056924
"6887",0.558378469553726
"6888",0.591515022401583
"6889",0.432236214586573
"6890",0.193869320733819
"6891",0.123926744638459
"6892",0.450771567019109
"6893",0.786076600905212
"6894",1.833337893325
"6895",0.39129705342106
"6896",0
"6897",0
"6898",0.273245729054619
"6899",0.356501299586741
"6900",0.472573041748272
"6901",0.901888109410445
"6902",0.742874524466119
"6903",1.00109706179173
"6904",0.97268434754999
"6905",0
"6906",0.894488932988892
"6907",0
"6908",0.360104508642625
"6909",0
"6910",0.390679468839122
"6911",0
"6912",0.249568256920949
"6913",0.0507471458851646
"6914",0
"6915",0
"6916",0
"6917",0
"6918",0
"6919",0
"6920",0.32498645269743
"6921",0.170325539829006
"6922",0.128738447949814
"6923",0.307357803373357
"6924",0.85123689113855
"6925",0.283476907700882
"6926",1.97946735679081
"6927",0.366925738689555
"6928",0.91060609388136
"6929",0
"6930",0
"6931",0.167007892846913
"6932",0
"6933",0.634292866339251
"6934",0.023281100584008
"6935",0.304876178120853
"6936",0.807328132171585
"6937",0.212934841573036
"6938",0.26625052049267
"6939",1.28664264855457
"6940",0.158699070289019
"6941",0.213211932006693
"6942",0.089714642633083
"6943",0.108595699860526
"6944",0
"6945",0.145789473075373
"6946",0.166416648596952
"6947",0.222630155862201
"6948",0.880458093713936
"6949",0.254459681459125
"6950",0.138213736719248
"6951",0.141950121210724
"6952",0.0573140098625864
"6953",0.0590759329200594
"6954",0.626896512115564
"6955",0
"6956",0.646877210730907
"6957",0.247683281119372
"6958",0.644121960298036
"6959",0.529504513941174
"6960",0.23358308855348
"6961",0
"6962",1.03611001899992
"6963",1.95635898372966
"6964",0.478232893809189
"6965",0.00794626244944596
"6966",0.193914607473928
"6967",0
"6968",0.124109616846233
"6969",0.148970698135337
"6970",0.38054118925825
"6971",0.476226666992014
"6972",0.693336311558112
"6973",0.298114911873287
"6974",0.209025120910925
"6975",0.493624037255954
"6976",0.92850124577155
"6977",0.217165739296125
"6978",1.56134198396505
"6979",0.455495469265345
"6980",0.126144580196494
"6981",0.799716180700158
"6982",0
"6983",0.816562041630913
"6984",0.927718321349957
"6985",0.270415940740845
"6986",0
"6987",0
"6988",1.25811801120314
"6989",1.38925007902494
"6990",0.406280014343738
"6991",0.724625544588685
"6992",0.0499680957786461
"6993",1.02924742783973
"6994",0.409378304835538
"6995",1.26446377674617
"6996",0.334760476018615
"6997",4.13386025147144
"6998",1.09064287469541
"6999",0.62085988995489
"7000",3.2099014302617
"7001",1.66856854549921
"7002",2.22005679191482
"7003",1.33496836464913
"7004",1.80894418839475
"7005",2.78486506121752
"7006",1.79680564466333
"7007",1.00054981457713
"7008",0
"7009",1.2456978308876
"7010",2.65661217119528
"7011",1.05741771337423
"7012",0
"7013",0.501044032375505
"7014",0.617847936495767
"7015",0
"7016",1.99607711766846
"7017",1.81738703600142
"7018",2.62548547957358
"7019",0.208169793449041
"7020",1.74593498504917
"7021",0.0417201806024228
"7022",0.338177441176161
"7023",0.852327389248444
"7024",1.71599125964293
"7025",0
"7026",0.793809404144631
"7027",0
"7028",0.562618136892539
"7029",0
"7030",0.67756925743402
"7031",0.88335416686434
"7032",0
"7033",0.265359027565423
"7034",0.425931368996129
"7035",0.279876431960008
"7036",0
"7037",0.688198956896493
"7038",0
"7039",0.49773304319127
"7040",0.422516992860826
"7041",0
"7042",0.297199901474014
"7043",0.746553614931771
"7044",0.385580490165192
"7045",0.542932235957043
"7046",1.13421783757745
"7047",0
"7048",0
"7049",0
"7050",0
"7051",0.0944363302416106
"7052",0
"7053",0
"7054",0
"7055",0.14670916709124
"7056",0.430967245109727
"7057",0
"7058",0.229046996625691
"7059",0.252879192752881
"7060",0
"7061",0
"7062",0
"7063",0.277950359737683
"7064",0.0744527607168711
"7065",0.00124928358620346
"7066",0.389381590110792
"7067",1.23807254943791
"7068",0.259419924722071
"7069",1.08645770951104
"7070",0
"7071",0.749611592082839
"7072",0.338403877217804
"7073",0.435127023001469
"7074",0.960228637578039
"7075",0.401866203639973
"7076",0.429684311887164
"7077",0.551434309528453
"7078",0.319993700852404
"7079",0.807328132171585
"7080",0.341184839088398
"7081",0.307005409108571
"7082",0.478386232607973
"7083",0
"7084",0.00885368139939635
"7085",0
"7086",0.284704593021183
"7087",0
"7088",0.230542248727985
"7089",1.04037970239961
"7090",0.544299008914906
"7091",0.950432014629094
"7092",0.0160511971299306
"7093",0.0935513787453248
"7094",0.0839060339367552
"7095",0.308449806745805
"7096",0
"7097",0.285797628707535
"7098",0.0237537562152401
"7099",0.753824405849313
"7100",0.270799719522094
"7101",0.26044711398825
"7102",0.0137179475936151
"7103",0.579459297038621
"7104",0.14927042225831
"7105",1.34249182973442
"7106",0.163699360025924
"7107",0.72997081589306
"7108",0.190900399556186
"7109",0.24796462706252
"7110",0.344455157102845
"7111",0.58643845104233
"7112",0.419858933398248
"7113",0.645520392404567
"7114",1.27115457868504
"7115",0.903127054686473
"7116",0.321998097712691
"7117",0.407172738520768
"7118",0.20953917170987
"7119",0.907952355644642
"7120",1.55000261656313
"7121",1.20290417022336
"7122",0.912808917391798
"7123",1.33802673738172
"7124",0.905227529555411
"7125",0.408094105684223
"7126",0.624334603204819
"7127",0.638867302681342
"7128",0
"7129",0.345113100440305
"7130",0.687739864036842
"7131",1.84360241383084
"7132",5.72646629309981
"7133",2.04733705215851
"7134",1.0167091314379
"7135",0
"7136",0
"7137",0
"7138",1.52152467016798
"7139",0
"7140",1.86082142404343
"7141",3.40825311778481
"7142",1.85828156956562
"7143",0
"7144",1.41396873447056
"7145",2.08430836828567
"7146",2.70635806568147
"7147",1.67056114184127
"7148",1.98102660734882
"7149",0.881156719603303
"7150",0.447813396716313
"7151",2.99673785898097
"7152",1.74632827652383
"7153",0.442047509185319
"7154",0.624229300379021
"7155",1.44199315493204
"7156",1.67753368056917
"7157",1.72818090663858
"7158",2.23309244001814
"7159",2.83826156567134
"7160",1.09980829532051
"7161",0.758270838214983
"7162",0.3593602122099
"7163",0.361278534724843
"7164",0.349045205592136
"7165",1.14084734310786
"7166",1.0943713653562
"7167",0.856405583644928
"7168",1.96754488367567
"7169",1.65461152393241
"7170",0.270834112325844
"7171",1.08561469629134
"7172",0
"7173",0.741452875385238
"7174",1.22307260563806
"7175",0
"7176",1.91111520050203
"7177",0.544260274684121
"7178",0.955949518364489
"7179",0.814128136642185
"7180",0
"7181",0
"7182",0.583191273797418
"7183",0.318821924818314
"7184",0.987460201848848
"7185",1.87906562628428
"7186",0
"7187",1.44513150413613
"7188",0
"7189",0.0992959002235621
"7190",0.526050898786592
"7191",0.206934922494468
"7192",0
"7193",0.353054262046164
"7194",0.167142828184271
"7195",0.296617490821917
"7196",0.433222396518139
"7197",0.211523691785982
"7198",0.122300778370299
"7199",0.579262547805862
"7200",0.0937459815515049
"7201",0.492018800324147
"7202",0
"7203",0.267655018517775
"7204",0.176562012804381
"7205",0.927926298588721
"7206",0.0424378649000645
"7207",0.669070713274574
"7208",0.00707602702299592
"7209",1.50362934456807
"7210",1.2889048143106
"7211",0
"7212",0.345053097145632
"7213",0.649431227141656
"7214",0.466797063693565
"7215",0.165614357696716
"7216",0.130807453102927
"7217",0.0518832308285903
"7218",0.0396076272824315
"7219",0.208596284384762
"7220",0.170494642288674
"7221",0.774098712702391
"7222",0.0889200682964825
"7223",1.10012319261166
"7224",0
"7225",0.436148538658782
"7226",0.0347746131523314
"7227",0.257037513691361
"7228",0
"7229",0
"7230",0
"7231",0.822132052068573
"7232",0.50048938471559
"7233",0
"7234",0.367877402446444
"7235",0.452275976031457
"7236",0
"7237",0.398331483212377
"7238",0.181584118218818
"7239",0.825791163115907
"7240",0.128131423393712
"7241",0.367177687117639
"7242",0
"7243",0.215061392699435
"7244",0.208561392825362
"7245",0.215061392699435
"7246",0.215061392699435
"7247",0.25975843169112
"7248",0.403127069008504
"7249",0
"7250",0.704049736263859
"7251",0.56317738194526
"7252",1.52412951032374
"7253",1.57595050307521
"7254",0.696781944028164
"7255",1.12850331285696
"7256",0
"7257",0.665983147143969
"7258",0.345490645688961
"7259",0.423181880878027
"7260",0.563758404795226
"7261",1.14980503502925
"7262",1.55212527232706
"7263",1.08104237877617
"7264",0.980529116838065
"7265",1.96330100903452
"7266",0.427688804294771
"7267",1.83058316709703
"7268",0.983068330664941
"7269",3.38046906249833
"7270",2.42313381581425
"7271",0.87853644275653
"7272",0.79849865404996
"7273",1.04441526902066
"7274",0.77336558837072
"7275",1.59190813130586
"7276",0
"7277",1.09921015492263
"7278",1.2863239955414
"7279",0
"7280",0.999190887593881
"7281",0
"7282",4.36102968993112
"7283",2.44110238441779
"7284",1.7785053348781
"7285",0
"7286",1.09477558085227
"7287",2.03306948365412
"7288",0.210522619475315
"7289",0.731691861230082
"7290",1.60884295028699
"7291",2.56760147030681
"7292",1.93004827847866
"7293",0
"7294",2.827983455577
"7295",1.75039319807541
"7296",2.99170239621378
"7297",0.94718709764902
"7298",0.286012037849453
"7299",2.64403826279495
"7300",2.40917903832896
"7301",2.18407391525875
"7302",2.83410474982951
"7303",3.13345989873442
"7304",2.41337812965795
"7305",0
"7306",1.81139611655572
"7307",1.48608376960395
"7308",1.50430102521627
"7309",0.775145424837411
"7310",0.965992226411663
"7311",0.318259993350342
"7312",0.348753090591798
"7313",0
"7314",0
"7315",0.851348794295756
"7316",0.209049099970214
"7317",0.494583974012879
"7318",0.318167076328898
"7319",1.21256060589064
"7320",0
"7321",0.0618637715053354
"7322",0.737652330512884
"7323",0.197481064432858
"7324",0.216267039604422
"7325",1.64816403592565
"7326",1.05592458181117
"7327",1.55444664943811
"7328",0.734841645320157
"7329",0
"7330",1.30023820559059
"7331",0.945403167088803
"7332",1.23691184553662
"7333",1.00994399598751
"7334",0.0945313448960694
"7335",0.293295888288804
"7336",0.136273367597607
"7337",0.0559747037604658
"7338",0
"7339",0.119488121457498
"7340",0.531623765283069
"7341",0.379860457155342
"7342",0.72482891228606
"7343",0
"7344",0
"7345",0
"7346",0.0220861923543261
"7347",0.333753428082792
"7348",1.11776080855941
"7349",0
"7350",1.34692581496576
"7351",0.896093893106091
"7352",0.016665878406214
"7353",0
"7354",0.306387065766276
"7355",0.184321427667538
"7356",0.319942289848028
"7357",0.115803460132486
"7358",0.234351445219073
"7359",0.650174817952933
"7360",0.257516704981117
"7361",0.0144202749052611
"7362",0
"7363",0
"7364",0.0675089428447038
"7365",0.268747702853851
"7366",0
"7367",0.74132323427213
"7368",0
"7369",0.743139552766283
"7370",0.660839008191399
"7371",0
"7372",1.14199081586012
"7373",0.0856905311995162
"7374",0.424792333596063
"7375",0.47863443547535
"7376",0.855454407551279
"7377",0.441075900929684
"7378",0.700758499188568
"7379",0.762111764826496
"7380",0.454861549323265
"7381",0.185601236115978
"7382",0
"7383",0.0750914824579014
"7384",0
"7385",0
"7386",0.0596346145654902
"7387",0.0563314252433842
"7388",0.0461923519228078
"7389",0.485023502638428
"7390",0.304339154159593
"7391",1.95079200183299
"7392",0.917717029810884
"7393",2.27153089569152
"7394",0
"7395",0
"7396",1.74189977424979
"7397",0.60874995973193
"7398",0
"7399",0
"7400",1.50898814964999
"7401",0
"7402",0.922744532969804
"7403",0.84692685078267
"7404",1.25026896157632
"7405",1.31352318367455
"7406",1.20248741841058
"7407",1.20209846294874
"7408",0
"7409",1.68546174853215
"7410",1.62942910265087
"7411",1.992171776075
"7412",2.8316674149525
"7413",5.46146836789216
"7414",1.120476240495
"7415",1.91239509095538
"7416",1.47255914152472
"7417",1.3871836935506
"7418",1.91087272566233
"7419",0.486404051780949
"7420",1.88106762250194
"7421",0
"7422",2.87678704793376
"7423",3.65085670775033
"7424",3.81889156905262
"7425",3.02130860080661
"7426",2.45466253468388
"7427",0.648282480267561
"7428",2.40927498736701
"7429",3.27599410851152
"7430",0.464729486658539
"7431",2.41666113500283
"7432",1.00961101360131
"7433",1.86109024123798
"7434",0.771473716779009
"7435",2.16479353848024
"7436",1.92196985919019
"7437",0.381002222131803
"7438",1.6037359968093
"7439",1.52127886302052
"7440",0.907718181585679
"7441",2.6433379624955
"7442",1.43019596498332
"7443",1.91848168139104
"7444",0.834935306324388
"7445",3.42146853980647
"7446",2.06890532661276
"7447",2.91765801919414
"7448",3.01239081251429
"7449",1.33956053505944
"7450",0
"7451",0.726309488573829
"7452",1.18185307893934
"7453",0.761664277285368
"7454",1.00161772609778
"7455",0.888228096074633
"7456",0.146708790908189
"7457",0.67938085657826
"7458",0.635716558965893
"7459",0
"7460",0.896895100410616
"7461",0
"7462",0.506666390728273
"7463",0.957652716516632
"7464",0.665956504460177
"7465",0
"7466",0
"7467",0.765778295929288
"7468",0
"7469",1.61825720380727
"7470",0.110970950213714
"7471",4.36579496138851
"7472",0.695600884601898
"7473",1.78986298553459
"7474",0.792053406514133
"7475",1.78165788210997
"7476",2.27830954890113
"7477",1.45966967527006
"7478",0.199003239228409
"7479",0
"7480",0.382167324359646
"7481",0.480790612316652
"7482",0.239916156710282
"7483",0
"7484",0.441674670390696
"7485",0.599934491190603
"7486",0.522737502833899
"7487",0.112653062463728
"7488",0.505256281432459
"7489",0
"7490",0.295654659123115
"7491",0.39737277935211
"7492",0.335893464814112
"7493",0.825468412819773
"7494",0.465047177874303
"7495",0.376010860268494
"7496",0.269344272778184
"7497",0.414372931887505
"7498",0.290807101644769
"7499",1.08975534353899
"7500",0.380218475826308
"7501",0.400445574705807
"7502",0.484245192996479
"7503",0
"7504",0.574319784736766
"7505",0
"7506",1.12820077598992
"7507",0.267814366570889
"7508",0.876346226406199
"7509",0.069644053769814
"7510",0.710201741985183
"7511",0.201616748893042
"7512",0.497524071654179
"7513",0.182976616262051
"7514",0
"7515",0
"7516",0
"7517",0.516845507783746
"7518",0.40769032106336
"7519",0.9181935867702
"7520",0.121085139795117
"7521",0
"7522",0
"7523",1.08616824782229
"7524",0
"7525",0.370747434917574
"7526",0
"7527",0
"7528",0
"7529",0
"7530",0.179805227794913
"7531",0
"7532",0.478243899729062
"7533",0.0761566034835498
"7534",1.2713044354629
"7535",1.32051187452465
"7536",2.5072602228929
"7537",1.13900460651962
"7538",1.57253067446656
"7539",0.460340997999301
"7540",1.1121899436823
"7541",1.81883442208614
"7542",0.260232062146227
"7543",2.06692054685663
"7544",0
"7545",0
"7546",0
"7547",1.18698846216016
"7548",1.71392691838609
"7549",0.257343349505138
"7550",1.26488523479207
"7551",1.21459216106779
"7552",0.511822502370854
"7553",1.12108032711733
"7554",2.71177004848794
"7555",2.93756157673232
"7556",5.20590495360826
"7557",3.87735496985738
"7558",1.82998873036595
"7559",1.53377801492868
"7560",1.73667528373776
"7561",3.11777694714944
"7562",2.71783596366646
"7563",0
"7564",2.21463333724884
"7565",0.664411032787161
"7566",4.80277514647598
"7567",0
"7568",4.03736722510111
"7569",0
"7570",0.561235369289898
"7571",0
"7572",2.30966088098013
"7573",0
"7574",2.76652307889156
"7575",0.694313185344336
"7576",4.37383360928016
"7577",4.72394894769755
"7578",2.17649075942685
"7579",0
"7580",1.07979305602913
"7581",2.54282261320083
"7582",1.37108654778388
"7583",2.4533283762156
"7584",1.97018019589887
"7585",1.85442465117885
"7586",3.33425611874615
"7587",0.693860762758637
"7588",1.80923179531889
"7589",0.669756893310473
"7590",2.08819849025343
"7591",0.759769923021065
"7592",1.46635695942861
"7593",0.162308332776353
"7594",1.96017880089069
"7595",0.957894220234603
"7596",2.04488058520854
"7597",1.06181482139847
"7598",0
"7599",0.5643804067466
"7600",0.951136653256702
"7601",0.627742819290002
"7602",0.14370190660074
"7603",1.00983918609459
"7604",1.23210236031532
"7605",0
"7606",0.802311366554092
"7607",0
"7608",1.68616364350825
"7609",0.91406915730333
"7610",0.819258214463917
"7611",1.15018880916572
"7612",0.841719261765622
"7613",0.461175438238274
"7614",0
"7615",0
"7616",0.636552796599018
"7617",0.135418449940627
"7618",1.89586117023944
"7619",1.13317739374417
"7620",3.65829192872672
"7621",2.01542594278346
"7622",1.94213082151729
"7623",0.861276387537235
"7624",0.627490534700469
"7625",0.344227371174123
"7626",0.777836132412918
"7627",1.08962951456471
"7628",0
"7629",0.148329236280493
"7630",0.0248949599646152
"7631",0.828835546581881
"7632",0.458713269350071
"7633",0.117289947767346
"7634",0.196195997136178
"7635",0.567002744372545
"7636",0.883973288080809
"7637",1.61632758441046
"7638",0.470911887529359
"7639",0.449505392416526
"7640",0.414210396736716
"7641",0.840912012933253
"7642",0.63584512952203
"7643",0
"7644",1.47084033017891
"7645",0.0853939532291634
"7646",0.402480078317586
"7647",0
"7648",0.611613997719311
"7649",0
"7650",0.649508453373965
"7651",0.258011410272498
"7652",0
"7653",0.221807768429077
"7654",0.106542245220681
"7655",1.28116089393321
"7656",0.588616881173776
"7657",0.343408243343646
"7658",0.472392186697848
"7659",1.39976078153598
"7660",0.229972857538665
"7661",1.69264658586437
"7662",0
"7663",0.183755611543663
"7664",0.4505219082587
"7665",0
"7666",0
"7667",1.98505260836868
"7668",0
"7669",0.622176097906364
"7670",0
"7671",0.648275942105769
"7672",0.224958666301376
"7673",0.0096080234050413
"7674",0.261105571414634
"7675",0
"7676",0.400225678437104
"7677",0.584727544170827
"7678",1.39835387965344
"7679",0.0657521994989267
"7680",2.19402661230196
"7681",0.456945142754985
"7682",1.18405690816832
"7683",0.603234796055664
"7684",1.47030463476944
"7685",0.917825437488052
"7686",0.820675701052548
"7687",0.817306015187822
"7688",1.14477416581865
"7689",2.11483967229993
"7690",0
"7691",1.62648063874198
"7692",0.276666274289343
"7693",0.418531020521554
"7694",0.176509523294727
"7695",1.27147682937296
"7696",0.96041818327739
"7697",0.695963223523932
"7698",2.09104741561083
"7699",1.14648533025602
"7700",1.73866122332586
"7701",3.73903035483055
"7702",2.56381773433572
"7703",2.05863673804021
"7704",1.34489483226475
"7705",0.927250559684322
"7706",2.92438569791326
"7707",1.60943167806883
"7708",2.79531604590708
"7709",4.57715633972683
"7710",2.69102497021672
"7711",0.967436118719117
"7712",0
"7713",0.91795205818285
"7714",6.03664719430047
"7715",3.84331058943733
"7716",1.5358991028701
"7717",2.01495716522088
"7718",1.99523343071153
"7719",0
"7720",2.1396986461466
"7721",0.812619105525416
"7722",3.01802215845787
"7723",6.1331423987705
"7724",5.2120235529251
"7725",0
"7726",4.90865477380725
"7727",3.61624349257074
"7728",2.96261791538377
"7729",2.07751952857712
"7730",3.55888783708329
"7731",1.78786953451787
"7732",3.78450497324379
"7733",1.67307474043854
"7734",4.64722171624837
"7735",1.60937743165205
"7736",2.98382953204181
"7737",2.02223950578874
"7738",0.656045114434563
"7739",0.523954268499438
"7740",0
"7741",0.765246344436919
"7742",0.995003757323237
"7743",0.644645564402193
"7744",0.420754805373163
"7745",1.42775110265465
"7746",1.87115246704477
"7747",1.33549039054215
"7748",0.966216879857941
"7749",1.84907098697251
"7750",0
"7751",0.866851137755037
"7752",1.39713265512705
"7753",0.947059402419766
"7754",0
"7755",2.21526505132787
"7756",0.289219386272818
"7757",1.18877235144731
"7758",1.23741902518101
"7759",2.53183126820158
"7760",0.598874101269166
"7761",1.40188930034999
"7762",0.719386590116349
"7763",0.4461433838513
"7764",0
"7765",0.574482212489646
"7766",0.457463142831894
"7767",0.79004666640836
"7768",1.15016479199832
"7769",0.161260739068263
"7770",0.687387145723139
"7771",0.235702816215542
"7772",0.482519702148941
"7773",0.391613724154275
"7774",0.0694409420151528
"7775",0
"7776",0.758636828802878
"7777",1.36469542656675
"7778",1.19630459630659
"7779",0.870768595718875
"7780",0.704804921220254
"7781",0.455366375522563
"7782",0
"7783",0
"7784",0
"7785",0
"7786",0
"7787",0.35528759984481
"7788",0.0968998180857195
"7789",0.302814335940674
"7790",0
"7791",0.234178428979785
"7792",0.117020915965406
"7793",0
"7794",1.86439365587411
"7795",1.18227799069589
"7796",2.93460029392409
"7797",1.86439781600652
"7798",1.45886339823421
"7799",1.42143722483462
"7800",1.72246006599212
"7801",0.88755424435369
"7802",0.644761214489444
"7803",0.20517542676651
"7804",1.32127364011519
"7805",0
"7806",0.379668952932928
"7807",0.322888262755996
"7808",0.211386482718212
"7809",0
"7810",1.8635610338121
"7811",0
"7812",0.270219663080664
"7813",0.610711459297296
"7814",0.0774048296763528
"7815",1.1911391509215
"7816",0.455033669754996
"7817",1.49201298488316
"7818",0.453991144335239
"7819",0.50332206278679
"7820",0.198236521985274
"7821",1.4775793802807
"7822",0.665510179616596
"7823",0.762029401520912
"7824",0.625485523174818
"7825",0.700003528750428
"7826",0.828059797076882
"7827",0
"7828",0.450075582679616
"7829",0.555620907444657
"7830",2.44138539353157
"7831",0.245816082793557
"7832",0.142367904940401
"7833",0.0514261108377221
"7834",0.992661703764909
"7835",1.38572128406717
"7836",1.12865377006749
"7837",1.72893791607137
"7838",1.67126877337309
"7839",0.650192049483259
"7840",1.67583649283267
"7841",0.0452247597171445
"7842",0.396438775577385
"7843",0.979468392218057
"7844",1.24661194865406
"7845",0.979525376620997
"7846",0
"7847",0.65261741696953
"7848",0.534579653436392
"7849",2.81736444511661
"7850",3.1722032867176
"7851",6.69707823078983
"7852",0.317207775885238
"7853",6.45595935727748
"7854",2.87747725981454
"7855",4.27327732198441
"7856",3.61949340757973
"7857",2.28917173779644
"7858",1.82340669522624
"7859",2.54203208289988
"7860",0.932075613156696
"7861",1.4606433194454
"7862",0.588195222777545
"7863",1.30350659786733
"7864",7.28742662244813
"7865",7.20266906019034
"7866",2.53600752109672
"7867",2.38422594040235
"7868",5.52360170174603
"7869",4.55722896873479
"7870",5.62220619098541
"7871",0
"7872",2.93771799244066
"7873",1.95289362920097
"7874",1.80829296415678
"7875",1.36831781369874
"7876",2.27158822849583
"7877",1.97539758961635
"7878",2.49593533124729
"7879",1.32313556514358
"7880",0
"7881",0
"7882",1.16286082108158
"7883",2.01302596104869
"7884",0.753755771139689
"7885",0
"7886",0
"7887",1.16154164496143
"7888",2.17400583140853
"7889",1.02615012850923
"7890",0.79529725453137
"7891",1.45322689652177
"7892",0.531745484666653
"7893",0.618196841897851
"7894",1.78920871334408
"7895",1.97870538614462
"7896",0.100531183654233
"7897",1.37391335555704
"7898",2.04859981539399
"7899",0.937232782800764
"7900",0.764943804268025
"7901",0
"7902",0
"7903",0
"7904",0.156599753969895
"7905",0.306949846980187
"7906",0.511003559550243
"7907",0.90939866847031
"7908",1.37922821569156
"7909",0.398539155960881
"7910",0.6803041876544
"7911",0.600802118675942
"7912",0.309836639898863
"7913",0.0187771686514638
"7914",0.164306904275163
"7915",0.164306904275163
"7916",0.309836639898863
"7917",1.08076599151026
"7918",0
"7919",1.07520682070135
"7920",0.293510996438607
"7921",1.17434348648876
"7922",0.479704933585318
"7923",0.189501025078704
"7924",0.188283867074733
"7925",0
"7926",0.773984055199771
"7927",0
"7928",0.144839908182302
"7929",0.0721922992639081
"7930",0
"7931",0
"7932",2.88601004360632
"7933",1.31745729891263
"7934",2.23622669657431
"7935",2.27895348580664
"7936",0
"7937",1.13211030898972
"7938",0.760307222499241
"7939",0.357275872149615
"7940",1.40124361231289
"7941",0.0573847163657685
"7942",0.630518705104798
"7943",0.108713867414345
"7944",1.31976463595332
"7945",0
"7946",0
"7947",0
"7948",0.357262579024578
"7949",0.953866451019033
"7950",0.205648569030501
"7951",1.11381567445931
"7952",0.546336875608646
"7953",1.28326750792332
"7954",0.0746417793629139
"7955",0.820915612430451
"7956",0.307945551011871
"7957",0.0263441910920292
"7958",0
"7959",0
"7960",0.81191837895805
"7961",0.330877804514157
"7962",1.24114049500675
"7963",0
"7964",0.914966508492728
"7965",1.46798113175162
"7966",1.29295575888649
"7967",0.101650087278098
"7968",1.22965696589795
"7969",0.343124576809765
"7970",1.13516609439773
"7971",1.47253063992433
"7972",0.69195401373306
"7973",0.987110937163547
"7974",2.34233741944928
"7975",1.64439205162248
"7976",1.12975542960507
"7977",0.44753716513971
"7978",0.876016036169096
"7979",0.376726083242338
"7980",0.784951449647544
"7981",1.0102982998189
"7982",0.580301909559129
"7983",1.60568848017088
"7984",2.88275014990151
"7985",2.45975679850712
"7986",0.420076170095517
"7987",2.31563471022408
"7988",2.16051482764357
"7989",1.09697793445277
"7990",0
"7991",1.27942230089216
"7992",0.394899218031227
"7993",1.50759747408073
"7994",4.67031293004785
"7995",5.98028117387171
"7996",4.80822311542962
"7997",3.43872586844662
"7998",0.515734718373531
"7999",3.51202758593099
"8000",4.73030294442892
"8001",5.83678508012535
"8002",4.92362809674399
"8003",6.29893551848556
"8004",1.20967889899422
"8005",2.16053958257325
"8006",4.88995128522299
"8007",1.61295435462344
"8008",0.565392199206453
"8009",0.497681722076186
"8010",0.222079134531774
"8011",2.13559186554405
"8012",0.727449547923639
"8013",2.24557497906334
"8014",5.96528084721698
"8015",2.54108845552696
"8016",1.86858784495809
"8017",1.36466848920374
"8018",2.0816126479942
"8019",1.31778049450201
"8020",0.877428408655376
"8021",0.4160818158676
"8022",2.13519194459784
"8023",1.50418114235746
"8024",1.82676850578269
"8025",1.82760752110968
"8026",0.503263496877157
"8027",0.595828917044381
"8028",0.779536829027681
"8029",0.0377058012526896
"8030",0.235400966840738
"8031",0.0970199086186008
"8032",0
"8033",0
"8034",0
"8035",0.939025869387312
"8036",1.01266479850057
"8037",0.164306904275163
"8038",0.0187771686514638
"8039",0.0187771686514638
"8040",0.0187771686514638
"8041",0.0187771686514638
"8042",0.309836639898863
"8043",0.417965595729666
"8044",1.43198837157222
"8045",0.661959829332772
"8046",1.60464922859641
"8047",0.387074344092488
"8048",0.337545560401343
"8049",0.280873369833994
"8050",0.976037179896664
"8051",1.72792420476373
"8052",0.522951009335087
"8053",0.579751536948125
"8054",0
"8055",0.973006993173969
"8056",0
"8057",0.620254824624324
"8058",0.536304259438259
"8059",1.5534373080435
"8060",1.20223561524249
"8061",0.536435547704562
"8062",0
"8063",0.256747636692385
"8064",0.887171521647187
"8065",1.24539093107781
"8066",0.155337286313698
"8067",1.03660699005278
"8068",0.77133885921808
"8069",1.20443819077329
"8070",1.00060720596779
"8071",1.34592259723102
"8072",1.18695945281499
"8073",1.58658521631385
"8074",0.696008517664965
"8075",0.131399544917331
"8076",0
"8077",0.444174877686154
"8078",0.341938568112377
"8079",0.0249086652825379
"8080",1.5785478593587
"8081",0
"8082",0.566457658964947
"8083",0.136763237220717
"8084",0.169834098006398
"8085",0.660745135779415
"8086",0
"8087",0.736204143618772
"8088",0.371425875250195
"8089",0
"8090",2.2712563124705
"8091",2.74692669545487
"8092",2.5302423883536
"8093",0.401182675608607
"8094",0
"8095",0
"8096",0.441164008516507
"8097",0.67101955981828
"8098",1.62930201223378
"8099",0.395915696067197
"8100",1.41666497645894
"8101",3.51999172476955
"8102",3.42907699489696
"8103",1.72831139628256
"8104",0.337962395965876
"8105",0.120250121958031
"8106",0
"8107",0.735360280882183
"8108",3.5575248658281
"8109",2.52620071629717
"8110",1.29547105747169
"8111",2.99105009240589
"8112",0
"8113",1.16363210896979
"8114",0
"8115",0
"8116",0.330479093823701
"8117",0.725683248726286
"8118",0.987372838336813
"8119",3.33768252814214
"8120",4.43747126004251
"8121",9.34526184014395
"8122",7.51121881530882
"8123",9.12608442989052
"8124",6.6137017843495
"8125",4.99198290592913
"8126",4.73518310190458
"8127",3.87196685295107
"8128",5.32624589487953
"8129",4.65135903378285
"8130",3.45133402354082
"8131",0
"8132",8.30238083238226
"8133",6.18581509941271
"8134",1.81625436448314
"8135",0
"8136",10.6998342877598
"8137",1.565
"8138",3.513
"8139",2.19211822111946
"8140",2.56391457203952
"8141",1.87170326435497
"8142",0.464930618358579
"8143",0.777557537728458
"8144",1.11347365188378
"8145",1.16050302698163
"8146",0.606071953615894
"8147",0.873615829093488
"8148",0.778058673785524
"8149",2.14676169202775
"8150",2.05730266401979
"8151",0
"8152",1.51938973409982
"8153",0.711479190056374
"8154",2.14758895059123
"8155",1.20750712941774
"8156",1.20510835018399
"8157",0.210622457194086
"8158",0.298979809410514
"8159",0.180755720780352
"8160",0.0752662999465596
"8161",0.0752662999465596
"8162",0.316446275864526
"8163",0.04134798927589
"8164",0.190396346244455
"8165",0.0691907759752196
"8166",0.775878770613443
"8167",0.309836639898863
"8168",0.0187771686514638
"8169",0.0187771686514638
"8170",0.0187771686514638
"8171",0.0187771686514638
"8172",0.0187771686514638
"8173",0.164306904275163
"8174",0.663297392461031
"8175",0.866413241717484
"8176",0.162087166183076
"8177",2.02056186782855
"8178",0
"8179",0.04153802643196
"8180",0
"8181",1.11668299621561
"8182",1.17675964203367
"8183",1.22560656444404
"8184",0.434069731698147
"8185",0
"8186",1.14726210137362
"8187",0.276968364167791
"8188",0.91255290940252
"8189",0.527164206541385
"8190",0.618568762923209
"8191",0
"8192",0.819668722474047
"8193",0.668701010054363
"8194",0
"8195",1.82363755184658
"8196",1.55131802256203
"8197",0.627268799110347
"8198",0.397164469069659
"8199",0
"8200",0.194324960059964
"8201",1.34755690989519
"8202",1.14200160358345
"8203",0.872098556017833
"8204",0.428449923920485
"8205",0.202815010263812
"8206",0.610153860624925
"8207",0.690164529814594
"8208",0
"8209",1.28312569003629
"8210",0.486889696690609
"8211",1.81332583916971
"8212",0
"8213",0.72545988316622
"8214",0
"8215",1.31228389012465
"8216",0
"8217",0.777768217639225
"8218",0.211661691559622
"8219",0.156567852142813
"8220",0
"8221",0
"8222",2.1406544278542
"8223",2.2200896802751
"8224",2.19671004829919
"8225",0.320878899090563
"8226",0.502305670995901
"8227",0.734127237264155
"8228",0.32101757541066
"8229",0.691882424311386
"8230",0.982387804284698
"8231",1.00343746781798
"8232",0.428032127227329
"8233",3.92155892350172
"8234",4.1739217082527
"8235",2.18747689503663
"8236",2.43390437777864
"8237",1.52854244789619
"8238",2.80408544543947
"8239",1.78246881397898
"8240",0
"8241",0.157349646767168
"8242",2.11417124458044
"8243",0.161201755068677
"8244",1.14471494500732
"8245",0.242813209572001
"8246",0.650632118908344
"8247",0
"8248",0
"8249",0.674908780877945
"8250",1.80670481721813
"8251",2.76312706537611
"8252",9.26
"8253",1
"8254",0
"8255",0
"8256",1.052
"8257",3.104
"8258",3.30017672204051
"8259",3.55616869892819
"8260",2.67070888892093
"8261",2.60051905660503
"8262",7.25107115483231
"8263",3.26402964537026
"8264",0
"8265",0
"8266",3.33297834287143
"8267",2.07687917573113
"8268",2.29239055229376
"8269",0.499845169998739
"8270",0.907511187435428
"8271",0.831004983339806
"8272",0.556808050616156
"8273",1.06593703221072
"8274",0.455849027456804
"8275",0.644444513030756
"8276",0.218867079162948
"8277",1.44169125423381
"8278",1.19848637473816
"8279",0
"8280",0.0133622736046546
"8281",0.188824025366307
"8282",0.147012045895938
"8283",1.66807480902016
"8284",0.569355889438065
"8285",1.90874006929191
"8286",0.694215369711395
"8287",0.379174324235298
"8288",0.190032875220893
"8289",0.141132596906819
"8290",0.0752662999465596
"8291",0.0752662999465596
"8292",0.0632201904674636
"8293",0.170439737443472
"8294",0.421759151840051
"8295",0.379989637287053
"8296",0.659039252804634
"8297",0.164306904275163
"8298",0.0187771686514638
"8299",0.0187771686514638
"8300",0.0187771686514638
"8301",0.0187771686514638
"8302",0.0187771686514638
"8303",0.0187771686514638
"8304",0.164306904275163
"8305",0.164306904275163
"8306",0.309836639898863
"8307",0.460891966899915
"8308",0.207077452975739
"8309",0.437145346685607
"8310",1.52255040219855
"8311",1.26322895815153
"8312",0
"8313",0.650783728403856
"8314",0.612534935262235
"8315",0.90049979475412
"8316",0.381020790268704
"8317",0.382699827172384
"8318",0.155680715483389
"8319",0.750031585098198
"8320",0.140342357510103
"8321",1.21283854918749
"8322",0.537149294558863
"8323",0.733702596905117
"8324",0.856929162327598
"8325",0.447740415415085
"8326",1.26123022097798
"8327",0
"8328",1.36701921784725
"8329",0.414665960096402
"8330",1.11830153314457
"8331",0
"8332",0.959503345072539
"8333",0.524251570326701
"8334",0.57702052620171
"8335",0.985725148538463
"8336",0.492927603175716
"8337",0.629670233442969
"8338",0
"8339",0.370208162201463
"8340",0.167077013728363
"8341",0.125140870869686
"8342",1.01945019712441
"8343",0.5489968556325
"8344",0.603919130224763
"8345",0.510308784096433
"8346",0
"8347",0.410701632359495
"8348",0.176758613546458
"8349",0
"8350",0.0276142613643926
"8351",0.806200285963103
"8352",0.409785939580301
"8353",1.14888169638486
"8354",0
"8355",0.916413060570642
"8356",0.29631949960712
"8357",0.126530825616777
"8358",0.35795682985816
"8359",0
"8360",0
"8361",0.976913623424317
"8362",0
"8363",0.505027925552473
"8364",0.0160489756683477
"8365",3.85516211729697
"8366",3.01059557483303
"8367",3.44926690621615
"8368",3.77527447302276
"8369",1.16238985355469
"8370",3.42855004912523
"8371",1.76345691125655
"8372",0.290679714933641
"8373",0
"8374",0
"8375",1.14464630788714
"8376",1.14040642793867
"8377",1.45670276036348
"8378",1.55842889979052
"8379",0.472399037821738
"8380",0.734754229642452
"8381",1.1113817057768
"8382",0.794583939497898
"8383",0.801171580948659
"8384",8.87334210179652
"8385",2.1061122539521
"8386",1.695
"8387",0
"8388",0
"8389",0
"8390",0
"8391",3.75568936190357
"8392",1.18310799749381
"8393",1.87595785730645
"8394",0
"8395",1.02239767400748
"8396",2.58523018457192
"8397",4.61490463278571
"8398",10.248487728299
"8399",4.539
"8400",6.38011143241208
"8401",7.78309095091823
"8402",0.407571942808129
"8403",1.00354589076496
"8404",0.299077536589929
"8405",0.88907198459075
"8406",1.48098389171449
"8407",0.364566390272933
"8408",0.454506405720768
"8409",0.288643144940412
"8410",0.704537142696244
"8411",0.0774106166295763
"8412",0.619393897066102
"8413",1.34588889868474
"8414",0.703827159225715
"8415",1.32701169339929
"8416",0.209975994549201
"8417",0
"8418",1.37792508081371
"8419",0
"8420",3.33623868076025
"8421",0.295736712480788
"8422",0.603872453824468
"8423",0
"8424",0.571275914546401
"8425",0.0300990934726659
"8426",0.0752662999465596
"8427",0.33838045049599
"8428",0.330645612950414
"8429",0.596495937086014
"8430",0.549056896821249
"8431",0.0187771686514638
"8432",0.0187771686514638
"8433",0.0187771686514638
"8434",0.0187771686514638
"8435",0.0187771686514638
"8436",0.0187771686514638
"8437",0.0187771686514638
"8438",0.0187771686514638
"8439",0.164306904275163
"8440",0.779090073157012
"8441",0.484361795403136
"8442",0
"8443",0.00574126028927213
"8444",0.949014693435345
"8445",0.904506444649077
"8446",0.131292741075683
"8447",0.223282246855653
"8448",0.633822261754666
"8449",0.0225825834116453
"8450",0
"8451",0.0233299920360597
"8452",0.759935202187056
"8453",0
"8454",0.197100821158548
"8455",0.208140818800311
"8456",1.15806064998799
"8457",0.532753845568413
"8458",1.32574930127326
"8459",1.42709326983779
"8460",0.784192884236674
"8461",0.581166145105976
"8462",0.114487465275941
"8463",1.15174394455678
"8464",0
"8465",1.26200151333281
"8466",0.53450162341407
"8467",0.0961573297341031
"8468",0.864426236423995
"8469",0.75636068618995
"8470",0.581610468420598
"8471",0.188071916367831
"8472",0.467718058064959
"8473",0
"8474",0
"8475",0.00266512515865891
"8476",0.329368914216094
"8477",1.5871513688889
"8478",0.799154589510463
"8479",0
"8480",1.71102353909946
"8481",0
"8482",1.48863008783105
"8483",0
"8484",0.803173094953483
"8485",0.615477541261478
"8486",0.144667977312359
"8487",0.0314496260307292
"8488",0.975566542986363
"8489",0.24577536322257
"8490",0.0292456492390195
"8491",0.440029143792757
"8492",0.484798373237427
"8493",0
"8494",0.277261990388296
"8495",0
"8496",0.379502694446479
"8497",0
"8498",2.36775829675327
"8499",1.17514783342703
"8500",1.10301387883128
"8501",0.840991575659453
"8502",0.318779836621228
"8503",2.9171814433168
"8504",2.11440490652717
"8505",1.5065624421974
"8506",1.82466092627012
"8507",1.0680718496771
"8508",1.20628457322724
"8509",2.14133811766786
"8510",0
"8511",3.24904702609797
"8512",3.24685207281882
"8513",0.636985850418867
"8514",1.246949452451
"8515",1.49980797605774
"8516",1.77025770305224
"8517",1.90561641055873
"8518",0.910204544745554
"8519",2.695
"8520",0
"8521",0.591000000000001
"8522",1.052
"8523",0
"8524",0
"8525",0.0520000000000014
"8526",6.77429207054919
"8527",0.565000000000001
"8528",0
"8529",0
"8530",2.104
"8531",7.40877974385402
"8532",6.20782775307552
"8533",1.26855185538797
"8534",0
"8535",1.42306831954029
"8536",1.07467497975962
"8537",2.62327937957121
"8538",1.81407077596153
"8539",0.914303884777739
"8540",0.623013595849083
"8541",0.917087121525075
"8542",0.487694774340444
"8543",3.13182480436729
"8544",1.60950273492867
"8545",3.38102780528149
"8546",2.40531144539494
"8547",1.04475868462153
"8548",2.41671470638166
"8549",0
"8550",0
"8551",0
"8552",1.16054242483473
"8553",0.320108649001357
"8554",0.528080210053524
"8555",0
"8556",0.617909879449345
"8557",0.231856322600139
"8558",0.398630258396133
"8559",0.626090447282143
"8560",1.59827247781351
"8561",0.334084410011429
"8562",0.0396248721590711
"8563",0
"8564",0.0583623864727278
"8565",0.026891552642895
"8566",0.944956961053284
"8567",0.528270161795434
"8568",0.570392353686732
"8569",0.0204960981744554
"8570",0.376144479614968
"8571",0.601338709737279
"8572",0
"8573",0
"8574",0.403527161197549
"8575",0.0187771686514638
"8576",0.0187771686514638
"8577",0.0199700846748899
"8578",0.0197971407595791
"8579",0.0187771686514638
"8580",0.0187771686514638
"8581",0.0187771686514638
"8582",0.164306904275163
"8583",0.448590996030574
"8584",0
"8585",0
"8586",0.0790440266468395
"8587",0.738488469890712
"8588",0.00493389566411029
"8589",0.193023165870065
"8590",0.173638880858325
"8591",0.30768673768877
"8592",0.0464332452993721
"8593",0.101897028903348
"8594",0.0990252713212665
"8595",0.158275835052771
"8596",0
"8597",0.265831495719305
"8598",1.36909409341562
"8599",0.314171879466822
"8600",0.308498405726834
"8601",0.55025932365881
"8602",0.816733231395225
"8603",1.44873641564325
"8604",0.0345583672287542
"8605",0.810715410629226
"8606",0.660329405969211
"8607",1.12907085415616
"8608",0.549084442483536
"8609",0.469177428119406
"8610",0.658565129131301
"8611",0.633632277441541
"8612",0.59044131198571
"8613",0
"8614",0
"8615",0.43742603027595
"8616",0.483149316474407
"8617",0.320290274591123
"8618",0
"8619",0.465858924895321
"8620",0.607988825463772
"8621",0.733298870476757
"8622",0.968460837254704
"8623",0
"8624",1.405805087212
"8625",0.490908350978073
"8626",0.627280532551517
"8627",1.1296088986232
"8628",0
"8629",0
"8630",0.664629503030202
"8631",0
"8632",0.173945174691337
"8633",0.486839717377803
"8634",0.989852786975673
"8635",0.450095000119603
"8636",1.63310773277193
"8637",0.151348056024224
"8638",0.484682325877908
"8639",0.115126732126287
"8640",0.652533209849853
"8641",1.87704809714876
"8642",4.69268354169736
"8643",2.65398404747182
"8644",4.27829241529563
"8645",1.98742936148019
"8646",0.866813564212499
"8647",2.74508593094462
"8648",0.240322493965925
"8649",1.22531299101359
"8650",1.41239077706706
"8651",2.90043932739136
"8652",3.49246574131214
"8653",3.23686463003006
"8654",1.20654457177854
"8655",4.87658777473735
"8656",4.64541548713616
"8657",2.32945008520942
"8658",2.56116254167338
"8659",6.41403227658754
"8660",5.57096912706463
"8661",6.13
"8662",1.078
"8663",1.078
"8664",0
"8665",1.513
"8666",0
"8667",0
"8668",1.591
"8669",5.078
"8670",6.13
"8671",0
"8672",0
"8673",2.104
"8674",0
"8675",0
"8676",0
"8677",0
"8678",0
"8679",5.13
"8680",4.27350201700895
"8681",0
"8682",1.60211888237782
"8683",1.63528223636227
"8684",3.25342461931231
"8685",2.21229429224537
"8686",1.53054474549414
"8687",0.899383541429216
"8688",1.13384213854131
"8689",0.586736810656542
"8690",2.41391536967299
"8691",0.843671685732095
"8692",0
"8693",0.935407763066037
"8694",1.55641575802955
"8695",0.737782568465753
"8696",0.383329655565651
"8697",2.35296078593567
"8698",1.60007953181192
"8699",1.84158812097987
"8700",1.72670022636874
"8701",0.813660766101771
"8702",0
"8703",0
"8704",0
"8705",0
"8706",0.0068277559012242
"8707",0.32232118958074
"8708",0
"8709",0.105664332965595
"8710",0.677452588239911
"8711",1.17240085075129
"8712",0.35282068015112
"8713",0.203210651526454
"8714",1.03391779824917
"8715",0.746921868888144
"8716",0.635799771068908
"8717",0.893951448365631
"8718",0.254613088464784
"8719",0
"8720",0.788277153743635
"8721",0.0187771686514638
"8722",0.0187771686514638
"8723",0.0179591284852679
"8724",0.138134949040541
"8725",0.0124924998421519
"8726",0.0204734262966694
"8727",0.0187771686514638
"8728",0.0187771686514638
"8729",0
"8730",0.309836639898863
"8731",0.0750213183531108
"8732",0
"8733",0.191538520893099
"8734",0.811821860952342
"8735",0.514572538380866
"8736",0.72253720341677
"8737",1.00439728224192
"8738",0.234109024094244
"8739",0.175669581260907
"8740",0
"8741",0.628613980229851
"8742",0
"8743",0
"8744",0.796433075530679
"8745",0.56720512097489
"8746",0.767106466207955
"8747",0.824780037652626
"8748",0.861319025345056
"8749",0.838767040652231
"8750",0.181852828736876
"8751",0.161733289185885
"8752",0.226803046719692
"8753",0.895190539654759
"8754",0.967822410822348
"8755",1.46491703887397
"8756",0.660639919962528
"8757",0.17176949027873
"8758",0
"8759",0.316580154841085
"8760",0
"8761",0.00337963988314427
"8762",0.173291657815036
"8763",0
"8764",1.22504035403102
"8765",0.920587783182622
"8766",0.039186468161707
"8767",0
"8768",0
"8769",0
"8770",0.171638522178013
"8771",0
"8772",1.67940602999892
"8773",0
"8774",0.302803613730604
"8775",0.338182740890529
"8776",0
"8777",0.00860964177084811
"8778",0.490968308130994
"8779",0.696306727827547
"8780",0.789113707828802
"8781",0.678912012338419
"8782",1.72240409126019
"8783",1.6591432199277
"8784",1.98214714130777
"8785",0.562856748045299
"8786",0.739568244145571
"8787",1.59695799532687
"8788",0.419609034884151
"8789",0
"8790",2.01074387928794
"8791",2.50835626229461
"8792",1.80633998376587
"8793",2.73439695023742
"8794",1.60165143644578
"8795",0.542676946609445
"8796",0.614800123598647
"8797",2.35665693793853
"8798",1.90711356786256
"8799",1.81583847556339
"8800",0.26224468121429
"8801",1.83623722154617
"8802",2.35208356850018
"8803",3.33757814048934
"8804",6.29863488969657
"8805",3.05027903008465
"8806",6.41321829827765
"8807",8.695
"8808",8.182
"8809",4.617
"8810",1.078
"8811",0
"8812",0
"8813",0
"8814",0.0260000000000016
"8815",0
"8816",0
"8817",0
"8818",0
"8819",0
"8820",2.026
"8821",0
"8822",0
"8823",0
"8824",0
"8825",4.104
"8826",7.19314506700785
"8827",4.98780659414693
"8828",4.4627877321942
"8829",2.71898935458995
"8830",2.71901222408246
"8831",0.159236284972876
"8832",1.58415806156825
"8833",1.96694260528681
"8834",0
"8835",0.991454505541355
"8836",0.486835346282385
"8837",0.736116321516892
"8838",1.45624576289024
"8839",0.750261274469765
"8840",2.0662659796029
"8841",1.39488928111146
"8842",1.09436514601138
"8843",2.08557831565649
"8844",0
"8845",2.21116293835773
"8846",1.10209876927873
"8847",1.01936681187875
"8848",1.59945947711134
"8849",0.456268730166296
"8850",1.11522660082348
"8851",0.158000959297087
"8852",1.47791966539253
"8853",0
"8854",0.403526735219032
"8855",0
"8856",2.30817969726585
"8857",0.52808885002899
"8858",1.43963352139832
"8859",0
"8860",0.716375835501433
"8861",0.352724963774714
"8862",0.833219751544727
"8863",0.456547519321534
"8864",0.622955297263663
"8865",0
"8866",0
"8867",0.0922056792772995
"8868",0.147027166166826
"8869",0.146377311406414
"8870",0
"8871",0.225696961552825
"8872",0
"8873",0.280826256669813
"8874",0.0138656543262075
"8875",0.0194534541885542
"8876",0
"8877",0.292514448841307
"8878",0
"8879",0.164306904275163
"8880",0.455366375522563
"8881",0.211012014917158
"8882",0.110785768025858
"8883",0.506922520643009
"8884",0.315042018715717
"8885",1.71956837821727
"8886",0.913147199862952
"8887",0.524215699942221
"8888",0.0913851971871011
"8889",0.0660401551935862
"8890",0.998573001871918
"8891",0
"8892",0.734896514385924
"8893",0
"8894",0.42827623913724
"8895",0.243742350421417
"8896",1.4440302153059
"8897",0.362334255776616
"8898",0.195698490705478
"8899",0.492638141689872
"8900",1.13598847985045
"8901",0.822455495620068
"8902",0.972044547868793
"8903",0
"8904",0.532730606138665
"8905",1.54392162288496
"8906",0.946816505040576
"8907",1.02380933318069
"8908",0.0864711135746415
"8909",0.555867468113887
"8910",0.622016514558123
"8911",0.762553980425253
"8912",0.398521548032463
"8913",0.624108062055352
"8914",0
"8915",1.54819536026209
"8916",0.683381756702542
"8917",0
"8918",0.356257634087965
"8919",0.73889459268453
"8920",0
"8921",1.4530277962364
"8922",0
"8923",0
"8924",0
"8925",0.152062608342343
"8926",0.288907106731794
"8927",0.217587727201383
"8928",2.3407192725868
"8929",1.9463501790108
"8930",1.67791434646885
"8931",0.728208438740375
"8932",0.192056953574879
"8933",1.25472284030288
"8934",1.40875292451369
"8935",1.67862836140553
"8936",1.23610900870155
"8937",0.836252376153574
"8938",1.58974297880706
"8939",0.464590441618043
"8940",1.06525301258507
"8941",0.931399139188993
"8942",2.70262289072479
"8943",1.84716993659073
"8944",1.66901404012275
"8945",1.85381428267078
"8946",1.97284513578323
"8947",1.83479123232157
"8948",2.32260124679901
"8949",0.121391958238954
"8950",2.26692914056669
"8951",1.23192588530488
"8952",1.79479279210728
"8953",0
"8954",2.8699977951138
"8955",3.28452350065792
"8956",7.10897780679989
"8957",5.47254089481416
"8958",4.8592630131811
"8959",7.182
"8960",5.104
"8961",3.617
"8962",4.617
"8963",4.13
"8964",2.77470601498699
"8965",0
"8966",0
"8967",0.0260000000000016
"8968",2.026
"8969",4.643
"8970",7.669
"8971",4.617
"8972",2.078
"8973",0
"8974",0
"8975",0.461000000000002
"8976",9.26
"8977",3.95840929845475
"8978",0
"8979",3.62861018666768
"8980",11.4581040248549
"8981",0.204042524583584
"8982",0.965849041711178
"8983",1.73867500216906
"8984",0.338768345001625
"8985",0.246372222836153
"8986",0.986860301657088
"8987",2.21656556524228
"8988",0.662587433309959
"8989",2.73530576786883
"8990",0.653494150705928
"8991",0.662024043558021
"8992",2.01033569525528
"8993",0.13205536991361
"8994",1.24061127616328
"8995",0
"8996",1.95867942926983
"8997",1.7250090698491
"8998",0.659349392273029
"8999",0.900748426231289
"9000",0
"9001",0.675664437188662
"9002",0.260621413397349
"9003",0.585566531849178
"9004",0.232704072665753
"9005",1.02144313726637
"9006",0.467810237829783
"9007",0.994668325278451
"9008",0
"9009",0.47986043017058
"9010",0.0907431373358853
"9011",0
"9012",0
"9013",0.270976300913466
"9014",0.781463445538698
"9015",1.06967955603685
"9016",1.20694153985793
"9017",0
"9018",0.011507163267554
"9019",0.240220226898507
"9020",0
"9021",0
"9022",0
"9023",0.304955839962013
"9024",0.240677606084408
"9025",0
"9026",0.843758977261732
"9027",0
"9028",0
"9029",0
"9030",0.140301326587133
"9031",0.148178514057194
"9032",0.0187771686514638
"9033",0
"9034",0.0587405534003662
"9035",0.174178901103026
"9036",0.627256946900589
"9037",0
"9038",0.161666781932838
"9039",0
"9040",0.858407326351907
"9041",0.654002502168694
"9042",0.591945521173379
"9043",0.399142087208018
"9044",0.208105875622939
"9045",0
"9046",0
"9047",0
"9048",0.793984672475542
"9049",0
"9050",0.181080686213755
"9051",0.5620917411204
"9052",0.465894466323928
"9053",0.376083184218948
"9054",0
"9055",1.7728529601755
"9056",0.4982538706864
"9057",1.22894317725678
"9058",1.08377139361342
"9059",0.891590416068867
"9060",1.03568574054475
"9061",0.815788079672886
"9062",0.757758153252629
"9063",0.779487935114237
"9064",0.300994835992978
"9065",0.740042857070471
"9066",1.10516258704438
"9067",2.77914006264403
"9068",0
"9069",0
"9070",0
"9071",0.503334658140494
"9072",0.0850325459800161
"9073",0.155015946588498
"9074",0.304593420328097
"9075",0.897746265796229
"9076",0
"9077",0.112868787217585
"9078",0
"9079",0.63322402171914
"9080",0.178707789250318
"9081",0
"9082",0.482004339829569
"9083",2.43145557835706
"9084",3.58388202432337
"9085",1.6029572996593
"9086",1.69179537506199
"9087",0.607880595002847
"9088",2.02028363945065
"9089",2.43587497402346
"9090",0.593526533635294
"9091",0.313540227976697
"9092",0.530529201889328
"9093",0
"9094",0.701237436232921
"9095",0.473612873627556
"9096",0.503776180345371
"9097",2.20665316828973
"9098",0.584811660978216
"9099",1.43551685134778
"9100",1.57917152031807
"9101",1.57731192309862
"9102",1.45872743552757
"9103",1.72102882224381
"9104",0
"9105",2.17426590820733
"9106",0
"9107",0.767986045408523
"9108",0.573498848138745
"9109",1.15035623020931
"9110",3.76594168087187
"9111",2.65210846622896
"9112",0.0846620872990744
"9113",2.94253964311515
"9114",3.11728841865873
"9115",4.69309804175111
"9116",8.182
"9117",10.1456705590035
"9118",5.3565345955444
"9119",2.4907654509129
"9120",8.721
"9121",3.565
"9122",4.14116250143877
"9123",7.09263967713403
"9124",6.29428464552667
"9125",7.4731879473972
"9126",5.02972574893393
"9127",5.182
"9128",6.13
"9129",0.513000000000002
"9130",7.721
"9131",2.94313169130432
"9132",3.28626710231804
"9133",1.73411245627189
"9134",0
"9135",0
"9136",1.52855579365787
"9137",1.28228552304709
"9138",1.78898302962307
"9139",0.918321575332977
"9140",0.679849408661941
"9141",1.07500641440009
"9142",0
"9143",0.209627679199583
"9144",1.43301810241308
"9145",1.98680514136601
"9146",1.82266159641082
"9147",0
"9148",1.11327851481406
"9149",0.273473514711597
"9150",0.88139282501542
"9151",1.8560836159084
"9152",0.756269155210991
"9153",2.36912896530136
"9154",1.26535491824221
"9155",0.705332315244654
"9156",1.94231998885873
"9157",0.558660188538871
"9158",0.258965844514318
"9159",0.745930844137367
"9160",0.703849159073812
"9161",2.01691335478079
"9162",0.206282141477883
"9163",0.947980065005812
"9164",0.136973762266819
"9165",1.1856319301821
"9166",0.00695366405511677
"9167",0
"9168",0.389168139912184
"9169",0.501285855781991
"9170",0.0646149764741535
"9171",0.826073642922402
"9172",0.823021704789785
"9173",0.219777068455254
"9174",1.08402197487012
"9175",1.28830460653423
"9176",0.531472585343656
"9177",0.554138639340662
"9178",0.449940799343049
"9179",0
"9180",0.315910876465282
"9181",0
"9182",0.218949440252514
"9183",0
"9184",0.533069827380001
"9185",0.234155680101993
"9186",0
"9187",0.312794561903365
"9188",0
"9189",1.17154619942272
"9190",0
"9191",0.23502931988803
"9192",0.276428511572555
"9193",0
"9194",0.329582639489968
"9195",0.0879226410840396
"9196",0
"9197",0.237236387980962
"9198",0.591718935904643
"9199",0
"9200",0
"9201",0.112614637074654
"9202",0
"9203",0.869190036548483
"9204",0
"9205",0
"9206",0.550570942450311
"9207",0.626713037931873
"9208",0
"9209",0.67770327858563
"9210",0.121035835844197
"9211",0.462087345521069
"9212",0.494739381171027
"9213",0.917117464443006
"9214",0.801160098710235
"9215",0.460667181528247
"9216",0.171069762781514
"9217",0
"9218",0.114664992180486
"9219",0
"9220",1.18138280095809
"9221",0.595756317250612
"9222",0.663796019186298
"9223",1.57318040013272
"9224",0.0334801251961361
"9225",0.986855950740884
"9226",0.922304565159243
"9227",0.134852872317245
"9228",1.34630575896439
"9229",1.46045325604726
"9230",2.24095927950451
"9231",0
"9232",1.33365379939038
"9233",0.686906979344479
"9234",0.55417019209724
"9235",0.0972196228772058
"9236",0.519751469259036
"9237",0
"9238",1.31958318821208
"9239",0
"9240",0.599989591361476
"9241",0.214799557307621
"9242",0.0869005649689463
"9243",0.0922797723163651
"9244",0.704091759014211
"9245",3.53453857201781
"9246",1.08150689675169
"9247",2.50880011823505
"9248",0
"9249",0.43041182096301
"9250",0.846345173859186
"9251",1.72410413736314
"9252",0.622128330106631
"9253",0.452143023135328
"9254",0
"9255",0
"9256",0
"9257",0.331861325642193
"9258",0.567445571230651
"9259",0.792205315234513
"9260",0
"9261",0
"9262",1.29834228656119
"9263",0.936772292098144
"9264",0.201434217092547
"9265",0.724107078819701
"9266",1.37399968735142
"9267",0.819573072926158
"9268",1.47306299562497
"9269",0
"9270",2.1429269527317
"9271",2.96194355446404
"9272",0.489255364503149
"9273",1.64111155990586
"9274",2.24481798726152
"9275",0.945869723993512
"9276",2.64111539962881
"9277",0.383592373554102
"9278",2.15418449043211
"9279",6.79091441738948
"9280",5.95477125472311
"9281",4.28311738448022
"9282",1.28122293454276
"9283",4.16280094821855
"9284",4.10785708042036
"9285",7.22195668924654
"9286",3.67731403884322
"9287",2.89207349143123
"9288",2.03373222930165
"9289",2.36853334837466
"9290",7.13748816657052
"9291",6.16358147938663
"9292",5.98102089790403
"9293",2.66304431253607
"9294",1.38873065385037
"9295",1.24946267861607
"9296",1.65630395424574
"9297",2.63783271749855
"9298",0.0149773009238841
"9299",1.00220763357658
"9300",2.12408213565379
"9301",0.699100911443144
"9302",1.37446680480648
"9303",0.573890493534837
"9304",1.59877073713523
"9305",0.175525488851998
"9306",2.34064345041953
"9307",3.28330247385861
"9308",1.13648123632489
"9309",0.750685360390801
"9310",1.17889569723352
"9311",1.91310960531644
"9312",0.594382600820031
"9313",0
"9314",0.970810276216695
"9315",1.16291843157954
"9316",0.952712210193524
"9317",0
"9318",1.21378645530316
"9319",1.81280773960182
"9320",0.594414914921851
"9321",0.0251990699425132
"9322",1.14699101007811
"9323",0.739749759852136
"9324",1.31169401284719
"9325",0.165717501585471
"9326",1.08997076299633
"9327",0.300631135982203
"9328",0.155522034014045
"9329",0.6942107524353
"9330",0.0884453734410638
"9331",0
"9332",0
"9333",0
"9334",0.18090869998243
"9335",0.566264413885025
"9336",0
"9337",0.979755247750536
"9338",0.649819722710525
"9339",0.867742944765364
"9340",1.10799433525848
"9341",0.194452241055997
"9342",0
"9343",0
"9344",0
"9345",0.162745438876926
"9346",0.170046194336954
"9347",0.0804912852133561
"9348",0
"9349",0.351550980357041
"9350",0.253760614823736
"9351",0
"9352",0.378993779502815
"9353",0.682265937897758
"9354",0
"9355",1.04447074369868
"9356",0
"9357",0.648259738073846
"9358",0.106974439863212
"9359",0
"9360",0
"9361",0
"9362",0.232969348408223
"9363",0
"9364",0.00442185690798286
"9365",0.270626959845793
"9366",0.47468057350959
"9367",0.241237836520928
"9368",0.0818432361169843
"9369",0.289653282994966
"9370",0.482351655886611
"9371",0.547984433378731
"9372",0
"9373",0
"9374",0.504080628139373
"9375",0
"9376",0.62185767368159
"9377",0.334617785899501
"9378",0.55918244139891
"9379",0.783409764376188
"9380",1.39138597758713
"9381",0.913125695790292
"9382",1.48227715932407
"9383",0.845830739431801
"9384",0.582890517688384
"9385",2.33820335492923
"9386",0
"9387",1.25075810225415
"9388",0
"9389",0.634848513870888
"9390",1.02408114403401
"9391",0.437566066447871
"9392",0
"9393",0.149144549481303
"9394",0.068733741484004
"9395",0.422772635114317
"9396",1.20467983331818
"9397",0.278836051818734
"9398",1.14666436093303
"9399",0.883946920762955
"9400",0.337429155822465
"9401",0
"9402",0.172319164761568
"9403",0.406855887562373
"9404",0.964009469927801
"9405",1.1400369808549
"9406",0.233325361325592
"9407",0
"9408",0.690590775679204
"9409",0.541189645532563
"9410",0.569410470643664
"9411",0.413380461728749
"9412",0.449490918709776
"9413",0.325279773974407
"9414",0.460719574480287
"9415",0.259363368635081
"9416",2.19509968897535
"9417",0
"9418",1.12401892774482
"9419",0.644632479671549
"9420",1.39952215230068
"9421",0.73801259528806
"9422",0.524241202994587
"9423",0.046569288080884
"9424",0.42524540865952
"9425",0.536626970822011
"9426",0.781454195486701
"9427",0.993130089291017
"9428",0.730954723463677
"9429",1.4697450883257
"9430",1.75155361774835
"9431",1.42377771339166
"9432",0
"9433",0
"9434",0
"9435",1.52946200889154
"9436",0.405627386637717
"9437",1.78467242586763
"9438",0.953913507189884
"9439",0.947677009507708
"9440",0.433758228588375
"9441",0.754859920992867
"9442",0.354111398387854
"9443",0.034783266947227
"9444",2.45024131538723
"9445",1.56542933607806
"9446",2.93715688247037
"9447",0.128295259976422
"9448",2.2215046113193
"9449",4.90147537036061
"9450",5.02994734528976
"9451",3.82229131562495
"9452",2.73928201608399
"9453",4.40381638757357
"9454",0.342372796502229
"9455",0
"9456",3.06964384700452
"9457",7.95366959320061
"9458",0
"9459",3.74947801691207
"9460",0.797427885582983
"9461",3.16987799297418
"9462",0.504869010027146
"9463",2.24443223630267
"9464",1.3679129064448
"9465",1.90164409308469
"9466",1.06936681254309
"9467",1.49487384795954
"9468",1.72423818715884
"9469",0.727884719310083
"9470",0.420712227266461
"9471",0.527142664947946
"9472",2.03750504148457
"9473",2.1109210255721
"9474",1.79550585642866
"9475",2.49674147306251
"9476",1.79130859017637
"9477",0.591037319557909
"9478",1.5818228691406
"9479",1.9663955323835
"9480",0.748121069097828
"9481",1.31938819911654
"9482",0.425258071889877
"9483",0.672679747919276
"9484",0.582976500962249
"9485",0
"9486",0.941996415056181
"9487",0.430391030886784
"9488",0
"9489",0.264498857278246
"9490",0.337100015957426
"9491",1.07095798945605
"9492",0.635142615844789
"9493",1.04965934137041
"9494",0.504059066207507
"9495",0.283630823802704
"9496",0.473911884315417
"9497",0
"9498",0
"9499",0.671876274159641
"9500",0.447822803989451
"9501",1.07451872140513
"9502",1.24973417711929
"9503",0
"9504",0
"9505",0.010026329774685
"9506",0.504879970120526
"9507",0.83107065182958
"9508",0.142008044202165
"9509",0
"9510",0
"9511",0.425722044661929
"9512",0.54225686270679
"9513",0.290765749281291
"9514",0.16333846830623
"9515",0.055867601192036
"9516",0.336016234571943
"9517",0.194369506752508
"9518",0
"9519",0
"9520",0
"9521",0.151782231376067
"9522",0.264259410431071
"9523",0
"9524",1.14534942773908
"9525",0
"9526",0
"9527",0.343214614254294
"9528",0
"9529",0.21052455322076
"9530",0
"9531",0
"9532",0
"9533",0.121245153928025
"9534",0.162799625799577
"9535",0
"9536",0
"9537",0.609064177318988
"9538",0.3542419841462
"9539",0.581326355037932
"9540",0
"9541",0.476643247503675
"9542",0
"9543",0.730222581513161
"9544",0.142276519001886
"9545",0
"9546",0
"9547",0.722183644107318
"9548",0.681705788244798
"9549",1.63495842160742
"9550",0.923840727697046
"9551",1.09354000368923
"9552",0.954094205093936
"9553",0.676643975801567
"9554",0.174342848277403
"9555",0
"9556",0.427480753796284
"9557",0.155400868958004
"9558",0.721459787914959
"9559",0.721730519250218
"9560",0.796930044257898
"9561",0.975703629437118
"9562",0.146050414415592
"9563",0.707253043926931
"9564",0.645245618978108
"9565",0.0470699502997615
"9566",0
"9567",0
"9568",0
"9569",1.13850031366194
"9570",0.650760774832058
"9571",0.599072074199413
"9572",0.864520369810648
"9573",0.757145806736149
"9574",1.92746284756563
"9575",0.899387340599813
"9576",0.158444262140768
"9577",0
"9578",0.332933747032141
"9579",1.06249978176207
"9580",0.440859306824733
"9581",0
"9582",0
"9583",1.4029758893825
"9584",0.0854701112429281
"9585",3.8760446037694
"9586",0.637085771054144
"9587",1.29751565067508
"9588",0
"9589",0.135863432037508
"9590",1.10755313875826
"9591",1.15849218969577
"9592",0.626740886283107
"9593",0.429377191084381
"9594",0.72216463368785
"9595",1.27066485418832
"9596",0.854744473264621
"9597",1.00701549811298
"9598",0.880354808217125
"9599",0
"9600",0
"9601",0.110535043177216
"9602",0.809000437933642
"9603",0.43253071751373
"9604",1.86573720148873
"9605",1.16803171539412
"9606",0
"9607",0.0232868485670901
"9608",0
"9609",0.927579518805673
"9610",0.898947581532587
"9611",0.658093443066208
"9612",0.161127440891558
"9613",0.379322449244371
"9614",1.1913831434089
"9615",3.82399290222445
"9616",1.26736139721808
"9617",4.35937158783087
"9618",4.94878862737719
"9619",2.50128812672041
"9620",5.84543104372699
"9621",3.45943760518278
"9622",2.44292307146554
"9623",0
"9624",3.47414331564766
"9625",2.01194013735635
"9626",2.16509101671102
"9627",0.225648615327423
"9628",3.36575492446444
"9629",0
"9630",5.07082789481805
"9631",1.68207247633759
"9632",3.25278192362463
"9633",1.08343825714638
"9634",2.21992307669147
"9635",3.01687431994073
"9636",0
"9637",0.264257321552294
"9638",0.954788725435444
"9639",0.238168713316005
"9640",1.56449669995971
"9641",0
"9642",1.9000208247478
"9643",0
"9644",0.321628956234922
"9645",1.58682115324565
"9646",1.64422415230049
"9647",1.24005773740224
"9648",0.596010992592678
"9649",0
"9650",0.272602132656251
"9651",0.137844691235247
"9652",0.16466259983815
"9653",0.19725936510925
"9654",0
"9655",0.35076334364947
"9656",0.678268781141198
"9657",0
"9658",0.740062474572931
"9659",0
"9660",1.09558585708385
"9661",0.36532146635599
"9662",0.870838220151438
"9663",0
"9664",0.750205969157412
"9665",0.242273290105735
"9666",0.00935963859143296
"9667",0.0494853841969622
"9668",0
"9669",0.202076233728714
"9670",0.910487431234564
"9671",1.36796621579221
"9672",0.86506469176877
"9673",0.771751292749636
"9674",0
"9675",0.326374281586749
"9676",0.368209134142485
"9677",0.57093541742108
"9678",0.419222180815958
"9679",0.638090109288107
"9680",0.780345272387435
"9681",1.35062600670465
"9682",0
"9683",0.568638720416213
"9684",0
"9685",0.573669433115401
"9686",0.811048365297742
"9687",0.0507613213243292
"9688",0.680091317857428
"9689",0
"9690",0.210484946895411
"9691",0.585496267665793
"9692",0
"9693",0.961424900895555
"9694",0.0255296332428236
"9695",0
"9696",0.306935869293604
"9697",0
"9698",0.105774406138839
"9699",0
"9700",0
"9701",0
"9702",0
"9703",0.0384739940156497
"9704",0.0888315636862697
"9705",0
"9706",0.162799625799577
"9707",0.683407426385968
"9708",1.432926413835
"9709",1.56955814596501
"9710",0.540705408438687
"9711",0.145709733126202
"9712",0
"9713",0.110027065693162
"9714",0.112122452575947
"9715",0.837951254507792
"9716",0.96173617669771
"9717",0.234343842123096
"9718",0.602355142780904
"9719",0
"9720",0.589887712955378
"9721",0.724376144708295
"9722",0.809031753081211
"9723",0.326798458133783
"9724",0.0955618737286055
"9725",0.0254823762182502
"9726",0.415246934546129
"9727",0.914586960407374
"9728",0.376167002986795
"9729",0.685821284487784
"9730",0.504740412378521
"9731",0.869475327078642
"9732",0.517781727106982
"9733",0
"9734",0.12326327961972
"9735",1.13035894111816
"9736",0
"9737",0.844303585315988
"9738",0.968536705263606
"9739",0.419899883059232
"9740",1.79033149599424
"9741",1.68678408779302
"9742",1.03967417659243
"9743",0
"9744",0.0665849153653899
"9745",0.349638389220212
"9746",1.78219358903615
"9747",1.84039641658898
"9748",0.202746901643857
"9749",0.714098241062169
"9750",1.26333092620009
"9751",0.341612567967034
"9752",0.196239010778938
"9753",1.1288873539398
"9754",0
"9755",0.700062502653788
"9756",0.675512666777573
"9757",0.334833498249435
"9758",0.925684758141247
"9759",0.558666089463246
"9760",1.83628091878153
"9761",0
"9762",1.10814747052991
"9763",1.38407756775609
"9764",1.65805444947325
"9765",0.0540474314824543
"9766",1.28324971087677
"9767",0.243189106636475
"9768",1.00727900746362
"9769",1.37378744281405
"9770",0
"9771",1.0785833735726
"9772",0
"9773",1.53016839243166
"9774",0
"9775",0.188816670701264
"9776",1.13699019195238
"9777",0.649079345237419
"9778",0.48838843722911
"9779",1.32832232831912
"9780",0
"9781",1.44835245660411
"9782",0.218128556375117
"9783",0.521808776902255
"9784",0.326294215446987
"9785",0.766412585277958
"9786",0.761822080195792
"9787",0.753900258712708
"9788",2.57940985096915
"9789",3.4955549413922
"9790",2.72873236317873
"9791",1.695
"9792",3.62023289421128
"9793",4.27976891588005
"9794",3.79300589295573
"9795",0
"9796",1.46467270967934
"9797",1.31692091925957
"9798",2.16344475501113
"9799",0.0995403808914614
"9800",0.452634282041489
"9801",3.40802141054063
"9802",1.70895413751342
"9803",3.02467148730699
"9804",1.20359433389943
"9805",0.721400673654605
"9806",0
"9807",0.553742316205751
"9808",0.569231125501187
"9809",0.291546279511917
"9810",0
"9811",0
"9812",0.646561465997156
"9813",1.69328503517547
"9814",0.985213815149787
"9815",0.786686976511025
"9816",0.535650906114232
"9817",1.83675241919651
"9818",1.20014773636641
"9819",2.11203724051193
"9820",1.61346003197887
"9821",1.19480557023294
"9822",0.178252846988922
"9823",0.494172979114334
"9824",1.34786455186082
"9825",0.338658728264896
"9826",1.38136118703004
"9827",1.10712797734108
"9828",0.653984912331994
"9829",2.32055924469949
"9830",0.70711212366763
"9831",1.99025898469493
"9832",1.63525140531042
"9833",1.0162425165835
"9834",1.72172089091137
"9835",1.4142005742587
"9836",0.966581111409834
"9837",0.923193855513916
"9838",0.831060557930213
"9839",0.549256909824564
"9840",0
"9841",0.4105045678011
"9842",0.721325455002579
"9843",0.949720405846629
"9844",0
"9845",0.351097506811218
"9846",0.322582918873387
"9847",0.321625060547239
"9848",0.860093291281341
"9849",0
"9850",1.16731681812476
"9851",0.369750630272992
"9852",1.8673475758425
"9853",0.334565734862058
"9854",0.255402274559136
"9855",0
"9856",0.0808478848387637
"9857",0.29456758105648
"9858",0.188442681713482
"9859",0
"9860",0
"9861",0.308986711763337
"9862",0.128718047048274
"9863",0
"9864",0
"9865",0
"9866",0.276551063774585
"9867",0.0904989050314202
"9868",0
"9869",0.0121640861114555
"9870",0.037469900754082
"9871",0
"9872",0
"9873",0
"9874",0
"9875",0
"9876",0.0888315636862697
"9877",0.0148635015729627
"9878",0.0148635015729627
"9879",3.16327766152125
"9880",2.17310951536146
"9881",2.9071813649211
"9882",1.18929616458954
"9883",1.15859711191428
"9884",0.21662349217556
"9885",0.280028680716801
"9886",0.394793050319685
"9887",0
"9888",0
"9889",0
"9890",0.570634155547969
"9891",0.489466064305564
"9892",0
"9893",0.197294028225273
"9894",0.0430518974158686
"9895",0.117910382746018
"9896",0
"9897",0
"9898",0.126368877520753
"9899",0
"9900",0.412019859521939
"9901",0.332064599923272
"9902",0.335826328962725
"9903",0.486520818074215
"9904",0.1694212224593
"9905",0.0627855273365078
"9906",0.805570243184591
"9907",0
"9908",0
"9909",0
"9910",1.15692861556325
"9911",1.69285035390069
"9912",0.708107561153595
"9913",0.249532375001466
"9914",0.203195218862349
"9915",0
"9916",0
"9917",0.565592119076307
"9918",0.368795857844434
"9919",0
"9920",0
"9921",0.812216954622193
"9922",1.30040108355475
"9923",0.423473485902358
"9924",1.1265781885033
"9925",0.65565724669647
"9926",1.40425463619759
"9927",0.221903825592629
"9928",0.794647515870405
"9929",1.5210621217908
"9930",0.889656240592629
"9931",2.12868665254968
"9932",0.868191745144247
"9933",0.662079274352529
"9934",1.69720288470599
"9935",1.34582661841798
"9936",0.851469378625363
"9937",2.71808083622263
"9938",0.207577448552684
"9939",0.866840002756785
"9940",0.738158512559613
"9941",0.450485485513997
"9942",1.92721439343272
"9943",0.466575503225236
"9944",1.40358730394883
"9945",1.2228977220618
"9946",1.98130522566701
"9947",1.48428048464672
"9948",1.59717322130194
"9949",0.152519187393588
"9950",0.284043065201105
"9951",0.881959059566632
"9952",0.439093614124831
"9953",0
"9954",1.085305523098
"9955",0.632780906567066
"9956",0.702242079298399
"9957",2.02072623770066
"9958",0
"9959",3.38582239952513
"9960",1.29990153790769
"9961",4.66996745110764
"9962",4.83837806176024
"9963",2.57584778228268
"9964",5.08004799132524
"9965",2.73022150391554
"9966",3.08293410783118
"9967",1.09439240188896
"9968",3.93213980055775
"9969",2.00259264716591
"9970",0.260369923980598
"9971",0.954400182750599
"9972",0.0589416320677045
"9973",3.16172152279372
"9974",0
"9975",3.11965355851235
"9976",1.78132844497221
"9977",0.0694040598870975
"9978",0.127755682327562
"9979",0.563666048797648
"9980",0.877646731217544
"9981",0.926284672951381
"9982",0.868984749021445
"9983",0.516496601110583
"9984",0.92588896587067
"9985",0
"9986",0
"9987",0.0893890087827049
"9988",0.420075996662159
"9989",1.32407617064115
"9990",1.40552567620171
"9991",1.12625457048719
"9992",2.22610747122983
"9993",1.8268870592465
"9994",1.51636778348897
"9995",1.24593903899128
"9996",1.19861120774894
"9997",0.844846338511799
"9998",1.96601166321555
"9999",0.936322533188389
"10000",1.02138466115419
"10001",1.67901487220229
"10002",0.857191538724472
"10003",1.93560380503272
"10004",0
"10005",0.765246021097036
"10006",1.96700291317034
"10007",2.22262995036347
"10008",1.08283054194125
"10009",1.01013455237225
"10010",1.20358894607075
"10011",1.12544068896857
"10012",0.844428138572714
"10013",0.187578007712473
"10014",0.737388104273772
"10015",0.648517205960438
"10016",0
"10017",0.242044545142876
"10018",0.986779678535833
"10019",0
"10020",0.216310292770005
"10021",0
"10022",1.0669213280828
"10023",0.796844931172994
"10024",0.0909067047321759
"10025",0.74399677936136
"10026",0.274851468975373
"10027",0.380105795528317
"10028",0.0717737640227116
"10029",0.610267075493352
"10030",0.693802341077129
"10031",0
"10032",0.705844854606534
"10033",0
"10034",0.042993347846927
"10035",0.809243670638635
"10036",0
"10037",0.77909384906289
"10038",0.278816938091996
"10039",0.326584188334905
"10040",0.0816527624876913
"10041",0
"10042",0.0697588055802887
"10043",0
"10044",0
"10045",0
"10046",0
"10047",0
"10048",0.197395434490379
"10049",0
"10050",0.0148635015729627
"10051",0.0148635015729627
"10052",2.06674711371267
"10053",1.3426339247311
"10054",0
"10055",2.22105421917335
"10056",1.15340600888634
"10057",0.0815255023472281
"10058",0.497109188761102
"10059",0
"10060",0.848503565773126
"10061",0
"10062",0.715531288087356
"10063",0.452990651333995
"10064",0.218990868684028
"10065",0
"10066",0.0460616750491892
"10067",0.0408836662592326
"10068",0
"10069",0.256566738620687
"10070",0.303076491676115
"10071",0
"10072",0
"10073",0.16470014577955
"10074",0.0895395754475473
"10075",0.314500864364869
"10076",0.148005702120061
"10077",0
"10078",0
"10079",0.68542306181617
"10080",1.6080963403093
"10081",0
"10082",1.0717344699341
"10083",1.42141516052094
"10084",0.079916606518381
"10085",0
"10086",0
"10087",0.196467120410297
"10088",0.219275694898445
"10089",0.524608138830793
"10090",0
"10091",0.831573362669905
"10092",0.639879901879228
"10093",0.241301978990687
"10094",1.68216078293428
"10095",1.61386108254939
"10096",0.80277269795573
"10097",1.27476036545412
"10098",0.110284356960489
"10099",0
"10100",0.0342671539504034
"10101",0
"10102",0.635767857553959
"10103",1.0599928211081
"10104",1.20531625056208
"10105",0.775366077931934
"10106",1.11171448549488
"10107",1.15118524442848
"10108",0
"10109",1.47083845754023
"10110",0.826958637594827
"10111",2.41609504707261
"10112",0.348385296439565
"10113",1.10222954795403
"10114",0.793367669185045
"10115",0.966616766221035
"10116",0.703492216113697
"10117",0
"10118",0.822555389611523
"10119",0.436737257338892
"10120",0.492884130293725
"10121",1.35095400905377
"10122",1.97905844383208
"10123",1.19708661667357
"10124",1.68552215915631
"10125",0.339348008881038
"10126",0
"10127",0.115840864349318
"10128",0.617730664149871
"10129",0.807360770503299
"10130",2.10547204797662
"10131",1.52599395980677
"10132",1.34998112651379
"10133",3.69549271188621
"10134",1.93913562084488
"10135",0.139063248719318
"10136",2.35402285304036
"10137",1.44125402379579
"10138",1.35620506355083
"10139",0.145293606593549
"10140",2.89559459024098
"10141",3.00992689318414
"10142",0.46744141616152
"10143",2.16228058646491
"10144",0
"10145",2.38944953656258
"10146",0
"10147",0
"10148",0.00520788279616946
"10149",0.815172302316805
"10150",0.00123980456936623
"10151",0.465055104399813
"10152",0.142026100546112
"10153",0.334685106209437
"10154",0.533834781050671
"10155",1.0750916638236
"10156",0.274796423780422
"10157",0
"10158",0.221418125286747
"10159",1.42763960539467
"10160",0.346030810515625
"10161",0.996744885747246
"10162",1.69224474385378
"10163",0.803704412586822
"10164",0.683401404007145
"10165",1.3680864843709
"10166",2.86095224244577
"10167",1.62669069862232
"10168",1.57330072371003
"10169",0.459137781529428
"10170",0.133871976772934
"10171",0.0458328545605244
"10172",1.73568070683008
"10173",1.91530869354374
"10174",1.5328019159582
"10175",2.58213426624114
"10176",0.632343769833266
"10177",0
"10178",0.642740705780512
"10179",2.20518927901258
"10180",1.80471363854215
"10181",1.06061470368175
"10182",1.6906284451383
"10183",2.0827266899802
"10184",1.50741086188764
"10185",0
"10186",0
"10187",0.288777152491666
"10188",1.18813775949183
"10189",0.399484777183065
"10190",1.3488320427119
"10191",0
"10192",0
"10193",0.332731151631352
"10194",0.477694950879648
"10195",0.58646498183739
"10196",0.68096601154181
"10197",1.58280738562372
"10198",0.731999278269332
"10199",1.20631813309159
"10200",0.447044790525123
"10201",0.767279811358295
"10202",0.170603827471775
"10203",0.271864575450583
"10204",0.24153505229707
"10205",0.172383017881374
"10206",0.219703802377072
"10207",0.633047033107918
"10208",0
"10209",0.447434597350155
"10210",0
"10211",0.656129889211496
"10212",0.281018758164206
"10213",0.100164450736213
"10214",0
"10215",0.0239649087635753
"10216",0
"10217",0
"10218",0
"10219",0
"10220",0.0711907798098632
"10221",0
"10222",0
"10223",0
"10224",0.0691454369750174
"10225",0.0148635015729627
"10226",1.86192907832711
"10227",2.3264420541713
"10228",2.0848813574917
"10229",2.47723568525175
"10230",0
"10231",0
"10232",0.124524720287493
"10233",0.136475701948231
"10234",0
"10235",0.4015676017228
"10236",0.371322146454427
"10237",0
"10238",0.0179683882843389
"10239",0.0405362837684661
"10240",0.0379664885066456
"10241",0.033365505532874
"10242",0
"10243",0.2462266413244
"10244",0.252146063547366
"10245",0
"10246",0.496514315282084
"10247",0.0463789328338213
"10248",0.124346039913745
"10249",0.327950655786218
"10250",0
"10251",0.493535025898246
"10252",0.389591655810175
"10253",0.692678918174012
"10254",0.591931877872754
"10255",0.435109587726891
"10256",0
"10257",1.63038528841345
"10258",0
"10259",0.718254049462196
"10260",0.932716664189111
"10261",0.623620544347541
"10262",0
"10263",0
"10264",0
"10265",0
"10266",0.102521863097736
"10267",1.3292802205859
"10268",1.31299671950123
"10269",0.326186298300288
"10270",2.02925884526226
"10271",0.197456823787987
"10272",1.35512034085431
"10273",0
"10274",0.193060301719849
"10275",0
"10276",0.985072646183535
"10277",0.013117580872148
"10278",1.06106085477597
"10279",0.610026324648739
"10280",0.753598630752723
"10281",1.05185211109876
"10282",1.15932136207833
"10283",3.65142648936124
"10284",1.27345002763033
"10285",1.97380255002223
"10286",1.05889546510965
"10287",1.29316600875655
"10288",1.0840798531081
"10289",0.995340672902337
"10290",1.41977051479386
"10291",1.24198469133687
"10292",3.44916230810231
"10293",1.85768592301727
"10294",2.01417738442637
"10295",1.32158154055875
"10296",2.42955776795886
"10297",0.178295408957879
"10298",2.67595871772297
"10299",0
"10300",0.626995548830974
"10301",1.4763714718824
"10302",0.563914330492955
"10303",2.29336500031727
"10304",0.926112201276454
"10305",2.59635536193749
"10306",0.833093786365184
"10307",1.71537825438575
"10308",2.97676905121861
"10309",0.822498518256433
"10310",3.07360486951394
"10311",0.570868423503479
"10312",0.703879100223107
"10313",0.8167735418201
"10314",0
"10315",1.11560057402938
"10316",1.15129069821173
"10317",0.694908482067135
"10318",1.02736464395267
"10319",2.37149052297682
"10320",0.218558655770049
"10321",1.5644500667684
"10322",0.535719033784211
"10323",0
"10324",0.738048241333154
"10325",1.82896590073061
"10326",0.970649669468448
"10327",1.26862999880094
"10328",1.36156748325568
"10329",0
"10330",0.213098785299011
"10331",0.375101441596392
"10332",1.61418420752372
"10333",1.21261571968781
"10334",0.703249707364332
"10335",1.93956345982283
"10336",3.431306205598
"10337",6.92298820499406
"10338",0.807972951379181
"10339",2.59562236181159
"10340",1.83886715497983
"10341",0.948344826287003
"10342",1.49569000908248
"10343",0.311405784320025
"10344",0.462825974491254
"10345",1.22586434631551
"10346",1.51410621684386
"10347",1.33799449662065
"10348",1.38121821366513
"10349",2.68161114422315
"10350",0
"10351",1.21497530730861
"10352",1.00607858581847
"10353",0.825832185977601
"10354",1.9530816874277
"10355",1.30167373013779
"10356",3.33913966683269
"10357",2.36710340213217
"10358",1.06080666371342
"10359",0
"10360",0.477226875503025
"10361",0.903198257514787
"10362",0.711962339481219
"10363",0.655247900966187
"10364",1.14887373454136
"10365",0
"10366",0.957538677854476
"10367",0
"10368",0
"10369",0.535190374257644
"10370",1.14079666157603
"10371",1.62679345604468
"10372",1.38489886462004
"10373",1.55282858242476
"10374",0.887698276541984
"10375",0.516030035325798
"10376",0
"10377",0.390077737662191
"10378",0.0992138296742454
"10379",0.261930293508507
"10380",0
"10381",0
"10382",0
"10383",1.04977320818915
"10384",0.306396390732246
"10385",0.557200366516304
"10386",0
"10387",0.0566092215176009
"10388",0
"10389",0
"10390",0
"10391",0
"10392",0
"10393",0
"10394",0.197451356372109
"10395",0
"10396",0.197395434490379
"10397",0
"10398",0
"10399",0.0148635015729627
"10400",0.0148635015729627
"10401",0.0888315636862697
"10402",1.66144757514699
"10403",2.66257773119728
"10404",0.840219763368759
"10405",0.750393754753
"10406",1.01104967956454
"10407",0.278858407474863
"10408",0
"10409",0
"10410",0.237645597475701
"10411",0.389971253236682
"10412",0
"10413",0
"10414",0
"10415",0
"10416",0.0406278702298953
"10417",0.271758938918729
"10418",0
"10419",0.25080415815397
"10420",0.34722912990719
"10421",0
"10422",0.202485980846274
"10423",0.0655504893847934
"10424",0.203886539564765
"10425",0.800763160487766
"10426",0.259459886082124
"10427",1.02775594254757
"10428",1.20906351152725
"10429",1.16417842889967
"10430",0
"10431",0
"10432",0
"10433",1.76419013502377
"10434",0.607361170939117
"10435",0
"10436",1.01143854243422
"10437",0.105927075168346
"10438",0.19083905240986
"10439",0
"10440",0.0998916902687046
"10441",1.21267449825428
"10442",0
"10443",1.48466498350399
"10444",0.738761802065028
"10445",0.959087850174719
"10446",0.371171133450602
"10447",0.329984382776155
"10448",0.454476988596651
"10449",0.0555774536893694
"10450",0.642890811484105
"10451",0
"10452",0
"10453",0
"10454",1.22878871353163
"10455",1.14794784555199
"10456",0.861223071517986
"10457",2.1493809300987
"10458",1.78291102032303
"10459",2.7865882482168
"10460",0
"10461",0.613864141127665
"10462",1.68482376073875
"10463",1.34264106101115
"10464",0.678312131647224
"10465",0
"10466",0.503522634152999
"10467",1.41850710766067
"10468",3.70770611947366
"10469",0
"10470",2.07129101840796
"10471",0.0413381408156619
"10472",2.55750699543488
"10473",0
"10474",0.820233218318019
"10475",0.4888054189601
"10476",0.567659517234181
"10477",0.621139752982046
"10478",1.87175656564622
"10479",2.55435391682953
"10480",1.68273031835125
"10481",2.86704806651036
"10482",0.58365571879302
"10483",1.38302722143207
"10484",0.756702448357543
"10485",0
"10486",2.51738986969651
"10487",1.19117550867613
"10488",1.38688676362065
"10489",0.452649670770284
"10490",0.798467417538502
"10491",1.56117978919524
"10492",1.56068344145317
"10493",1.30005375215527
"10494",1.81095490717804
"10495",0.902900571259396
"10496",0.925370582250878
"10497",0
"10498",0
"10499",0
"10500",1.63933274498124
"10501",0.38488229837723
"10502",1.44549336010277
"10503",0.00899557606516266
"10504",1.33858805155502
"10505",0
"10506",0.705106219483086
"10507",3.00431293512717
"10508",1.04794401541475
"10509",2.53925455643319
"10510",1.16336921033541
"10511",3.53040653939241
"10512",2.90809010606095
"10513",3.43336559970757
"10514",3.07475919964418
"10515",0.00649923610112779
"10516",1.10457006108895
"10517",1.4021535328117
"10518",1.64033316088367
"10519",1.85287133129935
"10520",1.79287863253184
"10521",1.18163653316804
"10522",1.25074188546086
"10523",1.02976433511168
"10524",1.14812736423486
"10525",1.21619945007647
"10526",0.403115662607581
"10527",0
"10528",0.630713319250241
"10529",0.614933933260948
"10530",0.46102505910837
"10531",0.75216354518004
"10532",1.85491969847
"10533",0.28740895601171
"10534",1.03152148354563
"10535",0.0756435980908652
"10536",0.327251466695916
"10537",0.192800821034406
"10538",0.585804242411281
"10539",0.66362500754754
"10540",0.489725435222318
"10541",0.576881990201097
"10542",0.437952214088329
"10543",0.363670164783143
"10544",0.837778775762459
"10545",1.82933062282534
"10546",1.57565357219269
"10547",1.85914946071844
"10548",1.83859015014551
"10549",1.13581725903192
"10550",0.0367423021617306
"10551",0
"10552",0
"10553",0.383763280837085
"10554",0
"10555",0.481481964672699
"10556",0
"10557",1.06651771270941
"10558",0.347658376399404
"10559",0.922970557455385
"10560",0
"10561",0.866031902678574
"10562",0.156135414562734
"10563",0
"10564",0
"10565",0
"10566",0
"10567",0
"10568",0
"10569",0
"10570",0.129882974757886
"10571",0.0870467644364053
"10572",0
"10573",0
"10574",0
"10575",0
"10576",0
"10577",0.0148635015729627
"10578",0.0148635015729627
"10579",0.00611389175409305
"10580",0.021997111654088
"10581",0.193123299405649
"10582",0.0150755738557078
"10583",0
"10584",0
"10585",0.605927688877233
"10586",0.434399039438094
"10587",0.29599310652014
"10588",0
"10589",0.753759102693744
"10590",0
"10591",0
"10592",0.0210912239420797
"10593",0.0132862674497876
"10594",0.267216467218691
"10595",0
"10596",0.287452104993499
"10597",0.0565110942729132
"10598",0
"10599",0.445774303147151
"10600",0.253709995864599
"10601",0.412722665441238
"10602",0.725028601116663
"10603",1.00980963638611
"10604",0.24516185597215
"10605",0.301627414990187
"10606",0.278393489637063
"10607",1.05551964578213
"10608",0.193950204616019
"10609",1.11876656805365
"10610",0.359029466485768
"10611",1.81960847282741
"10612",0.386650925629587
"10613",0
"10614",0
"10615",0
"10616",0.473918538097413
"10617",0.0155802943143555
"10618",0.0517255201954466
"10619",0.988226681283916
"10620",0
"10621",0
"10622",0.84150261712449
"10623",0.949177864441199
"10624",1.30261336538054
"10625",0.751284157255426
"10626",0
"10627",0.0937047556061068
"10628",0.0198462418576656
"10629",0.225975773696231
"10630",0.464504149027989
"10631",0
"10632",1.8934849695489
"10633",0.745809056520847
"10634",1.42809896980854
"10635",1.18137341803638
"10636",1.12098732770824
"10637",1.91239980318865
"10638",0.734652389371014
"10639",0.0998353346953524
"10640",0.70877466035146
"10641",1.03455357619313
"10642",0.3252416445204
"10643",0
"10644",0.936741837191965
"10645",0
"10646",2.00649112429894
"10647",0.864644718061104
"10648",0.508201308922167
"10649",0.229375523901265
"10650",1.95796891420934
"10651",0
"10652",0.903121107844394
"10653",0
"10654",0
"10655",1.61813025892959
"10656",1.85289475854381
"10657",2.68666077155085
"10658",3.1126590450731
"10659",3.78872680645518
"10660",0.304633491716154
"10661",0
"10662",1.42314176777841
"10663",0.515630498049965
"10664",2.57244535721762
"10665",0.782061682400427
"10666",3.32557406200924
"10667",2.123391791737
"10668",0.487840899571854
"10669",0.764471523095257
"10670",1.52833943915101
"10671",1.25389068093665
"10672",3.12451509134802
"10673",0.197598448172134
"10674",1.31284029369268
"10675",2.03120445360549
"10676",0.626373403297014
"10677",0.724835133707682
"10678",1.05793545772213
"10679",0.185702882218567
"10680",1.95299071873814
"10681",0.783172666174931
"10682",0
"10683",0.482032901677767
"10684",1.39414212207847
"10685",1.30658901216323
"10686",0
"10687",1.12426353913517
"10688",2.57788265749467
"10689",2.00647029315787
"10690",3.32147200888849
"10691",1.51914784521986
"10692",1.05493040201103
"10693",0.221334537577007
"10694",0.335936721442263
"10695",0.546397643836247
"10696",1.36230710846132
"10697",2.35269196269842
"10698",0.374275440912408
"10699",2.59392014007345
"10700",0.972822518832682
"10701",0.222760525175478
"10702",0.0208720845005235
"10703",1.39236987615607
"10704",0.507536382015363
"10705",0.636894442048146
"10706",0.830346312903085
"10707",0
"10708",1.0313389178323
"10709",0.97492868869082
"10710",1.16496432762401
"10711",1.4732948604272
"10712",0.944596701288972
"10713",0
"10714",0
"10715",0
"10716",0
"10717",0.168983872208002
"10718",0.459568520720494
"10719",0.246839870187683
"10720",0.041056285334512
"10721",0.330188344071175
"10722",0.388193136002513
"10723",0.594980528235579
"10724",0.251758684383304
"10725",1.18748839762337
"10726",1.17852496567789
"10727",1.0051823452444
"10728",0.317822390930803
"10729",0.404733633849742
"10730",0
"10731",0.178192496514995
"10732",0
"10733",0.172225450361634
"10734",0
"10735",0.681818667750354
"10736",0.113638417613711
"10737",0.985802062867964
"10738",0
"10739",0
"10740",0
"10741",0.321877265404865
"10742",0.15272358312377
"10743",0
"10744",0
"10745",0
"10746",0
"10747",0
"10748",0.13491232108535
"10749",0.640790231171984
"10750",0
"10751",0.215275731860129
"10752",0
"10753",0
"10754",0
"10755",0
"10756",0
"10757",0
"10758",0
"10759",0
"10760",0.105363623109714
"10761",1.07920808419339
"10762",0.428869465537365
"10763",1.15561870431927
"10764",0.772825429586284
"10765",0.541906461536636
"10766",0.0421129698103506
"10767",0.283104336482302
"10768",0.359405725174172
"10769",0.185178593972732
"10770",0
"10771",0
"10772",0.0978111533489312
"10773",0
"10774",0.178991242754903
"10775",0.777200720749406
"10776",0.327274428034142
"10777",1.53761316299412
"10778",1.69809887925864
"10779",0.795444313462235
"10780",1.56253181608427
"10781",0.229791287127249
"10782",1.86090901796448
"10783",1.12474078805745
"10784",0
"10785",1.07475048060411
"10786",0.150547500535318
"10787",0
"10788",0
"10789",1.29511108288716
"10790",0.966270203698374
"10791",0.86224702651615
"10792",0.817733422366333
"10793",0
"10794",0.94837803666923
"10795",0.203370835565002
"10796",0.294356640868911
"10797",0.799455080006071
"10798",1.28555621231094
"10799",2.31479432738983
"10800",0.34752173585273
"10801",1.6128590001022
"10802",1.76968328351067
"10803",0.996213969950471
"10804",2.35510878490345
"10805",1.41977562695463
"10806",0.315627494148867
"10807",0.313859328013911
"10808",0.11455631768068
"10809",0.68146855007388
"10810",0.75578862509981
"10811",0.471610809961953
"10812",0.368647307814058
"10813",1.08374087519604
"10814",0.736345373532439
"10815",1.45414628240035
"10816",0.599947932729017
"10817",1.50650901949411
"10818",0
"10819",0
"10820",0.395250169692194
"10821",0.480456406443122
"10822",0
"10823",0.142320283908073
"10824",0.855131558142671
"10825",0
"10826",0.126265690651636
"10827",0
"10828",2.38526043702081
"10829",1.01869141975892
"10830",1.22765872738034
"10831",1.684510183
"10832",0.446691957363904
"10833",3.11829349098783
"10834",0.700676133918601
"10835",2.0957604137169
"10836",1.89678112532311
"10837",2.98684039567599
"10838",1.79475882669038
"10839",2.15789175209195
"10840",0.36035338611474
"10841",0.845832605985176
"10842",2.32537655930277
"10843",0
"10844",0
"10845",2.2060403739599
"10846",3.39259365118344
"10847",1.93092578877243
"10848",1.39831443727775
"10849",0.903222020620779
"10850",2.34492596840384
"10851",1.33392444832546
"10852",1.74218044004664
"10853",0.331237877607749
"10854",0.971961296884649
"10855",0.952843472761457
"10856",0.444178984211588
"10857",0
"10858",0
"10859",0
"10860",2.49749065881066
"10861",2.90323000527493
"10862",0.529068705831866
"10863",1.78375011867873
"10864",1.22957077820035
"10865",1.29507948679832
"10866",0.720071181764433
"10867",1.28994701157405
"10868",2.74044393908992
"10869",1.61648089225609
"10870",2.39369215104757
"10871",0
"10872",0.528449825986736
"10873",0.416118755700091
"10874",2.14995385634002
"10875",1.21905714578575
"10876",0.338653309309073
"10877",0
"10878",0
"10879",1.62869114070132
"10880",0.278804777120964
"10881",1.15469922825564
"10882",0
"10883",0.726712069419452
"10884",0.215729654788167
"10885",1.47697805505135
"10886",0.291190837979678
"10887",0.812028151178406
"10888",0.340169237383788
"10889",0
"10890",0
"10891",0
"10892",0.571619588233863
"10893",0.118758912910091
"10894",0.726939537325161
"10895",0.537576805561801
"10896",1.93208823907485
"10897",0.205331339171366
"10898",0.631044304078053
"10899",0.897519508613991
"10900",0.575577592720615
"10901",0.619614383809968
"10902",0
"10903",1.42949605198486
"10904",0.164320515064765
"10905",1.07435243576821
"10906",0.232007418121028
"10907",0.100088465770022
"10908",0.492377804473992
"10909",0.158650720990213
"10910",0
"10911",0.679589205177158
"10912",0.0999620401841084
"10913",0
"10914",0
"10915",0.109697474304921
"10916",0
"10917",1.47238306460888
"10918",0
"10919",0.195961309041672
"10920",0
"10921",0.0982418001887723
"10922",0
"10923",0
"10924",0
"10925",0
"10926",0.071870248778997
"10927",0.225687886588357
"10928",0.472753531344204
"10929",0
"10930",0
"10931",0.0691454369750174
"10932",0
"10933",0
"10934",0
"10935",0
"10936",0
"10937",0.213173482174406
"10938",0
"10939",0
"10940",0
"10941",0.360754391628571
"10942",0.000702495347323195
"10943",0.0691368140689787
"10944",0.172488892703402
"10945",0.150321056162579
"10946",1.00696782488792
"10947",0.0310366282259326
"10948",0.00400243941159806
"10949",0
"10950",0.415719654371399
"10951",0.865181960418184
"10952",0.149307846051335
"10953",1.2251438053856
"10954",0.148410069100215
"10955",0
"10956",0.0981961226566073
"10957",0.860663240386124
"10958",0.414870997729401
"10959",1.04723971643543
"10960",0
"10961",1.8811815251936
"10962",1.13937476321044
"10963",1.50039004869735
"10964",0.982091620907768
"10965",0
"10966",0.499530488954114
"10967",0.559904731538865
"10968",0
"10969",0.0262736916239737
"10970",0.732494997373937
"10971",0
"10972",0.80090992379189
"10973",0.153616212027229
"10974",0.6124541860428
"10975",0.810293529031543
"10976",0.248755754060031
"10977",0.495121798573156
"10978",0.287568578242793
"10979",0.217309117748046
"10980",0.800498273765585
"10981",0.69097426614378
"10982",0.483453002953918
"10983",1.40982356634586
"10984",1.34756242740512
"10985",2.10524153057213
"10986",1.5999745557996
"10987",3.25009619576912
"10988",2.97247498629338
"10989",1.93692023423225
"10990",2.23126989707145
"10991",2.05543056787166
"10992",1.25310767906142
"10993",0.219907515990729
"10994",0.906832321245068
"10995",1.28338842869602
"10996",0.0793148260231993
"10997",1.59129666780018
"10998",0.946295926610563
"10999",1.15207005589958
"11000",0.435953822526509
"11001",0.194513609603806
"11002",0.513500753468069
"11003",0
"11004",1.47005104330577
"11005",0.355559280531318
"11006",1.66231275998803
"11007",0
"11008",1.04844717446573
"11009",0
"11010",0
"11011",0
"11012",0.646805611507693
"11013",1.1897114186451
"11014",0.923479239265639
"11015",0.244204253358978
"11016",5.05557523480545
"11017",1.00938854493727
"11018",1.27504983770514
"11019",0.767979881475368
"11020",1.66256803603471
"11021",1.51489238828598
"11022",0.74172229880866
"11023",1.6069519228486
"11024",0.843288718206867
"11025",0
"11026",0.0557084134926802
"11027",2.48587906047695
"11028",0
"11029",4.45702613344194
"11030",2.72438981853695
"11031",3.54523866524947
"11032",1.10305181339696
"11033",1.49684646990155
"11034",1.83060443734743
"11035",1.80399304696963
"11036",0.643972605489544
"11037",0.753689408451637
"11038",0.872296777161777
"11039",0.496219159558981
"11040",0.9895181614548
"11041",1.4072179565615
"11042",0.0878580087077807
"11043",1.76727427288263
"11044",1.35072509667732
"11045",1.13682146542182
"11046",0.254549605569935
"11047",0
"11048",1.79487822097644
"11049",0.787010525758228
"11050",2.38804639291699
"11051",1.5235025043147
"11052",0
"11053",1.82651093531138
"11054",0.81889281105014
"11055",1.26119041008674
"11056",0.385215950204468
"11057",1.58072493960749
"11058",0.263498307438937
"11059",0.21387756411009
"11060",1.95297533751124
"11061",0.0641577667629609
"11062",1.5361494747887
"11063",0.256513300540398
"11064",0.461032165641617
"11065",0.343944726623828
"11066",2.90150364198963
"11067",0
"11068",1.82865548113476
"11069",0.526598706334103
"11070",0.454322123873849
"11071",0.335700918838565
"11072",0.704739328148018
"11073",0
"11074",1.09358886828242
"11075",0.609833008169772
"11076",0
"11077",0.614399623474782
"11078",0.575183832494607
"11079",0.970262835656588
"11080",0.736055789582078
"11081",0.445155451950897
"11082",0.828581272324852
"11083",0.62939436807282
"11084",0.148218602935531
"11085",0.97010607797752
"11086",0.267518693173753
"11087",0.607870087179606
"11088",0.924537937932546
"11089",0.343826952498371
"11090",0
"11091",0
"11092",1.05246482102066
"11093",0.322616937239449
"11094",0
"11095",0.0937619889917262
"11096",0.129447839735967
"11097",0.0532774634055005
"11098",0
"11099",0
"11100",0.261015073090678
"11101",0.805296890318099
"11102",0.261042437728252
"11103",0.75544722748948
"11104",0.0607668118474878
"11105",0
"11106",0.596069623475603
"11107",0
"11108",0
"11109",0.00687509442921583
"11110",0
"11111",0.0972147461004381
"11112",0.636847208302502
"11113",0
"11114",0.371712345360913
"11115",0
"11116",0
"11117",0
"11118",0
"11119",0
"11120",0
"11121",0
"11122",0
"11123",0
"11124",0
"11125",0
"11126",0
"11127",0
"11128",0
"11129",0.0691368140689787
"11130",0.172488892703402
"11131",0.03382991891808
"11132",0
"11133",0.225403395553081
"11134",0
"11135",0.567106614735107
"11136",0.6263343574855
"11137",0.238099633302951
"11138",0.449026604187886
"11139",0.186266034697717
"11140",0.758546393898955
"11141",0.0357235735601013
"11142",0.225913252683388
"11143",0
"11144",2.14865765197581
"11145",0
"11146",0.386087150873399
"11147",0.451332998156317
"11148",0.944325434006525
"11149",0.486852993223396
"11150",1.18143459067648
"11151",0.473826900208092
"11152",2.2851629609565
"11153",0.681850228783864
"11154",0.516235659655606
"11155",1.13794734544993
"11156",0.279235885045843
"11157",0.592724944807296
"11158",0
"11159",0
"11160",0
"11161",0.118574860945634
"11162",0.0339650781225455
"11163",1.11084780335156
"11164",0
"11165",0.553416449386828
"11166",0.696483786728356
"11167",0.277443761609605
"11168",0
"11169",0
"11170",0.432254441494659
"11171",0.81837251271011
"11172",1.16995411453637
"11173",1.85909875543683
"11174",1.56700120064688
"11175",0.541250033905579
"11176",0.307181562126841
"11177",3.00892544406042
"11178",0.897991223948719
"11179",0.268783075632838
"11180",0
"11181",0.474416907417271
"11182",1.2617275842028
"11183",1.01198955786383
"11184",1.82122521521017
"11185",0.676985721932765
"11186",0.187134118424106
"11187",0.407574169753169
"11188",0.834501977572899
"11189",1.08289795994002
"11190",0.29194694136234
"11191",0.592753727362832
"11192",0
"11193",0.656654126054253
"11194",0
"11195",0.390523340415664
"11196",0
"11197",0
"11198",0.869905422974947
"11199",1.84775021594952
"11200",1.50351642971737
"11201",2.71165995513296
"11202",0
"11203",0.681178443118287
"11204",1.0220118044307
"11205",0.550214730830827
"11206",0.748156730956189
"11207",1.49624482055765
"11208",0.196948720912945
"11209",1.1932073203921
"11210",1.18386883490898
"11211",0.696053109089562
"11212",2.06042374855615
"11213",0
"11214",0.629051295569484
"11215",1.70992426634763
"11216",4.64419971517229
"11217",2.28291268970181
"11218",1.77286661485062
"11219",1.15028504359205
"11220",1.59459024571926
"11221",0.221738460440395
"11222",2.2207563058086
"11223",0
"11224",0.586102666156502
"11225",1.22012193996189
"11226",0
"11227",0.378265247851754
"11228",1.88994191093706
"11229",0.913055010739848
"11230",0.0996101441104131
"11231",0.970446223108334
"11232",1.05470076979218
"11233",0
"11234",0
"11235",0.836234613307282
"11236",0.778439616694675
"11237",0.313616120372134
"11238",1.73911997890325
"11239",0
"11240",0.832301096061938
"11241",0.687175984540976
"11242",0.32315537836704
"11243",0.579504645511127
"11244",0.709566793074157
"11245",0
"11246",0.49103447807319
"11247",1.34774299705081
"11248",0.571740205258086
"11249",0
"11250",0.236056513230334
"11251",1.46139883972809
"11252",0.0738255461950283
"11253",2.49833985861896
"11254",0.436205961861762
"11255",1.3250486788157
"11256",0.391297557408188
"11257",0.744756769767357
"11258",0.948457050862359
"11259",0.491963025041281
"11260",0
"11261",0.0767170412537601
"11262",0.368417287110158
"11263",0.189972221343281
"11264",0.146409123479517
"11265",0.627427098008401
"11266",1.24853128521094
"11267",0.550458650276507
"11268",0.773177673500856
"11269",0
"11270",0
"11271",0.813127372369311
"11272",0.667889636772763
"11273",0
"11274",0
"11275",0.0182153606181388
"11276",0
"11277",0.609649961476663
"11278",1.50068563388781
"11279",0.454758216338189
"11280",0
"11281",0
"11282",0.318621916281524
"11283",0.271631604799016
"11284",0
"11285",0.403673629268538
"11286",0.743747538678397
"11287",0.445061579075713
"11288",0.321314565429995
"11289",0
"11290",0
"11291",0
"11292",0
"11293",0.342932476191098
"11294",0.029073299088564
"11295",0
"11296",0.263015962782975
"11297",0.224848900479976
"11298",0
"11299",0
"11300",0
"11301",0.0379218967954453
"11302",0
"11303",0
"11304",0
"11305",0
"11306",0
"11307",0
"11308",0
"11309",0
"11310",0
"11311",0
"11312",0
"11313",0
"11314",0
"11315",0
"11316",0.172488892703402
"11317",0.222304672586749
"11318",0
"11319",0
"11320",0
"11321",0.317004773812315
"11322",0.250567202266443
"11323",0.724390151493686
"11324",1.2393305533731
"11325",0
"11326",1.46071216152933
"11327",0.301996279957562
"11328",0.0976632551680262
"11329",0
"11330",0.184288373653269
"11331",0
"11332",0.570492143073439
"11333",0
"11334",1.6463111273253
"11335",0
"11336",0.653114108505199
"11337",0.633564861175051
"11338",0.94001693271339
"11339",0.964703252393324
"11340",0.118707225842032
"11341",0.681483491168723
"11342",0.837602187989583
"11343",0.315412465970549
"11344",0
"11345",0
"11346",0.00370627936980417
"11347",0.608439565750995
"11348",0
"11349",0.79884827855668
"11350",0.164064126996295
"11351",0
"11352",0.00300377588614553
"11353",0
"11354",0
"11355",0
"11356",0.685895381252119
"11357",0.224238124578658
"11358",0.312187952274611
"11359",0
"11360",0.868222509379968
"11361",1.95202598022424
"11362",0
"11363",0
"11364",0.267876938647543
"11365",1.18606286357115
"11366",0.0338504271626088
"11367",0.1420439598372
"11368",1.21034721220859
"11369",0.734780141693321
"11370",0.831205701518159
"11371",1.40516900962854
"11372",0
"11373",1.3029769566811
"11374",0.39934056042054
"11375",1.28850831088873
"11376",0
"11377",2.24800470457602
"11378",0
"11379",0.748364958388131
"11380",0
"11381",0.485072683631326
"11382",0
"11383",0.464008436842335
"11384",0.629105819892132
"11385",0.936551714865205
"11386",0
"11387",0.0421877962736517
"11388",0.14652415434399
"11389",1.02809472404433
"11390",0.133205631597867
"11391",0.684275179828919
"11392",0.83647514821438
"11393",2.25188451153513
"11394",1.39544302512592
"11395",0.662003630962111
"11396",0.0532921892041229
"11397",1.23482431706757
"11398",0.978875304765835
"11399",0.440530201436332
"11400",2.22064794371746
"11401",0
"11402",2.93987962959671
"11403",1.17179287951643
"11404",2.60735645900207
"11405",0.867171440873422
"11406",0.648442116836616
"11407",0.27780333506461
"11408",0
"11409",0
"11410",1.31223934915216
"11411",0
"11412",0.43785622584381
"11413",0.570005875579431
"11414",0
"11415",1.04331204793719
"11416",1.48821474077299
"11417",0.800404991051638
"11418",1.55376146197981
"11419",0.63983698133869
"11420",0.307969934966848
"11421",0.568768838113369
"11422",0
"11423",0.0632400425069117
"11424",0
"11425",0
"11426",0.303850742951663
"11427",0
"11428",0
"11429",0.175815786607947
"11430",0
"11431",0.326505378365741
"11432",0.722960551394207
"11433",0.126696044224761
"11434",0
"11435",0.239863255305139
"11436",0.118762124834903
"11437",0.166989245800811
"11438",0.102100099618785
"11439",1.24979738186986
"11440",0.289710600698908
"11441",1.30892223684883
"11442",0.548527176299169
"11443",0.916440773606881
"11444",0.750144254105033
"11445",1.49732088962343
"11446",1.12444250234187
"11447",0.642100617314608
"11448",0
"11449",0.12978509331035
"11450",0.0812401227535149
"11451",0.960826642353286
"11452",0.305734792926012
"11453",0.754993025735682
"11454",0.930993597599285
"11455",0.281539459654295
"11456",0.586923508238675
"11457",0.0193961186198602
"11458",0.857596991064361
"11459",0.529092948895067
"11460",0.193160131680634
"11461",0
"11462",1.23900850882769
"11463",0
"11464",0.987723349933248
"11465",0.826060100653493
"11466",0.715194151211286
"11467",0
"11468",0
"11469",0.259528494237713
"11470",0.124953398684791
"11471",0.670660706578428
"11472",0
"11473",0.138096266873112
"11474",1.44318902003976
"11475",0.0366361691041723
"11476",1.3156160563268
"11477",0
"11478",0
"11479",0.701531795555657
"11480",0.100955202769371
"11481",0
"11482",0
"11483",0
"11484",0.98517291459328
"11485",0.713483066445276
"11486",0
"11487",0.174866273286895
"11488",0.440937587866734
"11489",0
"11490",0.069561365629479
"11491",0
"11492",0
"11493",0
"11494",0
"11495",0
"11496",0
"11497",0
"11498",0
"11499",0
"11500",0
"11501",0
"11502",0.172488892703402
"11503",0.0834062050203759
"11504",0
"11505",0.0176629389823608
"11506",0.0676925337823998
"11507",0
"11508",0
"11509",0
"11510",0
"11511",0
"11512",0
"11513",0.366639639217575
"11514",0
"11515",0.263543269786787
"11516",0
"11517",1.07773165284473
"11518",0.348239036276297
"11519",0.646590366987608
"11520",0.791873682985301
"11521",0.263239546529304
"11522",0.0631645582381382
"11523",0.738079330293386
"11524",0
"11525",1.25871296234578
"11526",0.291087197203681
"11527",0.735536976427151
"11528",0
"11529",0
"11530",0.0432947268021071
"11531",0
"11532",0.289110427333742
"11533",0.0220518687287393
"11534",0
"11535",0
"11536",0.617453531041169
"11537",0.121665191471644
"11538",0.0596608007740989
"11539",0.231091066440582
"11540",0
"11541",0.625271931781034
"11542",0
"11543",0
"11544",0.844320502723666
"11545",0.719004272430371
"11546",0.753508590954763
"11547",1.70363967246602
"11548",0.845821354365892
"11549",0.0571775916722617
"11550",1.21955614316679
"11551",0.137218028799748
"11552",0.387178153850576
"11553",0.71355084406344
"11554",0.617873432006913
"11555",1.4746835660741
"11556",0.817662425961894
"11557",0
"11558",0
"11559",0
"11560",0.751660200393723
"11561",0.183164755074041
"11562",0.255329080919215
"11563",0
"11564",2.02396082950558
"11565",0
"11566",0
"11567",0
"11568",0
"11569",0.0726306013117864
"11570",0.157197164195607
"11571",0.705382995779606
"11572",1.02675356515247
"11573",0
"11574",0.671934435347384
"11575",0
"11576",0.160348506238269
"11577",0.361745490620431
"11578",1.54906344928987
"11579",2.12420224896827
"11580",0.851760454536831
"11581",0.640794218260253
"11582",0.267847114718297
"11583",0.444898554507482
"11584",0.232880042896064
"11585",0.760444236341798
"11586",1.3754263672887
"11587",2.76945716734754
"11588",0.814699938590553
"11589",2.93133860771884
"11590",0
"11591",1.62109994572222
"11592",0.281254544032599
"11593",0.266441384295263
"11594",1.05003842769681
"11595",1.73637408874287
"11596",0
"11597",1.43646112564452
"11598",1.00833335659426
"11599",0
"11600",0.274697349366485
"11601",0.225169937549377
"11602",1.02901726722827
"11603",1.60155665458398
"11604",0.703198289972723
"11605",0.284893309124426
"11606",0
"11607",0.0839895936768036
"11608",0.220425575505008
"11609",1.02803769484789
"11610",0.308470297762058
"11611",0.901696745648946
"11612",0
"11613",0.508029300538895
"11614",0.147845588691433
"11615",0.895529464373451
"11616",0.986556625518977
"11617",1.46843826444278
"11618",0
"11619",0
"11620",0
"11621",0
"11622",0.595212480993462
"11623",0.286063175842214
"11624",0.392659299818254
"11625",0.340875963825304
"11626",0.550522062532334
"11627",0.244714391734308
"11628",0.0271751623225933
"11629",0
"11630",0
"11631",0.967258575407214
"11632",0
"11633",0.54066248100416
"11634",0.175269629555313
"11635",0
"11636",0.845800465413392
"11637",0
"11638",0.716255664981488
"11639",0.511636317951925
"11640",0.429430280266136
"11641",0.695577515042299
"11642",0
"11643",1.30053738618372
"11644",0
"11645",1.38214473355181
"11646",0.393309107539766
"11647",1.18658913546835
"11648",0
"11649",0.343730411057081
"11650",0.290044837830941
"11651",0.0296582208904994
"11652",0.114663644035195
"11653",0.317267014191916
"11654",0.029640029942662
"11655",0.250377167110357
"11656",0.0348014417775555
"11657",0
"11658",0.487949902022359
"11659",0.190289875991986
"11660",1.00308093763384
"11661",1.79525175152491
"11662",0.304598059263666
"11663",0.115745056906118
"11664",0
"11665",0
"11666",0.142195532214917
"11667",0.307312306453686
"11668",0.136751940691222
"11669",1.66329031641317
"11670",2.01549808883009
"11671",1.36543020576034
"11672",0.738657196650581
"11673",1.26551093295945
"11674",0
"11675",1.19150383783024
"11676",0
"11677",0.185090184570093
"11678",0
"11679",0
"11680",0
"11681",0
"11682",0
"11683",0
"11684",0
"11685",0
"11686",0
"11687",0.172488892703402
"11688",0.0834062050203759
"11689",0.201007732484727
"11690",0
"11691",0.119654271781254
"11692",0
"11693",0.162908302317827
"11694",0
"11695",0.327119198174632
"11696",0
"11697",0
"11698",0
"11699",0.0249342737615629
"11700",0.0471572688847494
"11701",1.27594467986504
"11702",0.240064159712062
"11703",0.784317760853008
"11704",0
"11705",0
"11706",0.0994607194148208
"11707",0.422908957190519
"11708",0
"11709",0.0319244779370278
"11710",0
"11711",1.44869267261437
"11712",0.127380136606777
"11713",0.980853227904717
"11714",0.17102623817045
"11715",0.600139223647405
"11716",0.0199386296492704
"11717",0.76048718816323
"11718",0
"11719",0.145567102827947
"11720",0.543700387510314
"11721",0.112969016268748
"11722",0.158212117607591
"11723",0
"11724",0
"11725",0.0795567933559856
"11726",0.00173628733461895
"11727",0
"11728",0.351081310264509
"11729",0.875455069153913
"11730",1.27042064257945
"11731",0.378878783048764
"11732",1.81906195479276
"11733",1.37790851883125
"11734",1.740516125222
"11735",0.833160141497211
"11736",0
"11737",0
"11738",1.03139793872932
"11739",0
"11740",0.873049298828554
"11741",0.578738405001229
"11742",0.555715212242495
"11743",0
"11744",1.79307728533424
"11745",0.954161823119711
"11746",2.16025081606763
"11747",0
"11748",0.134689839906804
"11749",0
"11750",1.09492732608975
"11751",0.254995363945677
"11752",0.571434873681526
"11753",1.0461383367076
"11754",0
"11755",0.021258376094775
"11756",0.569479327467153
"11757",0.529107548851613
"11758",0.204740126663178
"11759",0
"11760",0
"11761",0.0918728851377938
"11762",0.620571110178209
"11763",0.352429061401546
"11764",1.08274844680455
"11765",1.26721781532188
"11766",0
"11767",1.68142672799614
"11768",1.39042439731649
"11769",1.2066464288039
"11770",1.76801747656769
"11771",2.77648017221674
"11772",2.41579004914738
"11773",3.76064654525549
"11774",2.17115826515615
"11775",1.07744078305874
"11776",0
"11777",0.944342723846549
"11778",0.838637772431597
"11779",0
"11780",0
"11781",0
"11782",1.53051462775787
"11783",0
"11784",1.51029073800918
"11785",0
"11786",1.2968501164327
"11787",0.144847939866759
"11788",0.793213781943244
"11789",1.19284031516776
"11790",0.242550434667591
"11791",0.864078117658461
"11792",0.0505742959308446
"11793",0.453101947289398
"11794",0.815451116618218
"11795",1.0212290511882
"11796",1.0873824763462
"11797",0.774125516800444
"11798",0.238649595386764
"11799",0
"11800",0.503133145296943
"11801",0.509589855468246
"11802",0.758700536045893
"11803",0
"11804",0.0382692270529864
"11805",0.330732584722455
"11806",0.455986844887688
"11807",0.135925226579411
"11808",0.427052557029465
"11809",0.673550110780466
"11810",0.220323540334457
"11811",0.37670657973055
"11812",0
"11813",0.537591669008172
"11814",1.02303979986963
"11815",0
"11816",1.21229559116111
"11817",0.32485106406074
"11818",0.111723269956163
"11819",0.835107127296554
"11820",0.371900203591944
"11821",0.911057963929961
"11822",1.32249770035065
"11823",0.534308491948661
"11824",0.496678447469233
"11825",2.15611057873315
"11826",0
"11827",1.21920999761424
"11828",0.125984242334616
"11829",0.997148548817251
"11830",0.249081319295293
"11831",0.709669544928178
"11832",0
"11833",0
"11834",0.394590484490978
"11835",0.129247217069631
"11836",0.407411194315222
"11837",0.119484500806507
"11838",0.127144835312155
"11839",0.336104627756562
"11840",0.495712309676541
"11841",0
"11842",0.479193597369228
"11843",0.0858716905354669
"11844",0
"11845",0.242525571428127
"11846",0
"11847",0.405454191878913
"11848",0.429469239713742
"11849",0
"11850",0.367767192155819
"11851",0.45256386607739
"11852",0.242234931713226
"11853",0.235054738143255
"11854",0.643691894259875
"11855",0.885372180021506
"11856",0.920431493508063
"11857",1.02135568262149
"11858",0.573699644321888
"11859",0.706996774689189
"11860",0
"11861",0.237145326963211
"11862",0
"11863",0.0936336696891241
"11864",0
"11865",0
"11866",0
"11867",0
"11868",0
"11869",0
"11870",0
"11871",0.172488892703402
"11872",0.211656202535738
"11873",0
"11874",0
"11875",0
"11876",0.170155667948331
"11877",0
"11878",0
"11879",0.0101061599171194
"11880",0.681370968847522
"11881",0.00442227665109918
"11882",0.166101920786408
"11883",0.361343158586771
"11884",0.900087352737112
"11885",0
"11886",1.84025214454676
"11887",0.254167184277161
"11888",0
"11889",0
"11890",0
"11891",0
"11892",0.884477931764905
"11893",0
"11894",1.58983464890208
"11895",0
"11896",0
"11897",0
"11898",1.39917473687456
"11899",0.612904295759479
"11900",0.945193859894686
"11901",0
"11902",0.422536414198656
"11903",0
"11904",0.332278332670697
"11905",0
"11906",0.194027666015476
"11907",0.0976293585937185
"11908",0
"11909",0
"11910",0
"11911",0.121106294909262
"11912",0.285692326705191
"11913",1.27506518278149
"11914",1.63085207913203
"11915",1.61491618234956
"11916",1.25321656968754
"11917",0.965060718462471
"11918",0.135631245733854
"11919",0
"11920",0
"11921",0.20722456561824
"11922",0
"11923",0
"11924",0
"11925",0.308446424797891
"11926",0.384481159641961
"11927",1.0757950287348
"11928",1.38172348409338
"11929",1.72789617771913
"11930",1.26209832840444
"11931",1.51291036326703
"11932",0.176533071631519
"11933",0.337649702242726
"11934",0
"11935",0
"11936",0.114395804781241
"11937",0
"11938",0.409359180724571
"11939",0.844714467567516
"11940",0.0472513579074652
"11941",0.951400310600981
"11942",0.0268645729644624
"11943",0
"11944",0
"11945",0
"11946",0
"11947",0
"11948",1.65783048361351
"11949",0.00560461300373905
"11950",0.574674719910413
"11951",3.83135266319628
"11952",0
"11953",1.49197676217787
"11954",2.13232876444044
"11955",1.23169461672807
"11956",3.35214419628275
"11957",1.7271146027576
"11958",3.33128459685972
"11959",0
"11960",0
"11961",0
"11962",0
"11963",0.356007372070969
"11964",0.573666048542516
"11965",0.266242096175278
"11966",1.71505474842925
"11967",1.12229552967367
"11968",0
"11969",0.723317789029438
"11970",0.117681608448279
"11971",1.25129370754268
"11972",0.697473326494471
"11973",0.685543909531936
"11974",0.129891844977156
"11975",0.353229463136854
"11976",0.649371098562056
"11977",0.151566682776808
"11978",0
"11979",0.0550760080119457
"11980",0.677680023818427
"11981",0.820441983376024
"11982",0
"11983",0.829795155836509
"11984",0.676570226905449
"11985",0.556510307417426
"11986",0.0958700314495241
"11987",0.203376505899015
"11988",0
"11989",0.78689290110492
"11990",0.713604397846407
"11991",0
"11992",0
"11993",0
"11994",0.243363135373403
"11995",0
"11996",0
"11997",0.173979907157812
"11998",0
"11999",0.857898496380343
"12000",0
"12001",0.333474092043276
"12002",1.87352145067194
"12003",1.71094924604022
"12004",0
"12005",0
"12006",0.341366425741864
"12007",0.360693573386086
"12008",0.716392590507189
"12009",0
"12010",0.148460404064642
"12011",0.25764066922108
"12012",1.7723888390807
"12013",0.546488533203358
"12014",1.49061934009424
"12015",0.326963388246028
"12016",0.911304525809918
"12017",0
"12018",0
"12019",0.153804319999324
"12020",0.129468178976535
"12021",0.234800439027468
"12022",0.0405845308760707
"12023",0.507470878780731
"12024",0.194666277095088
"12025",0.19108360927873
"12026",0
"12027",0.370546253045943
"12028",0.293249612748296
"12029",0
"12030",0
"12031",0
"12032",0.488490362817376
"12033",1.41529806361245
"12034",1.3921453388161
"12035",0.591807054500451
"12036",0.660872467194476
"12037",0
"12038",0.617474056287887
"12039",1.66374342342584
"12040",1.48285530452391
"12041",0.503612350994265
"12042",0.606797816417992
"12043",0.667169208042071
"12044",1.53089466874442
"12045",0
"12046",0.215516223788847
"12047",0
"12048",0.239522015624398
"12049",0
"12050",0
"12051",0
"12052",0
"12053",0
"12054",0.0691368140689787
"12055",0.109433668536693
"12056",0.243140425282864
"12057",0
"12058",0.200082042303854
"12059",0
"12060",0.237038105041259
"12061",0
"12062",0.126248074728024
"12063",0
"12064",0.11877548126155
"12065",0
"12066",0.0087062831241983
"12067",0
"12068",0.0569098021970253
"12069",0.0148989490630327
"12070",1.25604591871998
"12071",0
"12072",0.369738816770026
"12073",0.0798452952574179
"12074",0.761320941472851
"12075",0
"12076",0.668777783634881
"12077",0.0966646389975642
"12078",0.605611929900989
"12079",0
"12080",1.04669555570895
"12081",0.185324377699876
"12082",0.768677803549113
"12083",0.680711934353894
"12084",1.39181057433465
"12085",0
"12086",0
"12087",2.62917808024832
"12088",1.60369308417368
"12089",0
"12090",0
"12091",0.617767475771156
"12092",0.314476332650679
"12093",0
"12094",0
"12095",0.353358855125056
"12096",0.691264351567355
"12097",0.347418179670416
"12098",0.658735789364435
"12099",0.812903426041476
"12100",0.0537194391366779
"12101",0
"12102",0.166459058766069
"12103",0
"12104",0.350125772147399
"12105",0.501202454679663
"12106",0
"12107",0.622290711301259
"12108",0
"12109",0.203609792492933
"12110",1.12471750967604
"12111",1.02086780853661
"12112",1.04589424479963
"12113",1.31904386187736
"12114",1.68169496918838
"12115",0.613012653638614
"12116",0.74961992696359
"12117",0.349664753430117
"12118",0
"12119",0.612357536921099
"12120",1.44466053939847
"12121",0
"12122",0
"12123",0
"12124",0
"12125",0.299693137526086
"12126",0.0278239574420721
"12127",0
"12128",0
"12129",0.101302439945004
"12130",0.578502410186912
"12131",0.364977920136252
"12132",0
"12133",3.75755213588438
"12134",0
"12135",0
"12136",0.41662327425719
"12137",1.34536433184083
"12138",1.80761327473843
"12139",1.36205689437021
"12140",0.995209316530242
"12141",1.60638104999712
"12142",1.16386944813225
"12143",0.984421189013759
"12144",0.505085585084472
"12145",0.641251714984857
"12146",0.337041393106714
"12147",0.847153730724162
"12148",1.2957027161225
"12149",1.76877728418533
"12150",0.124657987177695
"12151",1.94782843947302
"12152",0.244517477832383
"12153",0.883019251426269
"12154",0.325925146039244
"12155",0.506561459252497
"12156",0.421074616527382
"12157",0.214209242541343
"12158",0.65139129932147
"12159",0
"12160",0.0869880729642634
"12161",0
"12162",0.841221042988397
"12163",0.550400546781126
"12164",0
"12165",0.0352394756069665
"12166",0.278448789789849
"12167",1.76714804465834
"12168",0
"12169",0.771455581427934
"12170",0
"12171",0
"12172",0.290144780111505
"12173",0.959223705152518
"12174",0.209717840970384
"12175",0.234652775338519
"12176",0
"12177",0
"12178",0.863645349872733
"12179",0.461910200518052
"12180",0.264328637669288
"12181",0.36101617976913
"12182",0
"12183",0.494684364802046
"12184",1.150270375399
"12185",1.26118352283383
"12186",2.04893004029109
"12187",0
"12188",0
"12189",0.171158044160751
"12190",0.58413990941789
"12191",0.345656263333616
"12192",0.377099766988313
"12193",0.646980407236495
"12194",1.16156747461379
"12195",0.907621753555176
"12196",0.892861333462325
"12197",0
"12198",0.689553154489345
"12199",0.637804132406915
"12200",0.201361168097966
"12201",0.245012891148628
"12202",0
"12203",0
"12204",0
"12205",0.110978342609535
"12206",0
"12207",0.292857487153248
"12208",0.351367904448108
"12209",0.448805602493038
"12210",0.238209694506922
"12211",0.244169708561511
"12212",1.1269926907011
"12213",0.987474014059208
"12214",0.842059923336141
"12215",1.97433750387379
"12216",0.716690195822907
"12217",0.878228625872193
"12218",0.522180474882715
"12219",0.301801829485588
"12220",0
"12221",0.0135037318220588
"12222",0.533792257697321
"12223",0.831219254354667
"12224",0
"12225",0.350669917429511
"12226",0.151651025489475
"12227",0.968209306198839
"12228",0.394669426826438
"12229",0.0517019827295717
"12230",0
"12231",0
"12232",0.0691368140689787
"12233",0.0691368140689787
"12234",0.0691368140689787
"12235",0.0691368140689787
"12236",0
"12237",0.0691368140689787
"12238",0.108278685597321
"12239",0
"12240",0.232424093329888
"12241",0
"12242",0
"12243",0
"12244",0.244014182793648
"12245",0
"12246",0.0607796110544534
"12247",0.104353262103459
"12248",0.16185291175745
"12249",0
"12250",0.999801057222837
"12251",0
"12252",1.10193558213611
"12253",1.2304837483892
"12254",0.28417556625643
"12255",0.746797947517795
"12256",0.527953976313772
"12257",0
"12258",0
"12259",0
"12260",0.457018131736359
"12261",0
"12262",0.897989120347163
"12263",0.610900211001592
"12264",0.661100417090539
"12265",0.348868585808346
"12266",0.463032692553267
"12267",0.865072295170055
"12268",1.14751237652687
"12269",0
"12270",0.180220841431168
"12271",1.92049223761896
"12272",2.17068807502143
"12273",0
"12274",0
"12275",1.21544920853726
"12276",1.80172475206829
"12277",0
"12278",0
"12279",0.53659188126705
"12280",0.331784846057167
"12281",0.503075705585896
"12282",0
"12283",0.0903553590317921
"12284",0
"12285",0
"12286",0.294209775478362
"12287",0
"12288",0.427490904523571
"12289",0.166877304529271
"12290",0
"12291",0.350532102059638
"12292",0.393125141277339
"12293",0.161233292452054
"12294",0.774577043345885
"12295",1.63295831028937
"12296",2.52349871505915
"12297",1.21231303392226
"12298",1.96755911731044
"12299",0.601673283872426
"12300",0.833787657567651
"12301",0.335131799147422
"12302",0.192592312636271
"12303",0.218856514779789
"12304",0.0260340057829742
"12305",1.15995549912047
"12306",0
"12307",0.5262790887224
"12308",0.0387805712247338
"12309",0.347775683749609
"12310",0.156268774504182
"12311",0.141327908676872
"12312",1.55014863797146
"12313",0.994670919042521
"12314",1.70448989651784
"12315",0.308026378362973
"12316",0.387048447820979
"12317",0.133196996969924
"12318",0
"12319",0.946089558056976
"12320",0.674324652864333
"12321",0.724348270775575
"12322",0.839552543488302
"12323",0.371787368223199
"12324",0.406977312671674
"12325",0.316532888595596
"12326",0
"12327",1.11793054664314
"12328",0
"12329",1.3571662525028
"12330",0.82991148568422
"12331",1.35380764207566
"12332",0.346881173601863
"12333",0.853038597023455
"12334",0.0506708408614304
"12335",0.370303278920578
"12336",0.497781486749727
"12337",0.257022281077686
"12338",0.36570203216733
"12339",0.908773980027304
"12340",0.764310122203799
"12341",0.696889452699453
"12342",1.43268443509278
"12343",0.710292189753506
"12344",0
"12345",0.630334250579819
"12346",0.194664370887523
"12347",0.378695781737027
"12348",0
"12349",0.838656042745751
"12350",0.662085731951262
"12351",0.374725217200377
"12352",1.02487534895877
"12353",0.675273788119702
"12354",0.0451912861741876
"12355",1.14784361945483
"12356",0.93632697475481
"12357",0.358554201142528
"12358",0.0792330391742806
"12359",0.0364532224907455
"12360",0.297064809745622
"12361",0.94784103664289
"12362",0.178683074074867
"12363",1.1484734220571
"12364",0
"12365",0.548497364708353
"12366",0
"12367",1.03047635855877
"12368",0
"12369",1.25054950249048
"12370",1.82181773130256
"12371",0.646214056649177
"12372",0.911727445846484
"12373",1.28004380720416
"12374",0.91942987454196
"12375",0.112269236013943
"12376",1.18953823272617
"12377",0
"12378",0.639685618499524
"12379",0.673505417573624
"12380",0
"12381",0.654948817645536
"12382",0.413010209127226
"12383",0.974161406934624
"12384",0.671885051118756
"12385",0
"12386",1.61772212651683
"12387",0
"12388",2.02749057427617
"12389",2.53641861169999
"12390",0
"12391",0.388572254396701
"12392",0.575629186611863
"12393",0
"12394",0
"12395",0.507040751274817
"12396",0.999850668249684
"12397",0.47549680925985
"12398",0.324054828524267
"12399",0.222607475158962
"12400",0.872404389464996
"12401",0.606768974909368
"12402",0.442443247004851
"12403",0
"12404",0.250946738722098
"12405",0.731245198592712
"12406",0
"12407",0.466440087542245
"12408",0
"12409",0.145292755868314
"12410",0.724433265229475
"12411",0.594589537878005
"12412",0.192536077716937
"12413",0
"12414",0.094528945461464
"12415",0.172488892703402
"12416",0.172488892703402
"12417",0.194893521243921
"12418",0.0994204877501242
"12419",0
"12420",0.26153499041261
"12421",0.264969518994707
"12422",0.277734335632397
"12423",0.0212712607433987
"12424",0.277771255774122
"12425",0.217384955304485
"12426",0.346125809600474
"12427",0.17329220450644
"12428",0
"12429",0.268514523382393
"12430",0
"12431",0
"12432",0
"12433",0
"12434",0.719571622918428
"12435",0.382639084065612
"12436",0.601594376128597
"12437",0.685542327388061
"12438",1.12096195782912
"12439",0
"12440",0.949291895483398
"12441",0
"12442",0
"12443",0.405865646474014
"12444",0
"12445",0.341923026407428
"12446",0.0270876555204375
"12447",0
"12448",0.773891046432747
"12449",0
"12450",0.473874380973375
"12451",1.84423497932953
"12452",0.578416114040546
"12453",2.10737060282295
"12454",1.19417631339884
"12455",0
"12456",0.621178446741156
"12457",1.45173446292623
"12458",0
"12459",0.0448901825219193
"12460",0
"12461",0.443417196046779
"12462",0.160775126836646
"12463",0.472476877991888
"12464",0.111639356838793
"12465",0.168967043954093
"12466",0.188227829800806
"12467",0.121286433749764
"12468",0.0270370064976166
"12469",0
"12470",0.969615290149206
"12471",0.210301637969137
"12472",0
"12473",0.499939951095696
"12474",0.577280230442437
"12475",0.19474867951779
"12476",1.61255649014059
"12477",0.566124585506641
"12478",0.164907811492276
"12479",0
"12480",0.374147243957795
"12481",0.330542104464896
"12482",0
"12483",0
"12484",0
"12485",0
"12486",0
"12487",0.35201776197941
"12488",0.14655430900418
"12489",0.446104446560051
"12490",0
"12491",0.643679675584443
"12492",0.411912529503688
"12493",0.514218890062239
"12494",2.6343515876925
"12495",1.29072852695271
"12496",2.24664493825223
"12497",1.59457513531677
"12498",0.206916399044243
"12499",0
"12500",0.706433790591564
"12501",1.09380845837248
"12502",0.0774927134004029
"12503",0.206148056953603
"12504",0.374611776777136
"12505",0.40165183834851
"12506",0.263527389895505
"12507",1.34187170023011
"12508",1.10800225389433
"12509",2.04544681787807
"12510",0.627876612597949
"12511",0.30190111803245
"12512",1.10940023925558
"12513",1.62914069528023
"12514",0.790974177614705
"12515",0.498290018156594
"12516",0
"12517",0
"12518",0.101014780521356
"12519",0.344044761751875
"12520",0.597716608654106
"12521",0.109912255688342
"12522",0.615879399270071
"12523",0
"12524",0.343622253541778
"12525",0.281468939768658
"12526",1.20348436354234
"12527",0.837163887808163
"12528",1.92260733856016
"12529",0.459030659452417
"12530",0.914573169890403
"12531",1.57692528346381
"12532",0.830564466610601
"12533",1.35229074574138
"12534",0
"12535",0.684862273784828
"12536",0.715056687269124
"12537",1.23027047012929
"12538",0.0511458510758146
"12539",0
"12540",0
"12541",0.538770908300694
"12542",0.470595623034549
"12543",0.307522084717574
"12544",0.295988808073116
"12545",0.840446950755112
"12546",0
"12547",0.682853596314508
"12548",1.00572001521727
"12549",0.0803359829633714
"12550",1.47855346057227
"12551",0.644403059175467
"12552",0
"12553",0.206527663755389
"12554",0
"12555",0
"12556",0
"12557",0.823880907746442
"12558",0.107505477964342
"12559",0.975205521980367
"12560",0.515892720328307
"12561",0.296105050288006
"12562",0.203656975318353
"12563",0.515899092547188
"12564",0.833385230816546
"12565",0
"12566",0.606353872820335
"12567",1.41308814709633
"12568",2.7017767041162
"12569",1.42254626929214
"12570",0.745987470360091
"12571",0.932270264730754
"12572",0.32822411574194
"12573",0.771146273506047
"12574",1.30348673438662
"12575",0
"12576",0.567286482855241
"12577",0.440903050304029
"12578",0.500754514401867
"12579",0.238844551555417
"12580",0.319089745790147
"12581",0.398167696397217
"12582",0.0243848969074333
"12583",0
"12584",0.0116228043934009
"12585",1.58136403252004
"12586",0.429874286497504
"12587",1.44714960397943
"12588",0
"12589",0.606963727487409
"12590",0.304336407721868
"12591",0.413358791663085
"12592",1.50302160634751
"12593",0
"12594",0.245818600033783
"12595",0.0979563543066159
"12596",0.0609573376104026
"12597",0.0132327684261128
"12598",0.127504548889
"12599",0.271271255900049
"12600",0.534271250804846
"12601",0.271271255900049
"12602",0.277771255774122
"12603",0.263720337559957
"12604",0.49269691961665
"12605",0.358041628326549
"12606",0
"12607",0
"12608",0
"12609",0
"12610",0.0955971371509357
"12611",0.597970252064671
"12612",0.174229941885236
"12613",1.22210581119927
"12614",1.38420992600518
"12615",0.908954877060152
"12616",0.337092752324394
"12617",0
"12618",0
"12619",0.19186893311858
"12620",0.286106526072378
"12621",0
"12622",0
"12623",0.217911512557636
"12624",0
"12625",0.565871280564092
"12626",0.689265720263721
"12627",0.132762858621047
"12628",1.71662151804047
"12629",2.1960253936753
"12630",1.54498360397152
"12631",0.623016373063677
"12632",0
"12633",1.43411925733037
"12634",0.650087546228882
"12635",1.79307575392767
"12636",0.226138347055505
"12637",0
"12638",0
"12639",0
"12640",0
"12641",0.588322278931329
"12642",0.0349760162945613
"12643",1.12211669570918
"12644",0.310405537547251
"12645",1.04872384975548
"12646",0.0946806707072405
"12647",0.678641411428346
"12648",1.60812623730892
"12649",0
"12650",0.563557095617232
"12651",0.907781688096023
"12652",0
"12653",0.880357328640354
"12654",0.48634361920374
"12655",0.554433420005727
"12656",1.54540142935969
"12657",0.430004284797091
"12658",1.43882190787412
"12659",0.175546844495476
"12660",0.416629535582338
"12661",0.661943232580895
"12662",0.27278753636106
"12663",0
"12664",0.71396646454858
"12665",0.279354541125008
"12666",0
"12667",0.458514142064686
"12668",0
"12669",0
"12670",0
"12671",0.8545740497349
"12672",1.27858684678975
"12673",0.338539183301976
"12674",0.523960500671641
"12675",0.762895455337207
"12676",0.476692368106376
"12677",0
"12678",0.824687193138997
"12679",1.07000126849851
"12680",0.398331028749067
"12681",1.56096264020298
"12682",0.321224702522534
"12683",0.653523573378536
"12684",0
"12685",0.929201132143546
"12686",0.564156077580513
"12687",1.22738009787698
"12688",0.79344917148347
"12689",1.81954649264288
"12690",0.635233524256967
"12691",0.662318845440546
"12692",1.63379266961951
"12693",1.23407822786662
"12694",0.078213206102334
"12695",0
"12696",0.597763430090342
"12697",0
"12698",0
"12699",0.233425122495357
"12700",0.202759503167297
"12701",0
"12702",0
"12703",0
"12704",0.854631036631684
"12705",1.48294949513982
"12706",0.768075472568725
"12707",0.208474226803335
"12708",0.696628851895938
"12709",0
"12710",1.56767271191369
"12711",0.628963274136908
"12712",0.275200144314344
"12713",0
"12714",0.853877383761372
"12715",0.509267951082529
"12716",0.602152271855648
"12717",0.378861181881753
"12718",0.0515800228620238
"12719",0.0704541154632095
"12720",0.531551089256092
"12721",0.117889741492553
"12722",0.114939940234176
"12723",0.391869764595699
"12724",1.09863809976648
"12725",0.963333495067472
"12726",0
"12727",0.0336909255210074
"12728",0.955650533408279
"12729",1.2002230005918
"12730",0.446402993859427
"12731",0
"12732",0.457742266856836
"12733",0.215208317641525
"12734",0
"12735",0.990694698409065
"12736",2.15583370151611
"12737",0.298506097756324
"12738",0.494949070361398
"12739",0.592209165383738
"12740",0
"12741",0.558094843158604
"12742",0
"12743",0
"12744",0
"12745",0
"12746",0.75086973129895
"12747",0
"12748",0
"12749",0.617447595425335
"12750",0
"12751",1.93764999787268
"12752",1.23973505599391
"12753",0.53668765669897
"12754",0
"12755",0
"12756",0.272302366181691
"12757",0.00418080563302736
"12758",0.260743268751631
"12759",0
"12760",0.130005989588006
"12761",0
"12762",0.0300047904564861
"12763",0.716441472504845
"12764",0.304802679906397
"12765",1.21246749006707
"12766",0.352732540138511
"12767",0.702881584079193
"12768",0.417968752757529
"12769",0
"12770",0.388244005526808
"12771",0
"12772",0
"12773",0
"12774",0.226445346508076
"12775",0.228105670190098
"12776",0.0647871523120335
"12777",0.0817312326055551
"12778",0
"12779",0.264718268989399
"12780",0.271271255900049
"12781",0.277771255774122
"12782",0.0212712607433987
"12783",0.242190240863929
"12784",0.309372635414921
"12785",0.193488415349834
"12786",0.21613054687631
"12787",0
"12788",0.582671129829241
"12789",0.043807648390192
"12790",0.0201175631995769
"12791",0.375995810290762
"12792",0
"12793",0
"12794",1.38251018725425
"12795",1.38755264881298
"12796",0.562514986424193
"12797",0.462231642865582
"12798",0.281916908567181
"12799",0.934214906060173
"12800",0.0562749955518977
"12801",0.207060848596635
"12802",0.387767619036134
"12803",0
"12804",0
"12805",0
"12806",0.603412943606155
"12807",1.14546779805108
"12808",1.36516891924222
"12809",1.57436127000629
"12810",0.524485775206395
"12811",0
"12812",1.32905826486446
"12813",0.923938265390321
"12814",0
"12815",0
"12816",0
"12817",0.685573174904251
"12818",0
"12819",0.828457298877186
"12820",1.23719546010954
"12821",0.32600886990243
"12822",0.0972734274137754
"12823",0.396416909828424
"12824",0.915986164825357
"12825",0
"12826",0.279976511949137
"12827",0.341918466361464
"12828",0.560943167371507
"12829",0
"12830",0.767292871510162
"12831",1.08404537205562
"12832",0
"12833",0
"12834",0.293313003261129
"12835",0.834957261635823
"12836",0
"12837",1.35453848245762
"12838",0.499361185969606
"12839",0.0134559818958018
"12840",0.071147738183823
"12841",0.296890491960947
"12842",0
"12843",0.682463447841148
"12844",0.503537907946334
"12845",1.18991001879045
"12846",0.734710214453558
"12847",0.381584342344662
"12848",0
"12849",0
"12850",0.545332831264806
"12851",0.062217243002507
"12852",0.568843921037515
"12853",0.869539513151984
"12854",0.0164884330962694
"12855",0.551798337395237
"12856",0.270540483869112
"12857",0
"12858",0.394517463082458
"12859",0.561359630129834
"12860",1.14549502606218
"12861",1.27857691215223
"12862",1.36954958527316
"12863",0.482550426301284
"12864",0.485351586046765
"12865",0.164427282028852
"12866",0.959235887493695
"12867",1.06466801425453
"12868",1.73834573230836
"12869",1.10033570780402
"12870",0
"12871",0
"12872",0.887024082091956
"12873",0.270779338970603
"12874",0
"12875",0.293195403615375
"12876",0
"12877",0
"12878",0.00483389001933654
"12879",0.197931197136653
"12880",0
"12881",0
"12882",0
"12883",0
"12884",1.04458771976886
"12885",1.53507891276702
"12886",0.106462365548792
"12887",0.437487171892388
"12888",1.37544678724323
"12889",1.6627060522912
"12890",0
"12891",0
"12892",0.0828976916057304
"12893",0.819947833244969
"12894",0.620988459375865
"12895",0.91925088497158
"12896",0.532560132992141
"12897",0.0748169878839585
"12898",0
"12899",0
"12900",0
"12901",0.0673218452967552
"12902",0
"12903",0.355865841490004
"12904",1.02991770170427
"12905",0.45449641584375
"12906",1.11702235340143
"12907",0.338779026606485
"12908",1.16663221083826
"12909",1.31063877370873
"12910",0
"12911",0
"12912",0.82573753848157
"12913",0
"12914",1.06686049948739
"12915",0.674888272586815
"12916",0.483614272170656
"12917",0.951246400685322
"12918",0.290943174787404
"12919",0.340041974057339
"12920",0.883573576874011
"12921",0
"12922",0.758220977913264
"12923",0.979818340744449
"12924",0
"12925",1.09150770051224
"12926",0.336767345585236
"12927",0
"12928",1.7432640317771
"12929",1.42022199130954
"12930",2.97904594813859
"12931",1.83352670593382
"12932",1.37591328153265
"12933",1.14681951679138
"12934",1.3090341961731
"12935",1.20098072221887
"12936",0.799149271191238
"12937",0.922993505111285
"12938",0
"12939",0
"12940",0
"12941",0.134196762708071
"12942",0.181951654128653
"12943",0
"12944",1.40960957515786
"12945",0.366319462170624
"12946",1.48672292510883
"12947",0
"12948",0
"12949",0.822108271046544
"12950",0
"12951",1.16029446692811
"12952",0
"12953",0.491639203876122
"12954",0.202828251476946
"12955",0.159545923389255
"12956",0.0183035074287493
"12957",0
"12958",0.108572191737127
"12959",0
"12960",0.149521258258761
"12961",0.0212712607433987
"12962",0.0212712607433987
"12963",0
"12964",0.197783504310701
"12965",0
"12966",0.264500188324455
"12967",0.598587661464223
"12968",0.893461257671292
"12969",0.0531023765368223
"12970",0.115792519487393
"12971",0.289943222786128
"12972",0
"12973",0
"12974",0.447901864566015
"12975",1.10339986834522
"12976",0.955142754712623
"12977",0.166136931075111
"12978",0.27814754548602
"12979",0.231171519201137
"12980",0.461742583055326
"12981",0.33094157855973
"12982",0.407228780747297
"12983",0.584818547307529
"12984",0
"12985",0.701155823816782
"12986",0.116771393135949
"12987",0.240385823332422
"12988",0.657620736650862
"12989",0.805532872588975
"12990",0
"12991",0.618847261543579
"12992",2.42773755124766
"12993",0
"12994",0.465216754710699
"12995",0
"12996",0.544081623698994
"12997",0
"12998",0
"12999",0
"13000",1.54555576488892
"13001",1.00265919034274
"13002",0
"13003",0
"13004",0
"13005",0.598346395842538
"13006",0
"13007",1.63980219821222
"13008",0.758145388270887
"13009",0
"13010",0.524072753308672
"13011",1.07828618709742
"13012",0.282363520226462
"13013",1.16495265082972
"13014",1.0413947634724
"13015",0
"13016",0.769002996554512
"13017",0
"13018",0
"13019",0.87674937629415
"13020",0.0594728814601015
"13021",0.272645867344185
"13022",1.22179067434601
"13023",1.7651789359489
"13024",2.24594178334947
"13025",0.970847049709933
"13026",0.83836668787551
"13027",0.709826267123501
"13028",0
"13029",0.453086622517034
"13030",0
"13031",0.465749123296626
"13032",0.338569968165143
"13033",0.446796967070783
"13034",0.101791036008475
"13035",0.71322602149666
"13036",0
"13037",1.24606817206247
"13038",1.14266758524973
"13039",0
"13040",0.627716116807113
"13041",1.55241960710952
"13042",1.53238517213273
"13043",0.74134942875975
"13044",0.244817443517999
"13045",1.42493748902513
"13046",0.448234909693378
"13047",1.64162811599758
"13048",1.70604804297024
"13049",0.0708324489118164
"13050",0.158131413016647
"13051",1.20373956063845
"13052",0
"13053",1.69923163301513
"13054",0.441906535002917
"13055",0
"13056",0.152544186970535
"13057",0.143497442718371
"13058",0
"13059",0
"13060",1.04822229768662
"13061",0.18776161801603
"13062",0.713309369806534
"13063",0.550243107436806
"13064",0.66490008006767
"13065",0.738587165714129
"13066",1.09384353125987
"13067",0
"13068",1.64981334946316
"13069",1.55118545216799
"13070",0.0886575639766225
"13071",0
"13072",0.533970782175902
"13073",0.464911318706749
"13074",1.04985015236337
"13075",0.168332835932431
"13076",0.966119279873056
"13077",0
"13078",0
"13079",0
"13080",0.484623360437964
"13081",0
"13082",0.648077778683871
"13083",0.302066462671898
"13084",1.82039531999434
"13085",0.886881997755058
"13086",0
"13087",0.467390823108495
"13088",0.300661928916707
"13089",0.621453053212271
"13090",0
"13091",0.463559319923543
"13092",1.30988300860945
"13093",0.248274244526642
"13094",1.02169542661052
"13095",0.256683020717272
"13096",0.735752046920508
"13097",0
"13098",0.22669846331473
"13099",0.526129554153912
"13100",0
"13101",0.777003626015776
"13102",0
"13103",0.148620077032697
"13104",0.376149385108205
"13105",0.155822256522617
"13106",0.619388006003672
"13107",0
"13108",0.841094768492567
"13109",2.38359178353767
"13110",2.36589509090487
"13111",2.48650326805879
"13112",2.31389371836612
"13113",1.02269165166448
"13114",0.963519082077017
"13115",0.855675881163286
"13116",0.554527879393964
"13117",0.126487955514394
"13118",0.865201519818993
"13119",0
"13120",0.203943321603566
"13121",0.459703539102093
"13122",0
"13123",0.366415815521286
"13124",0.347519245220133
"13125",0.755330684291739
"13126",0
"13127",0
"13128",0
"13129",0
"13130",0.422904755958298
"13131",0
"13132",0
"13133",0
"13134",0.276315217988825
"13135",0.0162021815786132
"13136",0
"13137",0.359021663473477
"13138",0
"13139",0.018412953753044
"13140",0.0212712607433987
"13141",0.0212712607433987
"13142",0.0222266447054043
"13143",0
"13144",0.0327451107340613
"13145",0
"13146",0.216012637164133
"13147",1.12184730711
"13148",0.787600563728694
"13149",0.599405703348806
"13150",0
"13151",0.226958652910251
"13152",0.515143351374869
"13153",0
"13154",0.541756267241286
"13155",0
"13156",0.14211748604396
"13157",0
"13158",0.60861094823673
"13159",0
"13160",1.39642278144551
"13161",0.334867660553687
"13162",0.306070173024203
"13163",0.156790956709379
"13164",0.0100838662728449
"13165",0.748888287096009
"13166",0.811893227360517
"13167",0.299056565110715
"13168",0
"13169",1.12092388813338
"13170",0.261033421822941
"13171",1.80426271784997
"13172",1.52209738482133
"13173",0.12497380450718
"13174",0.283523866230426
"13175",0.879178986159729
"13176",0.102325596095299
"13177",0.885079884576143
"13178",0
"13179",0.509730191116665
"13180",0.726197804039244
"13181",0
"13182",1.32977775366102
"13183",0
"13184",1.56814581971435
"13185",0.107831965550622
"13186",2.68081832075924
"13187",0.211342597615863
"13188",1.31750681401511
"13189",0.51868187704323
"13190",1.60776054632905
"13191",0
"13192",1.33464480966856
"13193",1.11058757500487
"13194",0
"13195",0.489060504670251
"13196",0.15121812626006
"13197",0.445899153875343
"13198",1.12637474812237
"13199",0
"13200",0.337930651773074
"13201",1.14696571189409
"13202",1.59921943932858
"13203",3.07574556673653
"13204",1.03234336204567
"13205",0.897974541385661
"13206",0.510833919752276
"13207",0.0154213509664107
"13208",0
"13209",0
"13210",0.0167904913823327
"13211",0.1181517694147
"13212",1.08494763786911
"13213",0
"13214",0.0411090875490818
"13215",0
"13216",0
"13217",0.520954754405153
"13218",0
"13219",1.02013638970127
"13220",0.0908629520657751
"13221",0.909201471565602
"13222",0
"13223",0.741525112983742
"13224",0.82169680376787
"13225",0.152577571434954
"13226",0.0250152536415893
"13227",0.612158680411122
"13228",0.956931776113047
"13229",0.631093013124788
"13230",0.97967249756513
"13231",0
"13232",0
"13233",0
"13234",2.07948464813464
"13235",0.283837839239524
"13236",0
"13237",0
"13238",0
"13239",1.20748906341619
"13240",0
"13241",2.21141885329715
"13242",0.71685329643222
"13243",0
"13244",0
"13245",0.0135798842015211
"13246",0.796987615747816
"13247",0.64797043962666
"13248",0
"13249",0.0305548025073192
"13250",0.125070805760703
"13251",0
"13252",0.51231465658429
"13253",1.70866265928423
"13254",0.194744644952519
"13255",1.99412947061228
"13256",0.0532327457623197
"13257",0
"13258",0.232378102680813
"13259",0.52854198222429
"13260",0
"13261",0.137506638621546
"13262",0
"13263",0
"13264",0.73120922996435
"13265",0.682204822197019
"13266",0
"13267",0.819835245966887
"13268",0
"13269",1.31157074834388
"13270",0.484593827871297
"13271",1.69617561890059
"13272",0.713016479396087
"13273",0.109016501574887
"13274",0.717713618669816
"13275",1.84919886381299
"13276",0.190208945188947
"13277",0.586078418437794
"13278",0.426356947909889
"13279",0
"13280",0
"13281",0
"13282",0.653924636093537
"13283",0.152749396962296
"13284",0.0223250043862215
"13285",0.219079446376016
"13286",0
"13287",0.503286071127801
"13288",1.11979950504498
"13289",1.43192185621255
"13290",1.64186016064773
"13291",1.62182243491501
"13292",0.150064500747306
"13293",0.735664926561579
"13294",0.211220451871308
"13295",0.748340394032406
"13296",0.248263425254443
"13297",0.755073183994818
"13298",0
"13299",0.570703347076855
"13300",0
"13301",0.14886194451888
"13302",0
"13303",0.181014061466358
"13304",0.163647838910862
"13305",0.026106868504824
"13306",0
"13307",0
"13308",0
"13309",0
"13310",0
"13311",0.167513212168454
"13312",0
"13313",0.146258699783719
"13314",0.0161994211015616
"13315",0.0565356325545077
"13316",0
"13317",0.0157443252576222
"13318",0.0212712607433987
"13319",0.0212712607433987
"13320",0.023064110612704
"13321",0.0454224031855437
"13322",0
"13323",0.0162452883114629
"13324",0
"13325",0.234952792827755
"13326",0.546337025612728
"13327",0.820415604793636
"13328",0.269367080614907
"13329",0.514555565492122
"13330",0.103375770579839
"13331",0.0994988980190356
"13332",0.236439817482453
"13333",0.27213428013355
"13334",0.0023626060166787
"13335",0.111080152772857
"13336",0.325054117834707
"13337",0
"13338",0.666744989402937
"13339",0
"13340",0.0908244883306066
"13341",0.296031697227268
"13342",0.133344803493074
"13343",0.552355109589536
"13344",1.20936413510926
"13345",0
"13346",0.997926718051345
"13347",0.545041512117154
"13348",0
"13349",0.699325298171241
"13350",0.745709260878231
"13351",1.82084177876838
"13352",0
"13353",1.37926469720375
"13354",0.0294340615873869
"13355",0.185104328489268
"13356",0.923736390889099
"13357",0.944130046634831
"13358",1.25886262285471
"13359",0
"13360",1.11669296226129
"13361",0
"13362",0.645195222994746
"13363",0
"13364",0.526068848570416
"13365",0.026089642669189
"13366",2.94598517812584
"13367",0.348200930477703
"13368",0.565906342397441
"13369",0
"13370",0.250997925186594
"13371",0.38113196756743
"13372",0.340860970209419
"13373",0.527972247399114
"13374",0.180626054313503
"13375",1.49082082514234
"13376",2.30125003700956
"13377",0.282254804571935
"13378",1.35598760892317
"13379",0.544936723069484
"13380",0
"13381",1.49145216816463
"13382",2.12917664450858
"13383",0.853076580165006
"13384",0.026720823752274
"13385",0.0368027439009982
"13386",1.02175775063762
"13387",0.531848365768259
"13388",0.6525724661516
"13389",0.443186308063043
"13390",1.54967146644629
"13391",0.843050348557604
"13392",0.467433723795099
"13393",0.242690332186448
"13394",0.00671378608924389
"13395",0
"13396",0.671445998991683
"13397",0.483303100128196
"13398",0.255172842937438
"13399",1.62812473795055
"13400",1.083402970888
"13401",1.36708039168563
"13402",0.895368236456341
"13403",0.245174924409463
"13404",1.06070408553424
"13405",0.139025710638296
"13406",1.51300968139751
"13407",1.4701791516243
"13408",0.626364009958237
"13409",0.808143155909144
"13410",1.2354041125885
"13411",0.0737336526007186
"13412",1.87530411337813
"13413",2.03416015594804
"13414",0.179258393920211
"13415",0.471736251288355
"13416",0.0603329077502267
"13417",0.447533787235183
"13418",0.506648446423668
"13419",0
"13420",0
"13421",0.985782875633253
"13422",1.2902680501482
"13423",0.449071105522561
"13424",1.6888056474323
"13425",1.3470765473902
"13426",0.534585511917626
"13427",2.00928538299453
"13428",0
"13429",0.00317887936526196
"13430",0
"13431",0.20660791694237
"13432",0
"13433",0.706140801204399
"13434",0
"13435",0
"13436",0
"13437",0.394024883123449
"13438",0.368676932473336
"13439",1.4360696801538
"13440",0
"13441",0.556000225535999
"13442",0.340908507133263
"13443",0.583655437725733
"13444",0.191943096267316
"13445",0.210170345435112
"13446",0.414066268372172
"13447",1.09325442567364
"13448",0
"13449",0.71171881007302
"13450",0.58070653390208
"13451",0.526964625111218
"13452",0.181505267056347
"13453",0
"13454",0
"13455",1.26470849317723
"13456",0
"13457",0.0590303988313073
"13458",0.219462154805482
"13459",0.17520109086205
"13460",0.788682702517822
"13461",0.24261367927943
"13462",0.020164830396097
"13463",0.141188459531131
"13464",0
"13465",0
"13466",0.56441314720843
"13467",1.73795987308017
"13468",1.59605255706276
"13469",1.5900353222378
"13470",0.142189116688801
"13471",0.394027322060074
"13472",0
"13473",0.255000352531166
"13474",0.204742342366821
"13475",0.608007063786125
"13476",0.568815692519074
"13477",0.388501581656544
"13478",0
"13479",0.969160839722214
"13480",0.150125441368698
"13481",0
"13482",0.191845209191229
"13483",0.124900065178565
"13484",0.0819704115914899
"13485",0
"13486",0
"13487",0
"13488",0
"13489",0
"13490",0
"13491",0.334228460309439
"13492",0.146258699783719
"13493",0.0178067393110027
"13494",0.0843361640870495
"13495",0
"13496",0.0212712607433987
"13497",0.0212712607433987
"13498",0.0221622276273319
"13499",0.0322445618493306
"13500",0
"13501",0
"13502",0
"13503",0.0556985316403574
"13504",0.0403528258966226
"13505",0.398428903295947
"13506",0.183930552687884
"13507",0.543680953824906
"13508",0.0730942012732444
"13509",0.0955741184124945
"13510",0.00629537407577385
"13511",0.441655577966633
"13512",0.261832558029218
"13513",0
"13514",0.404480894025198
"13515",0.149983620669975
"13516",0.932895752149153
"13517",0
"13518",1.12753127436033
"13519",0
"13520",1.35946045421098
"13521",0.868116646882265
"13522",0.716277093330274
"13523",0
"13524",0
"13525",0
"13526",0.453125727988579
"13527",0
"13528",0
"13529",1.29028391413226
"13530",0.579639257935038
"13531",1.08191682907672
"13532",0.573063212257208
"13533",0
"13534",0.452775857717291
"13535",0.480279025644894
"13536",1.42228301811877
"13537",0.140809745965288
"13538",0
"13539",0
"13540",0.0403963166818118
"13541",0
"13542",1.503216911945
"13543",0.145698460653038
"13544",1.66616162887923
"13545",0.871702787378983
"13546",2.22693889568536
"13547",1.675844400967
"13548",1.90123940823225
"13549",0
"13550",1.10370544438773
"13551",0.069475910137281
"13552",0.537031950712606
"13553",0.00411377215921083
"13554",0.660419192271626
"13555",0.951950905465052
"13556",0
"13557",0
"13558",0
"13559",0
"13560",0
"13561",0.384328455667257
"13562",0.3644809935822
"13563",0.545317293198765
"13564",0.584436699556738
"13565",0
"13566",0.650991159601767
"13567",0
"13568",0.438738554676277
"13569",1.1319025329002
"13570",0.196656170889452
"13571",0
"13572",1.06571121776511
"13573",0.318124617461454
"13574",1.46064518650504
"13575",0.729608866197852
"13576",0.223292448329224
"13577",0.289613870571941
"13578",0.205061812903084
"13579",1.1033604484908
"13580",1.08960395584088
"13581",1.15711305281666
"13582",0
"13583",0
"13584",0.1571881362177
"13585",0.915458505828522
"13586",1.46860341507283
"13587",0.90945291276292
"13588",0.436118545977641
"13589",0.1700649195505
"13590",0
"13591",1.07388272121427
"13592",1.24019094678268
"13593",0.993696601114586
"13594",0.12783525685009
"13595",0.479909959709875
"13596",1.13793125751763
"13597",1.24390202669625
"13598",0
"13599",1.10738917898046
"13600",0.153501118172399
"13601",1.26152583302987
"13602",1.76953684697145
"13603",1.10383264940078
"13604",2.17113293648928
"13605",1.32660150789646
"13606",0.420213179474216
"13607",0.475982432460142
"13608",0.126003988762272
"13609",0
"13610",0.066347626349388
"13611",0.76253459665715
"13612",0
"13613",0.643446036176617
"13614",0
"13615",0.150749114125133
"13616",1.25105458709731
"13617",1.21769780922258
"13618",0.78107066438915
"13619",0.609023486724442
"13620",0.63238078202208
"13621",0.672658313994693
"13622",0.343368286464748
"13623",0.86314923197335
"13624",0.824854896502061
"13625",0.867939125065927
"13626",0.200461463140963
"13627",0
"13628",0
"13629",0.13369553823213
"13630",0.327682069954752
"13631",0.377441285562801
"13632",0
"13633",0
"13634",0
"13635",0
"13636",0.451557263613486
"13637",0.105256226371902
"13638",0.7588491842736
"13639",0.122180733916042
"13640",0.0112103942033721
"13641",0
"13642",0
"13643",0.503229329796599
"13644",0.0417847728593838
"13645",1.49731211422467
"13646",0.67464004062019
"13647",1.24873145357031
"13648",0
"13649",0.803270322326243
"13650",0
"13651",0
"13652",0
"13653",0.403521386436248
"13654",0.451104464652663
"13655",0.593434929223781
"13656",0
"13657",0
"13658",0
"13659",0.748041308647419
"13660",0.157097090359217
"13661",0.267066170006607
"13662",0.355812395811365
"13663",0
"13664",0
"13665",0
"13666",0
"13667",0
"13668",0
"13669",0.106670097566237
"13670",0.277920136532739
"13671",0.0781499213524646
"13672",0
"13673",0.251969441908931
"13674",0
"13675",0.0084673050357878
"13676",0.0124691957493858
"13677",0.0360106933485833
"13678",0
"13679",0
"13680",0
"13681",0
"13682",0
"13683",0
"13684",0.212774475812577
"13685",0
"13686",0
"13687",0.195384016389892
"13688",0.0276818302326076
"13689",0.812121024579551
"13690",0
"13691",0
"13692",0
"13693",0.93524548481976
"13694",0.651453196290211
"13695",1.43896679351261
"13696",0
"13697",1.27891108183229
"13698",0.690469214270102
"13699",0
"13700",0.341199865243167
"13701",0.437688121682348
"13702",0
"13703",0.90071748341094
"13704",1.23620442739241
"13705",0.421636448051242
"13706",0.487134147821029
"13707",0.951002760374125
"13708",0.441139829279963
"13709",0
"13710",0.345938162274861
"13711",0
"13712",0.0443015283030834
"13713",0.67543344266939
"13714",0
"13715",1.07370797470923
"13716",0
"13717",1.75156287111021
"13718",0
"13719",1.17365306845517
"13720",0
"13721",0.812023466158608
"13722",0.0363996013031682
"13723",0.876208027067963
"13724",0
"13725",1.1767190591984
"13726",2.62460688359171
"13727",0
"13728",0
"13729",0
"13730",0
"13731",0.597758573596791
"13732",0.819806489543465
"13733",0.717246255375461
"13734",0
"13735",0.484223402786737
"13736",0.404291151733151
"13737",0
"13738",0
"13739",0.400552111537515
"13740",0
"13741",0.304911669816482
"13742",0
"13743",0.0338882440470747
"13744",0
"13745",1.28199909344737
"13746",1.2166293972134
"13747",1.22974341702559
"13748",0.689612707516932
"13749",1.23439054216227
"13750",1.01328847073695
"13751",1.23808813997882
"13752",0.43896056760887
"13753",0.972651863296129
"13754",0.372226826332414
"13755",0
"13756",0.561032917127478
"13757",0.582617234768244
"13758",1.22153405207548
"13759",0.447903469008136
"13760",1.67351452920301
"13761",1.08057737548568
"13762",0.75354731793347
"13763",1.31949227881443
"13764",0.764218717679484
"13765",0.858715970289304
"13766",0.93314202163973
"13767",0
"13768",0.445469182079563
"13769",0
"13770",2.11246159386057
"13771",0.407736814060709
"13772",0.55193767561704
"13773",0.186582580084333
"13774",0.0353301282188582
"13775",0.271208456175509
"13776",0
"13777",0.867648448891009
"13778",0.605057106155781
"13779",1.68367117177049
"13780",1.6939785907586
"13781",1.39679293654434
"13782",2.22253446583554
"13783",0.933038105846676
"13784",0.603244221716838
"13785",0.0863538457815659
"13786",0
"13787",0.144688771314432
"13788",0.319533532499674
"13789",0.0192166169384433
"13790",0.820306899440361
"13791",0.144250757474727
"13792",0.640338902095494
"13793",1.54219096865407
"13794",0.743808800283715
"13795",2.32858403650531
"13796",1.26794912313677
"13797",1.35760033312551
"13798",0.550863613342965
"13799",0.340262444647812
"13800",0
"13801",0.617798253472399
"13802",1.1058662723782
"13803",1.36438516802329
"13804",1.76402599437553
"13805",0.389201500701081
"13806",0.0394272685239929
"13807",0.0948571799692414
"13808",0.120729063885441
"13809",0
"13810",0.249191288047439
"13811",0
"13812",0.249191288047439
"13813",0
"13814",0
"13815",0.192984612219522
"13816",0
"13817",0.135219747127602
"13818",0.158008112880699
"13819",0.13957186456079
"13820",0.400491415585365
"13821",0
"13822",0.742568620907227
"13823",0.143693953453377
"13824",0.333455842801183
"13825",0.707010379297657
"13826",0
"13827",0.0358924382892866
"13828",0.452580535147267
"13829",0
"13830",0
"13831",0.231422714042774
"13832",0.126152829390919
"13833",0.852129574778444
"13834",0.164839067560941
"13835",0
"13836",0
"13837",0.0698662683034578
"13838",0.0458842707665925
"13839",0
"13840",0
"13841",0.0762163644016364
"13842",0.0415488580350076
"13843",0
"13844",0
"13845",0
"13846",0
"13847",0.218208573355184
"13848",0
"13849",0.58918760631088
"13850",0
"13851",0.761338817375632
"13852",0.478593213462529
"13853",0.0129661718198047
"13854",0
"13855",0.00184663094874532
"13856",0
"13857",0
"13858",0
"13859",0
"13860",0
"13861",0
"13862",0
"13863",0.00696404491060643
"13864",0
"13865",0
"13866",1.05574259767766
"13867",0.111548727244389
"13868",0.171004749696466
"13869",1.01860457572589
"13870",0.608111259768019
"13871",0.580486792882601
"13872",0.22417579366048
"13873",0.443300326945044
"13874",0.134232511116556
"13875",0
"13876",0
"13877",0
"13878",0.183222253071475
"13879",0.487742043906289
"13880",0.470262035936003
"13881",0.322840700843395
"13882",0.280505254896407
"13883",0.873298534791827
"13884",0.360291337767712
"13885",0
"13886",0
"13887",0.842580213975675
"13888",0.5799223576185
"13889",0.520914345455324
"13890",0
"13891",0
"13892",0
"13893",0.697371243273065
"13894",1.13775187250416
"13895",1.63752904577452
"13896",0.282734899746869
"13897",0
"13898",0.398070898759439
"13899",0.493822622986282
"13900",0
"13901",0
"13902",0.72199141791982
"13903",0.524773166938719
"13904",0
"13905",2.48843104061505
"13906",0
"13907",0.581208637845427
"13908",0.59371817604582
"13909",0.128898681018897
"13910",0.145849813423277
"13911",0.303066424670598
"13912",0.5166081687033
"13913",0
"13914",0.505170659718739
"13915",0.455398320077494
"13916",0.663124063087756
"13917",1.58545345867581
"13918",0
"13919",1.18264565842418
"13920",0
"13921",1.04567818993456
"13922",0.330965926304406
"13923",0.993469325222411
"13924",0.44518016995852
"13925",0.336502227118428
"13926",1.62264793021068
"13927",1.45760566900047
"13928",0.567173833931888
"13929",0.646144179421821
"13930",0.0282591195053029
"13931",0.279589142142713
"13932",0.025367597627747
"13933",0.291979111457874
"13934",1.83536423080455
"13935",2.13215898717243
"13936",1.1952455269803
"13937",0.987172324731598
"13938",1.57626544076782
"13939",0.823063129682148
"13940",0.734924516423851
"13941",1.18111166555889
"13942",0.98174967464018
"13943",0.641702069556911
"13944",0.0856160367988033
"13945",0.0253279477265804
"13946",0.195730884648815
"13947",0
"13948",0.843968879435199
"13949",0.622227584221796
"13950",0
"13951",0.848127350387792
"13952",0.422474942731578
"13953",0.623655526178716
"13954",0.255352592851508
"13955",0.813927027463346
"13956",1.19456243088879
"13957",1.17637923824
"13958",1.42031771026922
"13959",1.76976421211045
"13960",2.02544025826715
"13961",0.785901342519835
"13962",0.320754930059409
"13963",0.0089626064923789
"13964",0.392346338580458
"13965",0.513716714671253
"13966",0.405525871243455
"13967",0.543801465103135
"13968",0
"13969",0.0815563724533099
"13970",0
"13971",0
"13972",0.68444257357464
"13973",1.83628554990729
"13974",0.407813289592523
"13975",1.07354833586415
"13976",0.824807317540868
"13977",0.535174414420938
"13978",0.687280697594217
"13979",0.330326863650035
"13980",0.174701134925627
"13981",1.99512730933701
"13982",1.40676916346879
"13983",0.256130068960574
"13984",0.218535151626449
"13985",0
"13986",0
"13987",0
"13988",0.249191288047439
"13989",0
"13990",0
"13991",0
"13992",0.103390463561014
"13993",0.215214886537117
"13994",0.140828730882331
"13995",0.0598736997428898
"13996",0.289444582617146
"13997",0.149247066658936
"13998",0
"13999",0
"14000",0.523833895130929
"14001",0
"14002",0.741439220703784
"14003",0
"14004",0.333749122588675
"14005",0.00485841203232862
"14006",0.323708764921457
"14007",0
"14008",0
"14009",0
"14010",0
"14011",0.729458571506441
"14012",0.965711245972056
"14013",0.161983941602418
"14014",0
"14015",0
"14016",0
"14017",0.32040798261533
"14018",0
"14019",0.0047677915299682
"14020",0.0184310003641043
"14021",0
"14022",0
"14023",0.0904777868009591
"14024",0.0614416474969936
"14025",0.234452337641751
"14026",0
"14027",0
"14028",0.294355922544228
"14029",0.64466999157959
"14030",1.06568549224583
"14031",0.0498508622893006
"14032",0.085019006611032
"14033",0
"14034",0
"14035",0
"14036",0
"14037",0.0998676056144367
"14038",0
"14039",0
"14040",0
"14041",0.803644870887612
"14042",0.56831638694205
"14043",0.554972069190781
"14044",0.676966227142438
"14045",0.528803803787027
"14046",0.468112130102031
"14047",0.870036599376584
"14048",0.543786652481003
"14049",0.213088338211142
"14050",0
"14051",0.165356103575806
"14052",0.601176702704616
"14053",0
"14054",0.792077159188377
"14055",0.0940290835322007
"14056",0
"14057",0.561145121734358
"14058",0.205780404535338
"14059",1.05750541332729
"14060",0.71194735448785
"14061",1.33891401208756
"14062",0.48310412851474
"14063",0.2398087921204
"14064",0.69582457302119
"14065",0.810222989686999
"14066",0.268300228831667
"14067",0.4344616258217
"14068",0.0261595891146255
"14069",0.498814481324392
"14070",1.31949330006864
"14071",1.41424097334665
"14072",2.59274624546386
"14073",1.03389311947297
"14074",0.329496880576415
"14075",0.399259562799068
"14076",0
"14077",0.788831462642898
"14078",0.447274720016344
"14079",1.15589350854703
"14080",0
"14081",1.75111247403877
"14082",0.192205752083813
"14083",2.0296256928012
"14084",0.0467432217079318
"14085",0.152691889568111
"14086",1.20043286759499
"14087",0
"14088",0.0102262046954976
"14089",0
"14090",0
"14091",0.23956515630815
"14092",0
"14093",1.4969264972227
"14094",0.249314817289578
"14095",1.26830779851229
"14096",0
"14097",0.593540642106805
"14098",0
"14099",0.545558737050441
"14100",0.134252663548429
"14101",0.489118071544549
"14102",0.690379726092626
"14103",0.885090604355287
"14104",0.859624618697346
"14105",0.353462701146456
"14106",0.389055221030949
"14107",0.320240678212889
"14108",0.35872400402433
"14109",0.286382890868133
"14110",0
"14111",1.0782269599282
"14112",0.888555706326627
"14113",0.0550308639577128
"14114",0
"14115",0.993740744173696
"14116",0.357717251307622
"14117",0.362293150492987
"14118",0.612290577388267
"14119",1.04052081723574
"14120",0.867247580775307
"14121",0
"14122",0.793211597840261
"14123",0
"14124",0.257390789078912
"14125",0.691458801883653
"14126",0.197051435782162
"14127",0.801988225722836
"14128",0.208978545042606
"14129",0.0526494161276357
"14130",0.556974041492768
"14131",0.508069534737297
"14132",0.823273810931936
"14133",0.475363011024524
"14134",0.964562585414727
"14135",0.317917321246108
"14136",1.64618969743164
"14137",0.66672885908932
"14138",0
"14139",0
"14140",0.174119656585395
"14141",0.353914952002933
"14142",1.20744197109709
"14143",1.4656482282595
"14144",1.73073265746793
"14145",1.14750506248339
"14146",0.367715993128606
"14147",1.44511136365615
"14148",0
"14149",1.93269605104639
"14150",0.836348813838883
"14151",0.168885790343046
"14152",0.316171311382828
"14153",0.726362724343734
"14154",0
"14155",0.597848510334715
"14156",0.0585281889470983
"14157",1.11971093240758
"14158",1.72193797198535
"14159",0.892544217692735
"14160",0.553245076155804
"14161",0
"14162",0.119611500126375
"14163",0
"14164",0.249191288047439
"14165",0
"14166",0.249191288047439
"14167",0
"14168",0
"14169",0
"14170",0.057877048354901
"14171",0.144736355642211
"14172",0.58677590249261
"14173",0.300580029218555
"14174",0.816946607190661
"14175",0
"14176",0.454747077271607
"14177",0.0796253234313885
"14178",0.75939650770849
"14179",0.508444309585873
"14180",0.434391543865592
"14181",0
"14182",0
"14183",0
"14184",0
"14185",0.0992417246246056
"14186",0
"14187",0.466161530215665
"14188",1.48336833610957
"14189",1.36864990970686
"14190",1.51803012344619
"14191",1.19664174835571
"14192",0
"14193",0.242298107797523
"14194",0.232564769668267
"14195",0
"14196",0
"14197",0.010230505825934
"14198",0
"14199",0
"14200",0.0904777868009591
"14201",0.208218943195168
"14202",0.447001521817531
"14203",0.306474897311942
"14204",0
"14205",0.827073205206547
"14206",1.62229228613944
"14207",0.369239557512446
"14208",0.539821302522363
"14209",0.0395510224727371
"14210",0
"14211",0
"14212",0.0998676056144367
"14213",0.35362503643046
"14214",0
"14215",0.236991235229879
"14216",0
"14217",0.448516043028535
"14218",0.458002780105828
"14219",0.648204653978761
"14220",0
"14221",0.00250506931992822
"14222",1.10734300716352
"14223",0
"14224",0
"14225",0.123335139778841
"14226",0.00733527760010322
"14227",0
"14228",0.319106224295964
"14229",0
"14230",1.66470193716099
"14231",0
"14232",1.02639341079891
"14233",0.683454060194313
"14234",0.146196778236011
"14235",0.829267227846034
"14236",0.815752194175879
"14237",1.46396830524346
"14238",0.962860856432632
"14239",0.614413836411893
"14240",0.0890968513591485
"14241",0.390053505926341
"14242",0.248926977132347
"14243",0.765538102476805
"14244",0.405395332137846
"14245",0.670430572871117
"14246",1.19525264142556
"14247",0.225241293277708
"14248",0.397275905227
"14249",1.00321568567147
"14250",2.00750556139999
"14251",0.219330398465283
"14252",0.00132368143867345
"14253",0.901809390414658
"14254",0
"14255",0.609149351523683
"14256",0.323274385534653
"14257",1.15314958325365
"14258",0
"14259",1.09746147415053
"14260",0.332296927882384
"14261",0.505855669641398
"14262",0.0101701387526421
"14263",0
"14264",0.542503708733158
"14265",0.0224921589884447
"14266",0
"14267",0
"14268",1.51258353146258
"14269",0.898817241731597
"14270",0.798810405107683
"14271",1.91687977900364
"14272",0.372362096726236
"14273",1.29450480830932
"14274",0.629690592610156
"14275",0.450324562672866
"14276",0.669609366009383
"14277",0.0632091234472181
"14278",0.219304689083967
"14279",0.468669306331422
"14280",1.42630190634055
"14281",0.406168717493065
"14282",0
"14283",0.920376218664675
"14284",1.61772164587807
"14285",0.913616342460481
"14286",0.321471748937819
"14287",0.754647640182606
"14288",0.526984221593999
"14289",2.06909219659016
"14290",0.758850133966172
"14291",1.18993284444043
"14292",0
"14293",0.763941165967258
"14294",0.867107320856967
"14295",0.52639504427412
"14296",0.340585658484529
"14297",0.974175867444198
"14298",1.91753174826183
"14299",0.799675769317176
"14300",1.50830328747804
"14301",1.22346814584887
"14302",0.838364873262403
"14303",0
"14304",0.621545842611887
"14305",0.284564080511334
"14306",0
"14307",0
"14308",0.328645519108433
"14309",0.975449444184779
"14310",1.50739283596406
"14311",0.743541292820062
"14312",1.49063053085909
"14313",0.60171936972608
"14314",1.04135866332293
"14315",0
"14316",0.162652956679819
"14317",0.0668281766351798
"14318",0.55545992978527
"14319",1.53643335225833
"14320",0.466624585344698
"14321",1.20813997113842
"14322",0.556947016956827
"14323",0
"14324",0.362792654173616
"14325",0.709327513153201
"14326",0.569701883912236
"14327",0.651716013823632
"14328",0.422352577777802
"14329",0.505630862788466
"14330",0.475971900842169
"14331",0
"14332",0.274609983545303
"14333",0.887858335698578
"14334",0.658469158461242
"14335",1.24317133030063
"14336",1.01250931886004
"14337",0.422402876198667
"14338",0.692915937205911
"14339",0
"14340",0.346533820891509
"14341",0
"14342",0
"14343",0
"14344",0.120941290532078
"14345",0
"14346",0
"14347",0
"14348",0.0417775612600092
"14349",0.614479352767613
"14350",0.688183208981088
"14351",0.203406032954669
"14352",0.0875541887544811
"14353",0.254207780507705
"14354",0.564334660939903
"14355",0.662264796713993
"14356",1.65536427259399
"14357",0.695044896143597
"14358",0.413406057795504
"14359",0
"14360",0.00437965883722896
"14361",0.14519650828267
"14362",0.0844711318661815
"14363",0.384274723583045
"14364",0.601708856400496
"14365",1.14900654525257
"14366",0.964118956948799
"14367",1.67884810658208
"14368",0.159405685425657
"14369",0
"14370",0.364802887891901
"14371",0
"14372",0.466763685835893
"14373",0.0392967339351948
"14374",0.00149761693470513
"14375",0
"14376",0
"14377",0.0904777868009591
"14378",0.230336116544166
"14379",0.416889248866241
"14380",0.00876049451585825
"14381",1.51474449741448
"14382",0.272262705921035
"14383",1.04083265226043
"14384",0.0214415514463794
"14385",0.163548725649713
"14386",0.103957482340395
"14387",0.063997204337011
"14388",0.0877419447368021
"14389",0
"14390",0
"14391",0
"14392",0.494247663969965
"14393",0.354781329001072
"14394",1.73270068174259
"14395",1.20712737335258
"14396",0
"14397",0.418635794603994
"14398",0.175139495098744
"14399",0
"14400",0.0332027373619243
"14401",0
"14402",0
"14403",0.155803332444545
"14404",0
"14405",0.668135573084168
"14406",0
"14407",0.293660656259508
"14408",0.514905506039306
"14409",1.01595824894059
"14410",1.15309157863512
"14411",0.359301843130716
"14412",1.10162363769856
"14413",1.31537192046154
"14414",1.21406496787147
"14415",0.0916230968035777
"14416",0.22858536441301
"14417",0
"14418",0.755259123675915
"14419",0.699102238888455
"14420",1.4086672515379
"14421",0.80066188024158
"14422",0.882298571401483
"14423",0.939939836011956
"14424",0
"14425",1.62581578604687
"14426",1.11948346188499
"14427",0.792734577220293
"14428",1.93871001640479
"14429",1.41908615175297
"14430",0.422809980520694
"14431",0.877465122604384
"14432",0.642737307933949
"14433",0.288141414612828
"14434",0.299539981646845
"14435",0.257316424137658
"14436",0.361796907148973
"14437",0.798544192169109
"14438",0
"14439",0.601941668423381
"14440",0
"14441",0.0162068063250312
"14442",0.744522248051888
"14443",0.241833841729634
"14444",1.27446322086574
"14445",0.420873798033254
"14446",1.28354922159726
"14447",0.431777869120309
"14448",0.82022036844807
"14449",0.745054496214194
"14450",1.01836566298144
"14451",0
"14452",0.316366399730331
"14453",0.365554486894668
"14454",0.479553057692165
"14455",0.0546225892347505
"14456",0.792991327669078
"14457",0
"14458",0
"14459",0.234509774473736
"14460",0.809325256103224
"14461",0.883464513992171
"14462",0.941158378472876
"14463",0
"14464",0.735636667222642
"14465",0.125133940502868
"14466",1.56097561353953
"14467",0
"14468",0
"14469",0
"14470",0.646638952212669
"14471",0.157819303746997
"14472",0.337245034093915
"14473",1.12468485617896
"14474",0.106729636285409
"14475",0.93073958883821
"14476",0.863724121643051
"14477",2.30105794911151
"14478",1.95391179832786
"14479",0.0980711067997966
"14480",0.940239798088603
"14481",0.867545508091278
"14482",0.0650704289160986
"14483",0.11946329182998
"14484",0.53589673427208
"14485",0.711667470770125
"14486",1.03891713946896
"14487",0.967503433598604
"14488",0.488697945657824
"14489",0.625454671330833
"14490",0
"14491",1.34395622012313
"14492",0.175133393730176
"14493",0
"14494",0.194011450047148
"14495",0.955888765510849
"14496",0
"14497",0.182726495497186
"14498",0
"14499",0
"14500",0.0573155836223902
"14501",0.666155239699308
"14502",0.619514699549251
"14503",0.617434803557727
"14504",0.25642545925907
"14505",0.215197204785957
"14506",0
"14507",0
"14508",0
"14509",0.226321700793648
"14510",0.369833080464673
"14511",0.519564103765059
"14512",0
"14513",0.622322857294174
"14514",0.529707632422819
"14515",0.9806635332242
"14516",0.371914093212704
"14517",0.286054671440866
"14518",0
"14519",0.762191278108887
"14520",0
"14521",0
"14522",0
"14523",0
"14524",0.175017181195526
"14525",0.235343097014082
"14526",0.0390354437105762
"14527",0.450447695927667
"14528",0.251032228619567
"14529",0.57403053000745
"14530",0.542437732683414
"14531",1.14771010137193
"14532",0.740698430138831
"14533",0.989616177522384
"14534",0
"14535",0.156403337701245
"14536",0
"14537",0.0945912644182674
"14538",0.0418354581878561
"14539",0
"14540",0.362702148734751
"14541",1.01702148039153
"14542",0.0493174363613758
"14543",0.716606427551021
"14544",0.368119371067757
"14545",0.370166778141004
"14546",0.0468837125326955
"14547",0
"14548",0
"14549",0.221241049470865
"14550",0
"14551",0.0904777868009591
"14552",0.0904777868009591
"14553",0.190895345290499
"14554",0
"14555",0
"14556",0.22162298264257
"14557",0
"14558",0.513184936576568
"14559",0.00552598918696101
"14560",0.233197858319909
"14561",0.563570745946082
"14562",0
"14563",0
"14564",0.366472576985634
"14565",0.713254891292998
"14566",0.554076267433151
"14567",0.617321216162629
"14568",1.85137524697494
"14569",1.35506202281108
"14570",0.467431753938509
"14571",0.813813156980752
"14572",0.0125177551043891
"14573",0
"14574",0.00661084783023719
"14575",0
"14576",0
"14577",0.134194288168401
"14578",0.821986454681777
"14579",0.0170126479824558
"14580",1.59478352821845
"14581",0
"14582",1.02156521580892
"14583",1.19142703957322
"14584",0.767961086465521
"14585",0.468405538753304
"14586",0.704885845814646
"14587",1.03385029524999
"14588",0.643195976908998
"14589",0
"14590",0
"14591",0.504181964772325
"14592",0.461271805197215
"14593",1.54785275007186
"14594",1.00816923927501
"14595",1.33400114230497
"14596",0.741279908990111
"14597",1.34621838377949
"14598",1.1394042912663
"14599",0.289845666022392
"14600",0.801929097895482
"14601",1.47546128207514
"14602",0.208506453831582
"14603",1.53093686013575
"14604",0.539724869898676
"14605",0.597764814193613
"14606",0.142503961518558
"14607",0
"14608",0.892593848108843
"14609",0
"14610",0.30128996276145
"14611",0
"14612",0
"14613",0
"14614",0.075916962470848
"14615",0.218878279990139
"14616",0.496453507768538
"14617",0.509404921765533
"14618",0.490497061095102
"14619",0.838537009532632
"14620",0
"14621",1.04445168640315
"14622",0
"14623",1.39025673756594
"14624",0.784630924101653
"14625",0.425422700627615
"14626",0.787291324522681
"14627",0.49968030604814
"14628",0
"14629",0
"14630",0
"14631",0.84624060614925
"14632",0.418294566060439
"14633",0.29882522400243
"14634",0.00403463478246247
"14635",0.765666431106988
"14636",0
"14637",0
"14638",0.0884248699465604
"14639",0.619691548549913
"14640",0.746555287496595
"14641",1.41900622546293
"14642",0
"14643",0.0785639261880795
"14644",0.177340291959204
"14645",0.21310818783267
"14646",0.609517537401338
"14647",0
"14648",1.29116696797168
"14649",0
"14650",2.75815219437518
"14651",0.910598694772476
"14652",1.578438604526
"14653",0.704618397319333
"14654",0.307648398563179
"14655",0.236918803692023
"14656",0.285280671830892
"14657",0.253772821162662
"14658",0.0278650802694062
"14659",0.871186848731803
"14660",0.469065504955208
"14661",1.36309713615566
"14662",1.45851924197315
"14663",0
"14664",0.981525602838139
"14665",0.377610482461538
"14666",0.580787926946612
"14667",0.0263797255437836
"14668",0
"14669",0.458979975017581
"14670",0.0231617288172028
"14671",0.430352048257724
"14672",0.572499761908866
"14673",0.0921666276189751
"14674",0.154074113606244
"14675",0.29482824469223
"14676",0.321634509503062
"14677",0
"14678",0
"14679",0.082908034720663
"14680",0.148693052547725
"14681",0.38372679321576
"14682",0.0215602904100646
"14683",0
"14684",0.661606452558486
"14685",0.608012407460348
"14686",0.769948014821829
"14687",0.365515166664632
"14688",0.354930855627578
"14689",0.979753783695714
"14690",0.793950388429032
"14691",0.726565945150772
"14692",1.09426903899182
"14693",0.659513250641238
"14694",1.01668418037446
"14695",0
"14696",0
"14697",0.127928278077791
"14698",0.0186235588922091
"14699",0.0793745321657146
"14700",0.108480683979101
"14701",0.128267135431439
"14702",0.064782900107854
"14703",0.141563815562901
"14704",0
"14705",0.151278764967854
"14706",0.388891738188917
"14707",0
"14708",0.238607575517053
"14709",0
"14710",0.0752926450319439
"14711",0.0747240833708402
"14712",0.282021121577227
"14713",0.0848263041845212
"14714",0.345598281055618
"14715",1.26148158324043
"14716",0.847165151506785
"14717",0.865082178048863
"14718",1.16549908125223
"14719",0.880380468467692
"14720",0.654131388818053
"14721",0
"14722",0.291824497767223
"14723",0.0972213136841138
"14724",0.190895345290499
"14725",0.0744266660812454
"14726",0
"14727",0
"14728",0
"14729",0.0645947497242905
"14730",0.197992599084851
"14731",0.766109182006134
"14732",0.954534168713462
"14733",0.949359449355933
"14734",0
"14735",0.0181263528679756
"14736",0.965922740194218
"14737",0.773268432372098
"14738",0.659778590886056
"14739",0.0898310581422662
"14740",0.139158286524255
"14741",0.200327808395342
"14742",0.617501587520507
"14743",0.316397458246678
"14744",0
"14745",0.725855912878106
"14746",0
"14747",0.216988615318525
"14748",0.387116502848645
"14749",0.417068720268867
"14750",0.495384643602672
"14751",1.01290355729203
"14752",1.10866351921398
"14753",0.0278845536772919
"14754",0.0575021785198701
"14755",0.00638888872944254
"14756",0.638772993102043
"14757",1.28410141699689
"14758",1.2788008337712
"14759",0.761820483445197
"14760",2.98673829743451
"14761",0
"14762",2.26011124425957
"14763",0
"14764",0.701508641079815
"14765",0
"14766",0.18161338177616
"14767",0.352139733068949
"14768",0.557454439046037
"14769",1.07359755158113
"14770",0.716802957386155
"14771",1.68056114879352
"14772",0
"14773",1.59398472025957
"14774",0
"14775",0.695683406017857
"14776",0
"14777",0.460646058676625
"14778",0.138609090568759
"14779",0.400579095524472
"14780",0.138004556896269
"14781",0
"14782",0
"14783",0
"14784",0.208677641035366
"14785",0
"14786",0.283336363331603
"14787",0.134466213567757
"14788",0.355180448162288
"14789",0.0516508875869106
"14790",0
"14791",0
"14792",0.934525321657985
"14793",0
"14794",0.315453859895385
"14795",0.0955268373649369
"14796",0.132123080266039
"14797",1.16786346159807
"14798",0.684268049403326
"14799",0.667605812225182
"14800",1.23330322020366
"14801",0
"14802",0.988635152731394
"14803",0.655944218998949
"14804",0.903537464204263
"14805",0
"14806",1.02554761028606
"14807",0
"14808",0.335594648977008
"14809",0.576069384480055
"14810",0
"14811",1.25895581639354
"14812",0.126500662507326
"14813",0.511074650470829
"14814",0.408004562650558
"14815",1.4394877223227
"14816",0.582687617448758
"14817",1.54822239173401
"14818",0.1989198493177
"14819",0.957683103124025
"14820",0.411217977836705
"14821",0.029075879140166
"14822",0.608651838971282
"14823",0.262490378890913
"14824",0.342527170582435
"14825",1.17624897069541
"14826",0.352483773104031
"14827",2.14091375699299
"14828",0.497506377726774
"14829",1.58615615061983
"14830",0
"14831",0.183535626350621
"14832",0.939777247969638
"14833",0.941043739590188
"14834",0.713238424343111
"14835",0.20888937314328
"14836",0.975705749170775
"14837",0.493341933491825
"14838",0
"14839",0
"14840",0.20130412297614
"14841",0.688561439897848
"14842",0.612734957815716
"14843",0.595645405693605
"14844",0.584198934144344
"14845",0.934700909438809
"14846",1.10807368959149
"14847",1.51022558946052
"14848",1.58419511578936
"14849",0.809801613464434
"14850",1.0519982204461
"14851",0.592469695077641
"14852",0.264663415379004
"14853",0
"14854",0.00766594237997742
"14855",0.0029006450556448
"14856",0.0977561516933974
"14857",0.413490292225748
"14858",0.313378717599924
"14859",0
"14860",0.0963992047886064
"14861",0.231675565613235
"14862",0
"14863",0.277803670543377
"14864",0
"14865",0
"14866",0.0535850128271618
"14867",0.290764983555713
"14868",0.152424774210301
"14869",0
"14870",0.263767431546685
"14871",0.253918477723797
"14872",0.880634177338919
"14873",1.51998107519916
"14874",0.743665959358509
"14875",0.992584467899297
"14876",1.06400204780825
"14877",0.564201456460824
"14878",0
"14879",0.305215097630185
"14880",0.0565463687114958
"14881",0
"14882",0
"14883",0.183790779434604
"14884",1.17589279159931
"14885",0.312099347160981
"14886",0
"14887",0.353584013999098
"14888",0.317623632623799
"14889",0.277924505953293
"14890",0
"14891",0
"14892",0
"14893",0
"14894",0.101551823765419
"14895",0
"14896",0.424947286984749
"14897",0.243785523927835
"14898",0.57617714874087
"14899",0.389033785321768
"14900",0.0156943528385741
"14901",0
"14902",0.612237824542728
"14903",0.828638828946336
"14904",1.23323424720128
"14905",2.19698501105112
"14906",0
"14907",0
"14908",0
"14909",1.31377274571129
"14910",0.429453511185642
"14911",0.420016816420276
"14912",0
"14913",1.49858836683033
"14914",0.565760298510701
"14915",1.259431253611
"14916",0.684884571786199
"14917",0
"14918",0
"14919",0
"14920",0.0567507748734086
"14921",0
"14922",0.655190746971795
"14923",0.254832534392146
"14924",0.217451385477333
"14925",0
"14926",0.841329485945603
"14927",0.370030408920293
"14928",0
"14929",0.329992608411514
"14930",0.161629870421193
"14931",0.38536405265337
"14932",0.301958189218933
"14933",1.64444763706869
"14934",0.747571310239717
"14935",1.48146618061787
"14936",0.60965698599604
"14937",0.335815840363439
"14938",1.48660439215527
"14939",0.250895784383912
"14940",0.490185203599109
"14941",0.0982897487283805
"14942",0
"14943",0.380212075832496
"14944",0.780005906390278
"14945",1.18540364804747
"14946",0
"14947",0.607996132761538
"14948",0
"14949",1.30913404322029
"14950",0.380299477233365
"14951",0
"14952",0
"14953",0.851592512881111
"14954",0.369346184422798
"14955",0.248043582491221
"14956",0
"14957",1.0433701575171
"14958",2.38783426433969
"14959",1.36294444976969
"14960",1.13425389369623
"14961",0.484004754186176
"14962",0
"14963",0
"14964",0
"14965",0
"14966",0.589663406247918
"14967",0.747185772963359
"14968",0.602207660077727
"14969",1.06542179387784
"14970",0.725285184280869
"14971",0.93762489058617
"14972",0.460485940782641
"14973",0
"14974",2.66176394815179
"14975",0
"14976",0
"14977",0
"14978",0.307507578481068
"14979",0.592066618412589
"14980",0.208749746221535
"14981",0.588182804467038
"14982",0.147270497609618
"14983",0.681892015715463
"14984",0.0609543915486177
"14985",0
"14986",0.547970163166878
"14987",0.610074029523748
"14988",0.457149943143423
"14989",1.37564341428738
"14990",0.447445317539555
"14991",0.343356360653831
"14992",0.536879025485267
"14993",0.0249302900687396
"14994",0.427118111317997
"14995",0.737039340624034
"14996",0.0250808063146308
"14997",0.0046714666938068
"14998",0.0230840969677619
"14999",0.0547284834067013
"15000",0.0271877205963986
"15001",0.113622575135723
"15002",0
"15003",0.154302701935054
"15004",0.155220793059315
"15005",0.356609969186113
"15006",0
"15007",0.117295842788661
"15008",0
"15009",0.271042500985744
"15010",0
"15011",0.389799886237807
"15012",0.476981865985048
"15013",0
"15014",0.568342627026725
"15015",0.759880011703853
"15016",2.01044405451663
"15017",1.47728852511823
"15018",2.1115072318673
"15019",1.00034524262029
"15020",0.927199761558295
"15021",0
"15022",0
"15023",0
"15024",0.0565463687114958
"15025",0
"15026",0.183790779434604
"15027",0.0572183399430096
"15028",0.301306748134674
"15029",0
"15030",0
"15031",0
"15032",0
"15033",0
"15034",0
"15035",0.506557986528875
"15036",0
"15037",0
"15038",0.0245523700652007
"15039",0.241259596916656
"15040",0.000520030948897743
"15041",0.843580619003327
"15042",0.183078151651436
"15043",2.37166468265446
"15044",0
"15045",2.45585439161349
"15046",0.161892872841762
"15047",1.33585749545854
"15048",0
"15049",0
"15050",0.531773464061086
"15051",0.837325319524745
"15052",0.167424985961216
"15053",0.112875080524325
"15054",1.44875870817392
"15055",0
"15056",0.923182832778751
"15057",0
"15058",0.353498500440896
"15059",0.217931252791366
"15060",1.0874107257725
"15061",0.0845030038625783
"15062",0.459818074064919
"15063",0.121418062304251
"15064",0.00932931545286486
"15065",0
"15066",0
"15067",0.0557578760133911
"15068",0.466036915768601
"15069",0.485985252015581
"15070",1.55790425908851
"15071",0
"15072",0.631755293148461
"15073",0.876773401329603
"15074",0.968466188624791
"15075",0.546143713729162
"15076",0
"15077",0.656323698152162
"15078",1.41355014737041
"15079",0
"15080",1.32070261360142
"15081",0
"15082",0
"15083",0
"15084",0
"15085",0.527084676562462
"15086",1.85643962997063
"15087",0
"15088",1.14441293036819
"15089",0.762449964709614
"15090",0.271235739050518
"15091",0.806446693771561
"15092",0.995275367447282
"15093",0
"15094",0.37666169742732
"15095",1.76727755462659
"15096",2.04020926408073
"15097",2.2968967877069
"15098",2.08371532459725
"15099",0
"15100",1.31301350728736
"15101",0
"15102",0.133428783615318
"15103",0.793169916848269
"15104",0.836633781411626
"15105",1.12063140277596
"15106",1.0419967441171
"15107",0.30899736526101
"15108",0.82365016703082
"15109",0.56059517475988
"15110",0.69458563342443
"15111",0.146423823733327
"15112",2.15834132952942
"15113",0
"15114",0.186942076228033
"15115",0.0486873944973283
"15116",0.510961933546824
"15117",1.50185684143741
"15118",0.268184966253457
"15119",1.20497687840451
"15120",0.110890858190404
"15121",0.357608670164217
"15122",0.63862093405625
"15123",0.267837353229036
"15124",0.00321326001955446
"15125",0.488873675255907
"15126",0.647232057203402
"15127",1.0337247473743
"15128",0.743848734036178
"15129",0.211454379727715
"15130",0.0714522254154382
"15131",0
"15132",0.517671456755254
"15133",0.0046714666938068
"15134",0.0857240678760869
"15135",0
"15136",0
"15137",0
"15138",0
"15139",0.0478859601782544
"15140",0.0177861841810983
"15141",0.169472024521629
"15142",0
"15143",0
"15144",0.0072664757862653
"15145",0
"15146",0.263766470816989
"15147",0.101451260779177
"15148",1.13935482556329
"15149",0
"15150",0.874371278592652
"15151",1.03969739093749
"15152",1.10345842248201
"15153",1.90044053071073
"15154",0.747787966789806
"15155",1.65455438365724
"15156",0
"15157",1.13927088047156
"15158",0
"15159",0.360173407947391
"15160",0.361515820479445
"15161",0.183790779434604
"15162",0
"15163",0.183790779434604
"15164",0.167413571815432
"15165",0
"15166",0
"15167",0
"15168",0
"15169",0.367844442861597
"15170",0
"15171",0.0104481849500926
"15172",0.0204230845945943
"15173",0.550107458356376
"15174",0.380254980535548
"15175",0.438937422952564
"15176",0.502900910830844
"15177",0.217023405079411
"15178",0
"15179",1.52965711113568
"15180",0.302901607705259
"15181",0.0951782341811952
"15182",0.707693361028345
"15183",0
"15184",0.122939786210296
"15185",0.274485088149235
"15186",0.0359732156216535
"15187",0.495592743672059
"15188",0
"15189",0.83165730726636
"15190",0.624568252288988
"15191",0
"15192",0.232649280882334
"15193",0.15012569509193
"15194",0.849712849197982
"15195",0.306180927805171
"15196",0.632052232885498
"15197",0
"15198",0.968661578136128
"15199",0.356203076503963
"15200",0
"15201",0.151181700894505
"15202",0.371264936665698
"15203",0
"15204",0
"15205",0
"15206",0
"15207",0.475992150002917
"15208",1.15916610293564
"15209",0.65163240652338
"15210",0.868937658645132
"15211",0.419353893219208
"15212",1.09590492824161
"15213",0.605303479049546
"15214",1.57891946808713
"15215",1.14040638203123
"15216",0
"15217",1.09868548087758
"15218",0
"15219",0.729680088281772
"15220",1.44063119954209
"15221",0
"15222",0
"15223",0.410163990980275
"15224",0.881121212250024
"15225",0
"15226",0.573265212023335
"15227",0
"15228",0.301056689691383
"15229",0
"15230",0
"15231",1.08576377814071
"15232",1.16474259717677
"15233",1.34569501996562
"15234",0.8159588112144
"15235",0.32065889084725
"15236",0.647406389438823
"15237",0.532112922894676
"15238",0.656216526072902
"15239",0.639112418343904
"15240",0.744796301907838
"15241",0.431917489450601
"15242",0
"15243",0
"15244",1.12151731278958
"15245",1.47421946356095
"15246",1.08587195743535
"15247",1.05420700770913
"15248",0.175114433361623
"15249",0
"15250",0
"15251",0.643774358712866
"15252",0.498789519901527
"15253",0.633650582610418
"15254",1.04672315887372
"15255",0.362497077136926
"15256",1.00912853903094
"15257",1.43057517333257
"15258",0
"15259",0.0306714468167015
"15260",0
"15261",0.137311149535249
"15262",0.171080922473049
"15263",0
"15264",0
"15265",0
"15266",0
"15267",0.21030972246323
"15268",0
"15269",0
"15270",0
"15271",0.135516473301627
"15272",0.0072664757862653
"15273",0.135516473301627
"15274",0.257266470942916
"15275",0.647653666090125
"15276",0
"15277",0.650799346760714
"15278",0
"15279",0.138188787687649
"15280",1.3132854745708
"15281",0.674629632583972
"15282",1.46464152969194
"15283",0
"15284",0.495846451985393
"15285",0
"15286",0.596756246945534
"15287",0.0892438364078602
"15288",0.372663206167591
"15289",0.183790779434604
"15290",0.183790779434604
"15291",0.167413571815432
"15292",0.0703576990327446
"15293",0
"15294",0
"15295",0.316953157131848
"15296",0
"15297",0
"15298",0.121295941241402
"15299",0.0781741962263585
"15300",0.548219475654785
"15301",0.370922005710169
"15302",0.0981733308754273
"15303",0
"15304",0.214740597480572
"15305",0
"15306",0
"15307",0
"15308",0
"15309",0
"15310",0
"15311",0.637358092366759
"15312",0.023446988703953
"15313",0
"15314",0.345058509592506
"15315",0.307319276078094
"15316",0.175073123733453
"15317",0
"15318",0.299879735700822
"15319",0.369492048048283
"15320",0.117755407671371
"15321",0.784230889479298
"15322",0
"15323",0.0746099221474708
"15324",0
"15325",0.361429236370079
"15326",0.0901070782822386
"15327",0.273558373179166
"15328",0
"15329",1.92543345370896
"15330",0
"15331",1.85497470348118
"15332",1.49771192076213
"15333",2.57704577413752
"15334",0.112986776896903
"15335",0.352161446837659
"15336",0
"15337",0
"15338",0.250594619427732
"15339",0.304697833952105
"15340",0.40712840670272
"15341",0.287513746844122
"15342",0.333346981951455
"15343",0
"15344",0.39327882957913
"15345",0.421418655967528
"15346",0
"15347",0.967692290465576
"15348",0
"15349",1.9905227016536
"15350",0.00759096829930761
"15351",0.356977095260419
"15352",0.0951519203710637
"15353",0.476612959988286
"15354",0
"15355",0.288905620667262
"15356",0.610775081587626
"15357",0.808054471406924
"15358",1.67644049173115
"15359",1.53139716941142
"15360",0.112142393723144
"15361",0.210650297374502
"15362",0.220072456636661
"15363",0.417939811782831
"15364",0.182488853769267
"15365",0.246400286924384
"15366",0.250822888467147
"15367",0.461318469831562
"15368",0.5019772598528
"15369",0.663920154519882
"15370",1.64892791958165
"15371",0.581494447548131
"15372",0.425080827932414
"15373",0.719206513828398
"15374",0.194350781946285
"15375",0.281670938340532
"15376",0.149366246819667
"15377",0.19636713001286
"15378",0.368166669321968
"15379",0
"15380",0.585798736753608
"15381",0.767217039715979
"15382",1.0228124994197
"15383",0
"15384",0.26117146172453
"15385",0.0641373964924453
"15386",0.0181736000755137
"15387",0
"15388",0
"15389",0
"15390",0
"15391",0
"15392",0.119793112508652
"15393",0
"15394",0.263715517514385
"15395",0.385516468458278
"15396",0.195332152095333
"15397",0.0072664757862653
"15398",0.263766470816989
"15399",0.257266470942916
"15400",0.503097880867217
"15401",0
"15402",0.370815553900545
"15403",0.300284786503479
"15404",0
"15405",0.706077408044576
"15406",0.301598572110888
"15407",0.730256759014592
"15408",0
"15409",0.834310199304044
"15410",0.0517202907388677
"15411",0.347550718386137
"15412",0.134686595892173
"15413",0.0372485711010547
"15414",0.346211199869216
"15415",0.20367116622413
"15416",0
"15417",0
"15418",0.265484643407694
"15419",0.217650971526959
"15420",0.497793184152958
"15421",0
"15422",0
"15423",0
"15424",0.229309248168152
"15425",0
"15426",0
"15427",0.389285904389603
"15428",0
"15429",1.13848526831651
"15430",0
"15431",0.669845800868254
"15432",0.143870351599878
"15433",0.281972108303004
"15434",0
"15435",0.0302824753805246
"15436",0
"15437",0
"15438",0.392617157099222
"15439",0
"15440",0
"15441",0.292353736519502
"15442",0
"15443",0.275882470480036
"15444",0
"15445",0.127004623114974
"15446",0
"15447",0.196043576627499
"15448",0
"15449",0
"15450",0
"15451",1.16839913636286
"15452",0.435538932237506
"15453",1.54101294734993
"15454",0.653154692881302
"15455",0
"15456",0.118773853185994
"15457",0
"15458",0.0175230679019897
"15459",0.392401185731173
"15460",0.537498159941753
"15461",0
"15462",0.00323885433170013
"15463",0.548134511541761
"15464",0.184451826915902
"15465",0.109354978406919
"15466",0.189709424795398
"15467",0.540554181535017
"15468",0.177279470548994
"15469",0.405363476679887
"15470",0
"15471",0.136662907962911
"15472",0.167531838863502
"15473",0
"15474",0.038990935024053
"15475",0.499044921244435
"15476",0.347331644859912
"15477",1.45068919459088
"15478",1.89437613287796
"15479",1.549377492549
"15480",0
"15481",0.488076436778411
"15482",0.259395899293459
"15483",0.143155389097024
"15484",0.105224766238841
"15485",0.222104554056846
"15486",0.121829764168722
"15487",0.356357439074025
"15488",0
"15489",0.741162303839922
"15490",1.14401163385182
"15491",0.0708049009641891
"15492",0.802672343828185
"15493",1.70289549583136
"15494",0.442942839781245
"15495",0.498729159277297
"15496",0.201147656840051
"15497",0.198590025457828
"15498",0.182215290372673
"15499",0.873335013329298
"15500",0.638062506873619
"15501",0.257357705678124
"15502",0.159458174404823
"15503",0
"15504",0
"15505",0
"15506",0
"15507",0.00349424107070601
"15508",0.0588788720653564
"15509",0
"15510",0.135465519999023
"15511",0.51376646597364
"15512",0.188832142282708
"15513",0.787503746163482
"15514",0.0670821545799717
"15515",0.0072664757862653
"15516",0.133994523480821
"15517",0
"15518",0.235578785123602
"15519",0.220455552481578
"15520",0
"15521",0
"15522",0
"15523",0.102138217255967
"15524",0.0483001854573503
"15525",0.433050178003436
"15526",0.0517401761645
"15527",0.373869353803342
"15528",1.17414561015213
"15529",0.18433566690614
"15530",0.0536950666494449
"15531",0.146092490360752
"15532",0.170696234197734
"15533",0.349649997496052
"15534",0
"15535",0.405869021409317
"15536",0.129267674838963
"15537",0.0529780237288254
"15538",0.0807739372694192
"15539",0.544263184324506
"15540",0
"15541",0.119347301602629
"15542",0.516587835588733
"15543",0.313409697445292
"15544",0.584266269308714
"15545",0
"15546",0.964496585595576
"15547",0.522386175020966
"15548",0.281989684137081
"15549",0
"15550",0.0622081314838121
"15551",0.268475410407245
"15552",0.313880615724453
"15553",0
"15554",0.355200638163086
"15555",0
"15556",0
"15557",0
"15558",0
"15559",0.0543353351522105
"15560",0.603459380145848
"15561",0.182608437776115
"15562",0.788453228131208
"15563",0.431281524006943
"15564",0.158021734186956
"15565",0.306196890479167
"15566",1.47334808208633
"15567",0
"15568",0.972029501605172
"15569",0.0736070577911581
"15570",0
"15571",0.637080184995502
"15572",0.0614055918920428
"15573",0.0389269295190026
"15574",0
"15575",0.0312971703728425
"15576",0.611960079094869
"15577",0.596651967693912
"15578",0.16532875600019
"15579",0.0394625176838956
"15580",0.66331559460135
"15581",0.0985300340845323
"15582",0.91955879583426
"15583",0
"15584",0
"15585",0
"15586",0.484582906046076
"15587",0
"15588",1.11543548312732
"15589",0.127898316021769
"15590",0
"15591",0.058513461303743
"15592",2.23726752642544
"15593",1.1133611093217
"15594",0.376519898565235
"15595",0.395271565626639
"15596",0
"15597",0.409124025242587
"15598",0.165174982782679
"15599",0.184020804131459
"15600",0.0656961797661987
"15601",0.312011300264893
"15602",0.254784844912828
"15603",0
"15604",0.559688354527399
"15605",0.229994732310199
"15606",0.227686202460182
"15607",1.03774212090862
"15608",0.859151192543805
"15609",0.764921503579285
"15610",0.37518046718032
"15611",0.246571434543156
"15612",0.259031482006603
"15613",0.479764653919306
"15614",0.00614901843096566
"15615",0.118452485839776
"15616",0.118452485839776
"15617",0.118452485839776
"15618",0.122335470611145
"15619",0.182589060650488
"15620",0
"15621",0.182169142095209
"15622",0.0474191347672209
"15623",0
"15624",0
"15625",0.135516473301627
"15626",0.0072664757862653
"15627",0
"15628",0.109901183941747
"15629",0.156279104055838
"15630",0.0281681289134006
"15631",0.324329109215892
"15632",0
"15633",0.236365861766418
"15634",0.0483001854573503
"15635",0.0483001854573503
"15636",0.0483001854573503
"15637",0.362627626083526
"15638",0.767216352853477
"15639",0.201592596033107
"15640",0
"15641",0.0979483831842205
"15642",0
"15643",0
"15644",0
"15645",0.276359296182951
"15646",0
"15647",0
"15648",0
"15649",0.0824602278255949
"15650",0.0824602278255949
"15651",0.0769486437211614
"15652",1.29961188598642
"15653",0.191522724136897
"15654",0.343027179355576
"15655",0
"15656",0.521841931792515
"15657",0
"15658",0
"15659",0
"15660",0.266309494999734
"15661",0
"15662",0
"15663",0
"15664",0.0200049630765794
"15665",0
"15666",0
"15667",0.0200049630765794
"15668",0.654754950779315
"15669",0.318422265251369
"15670",1.20605123316185
"15671",0.121849179896228
"15672",0.176853633843478
"15673",0.832095804320748
"15674",0.00543559115257541
"15675",0
"15676",0
"15677",0
"15678",0.0726534542866294
"15679",0.489956596819677
"15680",0
"15681",0.016637781189112
"15682",0.367260593856979
"15683",0.0314457356506169
"15684",0.389379092275655
"15685",0.769326133111662
"15686",0.089231817196904
"15687",0.857244412400359
"15688",0.590483109080021
"15689",0.338906119195253
"15690",0.0874917457031551
"15691",0.168943275403525
"15692",1.70605242883329
"15693",0.0509809827555019
"15694",0.871103866441673
"15695",0.0181772273257812
"15696",0
"15697",0.808305758862859
"15698",0.756183220675408
"15699",0
"15700",1.89770528658793
"15701",0.236050354233017
"15702",0
"15703",0.16719024684251
"15704",0
"15705",0
"15706",0
"15707",0.350947794306563
"15708",0.160566480740117
"15709",0.218892125241459
"15710",0.0764210107665757
"15711",0
"15712",0
"15713",0.268662625559808
"15714",0.580359141619654
"15715",0.353533541443185
"15716",0.863754005145137
"15717",0.335305115595777
"15718",1.33238130360461
"15719",0.338384496325313
"15720",0.183676466437971
"15721",0.22882181088879
"15722",0.0539191445798467
"15723",0.00731423174321777
"15724",0.141021376331475
"15725",0.300422477648338
"15726",0.0540182500077481
"15727",0.074954653657275
"15728",0.0530712343713894
"15729",0.108115864251057
"15730",0.322037465647193
"15731",0
"15732",0.205463905770438
"15733",0.362627626083526
"15734",0.571440558845865
"15735",0.0382189080482318
"15736",0.294718903078955
"15737",0
"15738",0.669923879145957
"15739",0.012592586862304
"15740",0.0374742786629466
"15741",0.0748583649688233
"15742",0.0748583649688233
"15743",0.0748583649688233
"15744",0
"15745",0.210710225340957
"15746",0
"15747",0.992649003432347
"15748",0
"15749",0.179201600698634
"15750",0.092693049939758
"15751",0.280758726248826
"15752",0
"15753",0.231347601338053
"15754",0
"15755",0.0263922004702105
"15756",0
"15757",0.148254960591941
"15758",0
"15759",0
"15760",0
"15761",0.276504958107303
"15762",0
"15763",0.165183947218775
"15764",0.0507271237970316
"15765",0.536901452831022
"15766",0.158364549262237
"15767",0
"15768",0
"15769",0.130184829486037
"15770",0
"15771",0.378281266795936
"15772",0.36039030993511
"15773",0
"15774",0.198678081823051
"15775",0.220172614688933
"15776",0
"15777",0.890838312614687
"15778",0.171595329988443
"15779",1.28842935444992
"15780",0
"15781",0
"15782",0.477611393126772
"15783",0
"15784",0
"15785",0
"15786",0.443300828231888
"15787",1.14386608853297
"15788",0
"15789",0.886740079059027
"15790",0.386992076299958
"15791",1.32220801816784
"15792",0.771805318212951
"15793",0.263287835014873
"15794",0.381099318255001
"15795",0.0081144800310895
"15796",0
"15797",0.29500101644133
"15798",0.649019193002192
"15799",0.17474156435732
"15800",0.557455579792469
"15801",0.887830572215002
"15802",0.493353145881409
"15803",0.185382078059106
"15804",0.109955906677289
"15805",0.230257542559029
"15806",0
"15807",1.14735272258533
"15808",0.754607253331213
"15809",0.418686645069081
"15810",0.417678805058566
"15811",0.976091819951771
"15812",0.139383155386705
"15813",0.330585059761854
"15814",0.360877141264516
"15815",0.202952562051442
"15816",0.0483001854573503
"15817",0.0483001854573503
"15818",0
"15819",0.362627626083526
"15820",0.571440558845865
"15821",0.304829733447048
"15822",0.699690556361227
"15823",0.195506499627414
"15824",0.0748583649688233
"15825",0.179394614356798
"15826",0
"15827",0.044833802719951
"15828",0
"15829",0
"15830",0.00370842504788549
"15831",0.130419860536676
"15832",0.0180778082103591
"15833",0
"15834",0.125021631202999
"15835",0
"15836",0.0182499764058889
"15837",0
"15838",0
"15839",0.0200049630765794
"15840",0
"15841",0
"15842",0
"15843",0.550225559413718
"15844",0.00787464727891504
"15845",0.637089282739553
"15846",0.15267793258859
"15847",0.00796968066259285
"15848",0.657044208370931
"15849",0.763347504717984
"15850",0
"15851",0
"15852",0.461936556557756
"15853",0
"15854",0
"15855",0.0341213073289794
"15856",0
"15857",0
"15858",1.50859150477448
"15859",0.361945657392202
"15860",0.787374291627027
"15861",0.211905174205414
"15862",0.151888748191099
"15863",0
"15864",0.5418586196366
"15865",0.998741167725155
"15866",0
"15867",0
"15868",0
"15869",0.505657813600428
"15870",1.5372696195543
"15871",0.218790746039438
"15872",0.319473128944957
"15873",0.0300273555458971
"15874",1.40193445883999
"15875",0
"15876",0.608706512116711
"15877",0.629967411288201
"15878",0.34858173847311
"15879",0.329596644861075
"15880",0.590419023062885
"15881",0.218082346883684
"15882",0.570577827489943
"15883",0.105914477674248
"15884",0.516395639850222
"15885",0.294735897219881
"15886",0.402424493894175
"15887",0.251473579011932
"15888",0
"15889",0.272274472997099
"15890",0.744361822858081
"15891",0.68652950856803
"15892",0
"15893",0.362627626083526
"15894",0.205463905770438
"15895",0.362627626083526
"15896",0.231504408236488
"15897",0
"15898",0.0449832068566324
"15899",0.0657716567061755
"15900",0
"15901",0
"15902",0.00955941648531367
"15903",0.130475421174369
"15904",0
"15905",0.17588155283638
"15906",0
"15907",0.205595864259085
"15908",0
"15909",0
"15910",0.205498460936866
"15911",0
"15912",0.2076832973143
"15913",0
"15914",0.409654845169557
"15915",0
"15916",0.521227812607716
"15917",0
"15918",0
"15919",0
"15920",0
"15921",0.639537803741497
"15922",0.425373421705967
"15923",1.05799698826144
"15924",0.304224710485636
"15925",0
"15926",1.69358595545587
"15927",0.813736382661514
"15928",1.6359540512806
"15929",0.815920971696317
"15930",1.00232903957799
"15931",0.36916161577371
"15932",0
"15933",0.120941889908679
"15934",0.0850419858677979
"15935",0.26547640144733
"15936",0.897648415151317
"15937",0.966553169628818
"15938",0.642170683234775
"15939",0.987344930598529
"15940",0.414559287413925
"15941",0
"15942",0
"15943",0.871561390207366
"15944",0.0796689133461841
"15945",2.42854508448052
"15946",0.391680996189508
"15947",0.706511517445451
"15948",0.802371592939214
"15949",0.607934592599595
"15950",0.685117215240836
"15951",0.0913472297119742
"15952",0
"15953",0.214591571436014
"15954",0.0467380275845128
"15955",0.198052909908424
"15956",0.124531781419783
"15957",0.405032804149303
"15958",0.0576119667799583
"15959",0.187173214457452
"15960",1.10944383123685
"15961",0.387582015639458
"15962",0
"15963",0.26892211279181
"15964",0
"15965",0.00192445791708995
"15966",0
"15967",0.047794856968407
"15968",0.0726614466919506
"15969",0.180201099098981
"15970",0.318817068186159
"15971",0.0157268500391865
"15972",0
"15973",0
"15974",0.0373911756062648
"15975",0
"15976",0
"15977",0
"15978",0
"15979",0
"15980",0
"15981",0.128328344805728
"15982",0
"15983",0
"15984",0
"15985",0.185045994734809
"15986",0.108914400762387
"15987",1.65898185898601
"15988",0
"15989",1.01324036455374
"15990",0.234115231261298
"15991",0.349763421014374
"15992",0.105483384510298
"15993",0.384805464138366
"15994",0.616834388532435
"15995",0.927092855833929
"15996",0.324396466627955
"15997",0
"15998",0.0318807399836588
"15999",0
"16000",0.318858967868278
"16001",0
"16002",1.1635841394721
"16003",0.7719431320796
"16004",0.176138824138144
"16005",0.274542473197252
"16006",0.754197025460104
"16007",0
"16008",0.0177888476016798
"16009",0
"16010",0.0158562835809901
"16011",0.100171955150693
"16012",0.983730423614362
"16013",0.170651573456232
"16014",0.864468449440056
"16015",0.702887989758279
"16016",1.10057829606694
"16017",0.061760710982195
"16018",0.416610417191185
"16019",0.0229428179305891
"16020",0.1956235103991
"16021",0.0816898856192003
"16022",0.0464443752841063
"16023",0
"16024",0.371476768385959
"16025",0.559595886323602
"16026",0.446902288518275
"16027",0.651062641544079
"16028",0
"16029",0.37178494798587
"16030",0.0601177604782794
"16031",0.503283674052519
"16032",0.346583284381007
"16033",0.438510050946568
"16034",0.20523030736997
"16035",0.339896996784836
"16036",0
"16037",0.0520554956554926
"16038",0.188291778455105
"16039",0.229637382204324
"16040",0
"16041",0.173962179459837
"16042",0.153151872429629
"16043",0.775324588547044
"16044",0.325550513244363
"16045",0.496578945823863
"16046",0.322095646151047
"16047",0
"16048",0.164820036306821
"16049",0.785594066052265
"16050",1.92755503660134
"16051",0
"16052",0
"16053",0
"16054",1.63873927646903
"16055",1.11802587557128
"16056",0.436071037957233
"16057",0.144472000813492
"16058",0.718335807630527
"16059",1.27284843796182
"16060",0.625006764065748
"16061",0
"16062",0.366817369804483
"16063",0
"16064",0
"16065",0
"16066",0.0237218742583165
"16067",0
"16068",0
"16069",0
"16070",0.14556489111945
"16071",0
"16072",0.521489139514229
"16073",1.06406946491509
"16074",0
"16075",1.9240499085583
"16076",0.232274481782864
"16077",0.678549763660816
"16078",0.395399829358486
"16079",0.990289666328929
"16080",0.85125217538907
"16081",0.764443555724461
"16082",0.0645857422564594
"16083",0.138306457483186
"16084",0.304205298511182
"16085",0
"16086",0
"16087",0
"16088",0.139381663289545
"16089",0.124341601423501
"16090",0.304887848557314
"16091",0.0500693206116194
"16092",0.275052133056426
"16093",0
"16094",0.0854170863831132
"16095",0.136513878401531
"16096",0.171207542184941
"16097",0
"16098",0
"16099",0.321716542134839
"16100",0.261160096986775
"16101",0
"16102",0.025715998638308
"16103",0
"16104",0.813622474049414
"16105",0.276412936139675
"16106",0.102394615193661
"16107",1.05327916814347
"16108",0.132689090369098
"16109",1.01225602359476
"16110",0.065029481106349
"16111",0.283111495878768
"16112",0.243259906956243
"16113",1.15712820257888
"16114",0
"16115",1.9327174040392
"16116",0.750538945034675
"16117",0.638493379187905
"16118",0
"16119",0
"16120",0.340533670623573
"16121",1.08343435983065
"16122",0.0423964092850517
"16123",0.0215980069436039
"16124",0
"16125",1.37214220902938
"16126",0.399881146823577
"16127",0.197582873755641
"16128",0.337470297533267
"16129",0.304242074728397
"16130",0
"16131",0.204826128028651
"16132",0.312096073658641
"16133",0.400639310276744
"16134",0.20628382429047
"16135",0.0554082286647424
"16136",0.11756386046182
"16137",0.126331129114668
"16138",0.98617260974192
"16139",0.175913602609984
"16140",0.557908263892351
"16141",0.0176512885551783
"16142",1.01638201277281
"16143",0.461063131183456
"16144",0.354426156465365
"16145",0.0816460741771049
"16146",0.126425458450433
"16147",0.508441516108898
"16148",0.20496399855678
"16149",0.0208572959524809
"16150",0
"16151",0.299338687779249
"16152",0
"16153",0
"16154",0
"16155",0.207760746640198
"16156",0
"16157",0
"16158",0.883870777924216
"16159",1.31964989602471
"16160",0
"16161",0.526173985070041
"16162",0
"16163",0.610411577646925
"16164",0.976210958859228
"16165",0
"16166",0.462893503863576
"16167",0
"16168",0.988745333971516
"16169",0.443067133340336
"16170",1.20085804012302
"16171",1.02537731055895
"16172",1.10554732030694
"16173",1.24559796616008
"16174",0.980161611812863
"16175",1.070440454183
"16176",0.778612690300709
"16177",0.493948129219009
"16178",0.530950394711159
"16179",0
"16180",2.68515128119576
"16181",0
"16182",1.82116504070364
"16183",0.348011999415015
"16184",0.265125048450339
"16185",0.0153456421149529
"16186",1.19095366011662
"16187",0.157380299038187
"16188",0.491784000421964
"16189",0
"16190",0.266981383065519
"16191",1.45062453792476
"16192",0.325337565604417
"16193",0.970346469355138
"16194",0.905322689012262
"16195",0.599865162175489
"16196",1.08139530087802
"16197",0.67782699146551
"16198",1.08223076611617
"16199",0.968644536843613
"16200",0.31281907086557
"16201",0.336199184894301
"16202",0.32517840906193
"16203",0.0208572959524809
"16204",0
"16205",0
"16206",0
"16207",0
"16208",0.192530616493675
"16209",0
"16210",0.991217458159646
"16211",2.06248065876506
"16212",1.37342930866027
"16213",0
"16214",0.367399458967684
"16215",0
"16216",0.548696691469058
"16217",1.069041683052
"16218",0.0754190275970645
"16219",1.46199040765352
"16220",1.42242986649804
"16221",1.03815447385739
"16222",0.737264643972178
"16223",0.550110394756151
"16224",1.20858865608061
"16225",1.38002449945326
"16226",1.00383734855372
"16227",1.23132031100392
"16228",1.05753321207966
"16229",0.805954492117025
"16230",1.10629247415843
"16231",0.380516213307618
"16232",0.0758869297249585
"16233",1.09856457141901
"16234",0
"16235",0
"16236",0
"16237",0.856409922084064
"16238",0.355181950343036
"16239",2.12045319784689
"16240",0.579866624693693
"16241",2.53553478603445
"16242",0.783827156511208
"16243",1.4415414173857
"16244",0.604230272980849
"16245",1.10180999818151
"16246",0.257705480664102
"16247",1.53139246494425
"16248",0.708579844674388
"16249",0.583838956267586
"16250",1.69618688600802
"16251",1.3334652761145
"16252",1.4577625688753
"16253",0.832133550215255
"16254",0.767962689574845
"16255",0.286562727906707
"16256",0.4226973082788
"16257",0.144363181830917
"16258",0.0208572959524809
"16259",0.0208572959524809
"16260",0
"16261",0.149107293467843
"16262",0.269884187810794
"16263",0.593966933078446
"16264",0
"16265",0.404701801024996
"16266",0
"16267",0.166219505100379
"16268",0
"16269",1.24194548775526
"16270",0.0531696172853074
"16271",0
"16272",0.130037480904331
"16273",0.399892735267127
"16274",0.0602025676181945
"16275",1.23937222523145
"16276",0.599869432429904
"16277",0.487878563738915
"16278",0.58110494141375
"16279",1.50990485318281
"16280",0.541514662933156
"16281",0.278959283642138
"16282",0.234169415972909
"16283",0.473403914292076
"16284",0.622058520171343
"16285",0.148910210607895
"16286",0
"16287",0.0740791323097181
"16288",1.97615614436538
"16289",0
"16290",1.54103148379457
"16291",0
"16292",1.00770460475606
"16293",1.25659774494547
"16294",0
"16295",0.250792774460347
"16296",1.08750669466917
"16297",0
"16298",1.17693576485404
"16299",0.728192889514751
"16300",0.294725107025197
"16301",0
"16302",0.51374990185788
"16303",0.675546977656003
"16304",0.749620158674949
"16305",1.1917024238123
"16306",1.21837878780831
"16307",0.604841601610259
"16308",0.402603195819319
"16309",0.380994118201134
"16310",0.431678601172692
"16311",0.267869067709353
"16312",0.297937115290849
"16313",0.0036159741284294
"16314",0
"16315",0.938481957466954
"16316",1.27861881243991
"16317",1.93431980614916
"16318",0.639857987020345
"16319",0.149799092334579
"16320",0.262574789954459
"16321",1.41295358032937
"16322",0.108683360522272
"16323",0.147746944180333
"16324",0.804867301522649
"16325",0.921312568887051
"16326",0
"16327",0
"16328",0
"16329",0.229352179085514
"16330",0
"16331",0.318759293696003
"16332",0.412212260123249
"16333",0
"16334",0
"16335",0
"16336",0.0392819351136685
"16337",0
"16338",0.225173645673469
"16339",0.101928629745693
"16340",0.504168739830067
"16341",1.11814951065398
"16342",1.87763983807309
"16343",0.426505844158484
"16344",2.70285206557762
"16345",0.5266426826387
"16346",0.860202875490097
"16347",0.271171370706738
"16348",1.82133410363915
"16349",0.555970011150017
"16350",1.06542629318618
"16351",0.397030836990877
"16352",0.123295792942359
"16353",0.19285320755817
"16354",0.816714162035173
"16355",0.371044396706862
"16356",0.404718812233239
"16357",0.256676310013333
"16358",0.135433002603363
"16359",0.410869399399773
"16360",0.622580104794034
"16361",1.25609782365257
"16362",1.61241005376041
"16363",2.16212205111377
"16364",1.13747814249098
"16365",0.161312467196133
"16366",0
"16367",0.423529200431421
"16368",0
"16369",1.27358627661214
"16370",0.20015978723881
"16371",1.13533197964155
"16372",0
"16373",0
"16374",0
"16375",0.488945546936312
"16376",0.0704317945610147
"16377",0.111582390999737
"16378",0.355065301903158
"16379",0.0236167024927249
"16380",0.0225885113306568
"16381",0
"16382",0
"16383",0
"16384",0.213159829902069
"16385",0
"16386",0.16039002056612
"16387",0.464317939592279
"16388",1.28239949576055
"16389",1.64511123158835
"16390",1.83696368050202
"16391",0.557066891675936
"16392",0
"16393",0
"16394",0.798977246942127
"16395",0.387339607290472
"16396",0.969272811144703
"16397",2.25832632143974
"16398",0
"16399",0.0533141802931922
"16400",0
"16401",0.737128299010107
"16402",0.40360487943924
"16403",0.339559269950995
"16404",0.264002494680584
"16405",0.128168035131718
"16406",0.407781724205935
"16407",0.914671441351376
"16408",0.668303512762906
"16409",0
"16410",0.440972995608528
"16411",0
"16412",0
"16413",0
"16414",0.335436324036422
"16415",0
"16416",0.134274379238988
"16417",0
"16418",0.411394894756129
"16419",0.163302693406097
"16420",0
"16421",0.162671346927196
"16422",0.0920653069983616
"16423",0.4407196021981
"16424",0
"16425",0
"16426",0
"16427",0
"16428",0
"16429",0.0497207233217682
"16430",0.155063694903956
"16431",0.398481654564108
"16432",0.924580512932159
"16433",1.93749883713313
"16434",0.170790024434304
"16435",0.251478730244571
"16436",0
"16437",1.17176423118066
"16438",0
"16439",0.445889913772911
"16440",0.959997351097962
"16441",0.0140559218693443
"16442",1.63101805351297
"16443",0.366471314125617
"16444",0.635979675710884
"16445",0.590955175999696
"16446",0.497863613984771
"16447",0.948299012138122
"16448",0.0662525894606496
"16449",0.128168035131718
"16450",0.407781724205935
"16451",0.702000397263074
"16452",0.101082394567152
"16453",0.398675090069796
"16454",0
"16455",0.288197029456231
"16456",0.0378172976456323
"16457",0
"16458",0
"16459",0.0340361679578565
"16460",0
"16461",0
"16462",0
"16463",0
"16464",0.0348919222357816
"16465",0
"16466",0
"16467",0
"16468",0
"16469",0
"16470",0.171307787279222
"16471",0.0793481777915699
"16472",0
"16473",0.132638940190841
"16474",0.844390045592298
"16475",0.898311030622267
"16476",1.09445391365898
"16477",0
"16478",1.2355367853976
"16479",0.144683586740182
"16480",0.284079163675353
"16481",0.901133287858836
"16482",0.292710148281439
"16483",0.715274174781715
"16484",0.274985483732353
"16485",1.50140609428137
"16486",0.640011091808788
"16487",0.534692486298444
"16488",1.25566334772902
"16489",0.71100554799448
"16490",0.650446907287207
"16491",0.139714922218495
"16492",0.450448650141201
"16493",0.227085983328813
"16494",0.367300557706896
"16495",0
"16496",0
"16497",0.0960402799126986
"16498",0.18570347610887
"16499",0
"16500",0
"16501",0
"16502",0
"16503",0
"16504",0
"16505",0
"16506",0
"16507",0
"16508",0
"16509",0
"16510",0.284097103643731
"16511",0
"16512",0.37376038201161
"16513",0.264294016133442
"16514",0.340485778540204
"16515",0.700839425802531
"16516",0.428243476879137
"16517",0.95027941351549
"16518",0.559827093685549
"16519",0
"16520",0.351718241727803
"16521",1.15596968876319
"16522",1.38523925936596
"16523",0
"16524",1.00247893044182
"16525",0.870521292623638
"16526",0.0485513067029242
"16527",0.136110286688283
"16528",1.00408256811484
"16529",1.29569126401211
"16530",0.702471021757842
"16531",0.563353225026658
"16532",0.403841003347373
"16533",0
"16534",0
"16535",0
"16536",0
"16537",0
"16538",0
"16539",0.0626204645115158
"16540",0.0448041072497691
"16541",0.0451130073304377
"16542",0.045433596612006
"16543",0.0457554653311095
"16544",0.0450498049892261
"16545",0.0430644845831335
"16546",0.0409634000600471
"16547",0
"16548",0.036904896470313
"16549",0.0642496686458824
"16550",0.0801396821860836
"16551",0.306570489212862
"16552",0.347522165983626
"16553",0.108363058582835
"16554",0.295995352715247
"16555",0.752946549489859
"16556",0
"16557",0
"16558",0
"16559",0.370918203364899
"16560",0.396804412089074
"16561",0.646114995650434
"16562",0.672592985026228
"16563",0.563124051720057
"16564",0.33678755227327
"16565",0.552861265368347
"16566",0.75920088409779
"16567",1.01394147803535
"16568",0.744348547067615
"16569",0.529155984669286
"16570",0.743270741797963
"16571",0
"16572",0.168262596718635
"16573",0
"16574",0
"16575",0
"16576",0.0386811522266684
"16577",0.0323958973305524
"16578",0.0312003414454941
"16579",0.0312003414454941
"16580",0.0312003414454941
"16581",0.0312003414454941
"16582",0.159450338960856
"16583",0.0312003414454941
"16584",0.00568231253570428
"16585",0
"16586",0.385611005071194
"16587",0.204267548034669
"16588",0
"16589",0.211494394474121
"16590",0.235479571832639
"16591",0.257835458179688
"16592",0.156021480098832
"16593",0.3367397398508
"16594",0
"16595",0
"16596",0
"16597",0.531931662374073
"16598",0.189533002291691
"16599",0.718134755128063
"16600",0.665134703913276
"16601",0.999292999323153
"16602",0.0366164977888177
"16603",0.412380977241474
"16604",0
"16605",1.19010979983967
"16606",0.972478362484268
"16607",1.29131298710705
"16608",0.11524247710204
"16609",0
"16610",0
"16611",0
"16612",0.0187661367525556
"16613",0.0344374332542405
"16614",0.0312003414454941
"16615",0.0312003414454941
"16616",0.0312003414454941
"16617",0.287700336476218
"16618",0.212766017880489
"16619",0.287700336476218
"16620",0.0312003414454941
"16621",0
"16622",2.33921877291765e-05
"16623",0
"16624",0.180442467260003
"16625",0
"16626",0.144984631409805
"16627",0.126799107631205
"16628",0.128945373655989
"16629",0
"16630",0.462124177334534
"16631",0.578003839248923
"16632",1.10141380220367
"16633",0.107681325636499
"16634",1.35660555717002
"16635",0
"16636",0.950346577092259
"16637",0.315297215367524
"16638",0.349021541781644
"16639",0
"16640",0.245444269804216
"16641",0.726280371906289
"16642",1.05995552928592
"16643",1.49282539359846
"16644",0.012871053832703
"16645",0
"16646",0
"16647",0
"16648",0.0365526079368192
"16649",0.0312003414454941
"16650",0.0312003414454941
"16651",0.159450338960856
"16652",0.212766017880489
"16653",0.817937611696784
"16654",0.212766017880489
"16655",0.159450338960856
"16656",0.0312003414454941
"16657",0.152630177901875
"16658",0.922450324178954
"16659",0.462766003098587
"16660",0.794200326663592
"16661",0.159450338960856
"16662",0.287700336476218
"16663",0.212082367585012
"16664",0.277476037200854
"16665",0.275497898879362
"16666",0.730082366465033
"16667",1.17636924785151
"16668",0.634369508570439
"16669",0
"16670",1.05363072837727
"16671",0.316142162883674
"16672",1.35562078681894
"16673",0
"16674",1.19940041225344
"16675",0
"16676",0
"16677",0.433081401505736
"16678",0.722583925727595
"16679",0.012871053832703
"16680",0.0384639847340455
"16681",0
"16682",0
"16683",0
"16684",0.0312003414454941
"16685",0.0312003414454941
"16686",0.0312003414454941
"16687",0.287700336476218
"16688",0.212766017880489
"16689",0.287700336476218
"16690",0.0312003414454941
"16691",0
"16692",0.672450329022303
"16693",0.274700326789519
"16694",1.17895031920968
"16695",0.537700331632868
"16696",0.287700336476218
"16697",0.212766017880489
"16698",0.817937611696784
"16699",0.212766017880489
"16700",0.149500030903952
"16701",0.465714956004375
"16702",1.24300327877903
"16703",0
"16704",0
"16705",0
"16706",1.17387118770752
"16707",0
"16708",1.24051699363886
"16709",0.0103747553058597
"16710",0.719620135825177
"16711",0.665369143602745
"16712",0.732499892120428
"16713",1.2155335417068
"16714",0.243206831272719
"16715",0
"16716",0.192696651521626
"16717",0.0712281433579811
"16718",0.428098387464026
"16719",0
"16720",0.0312003414454941
"16721",0.0312003414454941
"16722",0.0312003414454941
"16723",0.159450338960856
"16724",0.0312003414454941
"16725",0
"16726",0.946187609212146
"16727",0
"16728",0.313700316599112
"16729",0.146450329274157
"16730",0.415950333991579
"16731",0.0312003414454941
"16732",0.287700336476218
"16733",0.212766017880489
"16734",0.287700336476218
"16735",0
"16736",0.425400005914132
"16737",0.45935975962077
"16738",0.452859749808144
"16739",0
"16740",1.27464084590915
"16741",0.26050900595702
"16742",0
"16743",0
"16744",0.213636835336504
"16745",0.336175724734908
"16746",0
"16747",0.272125110003085
"16748",0.151662725724289
"16749",0.151662725724289
"16750",0.151662725724289
"16751",0.0312003414454941
"16752",0.0312003414454941
"16753",0.287700336476218
"16754",0
"16755",0.313700316599112
"16756",0
"16757",0.672450329022303
"16758",0.0312003414454941
"16759",0.0312003414454941
"16760",0.0312003414454941
"16761",0.159450338960856
"16762",0.151662725724289
"16763",0.272125110003085
"16764",0.272125110003085
"16765",0.151662725724289
"16766",0.151662725724289
"16767",0.664662715785737
"16768",0.0182003317587953
"16769",0.792912713301098
"16770",0.151662725724289
"16771",0.151662725724289
"16772",0.151662725724289
"16773",0.151662725724289
"16774",0.272125110003085
"16775",0.649087489312604
